사고번호,사고일시,요일,시군구,사고내용,사망자수,중상자수,경상자수,부상신고자수,사고유형,법규위반,노면상태,기상상태,도로형태,가해운전자 차종,가해운전자 성별,가해운전자 연령,가해운전자 상해정도,피해운전자 차종,피해운전자 성별,피해운전자 연령,피해운전자 상해정도
2014010400100516,2014년 1월 4일 23시,토요일,대구광역시 달서구 상인동,경상사고,0,0,1,0,차대차 - 측면직각충돌,차로위반,건조,맑음,단일로 - 기타,승용,남,42세,상해없음,원동기,남,17세,경상
2014010500100008,2014년 1월 5일 00시,일요일,대구광역시 서구 원대동3가,경상사고,0,0,1,0,차대사람 - 횡단중,안전운전불이행,건조,맑음,교차로 - 교차로안,승용,남,47세,상해없음,보행자,여,43세,경상
2014010500100033,2014년 1월 5일 02시,일요일,대구광역시 서구 내당동,중상사고,0,1,0,0,차대사람 - 횡단중,안전운전불이행,건조,맑음,단일로 - 횡단보도상,승용,남,66세,상해없음,보행자,남,57세,중상
2014010500100072,2014년 1월 5일 06시,일요일,대구광역시 남구 봉덕동,경상사고,0,0,1,0,차대차 - 추돌 - 진행중,안전운전불이행,건조,맑음,단일로 - 기타,화물,남,58세,상해없음,승용,여,53세,경상
2014010500100096,2014년 1월 5일 08시,일요일,대구광역시 수성구 만촌동,중상사고,0,1,0,0,차량단독 - 공작물충돌,안전운전불이행,건조,맑음,단일로 - 횡단보도부근,이륜,남,63세,중상,,,,
2014010500100121,2014년 1월 5일 10시,일요일,대구광역시 남구 대명동,경상사고,0,0,2,1,차대차 - 측면직각충돌,기타,건조,맑음,교차로 - 교차로안,승용,남,45세,부상신고,승용,남,63세,경상
2014010500100122,2014년 1월 5일 10시,일요일,대구광역시 수성구 황금동,중상사고,0,1,2,0,차대차 - 추돌 - 진행중,안전운전불이행,건조,맑음,단일로 - 기타,승용,남,59세,상해없음,승용,남,27세,경상
2014010500100123,2014년 1월 5일 10시,일요일,대구광역시 북구 태전동,경상사고,0,0,2,0,차대차 - 측면직각충돌,신호위반,건조,맑음,교차로 - 교차로안,승용,여,65세,상해없음,승용,남,64세,경상
2014010500100146,2014년 1월 5일 12시,일요일,대구광역시 동구 효목동,중상사고,0,1,0,0,차대차 - 측면직각충돌,안전운전불이행,건조,맑음,교차로 - 교차로안,승용,남,53세,상해없음,이륜,남,32세,중상
2014010500100183,2014년 1월 5일 14시,일요일,대구광역시 달성군 논공읍,경상사고,0,0,1,0,차대차 - 측면직각충돌,안전운전불이행,건조,맑음,단일로 - 기타,승용,남,52세,상해없음,승용,여,28세,경상
2014010500100184,2014년 1월 5일 14시,일요일,대구광역시 수성구 범물동,경상사고,0,0,1,0,차대차 - 측면직각충돌,신호위반,건조,맑음,교차로 - 교차로안,승용,남,60세,상해없음,승용,여,54세,경상
2014010500100186,2014년 1월 5일 14시,일요일,대구광역시 북구 태전동,경상사고,0,0,1,0,차대차 - 측면직각충돌,안전거리미확보,건조,맑음,단일로 - 기타,승용,남,38세,상해없음,이륜,남,17세,경상
2014010500100198,2014년 1월 5일 15시,일요일,대구광역시 수성구 황금동,경상사고,0,0,3,0,차대차 - 추돌 - 진행중,안전거리미확보,건조,맑음,단일로 - 기타,승용,남,48세,상해없음,승용,남,33세,경상
2014010500100199,2014년 1월 5일 15시,일요일,대구광역시 서구 평리동,중상사고,0,1,0,0,차대사람 - 기타,안전운전불이행,건조,맑음,단일로 - 기타,승용,남,44세,상해없음,보행자,여,79세,중상
2014010500100219,2014년 1월 5일 16시,일요일,대구광역시 중구 남성로,경상사고,0,0,1,0,차대사람 - 기타,안전운전불이행,건조,맑음,단일로 - 기타,승용,남,36세,상해없음,보행자,남,53세,경상
2014010500100220,2014년 1월 5일 16시,일요일,대구광역시 달서구 본리동,중상사고,0,2,0,0,차대차 - 기타,불법유턴,건조,맑음,단일로 - 횡단보도상,자전거,남,66세,중상,이륜,남,68세,중상
2014010500100221,2014년 1월 5일 16시,일요일,대구광역시 달서구 성당동,경상사고,0,0,1,0,차대차 - 기타,기타,건조,맑음,단일로 - 기타,승용,남,52세,상해없음,이륜,남,60세,경상
2014010500100241,2014년 1월 5일 17시,일요일,대구광역시 수성구 만촌동,경상사고,0,0,3,0,차대차 - 측면직각충돌,교차로운행방법위반,건조,맑음,교차로 - 교차로안,승용,남,67세,상해없음,승용,남,37세,경상
2014010500100242,2014년 1월 5일 17시,일요일,대구광역시 달서구 송현동,경상사고,0,0,2,0,차대차 - 측면직각충돌,교차로운행방법위반,건조,맑음,교차로 - 교차로안,승용,여,44세,상해없음,승용,남,61세,경상
2014010500100243,2014년 1월 5일 17시,일요일,대구광역시 북구 복현동,중상사고,0,1,2,0,차대차 - 측면직각충돌,신호위반,건조,맑음,교차로 - 교차로안,승용,남,46세,상해없음,승용,남,54세,중상
2014010500100244,2014년 1월 5일 17시,일요일,대구광역시 북구 산격동,부상신고사고,0,0,0,1,차대차 - 기타,교차로운행방법위반,건조,맑음,교차로 - 교차로안,승용,남,68세,상해없음,승용,남,29세,상해없음
2014010500100245,2014년 1월 5일 17시,일요일,대구광역시 달서구 신당동,경상사고,0,0,1,0,차대차 - 기타,안전운전불이행,건조,맑음,단일로 - 기타,승용,남,27세,상해없음,자전거,남,59세,경상
2014010500100271,2014년 1월 5일 18시,일요일,대구광역시 달서구 상인동,경상사고,0,0,2,0,차대차 - 추돌 - 주정차중,안전거리미확보,건조,맑음,교차로 - 교차로안,승용,남,58세,상해없음,승용,남,34세,경상
2014010500100272,2014년 1월 5일 18시,일요일,대구광역시 북구 복현동,부상신고사고,0,0,0,1,차대차 - 기타,안전거리미확보,건조,맑음,단일로 - 기타,이륜,남,18세,부상신고,승용,여,52세,상해없음
2014010500100299,2014년 1월 5일 19시,일요일,대구광역시 수성구 황금동,중상사고,0,1,1,0,차대사람 - 보도통행중,기타,건조,맑음,단일로 - 기타,승용,남,18세,상해없음,보행자,여,24세,중상
2014010500100318,2014년 1월 5일 20시,일요일,대구광역시 남구 봉덕동,중상사고,0,1,6,0,차대차 - 추돌 - 주정차중,안전운전불이행,건조,맑음,교차로 - 교차로안,승용,남,47세,상해없음,승용,남,25세,경상
2014010500100349,2014년 1월 5일 22시,일요일,대구광역시 서구 비산동,중상사고,0,1,0,0,차대차 - 추돌 - 주정차중,안전운전불이행,건조,맑음,단일로 - 횡단보도부근,화물,남,43세,상해없음,승용,남,44세,중상
2014010500100350,2014년 1월 5일 22시,일요일,대구광역시 서구 상리동,경상사고,0,0,1,0,차대차 - 기타,안전거리미확보,건조,맑음,단일로 - 기타,승용,남,49세,상해없음,승용,남,59세,상해없음
2014010500100360,2014년 1월 5일 23시,일요일,대구광역시 남구 봉덕동,경상사고,0,0,1,0,차대차 - 측면직각충돌,직진우회전진행방해,건조,맑음,교차로 - 교차로안,승용,남,56세,상해없음,승용,남,69세,경상
2014010500100361,2014년 1월 5일 23시,일요일,대구광역시 동구 율하동,중상사고,0,1,0,0,차대사람 - 보도통행중,보행자보호의무위반,건조,맑음,교차로 - 교차로부근,승용,남,59세,상해없음,보행자,여,51세,중상
2014010500100362,2014년 1월 5일 23시,일요일,대구광역시 수성구 지산동,부상신고사고,0,0,0,1,차대차 - 추돌 - 진행중,안전운전불이행,건조,맑음,단일로 - 횡단보도부근,이륜,남,21세,부상신고,승용,여,61세,상해없음
2014010600100003,2014년 1월 6일 00시,월요일,대구광역시 동구 신암동,경상사고,0,0,1,0,차대차 - 측면직각충돌,신호위반,건조,맑음,교차로 - 교차로안,승용,여,26세,상해없음,승용,남,50세,경상
2014010600100004,2014년 1월 6일 00시,월요일,대구광역시 달서구 죽전동,경상사고,0,0,1,0,차대차 - 기타,안전운전불이행,건조,맑음,단일로 - 기타,승용,남,49세,상해없음,자전거,여,34세,경상
2014010600100019,2014년 1월 6일 03시,월요일,대구광역시 북구 구암동,중상사고,0,2,0,0,차대차 - 측면직각충돌,신호위반,건조,맑음,교차로 - 교차로안,승용,여,20세,상해없음,승용,남,30세,중상
2014010600100031,2014년 1월 6일 05시,월요일,대구광역시 서구 원대동3가,경상사고,0,0,1,0,차대차 - 기타,안전운전불이행,건조,맑음,단일로 - 기타,승합,남,55세,상해없음,이륜,남,18세,상해없음
2014010600100050,2014년 1월 6일 06시,월요일,대구광역시 중구 남산동,중상사고,0,1,0,0,차량단독 - 기타,기타,건조,맑음,교차로 - 교차로부근,승합,남,50세,상해없음,,,,
2014010600100067,2014년 1월 6일 07시,월요일,대구광역시 남구 대명동,경상사고,0,0,2,0,차대차 - 정면충돌,신호위반,건조,맑음,단일로 - 기타,승용,남,22세,상해없음,승용,남,44세,상해없음
2014010600100068,2014년 1월 6일 07시,월요일,대구광역시 북구 매천동,경상사고,0,0,1,0,차대차 - 추돌 - 진행중,안전운전불이행,건조,맑음,단일로 - 기타,화물,남,36세,상해없음,이륜,남,41세,경상
2014010600100119,2014년 1월 6일 09시,월요일,대구광역시 북구 고성동1가,중상사고,0,1,2,0,차대차 - 측면직각충돌,신호위반,건조,맑음,교차로 - 교차로안,승용,여,55세,중상,승용,남,61세,경상
2014010600100120,2014년 1월 6일 09시,월요일,대구광역시 북구 대현동,경상사고,0,0,2,0,차대차 - 기타,신호위반,건조,맑음,교차로 - 교차로안,승용,남,84세,상해없음,승용,여,55세,경상
2014010600100121,2014년 1월 6일 09시,월요일,대구광역시 북구 고성동1가,부상신고사고,0,0,0,2,차대차 - 기타,안전거리미확보,건조,맑음,단일로 - 기타,승용,남,58세,상해없음,화물,남,64세,상해없음
2014010600100144,2014년 1월 6일 10시,월요일,대구광역시 달서구 본동,경상사고,0,0,1,0,차대차 - 측면직각충돌,교차로운행방법위반,건조,맑음,교차로 - 교차로안,화물,남,27세,상해없음,승용,여,43세,상해없음
2014010600100145,2014년 1월 6일 10시,월요일,대구광역시 달서구 감삼동,중상사고,0,1,0,0,차대사람 - 기타,안전운전불이행,건조,맑음,단일로 - 기타,승용,여,49세,상해없음,보행자,여,51세,중상
2014010600100181,2014년 1월 6일 12시,월요일,대구광역시 달서구 본동,경상사고,0,0,4,0,차대차 - 측면직각충돌,안전거리미확보,건조,맑음,단일로 - 기타,승용,여,56세,상해없음,승용,남,57세,경상
2014010600100204,2014년 1월 6일 13시,월요일,대구광역시 달서구 송현동,경상사고,0,0,2,0,차대차 - 측면직각충돌,기타,건조,맑음,단일로 - 기타,승용,남,71세,상해없음,승용,남,46세,경상
2014010600100233,2014년 1월 6일 14시,월요일,대구광역시 달서구 송현동,경상사고,0,0,1,0,차대차 - 측면직각충돌,안전운전불이행,건조,맑음,교차로 - 교차로안,화물,남,56세,상해없음,승용,남,61세,경상
2014010600100234,2014년 1월 6일 14시,월요일,대구광역시 북구 대현동,경상사고,0,0,1,0,차대차 - 측면직각충돌,안전거리미확보,건조,맑음,교차로 - 교차로부근,승용,남,42세,상해없음,이륜,남,23세,경상
2014010600100235,2014년 1월 6일 14시,월요일,대구광역시 서구 평리동,경상사고,0,0,1,0,차대차 - 기타,신호위반,건조,맑음,교차로 - 교차로안,승용,여,59세,상해없음,이륜,남,18세,경상
2014010600100236,2014년 1월 6일 14시,월요일,대구광역시 서구 비산동,부상신고사고,0,0,0,1,차대차 - 기타,안전운전불이행,건조,기타,단일로 - 기타,기타불명,기타불명,기타불명,기타불명,자전거,남,51세,부상신고
2014010600100261,2014년 1월 6일 15시,월요일,대구광역시 중구 태평로1가,중상사고,0,1,0,0,차대차 - 기타,안전거리미확보,건조,맑음,단일로 - 기타,승용,남,53세,상해없음,이륜,남,19세,중상
2014010600100262,2014년 1월 6일 15시,월요일,대구광역시 중구 남산동,중상사고,0,1,0,0,차대차 - 기타,신호위반,건조,맑음,단일로 - 횡단보도상,승용,남,41세,상해없음,이륜,남,54세,중상
2014010600100291,2014년 1월 6일 16시,월요일,대구광역시 남구 대명동,경상사고,0,0,2,0,차대차 - 추돌 - 진행중,안전운전불이행,건조,맑음,단일로 - 기타,이륜,남,21세,경상,승용,여,43세,경상
2014010600100292,2014년 1월 6일 16시,월요일,대구광역시 북구 칠성동2가,경상사고,0,0,1,0,차대차 - 기타,안전운전불이행,건조,맑음,교차로 - 교차로안,승용,남,35세,상해없음,자전거,남,70세,경상
2014010600100293,2014년 1월 6일 16시,월요일,대구광역시 서구 평리동,경상사고,0,0,1,0,차대차 - 측면직각충돌,안전운전불이행,건조,맑음,단일로 - 기타,승용,여,52세,상해없음,자전거,남,66세,경상
2014010600100294,2014년 1월 6일 16시,월요일,대구광역시 달서구 장기동,경상사고,0,0,1,0,차대차 - 측면직각충돌,안전운전불이행,건조,맑음,단일로 - 기타,화물,남,24세,상해없음,화물,남,71세,상해없음
2014010600100326,2014년 1월 6일 17시,월요일,대구광역시 동구 율하동,중상사고,0,1,0,0,차대차 - 기타,교차로운행방법위반,건조,맑음,교차로 - 교차로안,화물,남,66세,기타불명,승용,남,59세,중상
2014010600100327,2014년 1월 6일 17시,월요일,대구광역시 동구 신천동,경상사고,0,0,1,0,차대차 - 추돌 - 주정차중,안전운전불이행,건조,맑음,단일로 - 기타,승용,남,50세,상해없음,승용,남,35세,경상
2014010600100329,2014년 1월 6일 17시,월요일,대구광역시 수성구 욱수동,경상사고,0,0,1,0,차대차 - 측면직각충돌,안전거리미확보,건조,맑음,단일로 - 기타,승용,여,48세,상해없음,승용,여,34세,경상
2014010600100330,2014년 1월 6일 17시,월요일,대구광역시 수성구 황금동,중상사고,0,1,0,0,차대사람 - 횡단중,안전운전불이행,건조,맑음,단일로 - 기타,승용,남,37세,상해없음,보행자,여,46세,중상
2014010600100370,2014년 1월 6일 18시,월요일,대구광역시 동구 신천동,부상신고사고,0,0,0,1,차대차 - 기타,신호위반,건조,맑음,교차로 - 교차로안,이륜,남,24세,부상신고,승용,남,42세,상해없음
2014010600100371,2014년 1월 6일 18시,월요일,대구광역시 수성구 범어동,중상사고,0,1,0,0,차대차 - 측면직각충돌,안전운전불이행,건조,맑음,단일로 - 기타,원동기,남,23세,기타불명,원동기,남,35세,중상
2014010600100372,2014년 1월 6일 18시,월요일,대구광역시 달서구 송현동,경상사고,0,0,1,0,차대차 - 기타,직진우회전진행방해,건조,맑음,교차로 - 교차로안,승용,남,57세,상해없음,이륜,남,17세,경상
2014010600100373,2014년 1월 6일 18시,월요일,대구광역시 달서구 두류동,경상사고,0,0,1,0,차대사람 - 기타,안전운전불이행,건조,맑음,단일로 - 기타,이륜,남,57세,상해없음,보행자,남,56세,경상
2014010600100401,2014년 1월 6일 19시,월요일,대구광역시 달서구 도원동,경상사고,0,0,1,0,차대차 - 기타,안전거리미확보,건조,맑음,단일로 - 기타,기타불명,기타불명,기타불명,기타불명,화물,남,55세,상해없음
2014010600100402,2014년 1월 6일 19시,월요일,대구광역시 북구 침산동,중상사고,0,1,0,0,차대차 - 측면직각충돌,안전운전불이행,건조,맑음,단일로 - 기타,승합,남,56세,상해없음,자전거,여,29세,중상
2014010600100403,2014년 1월 6일 19시,월요일,대구광역시 북구 태전동,경상사고,0,0,1,0,차대차 - 기타,신호위반,건조,맑음,교차로 - 교차로부근,이륜,남,16세,상해없음,자전거,여,51세,경상
2014010600100418,2014년 1월 6일 20시,월요일,대구광역시 달서구 진천동,중상사고,0,1,0,0,차대차 - 기타,안전운전불이행,건조,맑음,단일로 - 기타,기타불명,기타불명,기타불명,기타불명,승용,남,34세,중상
2014010600100419,2014년 1월 6일 20시,월요일,대구광역시 달서구 두류동,경상사고,0,0,1,0,차대사람 - 기타,기타,건조,맑음,단일로 - 기타,승용,남,55세,상해없음,보행자,남,52세,경상
2014010600100443,2014년 1월 6일 21시,월요일,대구광역시 수성구 수성동4가,경상사고,0,0,1,0,차대차 - 기타,안전거리미확보,건조,맑음,단일로 - 기타,승용,남,31세,상해없음,승용,남,54세,상해없음
2014010600100468,2014년 1월 6일 22시,월요일,대구광역시 동구 신암동,중상사고,0,1,1,0,차대차 - 측면직각충돌,안전운전불이행,건조,맑음,단일로 - 기타,승용,남,53세,상해없음,승용,여,59세,경상
2014010700100026,2014년 1월 7일 01시,화요일,대구광역시 수성구 범물동,경상사고,0,0,1,0,차대사람 - 기타,안전운전불이행,건조,맑음,단일로 - 기타,승용,남,57세,상해없음,보행자,남,61세,경상
2014010700100039,2014년 1월 7일 02시,화요일,대구광역시 동구 신암동,부상신고사고,0,0,0,1,차량단독 - 기타,안전운전불이행,건조,맑음,단일로 - 기타,이륜,남,25세,부상신고,,,,
2014010700100056,2014년 1월 7일 05시,화요일,대구광역시 수성구 상동,중상사고,0,1,0,0,차대차 - 측면직각충돌,신호위반,건조,맑음,교차로 - 교차로안,자전거,남,67세,중상,승합,남,43세,상해없음
2014010700100065,2014년 1월 7일 06시,화요일,대구광역시 수성구 만촌동,경상사고,0,0,1,0,차대차 - 기타,교차로운행방법위반,건조,맑음,교차로 - 교차로안,승용,남,46세,상해없음,승용,여,58세,경상
2014010700100066,2014년 1월 7일 06시,화요일,대구광역시 북구 검단동,경상사고,0,0,1,0,차대차 - 기타,교차로운행방법위반,건조,맑음,교차로 - 교차로안,건설기계,남,47세,상해없음,승용,남,54세,경상
2014010700100091,2014년 1월 7일 07시,화요일,대구광역시 수성구 욱수동,중상사고,0,1,0,0,차대사람 - 차도통행중,안전운전불이행,건조,맑음,단일로 - 기타,승용,여,51세,상해없음,보행자,여,79세,중상
2014010700100114,2014년 1월 7일 08시,화요일,대구광역시 달서구 본리동,경상사고,0,0,1,0,차대사람 - 횡단중,보행자보호의무위반,건조,맑음,단일로 - 횡단보도상,승용,여,34세,상해없음,보행자,남,32세,경상
2014010700100160,2014년 1월 7일 11시,화요일,대구광역시 수성구 지산동,경상사고,0,0,1,0,차대차 - 측면직각충돌,안전운전불이행,건조,맑음,교차로 - 교차로안,승용,여,27세,상해없음,승용,남,61세,경상
2014010700100161,2014년 1월 7일 11시,화요일,대구광역시 중구 덕산동,경상사고,0,0,1,0,차대사람 - 횡단중,안전운전불이행,건조,맑음,단일로 - 기타,이륜,남,54세,상해없음,보행자,남,6세,경상
2014010700100162,2014년 1월 7일 11시,화요일,대구광역시 달서구 장동,중상사고,0,1,0,0,차대차 - 측면직각충돌,안전거리미확보,건조,맑음,교차로 - 교차로부근,승용,남,59세,상해없음,이륜,남,26세,중상
2014010700100163,2014년 1월 7일 11시,화요일,대구광역시 달서구 본리동,경상사고,0,0,1,0,차대차 - 추돌 - 진행중,안전거리미확보,건조,맑음,단일로 - 기타,승용,남,57세,상해없음,승용,남,33세,경상
2014010700100180,2014년 1월 7일 12시,화요일,대구광역시 남구 대명동,경상사고,0,0,1,0,차대차 - 기타,교차로운행방법위반,건조,맑음,교차로 - 교차로안,승용,남,71세,상해없음,승용,남,26세,경상
2014010700100181,2014년 1월 7일 12시,화요일,대구광역시 동구 신암동,중상사고,0,1,0,0,차대차 - 기타,안전운전불이행,건조,맑음,단일로 - 기타,원동기,남,31세,상해없음,자전거,여,52세,중상
2014010700100182,2014년 1월 7일 12시,화요일,대구광역시 수성구 만촌동,중상사고,0,1,0,0,차대사람 - 기타,안전운전불이행,건조,맑음,교차로 - 교차로안,화물,남,29세,상해없음,보행자,여,29세,중상
2014010700100183,2014년 1월 7일 12시,화요일,대구광역시 중구 남일동,중상사고,0,1,0,0,차대사람 - 기타,안전운전불이행,건조,맑음,단일로 - 기타,승용,남,29세,상해없음,보행자,남,16세,중상
2014010700100254,2014년 1월 7일 15시,화요일,대구광역시 남구 이천동,중상사고,0,1,1,0,차대차 - 추돌 - 주정차중,안전운전불이행,건조,맑음,교차로 - 교차로부근,승용,남,23세,상해없음,승용,여,36세,중상
2014010700100255,2014년 1월 7일 15시,화요일,대구광역시 달성군 다사읍,중상사고,0,1,0,0,차대차 - 기타,안전운전불이행,건조,맑음,교차로 - 교차로안,이륜,남,15세,중상,건설기계,남,67세,상해없음
2014010700100277,2014년 1월 7일 16시,화요일,대구광역시 달서구 상인동,경상사고,0,0,1,0,차대차 - 기타,안전운전불이행,건조,맑음,교차로 - 교차로안,승용,여,38세,상해없음,자전거,여,45세,경상
2014010700100278,2014년 1월 7일 16시,화요일,대구광역시 달서구 본리동,경상사고,0,0,1,0,차대차 - 기타,안전운전불이행,건조,맑음,교차로 - 교차로부근,화물,남,49세,상해없음,자전거,여,47세,경상
2014010700100303,2014년 1월 7일 17시,화요일,대구광역시 동구 괴전동,중상사고,0,1,0,0,차대사람 - 기타,안전운전불이행,건조,맑음,기타 - 기타,승용,남,48세,상해없음,보행자,남,48세,중상
2014010700100304,2014년 1월 7일 17시,화요일,대구광역시 중구 동인동2가,경상사고,0,0,1,0,차대차 - 추돌 - 진행중,안전운전불이행,건조,맑음,교차로 - 교차로부근,승용,여,43세,상해없음,승용,여,51세,경상
2014010700100305,2014년 1월 7일 17시,화요일,대구광역시 북구 서변동,경상사고,0,0,1,0,차대사람 - 횡단중,안전운전불이행,건조,맑음,단일로 - 횡단보도부근,승용,여,40세,상해없음,보행자,남,10세,경상
2014010700100341,2014년 1월 7일 18시,화요일,대구광역시 달서구 대천동,중상사고,0,1,1,0,차대차 - 측면직각충돌,중앙선침범,건조,맑음,단일로 - 기타,승용,남,44세,상해없음,승용,남,52세,경상
2014010700100342,2014년 1월 7일 18시,화요일,대구광역시 달서구 용산동,중상사고,0,1,2,0,차대차 - 기타,안전거리미확보,건조,맑음,단일로 - 기타,화물,남,32세,상해없음,화물,남,61세,경상
2014010700100343,2014년 1월 7일 18시,화요일,대구광역시 북구 서변동,경상사고,0,0,2,0,차대차 - 추돌 - 주정차중,안전운전불이행,건조,맑음,단일로 - 기타,승용,남,58세,상해없음,승용,여,44세,상해없음
2014010700100397,2014년 1월 7일 20시,화요일,대구광역시 달서구 두류동,중상사고,0,1,0,0,차대사람 - 횡단중,보행자보호의무위반,건조,맑음,교차로 - 교차로안,승용,남,33세,상해없음,보행자,여,75세,중상
2014010700100418,2014년 1월 7일 21시,화요일,대구광역시 수성구 만촌동,중상사고,0,1,0,0,차대차 - 추돌 - 주정차중,안전운전불이행,건조,맑음,교차로 - 교차로부근,승용,남,51세,상해없음,승용,남,53세,중상
2014010700100444,2014년 1월 7일 22시,화요일,대구광역시 달서구 두류동,경상사고,0,0,1,0,차대사람 - 기타,안전운전불이행,건조,맑음,단일로 - 기타,승용,남,26세,상해없음,보행자,남,28세,경상
2014010700100445,2014년 1월 7일 22시,화요일,대구광역시 북구 관음동,중상사고,0,1,0,0,차대사람 - 차도통행중,안전운전불이행,건조,맑음,단일로 - 기타,승용,남,40세,상해없음,보행자,남,36세,중상
2014010800100014,2014년 1월 8일 00시,수요일,대구광역시 남구 대명동,부상신고사고,0,0,0,1,차대차 - 측면직각충돌,안전운전불이행,건조,맑음,교차로 - 교차로부근,이륜,남,42세,부상신고,승용,남,34세,상해없음
2014010800100015,2014년 1월 8일 00시,수요일,대구광역시 달성군 다사읍,중상사고,0,1,1,0,차대차 - 기타,신호위반,건조,맑음,교차로 - 교차로안,화물,남,48세,상해없음,승용,여,30세,중상
2014010800100031,2014년 1월 8일 01시,수요일,대구광역시 북구 동천동,경상사고,0,0,1,0,차대차 - 추돌 - 주정차중,안전운전불이행,건조,맑음,교차로 - 교차로부근,승용,남,45세,상해없음,승용,여,24세,경상
2014010800100040,2014년 1월 8일 02시,수요일,대구광역시 북구 동천동,경상사고,0,0,2,0,차대차 - 추돌 - 주정차중,안전운전불이행,건조,맑음,교차로 - 교차로부근,승용,남,59세,상해없음,승용,남,31세,경상
2014010800100059,2014년 1월 8일 04시,수요일,대구광역시 남구 봉덕동,사망사고,1,0,0,0,차대차 - 추돌 - 진행중,안전거리미확보,건조,맑음,단일로 - 기타,승용,남,28세,상해없음,자전거,남,61세,사망
2014010800100089,2014년 1월 8일 07시,수요일,대구광역시 동구 신서동,중상사고,0,1,0,0,차대사람 - 기타,안전운전불이행,건조,맑음,기타 - 기타,승용,남,23세,상해없음,보행자,여,69세,중상
2014010800100110,2014년 1월 8일 08시,수요일,대구광역시 동구 신암동,중상사고,0,1,0,0,차대차 - 기타,중앙선침범,건조,맑음,교차로 - 교차로안,자전거,여,68세,중상,승용,남,55세,상해없음
2014010800100111,2014년 1월 8일 08시,수요일,대구광역시 수성구 두산동,중상사고,0,1,3,0,차대차 - 추돌 - 주정차중,안전거리미확보,건조,맑음,단일로 - 기타,승용,남,42세,상해없음,승용,남,65세,경상
2014010800100112,2014년 1월 8일 08시,수요일,대구광역시 달서구 두류동,중상사고,0,1,0,0,차대사람 - 횡단중,안전운전불이행,건조,흐림,단일로 - 기타,승용,여,62세,상해없음,보행자,여,71세,중상
2014010800100113,2014년 1월 8일 08시,수요일,대구광역시 달서구 감삼동,경상사고,0,0,1,0,차대차 - 측면직각충돌,직진우회전진행방해,건조,맑음,교차로 - 교차로안,승용,여,56세,상해없음,원동기,여,58세,경상
2014010800100155,2014년 1월 8일 10시,수요일,대구광역시 동구 신암동,경상사고,0,0,1,0,차대차 - 측면직각충돌,안전거리미확보,건조,맑음,단일로 - 기타,건설기계,남,60세,상해없음,승용,남,57세,경상
2014010800100156,2014년 1월 8일 10시,수요일,대구광역시 중구 서문로1가,경상사고,0,0,1,0,차대차 - 측면직각충돌,직진우회전진행방해,건조,흐림,교차로 - 교차로안,승용,남,65세,상해없음,승용,여,60세,경상
2014010800100176,2014년 1월 8일 11시,수요일,대구광역시 남구 봉덕동,중상사고,0,1,0,0,차대사람 - 기타,안전운전불이행,건조,맑음,단일로 - 기타,승용,남,59세,상해없음,보행자,여,82세,중상
2014010800100202,2014년 1월 8일 12시,수요일,대구광역시 중구 삼덕동2가,경상사고,0,0,2,2,차대차 - 측면직각충돌,안전거리미확보,건조,맑음,단일로 - 기타,승용,남,46세,부상신고,승용,남,37세,경상
2014010800100225,2014년 1월 8일 13시,수요일,대구광역시 동구 능성동,중상사고,0,2,0,0,차대차 - 측면직각충돌,중앙선침범,습기,맑음,단일로 - 기타,승용,여,48세,상해없음,화물,남,77세,중상
2014010800100265,2014년 1월 8일 15시,수요일,대구광역시 수성구 시지동,중상사고,0,1,1,0,차대차 - 추돌 - 주정차중,안전운전불이행,습기,비,단일로 - 기타,승용,여,40세,상해없음,승용,남,24세,중상
2014010800100266,2014년 1월 8일 15시,수요일,대구광역시 수성구 범어동,부상신고사고,0,0,0,1,차대차 - 측면직각충돌,안전운전불이행,건조,맑음,단일로 - 기타,승용,남,72세,상해없음,자전거,남,11세,부상신고
2014010800100267,2014년 1월 8일 15시,수요일,대구광역시 달성군 다사읍,중상사고,0,1,0,0,차대사람 - 횡단중,안전운전불이행,건조,맑음,교차로 - 교차로안,승용,여,45세,상해없음,보행자,여,40세,중상
2014010800100289,2014년 1월 8일 16시,수요일,대구광역시 달서구 진천동,경상사고,0,0,3,0,차대차 - 추돌 - 진행중,안전운전불이행,건조,맑음,단일로 - 기타,이륜,남,24세,경상,승용,남,44세,경상
2014010800100315,2014년 1월 8일 17시,수요일,대구광역시 동구 신암동,경상사고,0,0,1,0,차대차 - 추돌 - 주정차중,안전운전불이행,건조,맑음,단일로 - 기타,승용,남,37세,상해없음,승용,남,31세,경상
2014010800100357,2014년 1월 8일 18시,수요일,대구광역시 달서구 도원동,중상사고,0,1,0,0,차대차 - 기타,직진우회전진행방해,건조,맑음,교차로 - 교차로안,승용,남,35세,상해없음,자전거,여,51세,중상
2014010800100358,2014년 1월 8일 18시,수요일,대구광역시 달성군 다사읍,사망사고,1,0,1,0,차대사람 - 횡단중,안전운전불이행,건조,맑음,단일로 - 기타,승용,남,51세,경상,보행자,여,72세,사망
2014010800100359,2014년 1월 8일 18시,수요일,대구광역시 달서구 갈산동,중상사고,0,1,0,0,차대사람 - 횡단중,보행자보호의무위반,건조,흐림,단일로 - 횡단보도상,승용,남,36세,상해없음,보행자,남,43세,중상
2014010800100360,2014년 1월 8일 18시,수요일,대구광역시 북구 읍내동,중상사고,0,1,0,0,차대사람 - 기타,안전운전불이행,건조,맑음,단일로 - 기타,승용,남,37세,상해없음,보행자,남,31세,중상