사고번호,사고일시,요일,시군구,사고내용,사망자수,중상자수,경상자수,부상신고자수,사고유형,법규위반,노면상태,기상상태,도로형태,가해운전자 차종,가해운전자 성별,가해운전자 연령,가해운전자 상해정도,피해운전자 차종,피해운전자 성별,피해운전자 연령,피해운전자 상해정도
2014010800100361,2014년 1월 8일 18시,수요일,대구광역시 북구 구암동,중상사고,0,1,0,0,차대사람 - 횡단중,보행자보호의무위반,건조,맑음,교차로 - 교차로부근,승용,여,28세,상해없음,보행자,여,51세,중상
2014010800100385,2014년 1월 8일 19시,수요일,대구광역시 남구 봉덕동,중상사고,0,1,0,0,차대사람 - 횡단중,안전운전불이행,건조,맑음,단일로 - 횡단보도부근,승용,남,62세,상해없음,보행자,남,42세,중상
2014010800100386,2014년 1월 8일 19시,수요일,대구광역시 수성구 황금동,중상사고,0,2,0,0,차대사람 - 횡단중,신호위반,건조,맑음,단일로 - 횡단보도상,승용,여,55세,상해없음,보행자,여,43세,중상
2014010800100387,2014년 1월 8일 19시,수요일,대구광역시 서구 평리동,경상사고,0,0,1,0,차대차 - 추돌 - 주정차중,기타,건조,맑음,단일로 - 기타,승용,남,63세,상해없음,이륜,남,17세,경상
2014010800100388,2014년 1월 8일 19시,수요일,대구광역시 달서구 신당동,경상사고,0,0,1,0,차대차 - 기타,불법유턴,건조,흐림,단일로 - 기타,승용,남,37세,상해없음,이륜,남,27세,경상
2014010800100412,2014년 1월 8일 20시,수요일,대구광역시 동구 신기동,경상사고,0,0,2,0,차대차 - 기타,안전거리미확보,건조,맑음,단일로 - 기타,승용,남,59세,상해없음,승용,남,43세,경상
2014010800100461,2014년 1월 8일 22시,수요일,대구광역시 수성구 수성동3가,경상사고,0,0,3,0,차대차 - 기타,안전운전불이행,건조,맑음,단일로 - 기타,승용,남,54세,상해없음,승용,남,60세,경상
2014010800100480,2014년 1월 8일 23시,수요일,대구광역시 동구 율하동,경상사고,0,0,1,0,차대차 - 기타,신호위반,건조,맑음,교차로 - 교차로안,화물,남,38세,상해없음,승용,남,29세,경상
2014010800100481,2014년 1월 8일 23시,수요일,대구광역시 수성구 두산동,중상사고,0,1,0,0,차대차 - 측면직각충돌,안전운전불이행,건조,맑음,단일로 - 기타,승용,남,63세,상해없음,승용,여,37세,중상
2014010800100482,2014년 1월 8일 23시,수요일,대구광역시 달서구 상인동,경상사고,0,0,1,0,차대차 - 기타,안전운전불이행,건조,맑음,교차로 - 교차로부근,이륜,남,19세,경상,승용,남,39세,상해없음
2014010800100483,2014년 1월 8일 23시,수요일,대구광역시 서구 평리동,경상사고,0,0,2,0,차대차 - 측면직각충돌,신호위반,건조,맑음,교차로 - 교차로안,승용,남,59세,상해없음,승합,남,40세,경상
2014010900100019,2014년 1월 9일 00시,목요일,대구광역시 북구 칠성동1가,경상사고,0,0,1,0,차대사람 - 횡단중,안전운전불이행,건조,맑음,교차로 - 교차로안,승용,남,62세,상해없음,보행자,남,27세,경상
2014010900100033,2014년 1월 9일 01시,목요일,대구광역시 달성군 다사읍,경상사고,0,0,1,0,차대차 - 측면직각충돌,안전운전불이행,건조,맑음,교차로 - 교차로안,승용,남,28세,상해없음,승용,남,39세,경상
2014010900100034,2014년 1월 9일 01시,목요일,대구광역시 서구 내당동,경상사고,0,0,2,0,차대차 - 추돌 - 진행중,안전운전불이행,건조,맑음,단일로 - 기타,승용,남,39세,상해없음,승용,남,46세,경상
2014010900100049,2014년 1월 9일 04시,목요일,대구광역시 달서구 갈산동,경상사고,0,0,3,0,차대차 - 추돌 - 진행중,안전운전불이행,건조,맑음,단일로 - 기타,승용,남,32세,상해없음,화물,남,45세,기타불명
2014010900100072,2014년 1월 9일 06시,목요일,대구광역시 수성구 지산동,중상사고,0,1,0,0,차대차 - 기타,안전운전불이행,건조,맑음,교차로 - 교차로안,건설기계,남,56세,상해없음,자전거,남,72세,중상
2014010900100073,2014년 1월 9일 06시,목요일,대구광역시 달서구 상인동,중상사고,0,1,1,0,차대차 - 추돌 - 주정차중,안전운전불이행,건조,맑음,미분류 - 미분류,승용,여,61세,중상,건설기계,남,34세,상해없음
2014010900100113,2014년 1월 9일 08시,목요일,대구광역시 달서구 월암동,경상사고,0,0,1,0,차대사람 - 기타,안전운전불이행,건조,맑음,단일로 - 기타,화물,남,52세,상해없음,보행자,남,18세,경상
2014010900100114,2014년 1월 9일 08시,목요일,대구광역시 북구 노원동2가,경상사고,0,0,2,0,차대차 - 기타,안전거리미확보,기타,맑음,단일로 - 기타,승용,남,57세,상해없음,승용,남,33세,경상
2014010900100133,2014년 1월 9일 09시,목요일,대구광역시 서구 중리동,경상사고,0,0,1,0,차대차 - 추돌 - 진행중,안전거리미확보,건조,맑음,단일로 - 기타,승용,남,23세,상해없음,승용,남,36세,경상
2014010900100134,2014년 1월 9일 09시,목요일,대구광역시 달서구 두류동,경상사고,0,0,1,0,차대사람 - 기타,안전운전불이행,건조,맑음,교차로 - 교차로안,승용,여,52세,상해없음,보행자,남,82세,경상
2014010900100158,2014년 1월 9일 10시,목요일,대구광역시 서구 비산동,경상사고,0,0,1,0,차량단독 - 기타,기타,건조,맑음,단일로 - 기타,승용,남,49세,상해없음,,,,
2014010900100159,2014년 1월 9일 10시,목요일,대구광역시 달서구 용산동,경상사고,0,0,1,0,차대차 - 측면직각충돌,안전거리미확보,건조,맑음,단일로 - 기타,승용,남,79세,상해없음,승용,여,26세,경상
2014010900100181,2014년 1월 9일 11시,목요일,대구광역시 수성구 황금동,경상사고,0,0,1,0,차대사람 - 기타,안전운전불이행,건조,맑음,단일로 - 횡단보도상,자전거,남,72세,상해없음,보행자,여,55세,경상
2014010900100211,2014년 1월 9일 12시,목요일,대구광역시 남구 대명동,경상사고,0,0,1,0,차대차 - 측면직각충돌,직진우회전진행방해,건조,맑음,교차로 - 교차로안,승용,여,59세,상해없음,이륜,남,75세,경상
2014010900100212,2014년 1월 9일 12시,목요일,대구광역시 중구 대봉동,경상사고,0,0,1,0,차대차 - 기타,안전거리미확보,건조,맑음,단일로 - 기타,승용,여,52세,상해없음,자전거,남,23세,경상
2014010900100231,2014년 1월 9일 13시,목요일,대구광역시 동구 검사동,경상사고,0,0,2,0,차대차 - 기타,안전운전불이행,건조,맑음,단일로 - 기타,승합,남,57세,경상,화물,남,59세,경상
2014010900100232,2014년 1월 9일 13시,목요일,대구광역시 수성구 파동,경상사고,0,0,1,0,차대차 - 추돌 - 진행중,교차로운행방법위반,건조,맑음,교차로 - 교차로안,승용,여,62세,상해없음,승용,여,44세,경상
2014010900100233,2014년 1월 9일 13시,목요일,대구광역시 달서구 두류동,중상사고,0,1,0,0,차량단독 - 기타,안전운전불이행,건조,맑음,단일로 - 기타,승합,남,49세,상해없음,,,,
2014010900100263,2014년 1월 9일 14시,목요일,대구광역시 동구 신천동,경상사고,0,0,1,0,차대사람 - 횡단중,안전운전불이행,건조,맑음,단일로 - 횡단보도상,승용,남,38세,상해없음,보행자,여,22세,경상
2014010900100352,2014년 1월 9일 17시,목요일,대구광역시 북구 산격동,경상사고,0,0,1,0,차대차 - 기타,안전운전불이행,건조,맑음,단일로 - 기타,승용,남,46세,상해없음,이륜,남,23세,경상
2014010900100353,2014년 1월 9일 17시,목요일,대구광역시 북구 태전동,중상사고,0,1,0,0,차대차 - 측면직각충돌,안전거리미확보,건조,맑음,교차로 - 교차로부근,승용,남,30세,상해없음,이륜,남,17세,중상
2014010900100387,2014년 1월 9일 18시,목요일,대구광역시 동구 신암동,경상사고,0,0,2,0,차대차 - 추돌 - 진행중,안전운전불이행,건조,맑음,단일로 - 기타,승용,남,38세,상해없음,승용,여,42세,경상
2014010900100388,2014년 1월 9일 18시,목요일,대구광역시 달성군 논공읍,사망사고,1,0,0,0,차대사람 - 기타,안전운전불이행,건조,맑음,단일로 - 기타,화물,남,61세,상해없음,보행자,여,80세,사망
2014010900100389,2014년 1월 9일 18시,목요일,대구광역시 달성군 화원읍,중상사고,0,1,1,0,차대차 - 기타,안전운전불이행,건조,맑음,교차로 - 교차로안,화물,남,72세,상해없음,승용,남,35세,경상
2014010900100390,2014년 1월 9일 18시,목요일,대구광역시 북구 노원동2가,경상사고,0,0,1,0,차대차 - 기타,안전운전불이행,건조,맑음,교차로 - 교차로부근,화물,남,58세,상해없음,이륜,남,23세,경상
2014010900100391,2014년 1월 9일 18시,목요일,대구광역시 서구 내당동,부상신고사고,0,0,0,1,차대차 - 측면직각충돌,교차로운행방법위반,건조,맑음,교차로 - 교차로안,이륜,여,47세,부상신고,승용,남,44세,상해없음
2014010900100392,2014년 1월 9일 18시,목요일,대구광역시 서구 중리동,중상사고,0,1,0,0,차량단독 - 기타,기타,건조,맑음,단일로 - 기타,승합,남,52세,상해없음,,,,
2014010900100393,2014년 1월 9일 18시,목요일,대구광역시 달서구 성당동,경상사고,0,0,1,0,차대차 - 측면직각충돌,신호위반,건조,맑음,교차로 - 교차로안,이륜,여,53세,상해없음,이륜,남,49세,경상
2014010900100414,2014년 1월 9일 19시,목요일,대구광역시 북구 침산동,경상사고,0,0,1,1,차대차 - 기타,안전운전불이행,건조,맑음,단일로 - 기타,승용,남,44세,부상신고,원동기,남,17세,경상
2014010900100415,2014년 1월 9일 19시,목요일,대구광역시 북구 국우동,경상사고,0,0,1,0,차대차 - 추돌 - 주정차중,안전거리미확보,건조,맑음,단일로 - 기타,승용,남,36세,상해없음,승용,남,42세,상해없음
2014010900100437,2014년 1월 9일 20시,목요일,대구광역시 북구 복현동,경상사고,0,0,1,0,차대차 - 측면직각충돌,교차로운행방법위반,건조,맑음,교차로 - 교차로안,승용,여,23세,상해없음,원동기,남,17세,경상
2014010900100438,2014년 1월 9일 20시,목요일,대구광역시 달서구 이곡동,경상사고,0,0,1,0,차대차 - 기타,중앙선침범,건조,맑음,단일로 - 기타,기타불명,기타불명,기타불명,기타불명,원동기,남,32세,경상
2014010900100460,2014년 1월 9일 21시,목요일,대구광역시 달서구 감삼동,경상사고,0,0,1,0,차대차 - 정면충돌,안전운전불이행,건조,맑음,단일로 - 기타,이륜,남,17세,경상,승합,남,39세,상해없음
2014010900100496,2014년 1월 9일 23시,목요일,대구광역시 달서구 본동,경상사고,0,0,1,0,차대차 - 측면직각충돌,안전운전불이행,건조,맑음,단일로 - 기타,승용,남,36세,상해없음,승용,남,60세,경상
2014010900100497,2014년 1월 9일 23시,목요일,대구광역시 중구 교동,중상사고,0,1,1,0,차대차 - 추돌 - 주정차중,안전거리미확보,건조,맑음,단일로 - 기타,승용,남,48세,상해없음,승용,남,54세,경상
2014010900100498,2014년 1월 9일 23시,목요일,대구광역시 달서구 감삼동,경상사고,0,0,1,0,차대차 - 추돌 - 주정차중,안전운전불이행,건조,맑음,교차로 - 교차로부근,승용,남,22세,상해없음,승용,남,60세,경상
2014011000100013,2014년 1월 10일 00시,금요일,대구광역시 수성구 수성동4가,경상사고,0,0,1,0,차대차 - 측면직각충돌,안전거리미확보,건조,맑음,단일로 - 기타,승용,남,25세,상해없음,승용,여,51세,경상
2014011000100014,2014년 1월 10일 00시,금요일,대구광역시 북구 침산동,경상사고,0,0,1,0,차대차 - 기타,차로위반,건조,맑음,단일로 - 기타,승용,남,48세,상해없음,이륜,남,17세,경상
2014011000100015,2014년 1월 10일 00시,금요일,대구광역시 북구 노원동3가,중상사고,0,1,0,0,차대차 - 기타,교차로운행방법위반,건조,맑음,교차로 - 교차로안,이륜,남,44세,중상,화물,남,47세,상해없음
2014011000100032,2014년 1월 10일 02시,금요일,대구광역시 서구 비산동,중상사고,0,1,0,0,차대사람 - 기타,안전운전불이행,건조,맑음,단일로 - 기타,승용,남,63세,상해없음,보행자,여,58세,중상
2014011000100036,2014년 1월 10일 03시,금요일,대구광역시 북구 태전동,경상사고,0,0,1,0,차대차 - 추돌 - 주정차중,안전운전불이행,건조,맑음,단일로 - 기타,화물,남,39세,상해없음,승용,남,58세,상해없음
2014011000100062,2014년 1월 10일 06시,금요일,대구광역시 수성구 범어동,중상사고,0,1,0,0,차대사람 - 기타,기타,건조,맑음,단일로 - 횡단보도부근,자전거,기타불명,기타불명,기타불명,보행자,남,78세,중상
2014011000100124,2014년 1월 10일 09시,금요일,대구광역시 동구 방촌동,경상사고,0,0,1,0,차대차 - 측면직각충돌,안전거리미확보,건조,맑음,단일로 - 기타,승용,남,67세,상해없음,승합,여,33세,경상
2014011000100125,2014년 1월 10일 09시,금요일,대구광역시 북구 침산동,중상사고,0,1,0,0,차대차 - 측면직각충돌,안전운전불이행,건조,맑음,교차로 - 교차로부근,승용,여,35세,상해없음,자전거,남,77세,중상
2014011000100148,2014년 1월 10일 10시,금요일,대구광역시 수성구 수성동2가,경상사고,0,0,2,0,차대차 - 추돌 - 진행중,안전거리미확보,건조,맑음,교차로 - 교차로부근,승용,여,36세,경상,승합,남,44세,경상
2014011000100149,2014년 1월 10일 10시,금요일,대구광역시 중구 남산동,중상사고,0,1,0,0,차대차 - 추돌 - 주정차중,안전운전불이행,건조,맑음,단일로 - 기타,승용,남,64세,상해없음,화물,남,64세,중상
2014011000100169,2014년 1월 10일 11시,금요일,대구광역시 서구 평리동,중상사고,0,1,0,0,차량단독 - 기타,기타,건조,맑음,단일로 - 기타,승합,남,50세,상해없음,,,,
2014011000100210,2014년 1월 10일 13시,금요일,대구광역시 동구 신서동,경상사고,0,0,1,0,차대사람 - 기타,안전운전불이행,건조,맑음,단일로 - 기타,승용,여,23세,상해없음,보행자,남,36세,경상
2014011000100211,2014년 1월 10일 13시,금요일,대구광역시 달서구 용산동,경상사고,0,0,1,0,차대차 - 측면직각충돌,신호위반,건조,맑음,교차로 - 교차로안,이륜,남,26세,상해없음,승용,남,46세,경상
2014011000100232,2014년 1월 10일 14시,금요일,대구광역시 수성구 연호동,경상사고,0,0,3,0,차대차 - 추돌 - 진행중,안전거리미확보,건조,맑음,단일로 - 기타,승용,남,56세,상해없음,승용,남,33세,경상
2014011000100233,2014년 1월 10일 14시,금요일,대구광역시 수성구 신매동,중상사고,0,1,0,0,차대차 - 측면직각충돌,안전거리미확보,건조,맑음,단일로 - 기타,승용,여,45세,상해없음,승용,남,70세,중상
2014011000100234,2014년 1월 10일 14시,금요일,대구광역시 달서구 상인동,경상사고,0,0,1,0,차대사람 - 기타,안전운전불이행,건조,맑음,단일로 - 기타,기타불명,기타불명,기타불명,기타불명,보행자,여,20세,경상
2014011000100235,2014년 1월 10일 14시,금요일,대구광역시 중구 동성로1가,중상사고,0,1,0,0,차대차 - 기타,안전운전불이행,건조,맑음,단일로 - 기타,이륜,남,22세,상해없음,이륜,남,56세,중상
2014011000100260,2014년 1월 10일 15시,금요일,대구광역시 남구 대명동,경상사고,0,0,1,0,차대차 - 기타,안전운전불이행,건조,맑음,단일로 - 기타,승용,남,66세,상해없음,이륜,남,39세,경상
2014011000100354,2014년 1월 10일 18시,금요일,대구광역시 동구 신암동,중상사고,0,1,0,0,차대차 - 기타,안전운전불이행,건조,맑음,단일로 - 기타,승용,남,57세,상해없음,원동기,남,60세,중상
2014011000100355,2014년 1월 10일 18시,금요일,대구광역시 수성구 범어동,경상사고,0,0,1,0,차대차 - 측면직각충돌,신호위반,건조,맑음,단일로 - 횡단보도상,승용,여,41세,상해없음,이륜,남,17세,경상
2014011000100356,2014년 1월 10일 18시,금요일,대구광역시 서구 비산동,중상사고,0,1,0,0,차대사람 - 기타,보행자보호의무위반,건조,맑음,교차로 - 교차로부근,승용,남,46세,상해없음,보행자,여,59세,중상
2014011000100357,2014년 1월 10일 18시,금요일,대구광역시 서구 평리동,경상사고,0,0,2,0,차대차 - 정면충돌,중앙선침범,건조,맑음,단일로 - 기타,승용,남,70세,상해없음,승용,남,19세,경상
2014011000100358,2014년 1월 10일 18시,금요일,대구광역시 달서구 용산동,경상사고,0,0,1,0,차대차 - 기타,안전거리미확보,건조,맑음,단일로 - 기타,승용,남,43세,상해없음,승용,여,32세,경상
2014011000100389,2014년 1월 10일 19시,금요일,대구광역시 달서구 대천동,중상사고,0,3,0,0,차대차 - 추돌 - 진행중,안전운전불이행,건조,맑음,단일로 - 기타,승용,여,56세,상해없음,승용,여,47세,중상
2014011000100390,2014년 1월 10일 19시,금요일,대구광역시 달서구 송현동,경상사고,0,0,1,0,차대사람 - 횡단중,중앙선침범,건조,맑음,교차로 - 교차로부근,이륜,남,21세,상해없음,보행자,남,46세,경상
2014011000100391,2014년 1월 10일 19시,금요일,대구광역시 북구 태전동,경상사고,0,0,2,0,차대차 - 측면직각충돌,교차로운행방법위반,건조,맑음,교차로 - 교차로안,승용,남,54세,상해없음,승용,여,49세,경상
2014011000100421,2014년 1월 10일 20시,금요일,대구광역시 북구 서변동,경상사고,0,0,3,0,차대차 - 측면직각충돌,안전거리미확보,건조,맑음,단일로 - 기타,승용,여,26세,경상,승용,남,55세,경상
2014011000100424,2014년 1월 10일 20시,금요일,대구광역시 동구 입석동,중상사고,0,1,0,0,차대차 - 측면직각충돌,교차로운행방법위반,건조,맑음,교차로 - 교차로안,승용,남,34세,상해없음,자전거,남,71세,중상
2014011000100456,2014년 1월 10일 21시,금요일,대구광역시 달서구 송현동,경상사고,0,0,1,0,차대차 - 측면직각충돌,중앙선침범,건조,맑음,교차로 - 교차로부근,승용,남,61세,상해없음,이륜,남,18세,경상
2014011000100457,2014년 1월 10일 21시,금요일,대구광역시 북구 복현동,경상사고,0,0,1,0,차대사람 - 기타,안전운전불이행,건조,맑음,단일로 - 기타,승용,남,54세,상해없음,보행자,여,26세,경상
2014011000100458,2014년 1월 10일 21시,금요일,대구광역시 북구 대현동,경상사고,0,0,1,0,차대차 - 기타,안전거리미확보,건조,맑음,단일로 - 기타,승용,남,50세,상해없음,승용,여,36세,경상
2014011000100460,2014년 1월 10일 21시,금요일,대구광역시 달서구 본리동,중상사고,0,1,1,0,차대차 - 기타,안전운전불이행,건조,맑음,단일로 - 기타,승용,여,33세,상해없음,승용,남,56세,경상
2014011000100461,2014년 1월 10일 21시,금요일,대구광역시 달서구 호림동,중상사고,0,1,0,0,차대사람 - 기타,안전운전불이행,건조,맑음,단일로 - 기타,화물,남,60세,상해없음,보행자,남,54세,중상
2014011000100489,2014년 1월 10일 22시,금요일,대구광역시 수성구 신매동,경상사고,0,0,1,1,차대차 - 기타,안전거리미확보,건조,맑음,교차로 - 교차로안,이륜,남,27세,부상신고,승용,여,42세,경상
2014011000100509,2014년 1월 10일 23시,금요일,대구광역시 달서구 용산동,경상사고,0,0,3,0,차대차 - 추돌 - 주정차중,안전운전불이행,건조,맑음,단일로 - 기타,승용,남,72세,상해없음,승용,남,28세,경상
2014011100100016,2014년 1월 11일 00시,토요일,대구광역시 남구 대명동,경상사고,0,0,2,0,차대차 - 추돌 - 진행중,차로위반,건조,맑음,교차로 - 교차로부근,승용,남,59세,상해없음,승용,남,27세,경상
2014011100100038,2014년 1월 11일 01시,토요일,대구광역시 달서구 용산동,경상사고,0,0,2,0,차대차 - 측면직각충돌,안전운전불이행,건조,맑음,단일로 - 기타,승용,남,61세,상해없음,이륜,남,16세,경상
2014011100100058,2014년 1월 11일 02시,토요일,대구광역시 북구 복현동,경상사고,0,0,1,0,차대사람 - 기타,안전운전불이행,건조,맑음,단일로 - 기타,승용,남,45세,상해없음,보행자,남,30세,경상
2014011100100059,2014년 1월 11일 02시,토요일,대구광역시 달서구 신당동,경상사고,0,0,4,0,차대차 - 추돌 - 주정차중,안전운전불이행,건조,맑음,단일로 - 횡단보도부근,승용,남,36세,기타불명,승용,남,53세,경상
2014011100100104,2014년 1월 11일 05시,토요일,대구광역시 동구 신천동,중상사고,0,1,0,0,차대사람 - 횡단중,안전운전불이행,건조,맑음,단일로 - 기타,승용,남,64세,상해없음,보행자,남,34세,중상
2014011100100105,2014년 1월 11일 05시,토요일,대구광역시 수성구 두산동,중상사고,0,1,2,0,차대차 - 추돌 - 주정차중,안전운전불이행,건조,맑음,교차로 - 교차로안,승용,여,60세,상해없음,승용,남,59세,경상
2014011100100139,2014년 1월 11일 07시,토요일,대구광역시 달성군 현풍면,경상사고,0,0,2,0,차대차 - 추돌 - 진행중,안전거리미확보,건조,맑음,단일로 - 기타,승용,기타불명,기타불명,기타불명,승합,남,53세,상해없음
2014011100100140,2014년 1월 11일 07시,토요일,대구광역시 북구 국우동,중상사고,0,1,0,0,차대차 - 기타,안전운전불이행,건조,맑음,기타 - 기타,승용,남,45세,중상,화물,남,35세,기타불명
2014011100100168,2014년 1월 11일 08시,토요일,대구광역시 동구 동호동,경상사고,0,0,1,0,차대차 - 측면직각충돌,안전운전불이행,건조,맑음,교차로 - 교차로부근,자전거,남,71세,경상,승용,남,29세,상해없음
2014011100100228,2014년 1월 11일 11시,토요일,대구광역시 수성구 만촌동,경상사고,0,0,2,0,차대차 - 추돌 - 주정차중,안전거리미확보,건조,맑음,단일로 - 기타,승용,남,28세,경상,화물,남,60세,상해없음
2014011100100229,2014년 1월 11일 11시,토요일,대구광역시 북구 구암동,경상사고,0,0,2,0,차대차 - 측면직각충돌,안전운전불이행,건조,맑음,교차로 - 교차로부근,승용,여,49세,상해없음,승용,여,56세,경상
2014011100100252,2014년 1월 11일 12시,토요일,대구광역시 북구 금호동,경상사고,0,0,3,0,차대차 - 측면직각충돌,안전거리미확보,건조,맑음,단일로 - 기타,승합,남,51세,상해없음,승용,여,27세,상해없음
2014011100100278,2014년 1월 11일 13시,토요일,대구광역시 수성구 신매동,경상사고,0,0,1,0,차대사람 - 기타,안전운전불이행,건조,맑음,단일로 - 기타,승용,남,34세,상해없음,보행자,남,33세,경상
2014011100100303,2014년 1월 11일 14시,토요일,대구광역시 중구 남산동,경상사고,0,0,1,0,차대사람 - 기타,안전운전불이행,건조,맑음,단일로 - 기타,승용,남,32세,상해없음,보행자,여,21세,경상
2014011100100315,2014년 1월 11일 15시,토요일,대구광역시 동구 도동,경상사고,0,0,1,0,차대차 - 기타,안전운전불이행,건조,맑음,교차로 - 교차로안,승용,남,55세,상해없음,원동기,남,36세,경상
2014011100100316,2014년 1월 11일 15시,토요일,대구광역시 서구 내당동,경상사고,0,0,1,0,차대차 - 기타,신호위반,건조,맑음,교차로 - 교차로안,화물,남,42세,상해없음,승용,남,64세,경상
2014011100100317,2014년 1월 11일 15시,토요일,대구광역시 서구 내당동,경상사고,0,0,2,1,차대차 - 기타,안전거리미확보,건조,맑음,단일로 - 기타,승용,남,54세,부상신고,승용,여,58세,경상
2014011100100318,2014년 1월 11일 15시,토요일,대구광역시 중구 하서동,중상사고,0,1,0,0,차대사람 - 차도통행중,안전운전불이행,건조,맑음,교차로 - 교차로부근,승용,여,58세,상해없음,보행자,남,70세,중상
2014011100100339,2014년 1월 11일 16시,토요일,대구광역시 수성구 대흥동,중상사고,0,2,0,0,차대차 - 정면충돌,중앙선침범,건조,맑음,교차로 - 교차로부근,승용,남,23세,상해없음,승용,여,27세,중상
2014011100100340,2014년 1월 11일 16시,토요일,대구광역시 서구 원대동3가,경상사고,0,0,1,0,차대차 - 기타,안전운전불이행,건조,맑음,교차로 - 교차로부근,승용,여,46세,상해없음,자전거,남,78세,경상
2014011100100341,2014년 1월 11일 16시,토요일,대구광역시 중구 대봉동,경상사고,0,0,1,0,차대차 - 측면직각충돌,안전거리미확보,건조,맑음,단일로 - 기타,승용,여,52세,상해없음,승용,여,52세,경상
2014011100100363,2014년 1월 11일 17시,토요일,대구광역시 수성구 신매동,경상사고,0,0,1,0,차대차 - 추돌 - 주정차중,안전운전불이행,건조,맑음,단일로 - 기타,승용,남,54세,상해없음,승용,여,29세,경상
2014011100100364,2014년 1월 11일 17시,토요일,대구광역시 서구 내당동,경상사고,0,0,2,0,차대차 - 측면직각충돌,신호위반,건조,맑음,단일로 - 횡단보도상,승용,남,56세,상해없음,이륜,남,16세,경상
2014011100100365,2014년 1월 11일 17시,토요일,대구광역시 서구 비산동,경상사고,0,0,1,0,차대사람 - 기타,안전운전불이행,건조,맑음,단일로 - 기타,승용,남,26세,상해없음,보행자,남,52세,경상
2014011100100401,2014년 1월 11일 18시,토요일,대구광역시 중구 동인동2가,경상사고,0,0,2,0,차대차 - 정면충돌,중앙선침범,건조,맑음,교차로 - 교차로부근,승용,남,50세,상해없음,승용,여,24세,경상
2014011100100489,2014년 1월 11일 23시,토요일,대구광역시 달성군 다사읍,사망사고,1,0,0,0,차대사람 - 횡단중,안전운전불이행,건조,맑음,교차로 - 교차로부근,승용,남,37세,상해없음,보행자,남,47세,사망
2014011100100490,2014년 1월 11일 23시,토요일,대구광역시 북구 읍내동,중상사고,0,1,0,0,차대차 - 정면충돌,신호위반,건조,맑음,교차로 - 교차로안,이륜,남,16세,중상,승용,남,53세,상해없음
2014011200100033,2014년 1월 12일 01시,일요일,대구광역시 북구 팔달동,중상사고,0,4,0,1,차대차 - 측면직각충돌,안전거리미확보,건조,맑음,단일로 - 기타,승용,남,49세,부상신고,승용,남,49세,중상
2014011200100050,2014년 1월 12일 02시,일요일,대구광역시 북구 산격동,경상사고,0,0,1,0,차대차 - 측면직각충돌,안전운전불이행,건조,맑음,단일로 - 횡단보도부근,승용,남,41세,상해없음,승용,남,45세,상해없음
2014011200100051,2014년 1월 12일 02시,일요일,대구광역시 북구 산격동,경상사고,0,0,1,0,차대차 - 기타,안전운전불이행,건조,맑음,단일로 - 기타,승용,여,35세,상해없음,승용,남,48세,상해없음
2014011200100069,2014년 1월 12일 03시,일요일,대구광역시 동구 율하동,경상사고,0,0,1,0,차대차 - 기타,안전운전불이행,건조,맑음,단일로 - 기타,승용,남,47세,상해없음,승용,남,61세,기타불명
2014011200100070,2014년 1월 12일 03시,일요일,대구광역시 북구 복현동,경상사고,0,0,1,0,차대사람 - 횡단중,안전운전불이행,건조,맑음,단일로 - 기타,승용,남,29세,기타불명,보행자,남,35세,경상
2014011200100071,2014년 1월 12일 03시,일요일,대구광역시 중구 삼덕동1가,경상사고,0,0,2,0,차대차 - 기타,안전운전불이행,건조,맑음,단일로 - 기타,승용,남,19세,상해없음,승용,남,24세,경상
2014011200100118,2014년 1월 12일 08시,일요일,대구광역시 수성구 범어동,경상사고,0,0,1,0,차대차 - 측면직각충돌,신호위반,건조,맑음,교차로 - 교차로안,승용,남,50세,상해없음,승용,여,45세,경상
2014011200100128,2014년 1월 12일 09시,일요일,대구광역시 북구 칠성동1가,경상사고,0,0,1,0,차대차 - 기타,중앙선침범,건조,맑음,교차로 - 교차로부근,이륜,남,66세,상해없음,승용,여,40세,상해없음
2014011200100154,2014년 1월 12일 11시,일요일,대구광역시 수성구 범물동,경상사고,0,0,3,0,차대차 - 기타,안전운전불이행,건조,맑음,교차로 - 교차로부근,승용,남,60세,상해없음,승용,남,31세,경상
2014011200100155,2014년 1월 12일 11시,일요일,대구광역시 달서구 용산동,부상신고사고,0,0,0,1,차대차 - 추돌 - 주정차중,안전거리미확보,건조,맑음,단일로 - 기타,승합,남,64세,상해없음,승용,남,50세,부상신고
2014011200100206,2014년 1월 12일 14시,일요일,대구광역시 달서구 상인동,경상사고,0,0,3,0,차대차 - 기타,안전거리미확보,건조,맑음,단일로 - 기타,승용,여,30세,상해없음,승용,여,41세,경상
2014011200100207,2014년 1월 12일 14시,일요일,대구광역시 북구 침산동,경상사고,0,0,1,0,차대차 - 측면직각충돌,안전운전불이행,건조,맑음,단일로 - 횡단보도상,승용,남,60세,상해없음,승용,남,69세,경상
2014011200100225,2014년 1월 12일 15시,일요일,대구광역시 수성구 두산동,중상사고,0,1,0,0,차대차 - 기타,중앙선침범,건조,맑음,단일로 - 기타,승용,남,34세,상해없음,이륜,남,21세,중상
2014011200100226,2014년 1월 12일 15시,일요일,대구광역시 중구 상서동,경상사고,0,0,2,0,차대차 - 추돌 - 주정차중,안전거리미확보,건조,맑음,단일로 - 기타,승용,남,65세,상해없음,승용,남,36세,경상