사고번호,사고일시,요일,시군구,사고내용,사망자수,중상자수,경상자수,부상신고자수,사고유형,법규위반,노면상태,기상상태,도로형태,가해운전자 차종,가해운전자 성별,가해운전자 연령,가해운전자 상해정도,피해운전자 차종,피해운전자 성별,피해운전자 연령,피해운전자 상해정도
2014011600100207,2014년 1월 16일 12시,목요일,대구광역시 달서구 송현동,경상사고,0,0,2,0,차대차 - 추돌 - 주정차중,안전운전불이행,건조,맑음,교차로 - 교차로부근,승용,남,58세,상해없음,승용,여,40세,경상
2014011600100258,2014년 1월 16일 14시,목요일,대구광역시 달서구 신당동,중상사고,0,1,0,0,차대차 - 추돌 - 진행중,안전운전불이행,건조,맑음,교차로 - 교차로부근,승용,여,42세,상해없음,자전거,여,20세,중상
2014011600100283,2014년 1월 16일 15시,목요일,대구광역시 수성구 신매동,경상사고,0,0,1,0,차대사람 - 보도통행중,기타,건조,맑음,단일로 - 기타,원동기,남,47세,상해없음,보행자,남,9세,경상
2014011600100284,2014년 1월 16일 15시,목요일,대구광역시 북구 노원동3가,중상사고,0,1,0,0,차대차 - 측면직각충돌,안전운전불이행,건조,맑음,단일로 - 기타,화물,남,48세,상해없음,원동기,남,75세,중상
2014011600100285,2014년 1월 16일 15시,목요일,대구광역시 중구 대안동,중상사고,0,1,0,0,차대사람 - 기타,중앙선침범,건조,맑음,단일로 - 기타,화물,남,53세,상해없음,보행자,남,28세,중상
2014011600100301,2014년 1월 16일 16시,목요일,대구광역시 수성구 수성동4가,경상사고,0,0,1,0,차대차 - 기타,기타,건조,맑음,단일로 - 기타,승용,남,47세,상해없음,승용,남,61세,경상
2014011600100366,2014년 1월 16일 18시,목요일,대구광역시 달서구 진천동,중상사고,0,1,0,0,차대차 - 기타,안전운전불이행,건조,맑음,교차로 - 교차로안,승용,남,47세,상해없음,자전거,여,53세,중상
2014011600100459,2014년 1월 16일 21시,목요일,대구광역시 수성구 만촌동,경상사고,0,0,1,0,차대차 - 기타,신호위반,건조,맑음,교차로 - 교차로안,이륜,남,19세,상해없음,승용,여,54세,경상
2014011600100460,2014년 1월 16일 21시,목요일,대구광역시 달서구 송현동,부상신고사고,0,0,0,1,차대차 - 추돌 - 주정차중,안전운전불이행,건조,맑음,교차로 - 교차로부근,승용,여,71세,상해없음,승용,남,62세,상해없음
2014011600100490,2014년 1월 16일 22시,목요일,대구광역시 달서구 감삼동,경상사고,0,0,2,0,차대차 - 측면직각충돌,교차로운행방법위반,건조,흐림,교차로 - 교차로안,승용,남,30세,경상,승용,남,49세,상해없음
2014011600100508,2014년 1월 16일 23시,목요일,대구광역시 수성구 만촌동,경상사고,0,0,1,0,차대차 - 기타,신호위반,건조,맑음,교차로 - 교차로안,승용,남,31세,상해없음,승용,남,28세,경상
2014011700100021,2014년 1월 17일 00시,금요일,대구광역시 달서구 상인동,경상사고,0,0,1,0,차대사람 - 기타,안전운전불이행,건조,맑음,교차로 - 교차로부근,승용,남,58세,상해없음,보행자,여,25세,경상
2014011700100071,2014년 1월 17일 05시,금요일,대구광역시 수성구 지산동,경상사고,0,0,1,0,차대차 - 측면직각충돌,안전거리미확보,건조,맑음,단일로 - 기타,승용,남,56세,상해없음,승용,남,52세,경상
2014011700100072,2014년 1월 17일 05시,금요일,대구광역시 수성구 수성동1가,경상사고,0,0,1,0,차대사람 - 횡단중,안전운전불이행,건조,맑음,단일로 - 기타,승용,남,56세,상해없음,보행자,남,43세,경상
2014011700100099,2014년 1월 17일 07시,금요일,대구광역시 달서구 송현동,중상사고,0,1,0,0,차대차 - 기타,안전거리미확보,건조,맑음,단일로 - 기타,승용,여,23세,상해없음,원동기,여,53세,중상
2014011700100126,2014년 1월 17일 08시,금요일,대구광역시 동구 용계동,경상사고,0,0,1,0,차대차 - 추돌 - 진행중,중앙선침범,건조,맑음,단일로 - 기타,화물,남,50세,상해없음,승합,남,45세,경상
2014011700100127,2014년 1월 17일 08시,금요일,대구광역시 달서구 본동,경상사고,0,0,1,0,차대사람 - 기타,안전운전불이행,건조,맑음,기타 - 기타,승용,여,31세,상해없음,보행자,여,44세,경상
2014011700100128,2014년 1월 17일 08시,금요일,대구광역시 달성군 구지면,경상사고,0,0,1,0,차대차 - 측면직각충돌,직진우회전진행방해,건조,맑음,교차로 - 교차로안,건설기계,남,44세,상해없음,승용,여,57세,경상
2014011700100147,2014년 1월 17일 09시,금요일,대구광역시 동구 둔산동,경상사고,0,0,1,0,차대차 - 추돌 - 진행중,안전운전불이행,건조,맑음,단일로 - 기타,승용,남,24세,상해없음,화물,남,65세,경상
2014011700100148,2014년 1월 17일 09시,금요일,대구광역시 동구 신평동,경상사고,0,0,1,0,차대사람 - 기타,안전운전불이행,건조,맑음,단일로 - 기타,화물,남,49세,상해없음,보행자,여,66세,경상
2014011700100149,2014년 1월 17일 09시,금요일,대구광역시 동구 검사동,중상사고,0,1,1,0,차대차 - 측면직각충돌,안전거리미확보,건조,맑음,단일로 - 기타,승용,남,48세,상해없음,승용,남,36세,경상
2014011700100175,2014년 1월 17일 10시,금요일,대구광역시 동구 효목동,경상사고,0,0,2,0,차대차 - 추돌 - 주정차중,안전거리미확보,건조,맑음,단일로 - 기타,승용,남,53세,상해없음,승용,남,27세,경상
2014011700100176,2014년 1월 17일 10시,금요일,대구광역시 수성구 두산동,중상사고,0,1,0,0,차대차 - 측면직각충돌,교차로운행방법위반,건조,맑음,교차로 - 교차로안,승용,남,72세,상해없음,승용,남,59세,상해없음
2014011700100177,2014년 1월 17일 10시,금요일,대구광역시 북구 칠성동1가,경상사고,0,0,2,0,차대차 - 추돌 - 주정차중,안전운전불이행,건조,맑음,교차로 - 교차로부근,승용,남,51세,상해없음,승용,여,37세,경상
2014011700100178,2014년 1월 17일 10시,금요일,대구광역시 중구 남산동,경상사고,0,0,1,0,차대차 - 추돌 - 진행중,안전운전불이행,건조,맑음,교차로 - 교차로부근,승용,남,53세,상해없음,승용,남,71세,경상
2014011700100198,2014년 1월 17일 11시,금요일,대구광역시 수성구 수성동1가,중상사고,0,1,0,0,차대사람 - 기타,기타,건조,맑음,기타 - 기타,승용,남,59세,상해없음,보행자,여,85세,중상
2014011700100217,2014년 1월 17일 12시,금요일,대구광역시 수성구 만촌동,경상사고,0,0,2,0,차대차 - 기타,안전운전불이행,건조,맑음,교차로 - 교차로안,승용,여,45세,상해없음,승용,남,27세,경상
2014011700100218,2014년 1월 17일 12시,금요일,대구광역시 서구 내당동,경상사고,0,0,1,0,차대차 - 측면직각충돌,차로위반,건조,맑음,단일로 - 기타,화물,남,52세,상해없음,이륜,남,22세,경상
2014011700100240,2014년 1월 17일 13시,금요일,대구광역시 동구 율하동,경상사고,0,0,2,0,차대차 - 측면직각충돌,직진우회전진행방해,건조,맑음,교차로 - 교차로안,승용,남,27세,경상,특수,남,47세,경상
2014011700100241,2014년 1월 17일 13시,금요일,대구광역시 북구 산격동,중상사고,0,1,0,0,차대사람 - 기타,안전운전불이행,건조,맑음,기타 - 기타,이륜,남,57세,상해없음,보행자,여,55세,중상
2014011700100242,2014년 1월 17일 13시,금요일,대구광역시 달서구 신당동,중상사고,0,1,0,0,차대차 - 기타,안전운전불이행,건조,맑음,단일로 - 기타,승용,여,33세,상해없음,이륜,남,56세,중상
2014011700100264,2014년 1월 17일 14시,금요일,대구광역시 달성군 현풍면,경상사고,0,0,1,0,차대차 - 기타,안전운전불이행,건조,맑음,단일로 - 기타,이륜,남,19세,경상,이륜,남,62세,상해없음
2014011700100292,2014년 1월 17일 15시,금요일,대구광역시 서구 내당동,중상사고,0,1,1,0,차대차 - 측면직각충돌,안전운전불이행,건조,맑음,단일로 - 기타,이륜,남,25세,중상,승용,남,58세,경상
2014011700100293,2014년 1월 17일 15시,금요일,대구광역시 북구 태전동,중상사고,0,1,0,0,차대차 - 정면충돌,신호위반,건조,맑음,교차로 - 교차로안,승용,남,35세,상해없음,승용,남,22세,중상
2014011700100318,2014년 1월 17일 16시,금요일,대구광역시 달서구 감삼동,경상사고,0,0,1,0,차대사람 - 기타,안전운전불이행,건조,맑음,단일로 - 기타,화물,남,31세,상해없음,보행자,남,39세,경상
2014011700100319,2014년 1월 17일 16시,금요일,대구광역시 달서구 이곡동,중상사고,0,1,0,0,차대차 - 측면직각충돌,신호위반,건조,맑음,단일로 - 횡단보도상,화물,남,28세,상해없음,이륜,남,39세,중상
2014011700100346,2014년 1월 17일 17시,금요일,대구광역시 수성구 범어동,경상사고,0,0,1,0,차대차 - 추돌 - 진행중,안전운전불이행,건조,맑음,단일로 - 기타,승용,남,39세,상해없음,이륜,남,26세,경상
2014011700100347,2014년 1월 17일 17시,금요일,대구광역시 중구 공평동,중상사고,0,1,0,0,차대차 - 측면직각충돌,중앙선침범,건조,맑음,단일로 - 기타,승용,남,61세,상해없음,이륜,남,40세,중상
2014011700100396,2014년 1월 17일 18시,금요일,대구광역시 동구 신천동,중상사고,0,1,0,0,차대차 - 측면직각충돌,안전거리미확보,건조,맑음,교차로 - 교차로부근,승용,남,39세,상해없음,이륜,여,63세,중상
2014011700100397,2014년 1월 17일 18시,금요일,대구광역시 수성구 범어동,경상사고,0,0,1,0,차대차 - 기타,기타,건조,맑음,단일로 - 기타,승용,남,65세,상해없음,이륜,남,23세,경상
2014011700100398,2014년 1월 17일 18시,금요일,대구광역시 수성구 지산동,중상사고,0,1,0,0,차대사람 - 횡단중,보행자보호의무위반,건조,맑음,교차로 - 교차로부근,승용,여,39세,상해없음,보행자,여,54세,중상
2014011700100399,2014년 1월 17일 18시,금요일,대구광역시 달성군 화원읍,중상사고,0,1,0,0,차대차 - 측면직각충돌,안전운전불이행,건조,맑음,교차로 - 교차로안,승용,남,52세,상해없음,자전거,남,72세,중상
2014011700100400,2014년 1월 17일 18시,금요일,대구광역시 서구 평리동,경상사고,0,0,1,0,차대차 - 추돌 - 주정차중,안전거리미확보,건조,맑음,단일로 - 기타,승용,남,58세,상해없음,승용,남,59세,상해없음
2014011700100401,2014년 1월 17일 18시,금요일,대구광역시 달서구 이곡동,중상사고,0,1,0,0,차대차 - 추돌 - 주정차중,신호위반,건조,맑음,교차로 - 교차로안,이륜,남,23세,중상,승용,남,58세,상해없음
2014011700100429,2014년 1월 17일 19시,금요일,대구광역시 동구 율하동,부상신고사고,0,0,0,3,차대차 - 추돌 - 진행중,안전거리미확보,건조,맑음,교차로 - 교차로안,승용,남,49세,상해없음,승용,여,29세,부상신고
2014011700100430,2014년 1월 17일 19시,금요일,대구광역시 수성구 만촌동,중상사고,0,1,0,0,차대사람 - 횡단중,신호위반,건조,맑음,단일로 - 횡단보도상,승합,남,59세,상해없음,보행자,남,54세,중상
2014011700100431,2014년 1월 17일 19시,금요일,대구광역시 달서구 상인동,경상사고,0,0,1,0,차대사람 - 횡단중,보행자보호의무위반,건조,맑음,교차로 - 교차로부근,승용,남,47세,상해없음,보행자,여,30세,경상
2014011700100461,2014년 1월 17일 20시,금요일,대구광역시 동구 방촌동,중상사고,0,1,0,0,차대차 - 측면직각충돌,안전운전불이행,건조,맑음,교차로 - 교차로안,승용,남,57세,상해없음,승용,남,58세,중상
2014011700100462,2014년 1월 17일 20시,금요일,대구광역시 동구 신천동,경상사고,0,0,2,0,차대차 - 기타,교차로운행방법위반,건조,맑음,교차로 - 교차로안,승용,여,29세,상해없음,승용,남,23세,경상
2014011700100501,2014년 1월 17일 21시,금요일,대구광역시 북구 침산동,경상사고,0,0,1,0,차대차 - 기타,신호위반,건조,맑음,교차로 - 교차로안,특수,남,21세,상해없음,승용,여,40세,경상
2014011700100502,2014년 1월 17일 21시,금요일,대구광역시 서구 평리동,경상사고,0,0,1,0,차대차 - 측면직각충돌,안전거리미확보,건조,맑음,단일로 - 기타,승용,남,30세,상해없음,이륜,남,25세,경상
2014011700100503,2014년 1월 17일 21시,금요일,대구광역시 달서구 성당동,중상사고,0,1,0,0,차량단독 - 기타,안전운전불이행,건조,맑음,단일로 - 기타,원동기,여,52세,중상,,,,
2014011700100504,2014년 1월 17일 21시,금요일,대구광역시 북구 서변동,중상사고,0,1,0,0,차대차 - 추돌 - 진행중,안전운전불이행,건조,맑음,교차로 - 교차로안,이륜,남,28세,중상,승용,남,31세,상해없음
2014011700100535,2014년 1월 17일 22시,금요일,대구광역시 북구 칠성동2가,경상사고,0,0,2,0,차대차 - 기타,안전운전불이행,건조,맑음,단일로 - 기타,승용,여,20세,상해없음,승용,남,53세,경상
2014011700100568,2014년 1월 17일 23시,금요일,대구광역시 남구 대명동,경상사고,0,0,5,0,차대차 - 측면직각충돌,안전거리미확보,건조,맑음,단일로 - 기타,승용,남,71세,경상,승용,남,35세,경상
2014011800100033,2014년 1월 18일 00시,토요일,대구광역시 서구 내당동,사망사고,1,0,0,0,차대차 - 기타,안전운전불이행,건조,맑음,단일로 - 기타,승용,남,57세,상해없음,승용,남,27세,상해없음
2014011800100034,2014년 1월 18일 00시,토요일,대구광역시 서구 비산동,경상사고,0,0,3,0,차대차 - 추돌 - 진행중,안전운전불이행,건조,맑음,단일로 - 기타,승용,남,31세,상해없음,승용,남,51세,경상
2014011800100052,2014년 1월 18일 01시,토요일,대구광역시 달성군 다사읍,경상사고,0,0,1,0,차대차 - 추돌 - 주정차중,안전운전불이행,건조,맑음,단일로 - 기타,승용,여,33세,상해없음,승용,남,27세,상해없음
2014011800100053,2014년 1월 18일 01시,토요일,대구광역시 달서구 감삼동,경상사고,0,0,1,0,차대차 - 측면직각충돌,교차로운행방법위반,건조,흐림,교차로 - 교차로안,이륜,남,18세,경상,승용,남,43세,상해없음
2014011800100072,2014년 1월 18일 02시,토요일,대구광역시 남구 이천동,중상사고,0,1,0,0,차량단독 - 공작물충돌,안전운전불이행,건조,맑음,미분류 - 미분류,승용,남,28세,중상,,,,
2014011800100073,2014년 1월 18일 02시,토요일,대구광역시 북구 칠성동2가,경상사고,0,0,1,0,차량단독 - 도로외이탈 - 기타,안전운전불이행,건조,맑음,단일로 - 기타,승용,남,53세,기타불명,,,,
2014011800100074,2014년 1월 18일 02시,토요일,대구광역시 북구 서변동,경상사고,0,0,1,0,차량단독 - 공작물충돌,안전운전불이행,건조,맑음,단일로 - 기타,승용,남,31세,경상,,,,
2014011800100089,2014년 1월 18일 04시,토요일,대구광역시 북구 침산동,경상사고,0,0,1,0,차대차 - 측면직각충돌,교차로운행방법위반,건조,맑음,교차로 - 교차로부근,승용,남,43세,상해없음,승용,남,63세,경상
2014011800100117,2014년 1월 18일 07시,토요일,대구광역시 수성구 만촌동,부상신고사고,0,0,0,1,차대차 - 기타,안전운전불이행,건조,맑음,교차로 - 교차로부근,승합,남,28세,상해없음,승용,남,51세,부상신고
2014011800100118,2014년 1월 18일 07시,토요일,대구광역시 달성군 옥포면,경상사고,0,0,1,0,차대차 - 측면직각충돌,안전운전불이행,건조,맑음,교차로 - 교차로안,화물,남,56세,상해없음,승용,남,28세,경상
2014011800100119,2014년 1월 18일 07시,토요일,대구광역시 서구 평리동,중상사고,0,2,1,0,차대차 - 정면충돌,신호위반,건조,맑음,교차로 - 교차로안,승용,남,64세,상해없음,승용,남,40세,중상
2014011800100179,2014년 1월 18일 10시,토요일,대구광역시 달서구 송현동,경상사고,0,0,1,0,차대차 - 기타,안전운전불이행,건조,맑음,교차로 - 교차로부근,자전거,남,74세,경상,승용,남,59세,상해없음
2014011800100180,2014년 1월 18일 10시,토요일,대구광역시 달성군 화원읍,중상사고,0,3,0,0,차대차 - 추돌 - 주정차중,안전운전불이행,건조,맑음,교차로 - 교차로부근,건설기계,남,51세,상해없음,승용,여,58세,중상
2014011800100181,2014년 1월 18일 10시,토요일,대구광역시 달성군 다사읍,경상사고,0,0,1,0,차량단독 - 전도전복,안전운전불이행,건조,맑음,단일로 - 기타,이륜,남,72세,경상,,,,
2014011800100204,2014년 1월 18일 11시,토요일,대구광역시 서구 이현동,경상사고,0,0,1,0,차대차 - 기타,안전운전불이행,건조,맑음,단일로 - 기타,승용,남,47세,상해없음,승용,남,51세,경상
2014011800100232,2014년 1월 18일 12시,토요일,대구광역시 수성구 수성동4가,중상사고,0,1,0,0,차대차 - 기타,신호위반,건조,맑음,단일로 - 기타,승용,남,52세,상해없음,이륜,남,57세,중상
2014011800100258,2014년 1월 18일 13시,토요일,대구광역시 동구 각산동,경상사고,0,0,1,0,차대차 - 기타,교차로운행방법위반,건조,맑음,교차로 - 교차로안,승용,남,57세,경상,승용,남,60세,상해없음
2014011800100329,2014년 1월 18일 16시,토요일,대구광역시 동구 검사동,경상사고,0,0,1,0,차대차 - 측면직각충돌,안전운전불이행,건조,맑음,기타 - 기타,승용,여,57세,상해없음,자전거,남,33세,경상
2014011800100330,2014년 1월 18일 16시,토요일,대구광역시 동구 신암동,중상사고,0,1,4,0,차대차 - 기타,안전운전불이행,건조,맑음,단일로 - 기타,승용,남,23세,상해없음,승용,남,67세,중상
2014011800100331,2014년 1월 18일 16시,토요일,대구광역시 달서구 진천동,경상사고,0,0,2,0,차대차 - 측면직각충돌,안전거리미확보,건조,맑음,단일로 - 기타,화물,남,59세,상해없음,승용,남,28세,경상
2014011800100332,2014년 1월 18일 16시,토요일,대구광역시 북구 산격동,중상사고,0,1,0,0,차대사람 - 기타,안전운전불이행,건조,맑음,교차로 - 교차로부근,화물,남,48세,상해없음,보행자,여,76세,중상
2014011800100333,2014년 1월 18일 16시,토요일,대구광역시 서구 내당동,중상사고,0,1,0,0,차대차 - 측면직각충돌,신호위반,건조,맑음,단일로 - 횡단보도상,승용,여,48세,상해없음,이륜,남,45세,중상
2014011800100356,2014년 1월 18일 17시,토요일,대구광역시 수성구 범어동,경상사고,0,0,1,0,차대차 - 추돌 - 진행중,안전거리미확보,건조,맑음,교차로 - 교차로부근,승용,여,40세,상해없음,승용,남,44세,경상
2014011800100357,2014년 1월 18일 17시,토요일,대구광역시 수성구 범어동,중상사고,0,1,0,0,차대사람 - 보도통행중,기타,건조,맑음,기타 - 기타,자전거,기타불명,기타불명,기타불명,보행자,여,72세,중상
2014011800100358,2014년 1월 18일 17시,토요일,대구광역시 달서구 이곡동,중상사고,0,1,0,0,차대차 - 측면직각충돌,안전거리미확보,건조,맑음,단일로 - 기타,승용,남,49세,상해없음,이륜,남,41세,중상
2014011800100359,2014년 1월 18일 17시,토요일,대구광역시 달서구 장동,중상사고,0,2,2,0,차대차 - 추돌 - 주정차중,안전운전불이행,건조,맑음,교차로 - 교차로부근,화물,남,52세,중상,승용,남,44세,경상
2014011800100360,2014년 1월 18일 17시,토요일,대구광역시 북구 서변동,중상사고,0,1,0,0,차대차 - 측면직각충돌,직진우회전진행방해,건조,맑음,교차로 - 교차로안,승용,여,50세,상해없음,이륜,남,74세,중상
2014011800100395,2014년 1월 18일 18시,토요일,대구광역시 달서구 상인동,경상사고,0,0,2,0,차대차 - 추돌 - 주정차중,안전운전불이행,건조,맑음,단일로 - 기타,화물,남,54세,상해없음,승용,남,61세,경상
2014011800100422,2014년 1월 18일 19시,토요일,대구광역시 달서구 본리동,중상사고,0,3,1,0,차대차 - 추돌 - 주정차중,안전운전불이행,건조,맑음,단일로 - 기타,승용,남,49세,상해없음,승용,여,24세,중상
2014011800100423,2014년 1월 18일 19시,토요일,대구광역시 중구 공평동,중상사고,0,1,0,0,차대차 - 측면직각충돌,안전운전불이행,건조,맑음,교차로 - 교차로안,승용,남,69세,상해없음,승용,남,60세,중상
2014011800100424,2014년 1월 18일 19시,토요일,대구광역시 달서구 이곡동,경상사고,0,0,2,0,차대차 - 기타,신호위반,건조,맑음,교차로 - 교차로안,원동기,남,41세,경상,승용,남,26세,경상
2014011800100425,2014년 1월 18일 19시,토요일,대구광역시 달서구 두류동,경상사고,0,0,4,0,차대차 - 측면직각충돌,안전운전불이행,건조,맑음,교차로 - 교차로안,승용,남,64세,경상,승용,남,32세,경상
2014011800100426,2014년 1월 18일 19시,토요일,대구광역시 북구 읍내동,중상사고,0,1,0,0,차대사람 - 횡단중,보행자보호의무위반,건조,맑음,교차로 - 교차로부근,승용,여,34세,상해없음,보행자,남,71세,중상
2014011800100506,2014년 1월 18일 23시,토요일,대구광역시 남구 대명동,경상사고,0,0,1,0,차대사람 - 보도통행중,보행자보호의무위반,건조,맑음,단일로 - 기타,승합,남,27세,상해없음,보행자,남,28세,경상
2014011800100507,2014년 1월 18일 23시,토요일,대구광역시 달서구 송현동,경상사고,0,0,2,0,차대차 - 기타,불법유턴,건조,맑음,교차로 - 교차로안,이륜,남,39세,경상,승용,남,30세,경상
2014011800100508,2014년 1월 18일 23시,토요일,대구광역시 달서구 대천동,경상사고,0,0,1,0,차대차 - 측면직각충돌,신호위반,건조,맑음,교차로 - 교차로부근,화물,남,53세,상해없음,승용,남,22세,경상
2014011900100053,2014년 1월 19일 02시,일요일,대구광역시 달서구 본리동,경상사고,0,0,1,0,차대차 - 기타,차로위반,건조,맑음,교차로 - 교차로안,승용,남,55세,상해없음,승용,여,29세,경상
2014011900100064,2014년 1월 19일 03시,일요일,대구광역시 남구 대명동,중상사고,0,2,0,0,차대사람 - 기타,보행자보호의무위반,건조,맑음,단일로 - 횡단보도상,승합,남,26세,상해없음,보행자,남,38세,중상
2014011900100065,2014년 1월 19일 03시,일요일,대구광역시 중구 동성로2가,경상사고,0,0,1,0,차대사람 - 기타,안전운전불이행,건조,맑음,단일로 - 기타,승용,여,38세,상해없음,보행자,남,18세,경상
2014011900100082,2014년 1월 19일 05시,일요일,대구광역시 동구 신암동,경상사고,0,0,3,0,차대차 - 추돌 - 주정차중,안전운전불이행,건조,맑음,단일로 - 기타,승용,남,47세,상해없음,승용,남,52세,경상
2014011900100090,2014년 1월 19일 06시,일요일,대구광역시 동구 불로동,경상사고,0,0,3,0,차대차 - 기타,안전운전불이행,건조,맑음,단일로 - 기타,건설기계,남,40세,상해없음,승합,남,45세,상해없음
2014011900100091,2014년 1월 19일 06시,일요일,대구광역시 서구 내당동,중상사고,0,1,0,0,차대사람 - 횡단중,신호위반,건조,맑음,단일로 - 횡단보도부근,원동기,남,65세,상해없음,보행자,여,52세,중상
2014011900100115,2014년 1월 19일 08시,일요일,대구광역시 서구 원대동1가,경상사고,0,0,1,0,차대차 - 측면직각충돌,안전운전불이행,건조,맑음,단일로 - 기타,이륜,남,13세,상해없음,승용,남,50세,경상
2014011900100116,2014년 1월 19일 08시,일요일,대구광역시 서구 이현동,경상사고,0,0,5,0,차대차 - 기타,직진우회전진행방해,건조,맑음,교차로 - 교차로안,승용,남,52세,경상,승용,남,24세,경상
2014011900100132,2014년 1월 19일 09시,일요일,대구광역시 북구 칠성동1가,부상신고사고,0,0,0,1,차대차 - 기타,직진우회전진행방해,건조,맑음,교차로 - 교차로안,승용,여,61세,상해없음,자전거,여,74세,부상신고
2014011900100162,2014년 1월 19일 10시,일요일,대구광역시 동구 율암동,경상사고,0,0,3,0,차대차 - 추돌 - 진행중,안전거리미확보,건조,맑음,단일로 - 기타,승용,남,34세,상해없음,승용,남,37세,경상
2014011900100163,2014년 1월 19일 10시,일요일,대구광역시 서구 비산동,경상사고,0,0,2,0,차대차 - 기타,중앙선침범,건조,맑음,교차로 - 교차로부근,승용,여,30세,상해없음,승용,남,40세,경상
2014011900100177,2014년 1월 19일 11시,일요일,대구광역시 동구 신암동,중상사고,0,1,0,0,차대차 - 기타,안전운전불이행,건조,맑음,교차로 - 교차로부근,승용,남,81세,상해없음,원동기,남,70세,중상
2014011900100199,2014년 1월 19일 12시,일요일,대구광역시 동구 신천동,경상사고,0,0,5,0,차대차 - 기타,안전운전불이행,건조,맑음,단일로 - 기타,승용,남,53세,상해없음,승용,여,33세,경상
2014011900100200,2014년 1월 19일 12시,일요일,대구광역시 동구 방촌동,중상사고,0,1,0,0,차대차 - 기타,안전운전불이행,기타,맑음,기타 - 기타,승합,기타불명,기타불명,기타불명,자전거,여,52세,중상
2014011900100201,2014년 1월 19일 12시,일요일,대구광역시 북구 산격동,중상사고,0,1,0,0,차량단독 - 기타,안전운전불이행,건조,맑음,단일로 - 기타,승합,남,56세,상해없음,,,,
2014011900100222,2014년 1월 19일 13시,일요일,대구광역시 달서구 신당동,중상사고,0,1,0,0,차대사람 - 기타,안전운전불이행,건조,맑음,단일로 - 기타,승용,여,50세,상해없음,보행자,남,59세,중상
2014011900100245,2014년 1월 19일 14시,일요일,대구광역시 동구 각산동,경상사고,0,0,3,0,차대차 - 측면직각충돌,직진우회전진행방해,건조,맑음,교차로 - 교차로안,승용,여,48세,상해없음,승용,여,58세,경상
2014011900100265,2014년 1월 19일 15시,일요일,대구광역시 동구 신기동,경상사고,0,0,3,0,차대차 - 기타,교차로운행방법위반,건조,맑음,교차로 - 교차로안,승용,남,52세,상해없음,승용,여,36세,경상
2014011900100266,2014년 1월 19일 15시,일요일,대구광역시 달서구 감삼동,부상신고사고,0,0,0,1,차대차 - 측면직각충돌,안전운전불이행,건조,맑음,교차로 - 교차로안,승용,남,65세,상해없음,원동기,남,19세,부상신고
2014011900100339,2014년 1월 19일 18시,일요일,대구광역시 달서구 감삼동,경상사고,0,0,1,0,차대차 - 측면직각충돌,안전운전불이행,건조,맑음,단일로 - 횡단보도부근,승용,여,35세,상해없음,이륜,남,18세,경상
2014011900100340,2014년 1월 19일 18시,일요일,대구광역시 달서구 유천동,중상사고,0,3,0,2,차대차 - 측면직각충돌,교차로운행방법위반,건조,맑음,교차로 - 교차로안,승용,남,30세,중상,승용,남,40세,중상
2014011900100341,2014년 1월 19일 18시,일요일,대구광역시 중구 동인동1가,경상사고,0,0,5,0,차대차 - 기타,안전운전불이행,건조,맑음,교차로 - 교차로안,승용,남,66세,경상,승용,남,23세,경상
2014011900100342,2014년 1월 19일 18시,일요일,대구광역시 달서구 용산동,경상사고,0,0,4,0,차대차 - 측면직각충돌,안전거리미확보,건조,맑음,단일로 - 기타,승용,여,52세,경상,승용,남,27세,경상
2014011900100367,2014년 1월 19일 19시,일요일,대구광역시 북구 산격동,경상사고,0,0,1,0,차대차 - 기타,기타,건조,맑음,단일로 - 기타,승용,남,43세,상해없음,원동기,남,51세,경상
2014011900100395,2014년 1월 19일 20시,일요일,대구광역시 수성구 만촌동,중상사고,0,1,0,0,차량단독 - 기타,안전운전불이행,건조,맑음,교차로 - 교차로부근,승합,남,49세,상해없음,,,,
2014011900100396,2014년 1월 19일 20시,일요일,대구광역시 북구 동천동,경상사고,0,0,1,0,차대차 - 추돌 - 주정차중,기타,건조,맑음,단일로 - 기타,승용,남,40세,상해없음,이륜,남,17세,경상
2014011900100415,2014년 1월 19일 21시,일요일,대구광역시 서구 중리동,중상사고,0,1,0,0,차대차 - 기타,교차로운행방법위반,건조,맑음,교차로 - 교차로안,승용,남,26세,상해없음,원동기,남,19세,중상
2014011900100426,2014년 1월 19일 22시,일요일,대구광역시 동구 신암동,부상신고사고,0,0,0,1,차대차 - 측면직각충돌,안전운전불이행,건조,맑음,교차로 - 교차로안,승용,여,57세,상해없음,승용,여,73세,부상신고
2014011900100427,2014년 1월 19일 22시,일요일,대구광역시 달서구 월성동,부상신고사고,0,0,0,2,차대차 - 측면직각충돌,중앙선침범,건조,맑음,교차로 - 교차로부근,승용,남,23세,상해없음,승용,남,29세,부상신고
2014011900100428,2014년 1월 19일 22시,일요일,대구광역시 달성군 화원읍,중상사고,0,1,1,0,차대차 - 추돌 - 주정차중,안전운전불이행,건조,맑음,교차로 - 교차로부근,승용,남,29세,상해없음,승용,남,45세,중상
2014011900100444,2014년 1월 19일 23시,일요일,대구광역시 동구 신천동,경상사고,0,0,1,0,차대사람 - 기타,안전운전불이행,건조,맑음,단일로 - 기타,기타불명,기타불명,기타불명,기타불명,보행자,남,21세,경상