사고번호,사고일시,요일,시군구,사고내용,사망자수,중상자수,경상자수,부상신고자수,사고유형,법규위반,노면상태,기상상태,도로형태,가해운전자 차종,가해운전자 성별,가해운전자 연령,가해운전자 상해정도,피해운전자 차종,피해운전자 성별,피해운전자 연령,피해운전자 상해정도
2014011900100445,2014년 1월 19일 23시,일요일,대구광역시 중구 봉산동,중상사고,0,1,0,0,차대사람 - 기타,신호위반,건조,맑음,단일로 - 횡단보도상,승용,남,62세,상해없음,보행자,남,19세,중상
2014011900100446,2014년 1월 19일 23시,일요일,대구광역시 중구 공평동,경상사고,0,0,1,0,차대차 - 기타,신호위반,건조,맑음,단일로 - 기타,승용,남,31세,상해없음,승용,남,23세,경상
2014012000100007,2014년 1월 20일 00시,월요일,대구광역시 남구 이천동,경상사고,0,0,4,0,차대차 - 측면직각충돌,중앙선침범,건조,맑음,단일로 - 기타,승용,남,52세,상해없음,승용,남,49세,경상
2014012000100008,2014년 1월 20일 00시,월요일,대구광역시 동구 검사동,경상사고,0,0,3,0,차대차 - 측면직각충돌,안전운전불이행,건조,맑음,단일로 - 기타,승용,남,44세,상해없음,승용,남,72세,경상
2014012000100112,2014년 1월 20일 07시,월요일,대구광역시 수성구 연호동,경상사고,0,0,2,0,차대차 - 측면직각충돌,안전운전불이행,건조,맑음,교차로 - 교차로부근,승용,남,63세,경상,승용,여,43세,경상
2014012000100113,2014년 1월 20일 07시,월요일,대구광역시 달서구 월암동,중상사고,0,1,0,0,차대차 - 기타,중앙선침범,건조,맑음,단일로 - 기타,승용,남,40세,상해없음,원동기,남,29세,중상
2014012000100202,2014년 1월 20일 09시,월요일,대구광역시 수성구 상동,중상사고,0,1,0,0,차대사람 - 기타,안전운전불이행,건조,맑음,단일로 - 기타,승합,남,54세,상해없음,보행자,남,68세,중상
2014012000100203,2014년 1월 20일 09시,월요일,대구광역시 남구 대명동,경상사고,0,0,4,0,차대차 - 기타,교차로운행방법위반,기타,눈,교차로 - 교차로안,승용,남,21세,경상,승용,남,59세,경상
2014012000100277,2014년 1월 20일 11시,월요일,대구광역시 동구 지저동,경상사고,0,0,1,0,차대차 - 추돌 - 진행중,안전운전불이행,건조,맑음,단일로 - 기타,승용,남,58세,상해없음,승용,여,35세,경상
2014012000100278,2014년 1월 20일 11시,월요일,대구광역시 달성군 다사읍,중상사고,0,1,0,0,차대사람 - 횡단중,안전운전불이행,건조,맑음,단일로 - 기타,승용,남,56세,상해없음,보행자,여,74세,중상
2014012000100279,2014년 1월 20일 11시,월요일,대구광역시 서구 비산동,경상사고,0,0,1,0,차대사람 - 기타,안전운전불이행,건조,맑음,단일로 - 기타,화물,남,42세,상해없음,보행자,여,70세,경상
2014012000100308,2014년 1월 20일 12시,월요일,대구광역시 달서구 송현동,중상사고,0,1,0,0,차대사람 - 차도통행중,보행자보호의무위반,건조,맑음,단일로 - 기타,승용,남,55세,상해없음,보행자,여,12세,중상
2014012000100309,2014년 1월 20일 12시,월요일,대구광역시 달성군 현풍면,경상사고,0,0,2,0,차대차 - 기타,안전운전불이행,건조,맑음,교차로 - 교차로안,승용,여,52세,상해없음,이륜,남,55세,경상
2014012000100372,2014년 1월 20일 14시,월요일,대구광역시 동구 신암동,경상사고,0,0,1,0,차대차 - 기타,안전거리미확보,건조,맑음,단일로 - 기타,승용,여,30세,상해없음,기타불명,여,63세,경상
2014012000100373,2014년 1월 20일 14시,월요일,대구광역시 달서구 송현동,경상사고,0,0,3,0,차대차 - 측면직각충돌,안전거리미확보,건조,맑음,교차로 - 교차로부근,승용,남,22세,상해없음,승용,여,25세,경상
2014012000100390,2014년 1월 20일 15시,월요일,대구광역시 수성구 지산동,경상사고,0,0,1,0,차대차 - 측면직각충돌,교차로운행방법위반,건조,맑음,교차로 - 교차로안,승용,남,62세,상해없음,승용,남,39세,경상
2014012000100391,2014년 1월 20일 15시,월요일,대구광역시 북구 대현동,경상사고,0,0,1,0,차대사람 - 길가장자리구역통행중,안전운전불이행,건조,맑음,단일로 - 기타,승용,남,58세,상해없음,보행자,여,24세,경상
2014012000100392,2014년 1월 20일 15시,월요일,대구광역시 달서구 용산동,경상사고,0,0,1,0,차대차 - 기타,안전운전불이행,건조,맑음,단일로 - 기타,승용,여,55세,상해없음,자전거,남,13세,경상
2014012000100432,2014년 1월 20일 16시,월요일,대구광역시 수성구 범어동,중상사고,0,1,0,0,차대차 - 기타,안전거리미확보,건조,맑음,단일로 - 기타,승용,남,56세,상해없음,승합,남,52세,상해없음
2014012000100433,2014년 1월 20일 16시,월요일,대구광역시 달서구 장기동,경상사고,0,0,1,0,차대사람 - 횡단중,보행자보호의무위반,건조,맑음,교차로 - 교차로부근,이륜,남,16세,상해없음,보행자,남,13세,경상
2014012000100460,2014년 1월 20일 17시,월요일,대구광역시 달서구 신당동,경상사고,0,0,1,0,차대차 - 측면직각충돌,안전운전불이행,건조,흐림,단일로 - 기타,승용,남,51세,상해없음,자전거,남,18세,경상
2014012000100461,2014년 1월 20일 17시,월요일,대구광역시 북구 읍내동,경상사고,0,0,2,0,차대차 - 기타,안전거리미확보,건조,맑음,단일로 - 기타,자전거,남,13세,경상,이륜,남,53세,경상
2014012000100508,2014년 1월 20일 18시,월요일,대구광역시 동구 신천동,중상사고,0,1,1,0,차대차 - 추돌 - 진행중,안전운전불이행,건조,맑음,단일로 - 기타,이륜,남,19세,중상,화물,남,46세,경상
2014012000100509,2014년 1월 20일 18시,월요일,대구광역시 수성구 황금동,중상사고,0,1,0,0,차대사람 - 횡단중,안전운전불이행,건조,맑음,단일로 - 기타,승용,남,54세,상해없음,보행자,여,76세,중상
2014012000100510,2014년 1월 20일 18시,월요일,대구광역시 수성구 매호동,경상사고,0,0,1,0,차대차 - 기타,교차로운행방법위반,건조,맑음,교차로 - 교차로안,자전거,남,12세,경상,승용,여,57세,상해없음
2014012000100552,2014년 1월 20일 19시,월요일,대구광역시 남구 대명동,경상사고,0,0,1,0,차대차 - 측면직각충돌,신호위반,건조,맑음,교차로 - 교차로부근,승용,남,55세,상해없음,자전거,여,38세,경상
2014012000100553,2014년 1월 20일 19시,월요일,대구광역시 달서구 감삼동,중상사고,0,1,0,0,차대차 - 기타,중앙선침범,건조,맑음,단일로 - 기타,승용,남,37세,상해없음,이륜,남,19세,중상
2014012000100554,2014년 1월 20일 19시,월요일,대구광역시 달서구 대천동,중상사고,0,1,0,0,차대차 - 기타,중앙선침범,건조,맑음,단일로 - 기타,승합,남,52세,상해없음,원동기,남,17세,중상
2014012000100555,2014년 1월 20일 19시,월요일,대구광역시 달서구 본리동,부상신고사고,0,0,0,1,차대차 - 측면직각충돌,안전거리미확보,건조,맑음,교차로 - 교차로부근,승용,여,60세,상해없음,승용,여,51세,부상신고
2014012000100591,2014년 1월 20일 20시,월요일,대구광역시 수성구 만촌동,중상사고,0,1,0,0,차대사람 - 기타,안전운전불이행,건조,맑음,단일로 - 기타,원동기,남,40세,상해없음,보행자,여,65세,중상
2014012000100592,2014년 1월 20일 20시,월요일,대구광역시 달서구 송현동,경상사고,0,0,1,0,차대사람 - 기타,안전운전불이행,건조,흐림,교차로 - 교차로안,승합,남,68세,상해없음,보행자,남,49세,경상
2014012000100593,2014년 1월 20일 20시,월요일,대구광역시 북구 침산동,중상사고,0,1,1,0,차대차 - 기타,안전운전불이행,습기,눈,단일로 - 기타,화물,남,44세,상해없음,승용,남,20세,중상
2014012000100594,2014년 1월 20일 20시,월요일,대구광역시 북구 구암동,부상신고사고,0,0,0,1,차대차 - 추돌 - 진행중,안전운전불이행,건조,맑음,교차로 - 교차로안,원동기,남,28세,부상신고,승용,남,45세,상해없음
2014012000100630,2014년 1월 20일 21시,월요일,대구광역시 북구 산격동,경상사고,0,0,1,0,차대차 - 기타,안전거리미확보,습기,흐림,교차로 - 교차로부근,승용,여,30세,기타불명,승합,남,49세,상해없음
2014012000100631,2014년 1월 20일 21시,월요일,대구광역시 달서구 이곡동,중상사고,0,1,0,0,차대사람 - 기타,안전운전불이행,건조,맑음,단일로 - 횡단보도상,승용,남,28세,상해없음,보행자,남,53세,중상
2014012000100664,2014년 1월 20일 22시,월요일,대구광역시 달서구 이곡동,경상사고,0,0,2,0,차대차 - 측면직각충돌,신호위반,습기,눈,교차로 - 교차로안,이륜,남,22세,상해없음,승용,남,57세,경상
2014012000100684,2014년 1월 20일 23시,월요일,대구광역시 북구 태전동,경상사고,0,0,1,0,차대차 - 기타,안전운전불이행,건조,맑음,단일로 - 기타,승용,남,45세,상해없음,승용,남,54세,경상
2014012100100032,2014년 1월 21일 02시,화요일,대구광역시 달서구 용산동,경상사고,0,0,2,0,차대차 - 측면직각충돌,신호위반,건조,맑음,교차로 - 교차로안,승용,남,40세,기타불명,특수,남,48세,경상
2014012100100033,2014년 1월 21일 02시,화요일,대구광역시 달서구 이곡동,경상사고,0,0,4,0,차대차 - 측면직각충돌,교차로운행방법위반,건조,맑음,교차로 - 교차로안,승용,남,40세,기타불명,승용,여,35세,경상
2014012100100059,2014년 1월 21일 05시,화요일,대구광역시 남구 대명동,부상신고사고,0,0,0,1,차량단독 - 공작물충돌,안전운전불이행,건조,맑음,단일로 - 기타,승용,남,25세,부상신고,,,,
2014012100100067,2014년 1월 21일 06시,화요일,대구광역시 달성군 다사읍,중상사고,0,1,0,0,차대차 - 측면직각충돌,안전운전불이행,건조,맑음,교차로 - 교차로안,화물,남,57세,상해없음,승합,남,56세,중상
2014012100100085,2014년 1월 21일 07시,화요일,대구광역시 서구 비산동,경상사고,0,0,1,0,차대사람 - 기타,안전운전불이행,건조,맑음,단일로 - 기타,승용,여,40세,상해없음,보행자,여,53세,경상
2014012100100121,2014년 1월 21일 08시,화요일,대구광역시 동구 효목동,중상사고,0,1,1,0,차대차 - 측면직각충돌,직진우회전진행방해,건조,맑음,교차로 - 교차로안,승용,여,49세,경상,승용,남,31세,중상
2014012100100122,2014년 1월 21일 08시,화요일,대구광역시 달서구 본동,경상사고,0,0,1,0,차대차 - 추돌 - 진행중,안전거리미확보,건조,맑음,교차로 - 교차로부근,승용,남,61세,상해없음,승용,여,44세,경상
2014012100100123,2014년 1월 21일 08시,화요일,대구광역시 북구 노원동2가,중상사고,0,1,0,0,차대차 - 측면직각충돌,신호위반,건조,맑음,교차로 - 교차로안,승용,남,50세,상해없음,이륜,남,28세,중상
2014012100100160,2014년 1월 21일 09시,화요일,대구광역시 달서구 갈산동,중상사고,0,1,1,0,차대차 - 추돌 - 주정차중,안전운전불이행,건조,맑음,단일로 - 기타,화물,남,55세,상해없음,화물,남,58세,중상
2014012100100194,2014년 1월 21일 10시,화요일,대구광역시 달서구 감삼동,중상사고,0,1,0,0,차대차 - 기타,안전거리미확보,건조,맑음,단일로 - 기타,화물,남,54세,상해없음,승용,여,52세,중상
2014012100100213,2014년 1월 21일 11시,화요일,대구광역시 남구 봉덕동,중상사고,0,1,0,0,차대사람 - 기타,기타,건조,맑음,단일로 - 기타,승합,남,61세,상해없음,보행자,여,80세,중상
2014012100100278,2014년 1월 21일 14시,화요일,대구광역시 남구 대명동,중상사고,0,1,0,0,차대사람 - 기타,안전운전불이행,건조,맑음,교차로 - 교차로부근,승합,남,39세,상해없음,보행자,남,73세,중상
2014012100100279,2014년 1월 21일 14시,화요일,대구광역시 동구 신암동,경상사고,0,0,1,0,차대차 - 추돌 - 주정차중,안전운전불이행,건조,맑음,단일로 - 기타,승용,여,39세,상해없음,승용,남,69세,경상
2014012100100318,2014년 1월 21일 15시,화요일,대구광역시 수성구 범어동,중상사고,0,1,0,0,차대차 - 측면직각충돌,안전거리미확보,건조,맑음,단일로 - 기타,승용,여,45세,상해없음,이륜,남,50세,중상
2014012100100320,2014년 1월 21일 15시,화요일,대구광역시 달서구 대천동,경상사고,0,0,1,1,차대차 - 정면충돌,직진우회전진행방해,건조,맑음,교차로 - 교차로안,승용,남,35세,상해없음,승용,남,52세,경상
2014012100100321,2014년 1월 21일 15시,화요일,대구광역시 달서구 이곡동,경상사고,0,0,3,0,차대차 - 기타,안전거리미확보,건조,맑음,단일로 - 기타,화물,남,58세,상해없음,승용,여,50세,경상
2014012100100361,2014년 1월 21일 17시,화요일,대구광역시 수성구 황금동,중상사고,0,1,2,0,차대차 - 추돌 - 진행중,안전운전불이행,건조,맑음,단일로 - 기타,승용,남,34세,기타불명,승용,남,48세,중상
2014012100100362,2014년 1월 21일 17시,화요일,대구광역시 서구 비산동,경상사고,0,0,1,0,차대사람 - 차도통행중,안전운전불이행,건조,맑음,단일로 - 기타,화물,남,53세,상해없음,보행자,여,78세,경상
2014012100100411,2014년 1월 21일 18시,화요일,대구광역시 동구 검사동,경상사고,0,0,1,0,차대차 - 기타,신호위반,건조,맑음,단일로 - 기타,원동기,남,28세,경상,승용,여,54세,상해없음
2014012100100412,2014년 1월 21일 18시,화요일,대구광역시 달성군 논공읍,중상사고,0,1,0,0,차대사람 - 기타,안전운전불이행,건조,맑음,단일로 - 기타,승용,남,43세,상해없음,보행자,여,77세,중상
2014012100100445,2014년 1월 21일 19시,화요일,대구광역시 달서구 죽전동,경상사고,0,0,1,0,차대차 - 기타,안전거리미확보,건조,흐림,단일로 - 기타,승용,여,35세,상해없음,승용,남,30세,경상
2014012100100474,2014년 1월 21일 20시,화요일,대구광역시 동구 신서동,경상사고,0,0,2,0,차대차 - 측면직각충돌,신호위반,건조,맑음,교차로 - 교차로안,승용,여,28세,상해없음,승용,여,39세,경상
2014012100100475,2014년 1월 21일 20시,화요일,대구광역시 북구 동천동,중상사고,0,1,0,0,차대사람 - 횡단중,안전운전불이행,건조,맑음,단일로 - 기타,승용,남,68세,상해없음,보행자,여,13세,중상
2014012100100476,2014년 1월 21일 20시,화요일,대구광역시 북구 동천동,경상사고,0,0,1,0,차대차 - 측면직각충돌,신호위반,건조,맑음,교차로 - 교차로안,승용,남,40세,상해없음,원동기,남,18세,경상
2014012100100502,2014년 1월 21일 21시,화요일,대구광역시 달서구 송현동,중상사고,0,1,0,0,차대사람 - 기타,안전운전불이행,건조,맑음,교차로 - 교차로부근,승용,남,80세,상해없음,보행자,남,62세,중상
2014012100100503,2014년 1월 21일 21시,화요일,대구광역시 달서구 월성동,경상사고,0,0,1,0,차대사람 - 기타,안전운전불이행,건조,맑음,기타 - 기타,승용,남,54세,상해없음,보행자,여,46세,경상
2014012100100528,2014년 1월 21일 22시,화요일,대구광역시 북구 침산동,경상사고,0,0,1,0,차대사람 - 기타,기타,건조,맑음,단일로 - 기타,자전거,여,65세,상해없음,보행자,남,51세,경상
2014012100100547,2014년 1월 21일 23시,화요일,대구광역시 달서구 본리동,중상사고,0,1,0,0,차대차 - 추돌 - 진행중,안전운전불이행,건조,흐림,교차로 - 교차로부근,승합,남,45세,상해없음,승용,남,50세,중상
2014012200100017,2014년 1월 22일 00시,수요일,대구광역시 달서구 성당동,경상사고,0,0,2,0,차대차 - 측면직각충돌,직진우회전진행방해,건조,맑음,교차로 - 교차로안,승용,남,63세,상해없음,승용,남,60세,경상
2014012200100048,2014년 1월 22일 05시,수요일,대구광역시 수성구 신매동,경상사고,0,0,1,0,차대차 - 측면직각충돌,중앙선침범,건조,맑음,단일로 - 기타,승용,남,21세,상해없음,승용,여,52세,경상
2014012200100049,2014년 1월 22일 05시,수요일,대구광역시 달서구 유천동,경상사고,0,0,1,0,차대차 - 측면직각충돌,신호위반,건조,맑음,교차로 - 교차로안,승용,남,63세,상해없음,승용,남,29세,경상
2014012200100064,2014년 1월 22일 06시,수요일,대구광역시 동구 신암동,중상사고,0,1,0,0,차대차 - 추돌 - 주정차중,안전운전불이행,건조,맑음,교차로 - 교차로부근,화물,남,44세,상해없음,이륜,남,73세,중상
2014012200100065,2014년 1월 22일 06시,수요일,대구광역시 동구 효목동,중상사고,0,1,0,0,차대차 - 측면직각충돌,신호위반,건조,맑음,단일로 - 기타,승용,남,64세,상해없음,자전거,남,59세,중상
2014012200100112,2014년 1월 22일 08시,수요일,대구광역시 달서구 용산동,경상사고,0,0,1,0,차대차 - 측면직각충돌,중앙선침범,건조,맑음,단일로 - 기타,자전거,남,29세,경상,승용,남,61세,상해없음
2014012200100150,2014년 1월 22일 09시,수요일,대구광역시 남구 대명동,경상사고,0,0,1,0,차대차 - 측면직각충돌,교차로운행방법위반,건조,맑음,교차로 - 교차로안,승용,여,53세,상해없음,승용,남,43세,경상
2014012200100180,2014년 1월 22일 10시,수요일,대구광역시 수성구 만촌동,경상사고,0,0,1,0,차대사람 - 보도통행중,기타,건조,맑음,단일로 - 기타,승용,남,64세,상해없음,보행자,여,34세,경상
2014012200100181,2014년 1월 22일 10시,수요일,대구광역시 북구 노원동3가,부상신고사고,0,0,0,1,차대차 - 측면직각충돌,불법유턴,건조,맑음,단일로 - 기타,자전거,남,73세,부상신고,화물,남,41세,상해없음
2014012200100202,2014년 1월 22일 11시,수요일,대구광역시 수성구 수성동2가,중상사고,0,4,1,0,차대차 - 추돌 - 진행중,안전거리미확보,건조,맑음,단일로 - 기타,화물,남,44세,상해없음,승용,남,57세,상해없음
2014012200100203,2014년 1월 22일 11시,수요일,대구광역시 북구 고성동1가,중상사고,0,1,0,0,차대사람 - 횡단중,안전운전불이행,건조,맑음,단일로 - 기타,승용,여,63세,상해없음,보행자,여,67세,중상
2014012200100204,2014년 1월 22일 11시,수요일,대구광역시 북구 산격동,경상사고,0,0,2,0,차대차 - 기타,직진우회전진행방해,건조,맑음,교차로 - 교차로안,승용,남,63세,경상,승용,여,32세,경상
2014012200100252,2014년 1월 22일 13시,수요일,대구광역시 달서구 용산동,경상사고,0,0,1,0,차대차 - 추돌 - 주정차중,안전운전불이행,건조,맑음,단일로 - 기타,승용,남,55세,상해없음,승용,여,48세,경상
2014012200100284,2014년 1월 22일 14시,수요일,대구광역시 수성구 수성동1가,경상사고,0,0,1,0,차대차 - 추돌 - 진행중,안전운전불이행,건조,맑음,단일로 - 횡단보도부근,승용,여,56세,상해없음,승용,남,27세,경상
2014012200100285,2014년 1월 22일 14시,수요일,대구광역시 달서구 상인동,경상사고,0,0,1,0,차대차 - 측면직각충돌,안전운전불이행,건조,맑음,교차로 - 교차로부근,원동기,남,19세,경상,승용,남,57세,상해없음
2014012200100286,2014년 1월 22일 14시,수요일,대구광역시 중구 대봉동,경상사고,0,0,1,0,차대사람 - 기타,보행자보호의무위반,건조,맑음,단일로 - 횡단보도상,승용,여,41세,상해없음,보행자,여,77세,경상
2014012200100317,2014년 1월 22일 15시,수요일,대구광역시 중구 남산동,중상사고,0,1,0,0,차대차 - 기타,안전운전불이행,건조,맑음,단일로 - 기타,승용,여,40세,상해없음,이륜,여,25세,중상
2014012200100347,2014년 1월 22일 16시,수요일,대구광역시 동구 신천동,중상사고,0,1,0,0,차대차 - 추돌 - 진행중,안전운전불이행,건조,맑음,단일로 - 기타,승용,여,27세,상해없음,승용,여,28세,중상
2014012200100371,2014년 1월 22일 17시,수요일,대구광역시 중구 동인동3가,경상사고,0,0,3,0,차대차 - 측면직각충돌,안전운전불이행,건조,맑음,단일로 - 기타,승용,남,55세,상해없음,승용,여,44세,경상
2014012200100417,2014년 1월 22일 18시,수요일,대구광역시 남구 봉덕동,경상사고,0,0,4,0,차대차 - 기타,차로위반,건조,맑음,단일로 - 기타,승용,남,41세,경상,승용,남,52세,경상
2014012200100418,2014년 1월 22일 18시,수요일,대구광역시 수성구 황금동,중상사고,0,1,0,0,차대차 - 측면직각충돌,신호위반,건조,맑음,단일로 - 횡단보도상,이륜,남,16세,상해없음,이륜,남,44세,중상
2014012200100419,2014년 1월 22일 18시,수요일,대구광역시 수성구 수성동4가,중상사고,0,1,0,0,차대차 - 측면직각충돌,안전운전불이행,건조,맑음,단일로 - 기타,화물,여,42세,상해없음,이륜,남,38세,중상
2014012200100457,2014년 1월 22일 19시,수요일,대구광역시 수성구 지산동,중상사고,0,2,0,0,차대사람 - 보도통행중,보행자보호의무위반,건조,맑음,교차로 - 교차로부근,승용,남,47세,상해없음,보행자,남,44세,중상
2014012200100458,2014년 1월 22일 19시,수요일,대구광역시 수성구 두산동,경상사고,0,0,1,0,차대차 - 측면직각충돌,안전운전불이행,건조,맑음,단일로 - 기타,승용,여,31세,상해없음,승용,남,52세,경상
2014012200100459,2014년 1월 22일 19시,수요일,대구광역시 수성구 만촌동,경상사고,0,0,2,0,차대차 - 기타,안전운전불이행,건조,맑음,단일로 - 기타,승용,여,40세,상해없음,승용,여,69세,경상
2014012200100460,2014년 1월 22일 19시,수요일,대구광역시 서구 비산동,경상사고,0,0,1,0,차대사람 - 기타,안전운전불이행,건조,맑음,교차로 - 교차로안,승용,기타불명,기타불명,기타불명,보행자,남,45세,경상
2014012200100461,2014년 1월 22일 19시,수요일,대구광역시 달서구 장동,경상사고,0,0,2,0,차대차 - 측면직각충돌,신호위반,건조,맑음,교차로 - 교차로안,화물,남,53세,경상,승용,남,31세,경상
2014012200100462,2014년 1월 22일 19시,수요일,대구광역시 북구 학정동,경상사고,0,0,1,0,차대사람 - 횡단중,안전운전불이행,건조,맑음,단일로 - 횡단보도부근,승용,여,37세,상해없음,보행자,여,36세,경상
2014012200100488,2014년 1월 22일 20시,수요일,대구광역시 동구 신암동,중상사고,0,1,0,0,차대차 - 측면직각충돌,신호위반,건조,맑음,단일로 - 횡단보도상,승용,남,53세,상해없음,자전거,남,72세,중상
2014012200100517,2014년 1월 22일 21시,수요일,대구광역시 달서구 본동,부상신고사고,0,0,0,1,차대차 - 추돌 - 진행중,안전운전불이행,건조,맑음,단일로 - 기타,승용,남,54세,상해없음,승용,여,42세,부상신고
2014012200100518,2014년 1월 22일 21시,수요일,대구광역시 북구 칠성동1가,경상사고,0,0,1,0,차대사람 - 길가장자리구역통행중,안전운전불이행,건조,맑음,교차로 - 교차로부근,승용,남,34세,상해없음,보행자,남,54세,경상
2014012200100519,2014년 1월 22일 21시,수요일,대구광역시 중구 달성동,중상사고,0,1,0,0,차대사람 - 횡단중,안전운전불이행,건조,맑음,단일로 - 기타,승용,남,53세,상해없음,보행자,남,44세,중상
2014012200100520,2014년 1월 22일 21시,수요일,대구광역시 달서구 본리동,중상사고,0,1,2,0,차대차 - 측면직각충돌,신호위반,건조,맑음,교차로 - 교차로안,승용,남,49세,상해없음,승용,남,40세,경상
2014012200100521,2014년 1월 22일 21시,수요일,대구광역시 북구 태전동,경상사고,0,0,1,0,차대차 - 기타,안전운전불이행,건조,맑음,기타 - 기타,승용,여,38세,상해없음,승용,남,42세,경상
2014012200100562,2014년 1월 22일 22시,수요일,대구광역시 달서구 송현동,경상사고,0,0,1,0,차대차 - 기타,안전운전불이행,건조,맑음,단일로 - 기타,이륜,남,21세,경상,승용,남,72세,상해없음
2014012200100563,2014년 1월 22일 22시,수요일,대구광역시 서구 내당동,경상사고,0,0,2,0,차대차 - 측면직각충돌,안전거리미확보,건조,맑음,단일로 - 기타,승용,남,49세,상해없음,승용,남,29세,경상
2014012200100590,2014년 1월 22일 23시,수요일,대구광역시 동구 신기동,경상사고,0,0,1,0,차대차 - 측면직각충돌,안전거리미확보,건조,맑음,단일로 - 기타,승용,남,22세,상해없음,이륜,남,19세,경상
2014012200100591,2014년 1월 22일 23시,수요일,대구광역시 서구 중리동,경상사고,0,0,2,0,차대차 - 추돌 - 진행중,안전운전불이행,건조,맑음,단일로 - 기타,승용,남,33세,상해없음,승용,남,39세,경상
2014012300100075,2014년 1월 23일 05시,목요일,대구광역시 달서구 월암동,중상사고,0,1,1,0,차대차 - 측면직각충돌,신호위반,건조,맑음,교차로 - 교차로안,승용,여,36세,중상,승합,남,59세,경상
2014012300100118,2014년 1월 23일 07시,목요일,대구광역시 수성구 만촌동,중상사고,0,1,0,0,차대사람 - 기타,안전운전불이행,건조,맑음,교차로 - 교차로부근,승용,남,46세,상해없음,보행자,남,17세,중상
2014012300100143,2014년 1월 23일 08시,목요일,대구광역시 남구 봉덕동,중상사고,0,1,0,0,차대차 - 기타,안전운전불이행,건조,맑음,단일로 - 기타,이륜,남,58세,상해없음,승합,남,64세,상해없음
2014012300100144,2014년 1월 23일 08시,목요일,대구광역시 달서구 파호동,중상사고,0,2,3,1,차대차 - 측면직각충돌,교차로운행방법위반,건조,맑음,교차로 - 교차로안,승용,남,26세,부상신고,승용,여,38세,경상
2014012300100185,2014년 1월 23일 09시,목요일,대구광역시 동구 동호동,경상사고,0,0,3,0,차대차 - 기타,교차로운행방법위반,건조,맑음,교차로 - 교차로안,승용,남,49세,경상,승용,남,46세,경상
2014012300100186,2014년 1월 23일 09시,목요일,대구광역시 달서구 상인동,경상사고,0,0,2,0,차대차 - 기타,교차로운행방법위반,건조,맑음,교차로 - 교차로안,승용,여,44세,경상,승용,여,36세,경상
2014012300100187,2014년 1월 23일 09시,목요일,대구광역시 북구 구암동,중상사고,0,1,0,0,차대차 - 측면직각충돌,직진우회전진행방해,건조,맑음,교차로 - 교차로안,승용,남,40세,상해없음,자전거,남,16세,중상
2014012300100210,2014년 1월 23일 10시,목요일,대구광역시 서구 내당동,경상사고,0,0,2,0,차대차 - 기타,안전거리미확보,건조,맑음,단일로 - 횡단보도부근,승용,남,70세,상해없음,승용,남,64세,경상
2014012300100211,2014년 1월 23일 10시,목요일,대구광역시 달서구 신당동,중상사고,0,1,0,0,차대차 - 측면직각충돌,안전운전불이행,건조,맑음,교차로 - 교차로부근,승용,여,49세,상해없음,자전거,여,66세,중상
2014012300100240,2014년 1월 23일 11시,목요일,대구광역시 수성구 수성동1가,중상사고,0,1,0,0,차대차 - 기타,안전운전불이행,건조,맑음,단일로 - 기타,화물,기타불명,기타불명,기타불명,자전거,남,70세,중상
2014012300100241,2014년 1월 23일 11시,목요일,대구광역시 북구 태전동,경상사고,0,0,1,0,차대사람 - 기타,안전운전불이행,건조,맑음,단일로 - 횡단보도부근,승합,남,50세,상해없음,보행자,남,55세,경상
2014012300100286,2014년 1월 23일 13시,목요일,대구광역시 수성구 수성동3가,중상사고,0,1,0,0,차대차 - 기타,안전운전불이행,건조,맑음,단일로 - 기타,화물,기타불명,기타불명,기타불명,자전거,여,66세,중상
2014012300100287,2014년 1월 23일 13시,목요일,대구광역시 달서구 감삼동,경상사고,0,0,1,1,차대차 - 측면직각충돌,안전운전불이행,건조,맑음,단일로 - 기타,이륜,남,16세,부상신고,승용,남,41세,상해없음
2014012300100313,2014년 1월 23일 14시,목요일,대구광역시 수성구 두산동,경상사고,0,0,1,0,차대차 - 기타,안전운전불이행,건조,맑음,단일로 - 기타,승용,여,68세,상해없음,승용,여,44세,경상
2014012300100314,2014년 1월 23일 14시,목요일,대구광역시 북구 복현동,경상사고,0,0,1,0,차대사람 - 기타,안전운전불이행,건조,맑음,단일로 - 기타,승용,여,37세,상해없음,보행자,여,65세,경상
2014012300100344,2014년 1월 23일 15시,목요일,대구광역시 남구 대명동,경상사고,0,0,1,0,차대차 - 측면직각충돌,안전운전불이행,건조,맑음,단일로 - 기타,원동기,남,20세,경상,승합,남,40세,상해없음
2014012300100345,2014년 1월 23일 15시,목요일,대구광역시 중구 포정동,부상신고사고,0,0,0,1,차대사람 - 기타,안전운전불이행,건조,맑음,단일로 - 기타,화물,남,44세,상해없음,보행자,남,75세,부상신고
2014012300100444,2014년 1월 23일 18시,목요일,대구광역시 남구 대명동,중상사고,0,1,0,0,차대사람 - 횡단중,신호위반,건조,맑음,단일로 - 기타,승용,남,73세,상해없음,보행자,여,49세,중상
2014012300100445,2014년 1월 23일 18시,목요일,대구광역시 동구 신천동,경상사고,0,0,1,0,차대차 - 측면직각충돌,안전운전불이행,건조,맑음,단일로 - 기타,승용,여,35세,상해없음,승용,남,65세,경상