사고번호,사고일시,요일,시군구,사고내용,사망자수,중상자수,경상자수,부상신고자수,사고유형,법규위반,노면상태,기상상태,도로형태,가해운전자 차종,가해운전자 성별,가해운전자 연령,가해운전자 상해정도,피해운전자 차종,피해운전자 성별,피해운전자 연령,피해운전자 상해정도
2014012600100386,2014년 1월 26일 20시,일요일,대구광역시 동구 방촌동,경상사고,0,0,1,0,차량단독 - 기타,기타,건조,맑음,단일로 - 기타,승용,남,53세,상해없음,,,,
2014012600100387,2014년 1월 26일 20시,일요일,대구광역시 달서구 본동,중상사고,0,1,0,0,차대차 - 측면직각충돌,교차로운행방법위반,건조,맑음,교차로 - 교차로안,승용,남,36세,상해없음,승용,남,50세,중상
2014012600100388,2014년 1월 26일 20시,일요일,대구광역시 달서구 두류동,경상사고,0,0,2,0,차대차 - 추돌 - 진행중,안전거리미확보,건조,맑음,단일로 - 기타,승용,남,59세,상해없음,승용,남,32세,경상
2014012600100419,2014년 1월 26일 22시,일요일,대구광역시 남구 대명동,중상사고,0,1,1,0,차대사람 - 보도통행중,보행자보호의무위반,건조,맑음,교차로 - 교차로부근,승용,여,44세,상해없음,보행자,여,63세,중상
2014012600100420,2014년 1월 26일 22시,일요일,대구광역시 수성구 지산동,경상사고,0,0,1,0,차대차 - 측면직각충돌,교차로운행방법위반,건조,맑음,교차로 - 교차로안,승용,남,60세,상해없음,승용,여,22세,경상
2014012700100012,2014년 1월 27일 00시,월요일,대구광역시 북구 고성동1가,경상사고,0,0,2,0,차대차 - 측면직각충돌,교차로운행방법위반,건조,맑음,교차로 - 교차로안,승용,남,23세,상해없음,승용,남,55세,경상
2014012700100023,2014년 1월 27일 01시,월요일,대구광역시 남구 이천동,중상사고,0,1,2,1,차대차 - 기타,중앙선침범,건조,맑음,단일로 - 기타,승용,남,30세,부상신고,승합,남,43세,중상
2014012700100030,2014년 1월 27일 02시,월요일,대구광역시 북구 고성동2가,경상사고,0,0,1,0,차대차 - 추돌 - 주정차중,안전운전불이행,건조,맑음,교차로 - 교차로부근,승용,남,65세,상해없음,승용,남,30세,경상
2014012700100089,2014년 1월 27일 07시,월요일,대구광역시 북구 노원동3가,경상사고,0,0,1,0,차대차 - 기타,안전운전불이행,건조,흐림,교차로 - 교차로안,자전거,남,48세,상해없음,자전거,남,70세,경상
2014012700100115,2014년 1월 27일 08시,월요일,대구광역시 동구 대림동,경상사고,0,0,2,0,차대차 - 추돌 - 주정차중,안전거리미확보,건조,맑음,단일로 - 기타,승용,남,28세,경상,승용,여,32세,상해없음
2014012700100116,2014년 1월 27일 08시,월요일,대구광역시 달서구 송현동,경상사고,0,0,1,0,차대사람 - 기타,기타,건조,맑음,단일로 - 기타,승합,남,59세,상해없음,보행자,여,68세,경상
2014012700100140,2014년 1월 27일 09시,월요일,대구광역시 서구 평리동,경상사고,0,0,1,0,차대차 - 기타,안전거리미확보,건조,맑음,단일로 - 횡단보도부근,승용,남,46세,상해없음,승용,남,37세,경상
2014012700100175,2014년 1월 27일 10시,월요일,대구광역시 달성군 가창면,경상사고,0,0,2,0,차대차 - 측면직각충돌,신호위반,건조,맑음,교차로 - 교차로안,건설기계,남,33세,상해없음,승용,남,73세,경상
2014012700100225,2014년 1월 27일 12시,월요일,대구광역시 달서구 본리동,중상사고,0,1,0,0,차대차 - 측면직각충돌,교차로운행방법위반,건조,맑음,교차로 - 교차로안,승용,남,42세,상해없음,이륜,남,52세,중상
2014012700100256,2014년 1월 27일 13시,월요일,대구광역시 남구 대명동,경상사고,0,0,2,0,차대차 - 추돌 - 주정차중,안전거리미확보,건조,맑음,교차로 - 교차로부근,승용,여,53세,상해없음,승용,남,27세,경상
2014012700100289,2014년 1월 27일 14시,월요일,대구광역시 동구 지저동,경상사고,0,0,1,0,차대차 - 기타,안전운전불이행,건조,맑음,단일로 - 기타,화물,남,60세,상해없음,승용,여,46세,경상
2014012700100290,2014년 1월 27일 14시,월요일,대구광역시 중구 서문로2가,중상사고,0,1,0,0,차대차 - 기타,안전거리미확보,건조,맑음,교차로 - 교차로안,승용,여,44세,상해없음,승용,남,46세,상해없음
2014012700100325,2014년 1월 27일 15시,월요일,대구광역시 동구 신천동,중상사고,0,1,0,0,차대차 - 기타,안전운전불이행,건조,맑음,단일로 - 기타,승용,여,61세,상해없음,자전거,여,72세,중상
2014012700100384,2014년 1월 27일 17시,월요일,대구광역시 남구 대명동,경상사고,0,0,1,0,차대사람 - 기타,안전운전불이행,건조,맑음,기타 - 기타,승용,여,65세,상해없음,보행자,여,32세,경상
2014012700100385,2014년 1월 27일 17시,월요일,대구광역시 남구 대명동,중상사고,0,1,0,0,차대차 - 기타,안전거리미확보,건조,맑음,교차로 - 교차로부근,승용,여,52세,상해없음,승합,남,65세,상해없음
2014012700100417,2014년 1월 27일 18시,월요일,대구광역시 동구 신천동,경상사고,0,0,1,0,차대차 - 추돌 - 진행중,안전운전불이행,건조,맑음,단일로 - 기타,화물,남,54세,상해없음,승용,남,60세,경상
2014012700100418,2014년 1월 27일 18시,월요일,대구광역시 달성군 가창면,중상사고,0,1,0,0,차대사람 - 횡단중,안전운전불이행,건조,맑음,단일로 - 횡단보도상,승용,남,65세,상해없음,보행자,여,81세,중상
2014012700100452,2014년 1월 27일 19시,월요일,대구광역시 수성구 황금동,경상사고,0,0,3,0,차대차 - 측면직각충돌,안전거리미확보,건조,맑음,단일로 - 기타,승용,여,44세,상해없음,승용,남,52세,경상
2014012700100479,2014년 1월 27일 20시,월요일,대구광역시 수성구 수성동1가,경상사고,0,0,1,0,차대차 - 추돌 - 진행중,안전거리미확보,건조,맑음,단일로 - 기타,승용,남,49세,상해없음,승용,여,37세,경상
2014012700100480,2014년 1월 27일 20시,월요일,대구광역시 중구 종로1가,경상사고,0,0,1,0,차대사람 - 기타,안전운전불이행,건조,맑음,단일로 - 기타,승용,여,44세,상해없음,보행자,남,65세,경상
2014012700100481,2014년 1월 27일 20시,월요일,대구광역시 달서구 장동,중상사고,0,1,0,0,차대사람 - 횡단중,보행자보호의무위반,건조,맑음,단일로 - 횡단보도상,승용,여,65세,상해없음,보행자,남,40세,중상
2014012700100482,2014년 1월 27일 20시,월요일,대구광역시 달서구 본리동,중상사고,0,1,0,0,차대차 - 기타,안전거리미확보,건조,맑음,단일로 - 기타,승용,기타불명,기타불명,기타불명,원동기,남,57세,상해없음
2014012700100518,2014년 1월 27일 21시,월요일,대구광역시 수성구 범물동,중상사고,0,1,0,0,차량단독 - 기타,신호위반,건조,맑음,교차로 - 교차로안,승합,남,53세,상해없음,,,,
2014012700100519,2014년 1월 27일 21시,월요일,대구광역시 달서구 본동,경상사고,0,0,1,0,차대차 - 측면직각충돌,기타,건조,맑음,단일로 - 기타,승용,남,59세,상해없음,이륜,남,23세,경상
2014012700100520,2014년 1월 27일 21시,월요일,대구광역시 북구 노원동3가,경상사고,0,0,1,0,차대차 - 기타,안전운전불이행,건조,맑음,단일로 - 기타,승용,남,60세,상해없음,승용,남,46세,경상
2014012700100521,2014년 1월 27일 21시,월요일,대구광역시 북구 구암동,경상사고,0,0,1,0,차대차 - 추돌 - 주정차중,안전운전불이행,건조,맑음,교차로 - 교차로부근,승합,남,47세,상해없음,승용,여,35세,경상
2014012700100547,2014년 1월 27일 22시,월요일,대구광역시 북구 동천동,경상사고,0,0,1,0,차대차 - 추돌 - 주정차중,안전운전불이행,건조,맑음,단일로 - 기타,승용,남,48세,상해없음,승용,남,22세,경상
2014012700100571,2014년 1월 27일 23시,월요일,대구광역시 동구 방촌동,경상사고,0,0,1,0,차대사람 - 기타,안전운전불이행,건조,맑음,단일로 - 기타,화물,남,43세,상해없음,보행자,남,44세,경상
2014012700100572,2014년 1월 27일 23시,월요일,대구광역시 동구 신암동,중상사고,0,1,2,0,차대차 - 추돌 - 주정차중,안전운전불이행,건조,맑음,단일로 - 기타,승용,남,44세,상해없음,승용,남,51세,중상
2014012700100573,2014년 1월 27일 23시,월요일,대구광역시 달서구 두류동,경상사고,0,0,1,0,차대사람 - 기타,안전운전불이행,건조,맑음,교차로 - 교차로안,이륜,기타불명,기타불명,기타불명,보행자,여,29세,경상
2014012700100574,2014년 1월 27일 23시,월요일,대구광역시 북구 서변동,부상신고사고,0,0,0,1,차대차 - 측면직각충돌,안전운전불이행,건조,맑음,교차로 - 교차로안,원동기,남,18세,부상신고,승용,남,62세,상해없음
2014012800100009,2014년 1월 28일 00시,화요일,대구광역시 달서구 상인동,경상사고,0,0,1,0,차대차 - 측면직각충돌,안전거리미확보,건조,맑음,단일로 - 기타,승용,남,21세,상해없음,승용,남,21세,상해없음
2014012800100010,2014년 1월 28일 00시,화요일,대구광역시 달서구 상인동,중상사고,0,1,0,0,차대차 - 측면직각충돌,직진우회전진행방해,건조,맑음,교차로 - 교차로안,승용,남,52세,상해없음,승용,여,55세,중상
2014012800100011,2014년 1월 28일 00시,화요일,대구광역시 서구 평리동,중상사고,0,1,1,0,차대차 - 추돌 - 진행중,안전거리미확보,건조,맑음,교차로 - 교차로부근,화물,남,54세,상해없음,승용,남,45세,경상
2014012800100012,2014년 1월 28일 00시,화요일,대구광역시 달서구 신당동,경상사고,0,0,1,0,차대차 - 추돌 - 주정차중,안전운전불이행,건조,맑음,교차로 - 교차로부근,화물,남,24세,상해없음,승용,남,24세,경상
2014012800100125,2014년 1월 28일 06시,화요일,대구광역시 달서구 진천동,중상사고,0,1,0,0,차대사람 - 기타,신호위반,건조,맑음,교차로 - 교차로안,원동기,남,74세,상해없음,보행자,여,73세,중상
2014012800100164,2014년 1월 28일 07시,화요일,대구광역시 수성구 가천동,경상사고,0,0,1,0,차대차 - 추돌 - 주정차중,안전운전불이행,건조,맑음,교차로 - 교차로부근,승용,남,24세,상해없음,승용,남,29세,경상
2014012800100216,2014년 1월 28일 08시,화요일,대구광역시 수성구 수성동1가,중상사고,0,1,0,0,차대차 - 기타,안전거리미확보,건조,맑음,단일로 - 기타,기타불명,기타불명,기타불명,기타불명,승합,남,40세,상해없음
2014012800100217,2014년 1월 28일 08시,화요일,대구광역시 수성구 두산동,중상사고,0,1,0,0,차대차 - 기타,교차로운행방법위반,건조,맑음,교차로 - 교차로안,승용,남,58세,상해없음,이륜,남,45세,중상
2014012800100280,2014년 1월 28일 10시,화요일,대구광역시 동구 신암동,중상사고,0,1,0,0,차대사람 - 보도통행중,기타,건조,맑음,단일로 - 기타,화물,남,57세,상해없음,보행자,남,39세,중상
2014012800100281,2014년 1월 28일 10시,화요일,대구광역시 서구 평리동,중상사고,0,1,0,0,차대차 - 정면충돌,안전운전불이행,건조,맑음,단일로 - 기타,승용,여,53세,상해없음,자전거,남,57세,중상
2014012800100282,2014년 1월 28일 10시,화요일,대구광역시 중구 남일동,중상사고,0,1,3,0,차대차 - 기타,신호위반,건조,맑음,교차로 - 교차로안,승합,남,59세,상해없음,승합,남,56세,상해없음
2014012800100283,2014년 1월 28일 10시,화요일,대구광역시 중구 대봉동,경상사고,0,0,1,0,차대사람 - 차도통행중,안전운전불이행,건조,맑음,단일로 - 기타,승용,남,60세,상해없음,보행자,남,33세,경상
2014012800100307,2014년 1월 28일 11시,화요일,대구광역시 북구 침산동,경상사고,0,0,1,0,차대차 - 추돌 - 주정차중,안전거리미확보,건조,맑음,단일로 - 기타,화물,남,38세,상해없음,화물,남,61세,상해없음
2014012800100308,2014년 1월 28일 11시,화요일,대구광역시 북구 산격동,경상사고,0,0,1,0,차대차 - 측면직각충돌,안전거리미확보,건조,맑음,단일로 - 기타,화물,남,71세,상해없음,승용,여,36세,경상
2014012800100340,2014년 1월 28일 12시,화요일,대구광역시 수성구 파동,경상사고,0,0,1,0,차대차 - 측면직각충돌,안전거리미확보,건조,맑음,단일로 - 기타,원동기,남,34세,상해없음,원동기,남,66세,경상
2014012800100373,2014년 1월 28일 13시,화요일,대구광역시 북구 산격동,경상사고,0,0,1,0,차량단독 - 기타,안전운전불이행,건조,맑음,단일로 - 기타,승합,남,57세,상해없음,,,,
2014012800100374,2014년 1월 28일 13시,화요일,대구광역시 중구 남산동,경상사고,0,0,1,0,차대사람 - 기타,안전운전불이행,건조,맑음,단일로 - 기타,승용,남,56세,상해없음,보행자,남,25세,경상
2014012800100416,2014년 1월 28일 14시,화요일,대구광역시 수성구 대흥동,부상신고사고,0,0,0,1,차대사람 - 보도통행중,중앙선침범,건조,맑음,기타 - 기타,이륜,남,79세,상해없음,보행자,남,17세,부상신고
2014012800100449,2014년 1월 28일 15시,화요일,대구광역시 수성구 두산동,경상사고,0,0,1,0,차대차 - 추돌 - 주정차중,안전거리미확보,건조,맑음,단일로 - 횡단보도부근,승용,남,57세,상해없음,승용,여,41세,경상
2014012800100450,2014년 1월 28일 15시,화요일,대구광역시 달서구 상인동,경상사고,0,0,1,0,차대차 - 기타,안전운전불이행,건조,맑음,단일로 - 기타,승합,남,47세,상해없음,승용,여,44세,상해없음
2014012800100451,2014년 1월 28일 15시,화요일,대구광역시 서구 내당동,중상사고,0,1,2,0,차대차 - 추돌 - 진행중,안전거리미확보,건조,맑음,단일로 - 기타,승용,여,38세,경상,승용,여,45세,중상
2014012800100452,2014년 1월 28일 15시,화요일,대구광역시 서구 내당동,중상사고,0,2,2,0,차대차 - 추돌 - 진행중,안전거리미확보,건조,맑음,단일로 - 기타,승용,남,65세,상해없음,승합,남,54세,경상
2014012800100490,2014년 1월 28일 16시,화요일,대구광역시 동구 신천동,중상사고,0,1,0,0,차대사람 - 횡단중,안전운전불이행,건조,맑음,교차로 - 교차로부근,승용,남,30세,상해없음,보행자,남,59세,중상
2014012800100491,2014년 1월 28일 16시,화요일,대구광역시 동구 지저동,경상사고,0,0,1,0,차대차 - 기타,안전거리미확보,건조,맑음,단일로 - 기타,승용,남,58세,상해없음,승합,남,56세,상해없음
2014012800100493,2014년 1월 28일 16시,화요일,대구광역시 달서구 신당동,중상사고,0,2,0,0,차대차 - 추돌 - 진행중,안전거리미확보,건조,맑음,단일로 - 기타,승합,남,31세,상해없음,원동기,남,65세,중상
2014012800100524,2014년 1월 28일 17시,화요일,대구광역시 달서구 송현동,경상사고,0,0,1,0,차대차 - 측면직각충돌,직진우회전진행방해,건조,맑음,교차로 - 교차로안,승용,남,36세,상해없음,승용,여,36세,경상
2014012800100525,2014년 1월 28일 17시,화요일,대구광역시 달서구 갈산동,중상사고,0,2,0,0,차대차 - 측면직각충돌,신호위반,건조,맑음,교차로 - 교차로안,승용,남,33세,상해없음,승용,남,48세,중상
2014012800100526,2014년 1월 28일 17시,화요일,대구광역시 달성군 다사읍,중상사고,0,1,0,0,차대차 - 기타,안전운전불이행,건조,맑음,교차로 - 교차로부근,이륜,남,16세,기타불명,승용,여,37세,상해없음
2014012800100527,2014년 1월 28일 17시,화요일,대구광역시 달성군 다사읍,중상사고,0,1,0,0,차대차 - 정면충돌,중앙선침범,건조,맑음,단일로 - 기타,승용,남,42세,상해없음,화물,남,59세,중상
2014012800100528,2014년 1월 28일 17시,화요일,대구광역시 중구 남산동,부상신고사고,0,0,0,1,차대차 - 측면직각충돌,신호위반,건조,맑음,교차로 - 교차로안,원동기,남,69세,부상신고,승합,남,42세,상해없음
2014012800100529,2014년 1월 28일 17시,화요일,대구광역시 달서구 신당동,중상사고,0,1,0,0,차량단독 - 기타,안전운전불이행,건조,맑음,기타 - 기타,승합,남,50세,상해없음,,,,
2014012800100530,2014년 1월 28일 17시,화요일,대구광역시 북구 읍내동,경상사고,0,0,1,0,차대차 - 측면직각충돌,교차로운행방법위반,건조,맑음,교차로 - 교차로안,승용,여,39세,기타불명,이륜,남,45세,경상
2014012800100565,2014년 1월 28일 18시,화요일,대구광역시 북구 침산동,경상사고,0,0,1,0,차대사람 - 보도통행중,중앙선침범,건조,맑음,기타 - 기타,자전거,남,12세,상해없음,보행자,남,9세,경상
2014012800100600,2014년 1월 28일 19시,화요일,대구광역시 동구 각산동,중상사고,0,1,0,0,차대차 - 기타,안전운전불이행,건조,맑음,단일로 - 기타,승용,남,47세,상해없음,이륜,남,17세,중상
2014012800100601,2014년 1월 28일 19시,화요일,대구광역시 달서구 송현동,중상사고,0,1,0,0,차대사람 - 기타,안전운전불이행,건조,맑음,단일로 - 기타,승용,여,50세,상해없음,보행자,여,62세,중상
2014012800100602,2014년 1월 28일 19시,화요일,대구광역시 서구 중리동,경상사고,0,0,2,0,차대차 - 추돌 - 주정차중,안전운전불이행,건조,맑음,단일로 - 기타,승용,남,52세,상해없음,승용,남,43세,경상
2014012800100633,2014년 1월 28일 20시,화요일,대구광역시 남구 대명동,경상사고,0,0,1,0,차대차 - 추돌 - 진행중,안전운전불이행,건조,맑음,단일로 - 기타,화물,남,56세,상해없음,승용,남,49세,경상
2014012800100634,2014년 1월 28일 20시,화요일,대구광역시 달서구 송현동,경상사고,0,0,1,0,차대차 - 측면직각충돌,신호위반,건조,맑음,교차로 - 교차로안,승용,남,56세,상해없음,승합,남,44세,상해없음
2014012800100635,2014년 1월 28일 20시,화요일,대구광역시 북구 칠성동1가,부상신고사고,0,0,0,1,차대차 - 기타,불법유턴,건조,맑음,단일로 - 기타,자전거,남,71세,부상신고,승용,남,61세,상해없음
2014012800100636,2014년 1월 28일 20시,화요일,대구광역시 달서구 호산동,경상사고,0,0,1,0,차대차 - 측면직각충돌,교차로운행방법위반,건조,맑음,교차로 - 교차로안,승용,남,26세,상해없음,승용,남,50세,경상
2014012800100637,2014년 1월 28일 20시,화요일,대구광역시 북구 서변동,부상신고사고,0,0,0,1,차대차 - 측면직각충돌,신호위반,건조,맑음,교차로 - 교차로안,자전거,남,16세,부상신고,승용,여,45세,상해없음
2014012800100652,2014년 1월 28일 21시,화요일,대구광역시 수성구 신매동,경상사고,0,0,1,0,차대차 - 기타,안전운전불이행,건조,맑음,단일로 - 기타,승용,남,51세,상해없음,승용,여,45세,경상
2014012800100653,2014년 1월 28일 21시,화요일,대구광역시 북구 노원동1가,중상사고,0,1,0,0,차대차 - 기타,중앙선침범,건조,맑음,단일로 - 기타,승용,여,56세,상해없음,자전거,남,23세,중상
2014012800100654,2014년 1월 28일 21시,화요일,대구광역시 북구 산격동,중상사고,0,1,0,0,차대사람 - 기타,안전운전불이행,건조,맑음,단일로 - 기타,승용,여,41세,상해없음,보행자,남,57세,중상
2014012800100655,2014년 1월 28일 21시,화요일,대구광역시 서구 평리동,경상사고,0,0,1,0,차대차 - 기타,안전운전불이행,건조,맑음,단일로 - 기타,이륜,남,18세,상해없음,승용,남,58세,기타불명
2014012800100686,2014년 1월 28일 22시,화요일,대구광역시 북구 구암동,중상사고,0,1,1,0,차대차 - 측면직각충돌,교차로운행방법위반,건조,맑음,교차로 - 교차로안,승용,남,55세,상해없음,원동기,남,17세,중상
2014012800100722,2014년 1월 28일 23시,화요일,대구광역시 달서구 월성동,중상사고,0,1,0,0,차대차 - 추돌 - 주정차중,안전운전불이행,건조,맑음,단일로 - 기타,승용,남,57세,상해없음,화물,남,43세,상해없음
2014012800100723,2014년 1월 28일 23시,화요일,대구광역시 달성군 논공읍,중상사고,0,1,1,0,차대차 - 추돌 - 주정차중,안전운전불이행,건조,맑음,교차로 - 교차로부근,승용,남,45세,상해없음,승용,남,33세,중상
2014012900100025,2014년 1월 29일 00시,수요일,대구광역시 남구 대명동,중상사고,0,1,1,0,차대차 - 측면직각충돌,차로위반,건조,맑음,교차로 - 교차로부근,승용,남,59세,상해없음,승용,남,38세,중상
2014012900100043,2014년 1월 29일 01시,수요일,대구광역시 수성구 만촌동,사망사고,1,0,0,0,차대사람 - 기타,안전운전불이행,건조,맑음,단일로 - 기타,승용,남,34세,상해없음,보행자,남,76세,사망
2014012900100044,2014년 1월 29일 01시,수요일,대구광역시 북구 칠성동1가,경상사고,0,0,1,0,차량단독 - 공작물충돌,안전운전불이행,건조,맑음,단일로 - 기타,이륜,남,50세,경상,,,,
2014012900100073,2014년 1월 29일 04시,수요일,대구광역시 수성구 수성동1가,중상사고,0,2,0,0,차량단독 - 공작물충돌,안전운전불이행,건조,맑음,단일로 - 기타,승용,남,27세,상해없음,,,,
2014012900100074,2014년 1월 29일 04시,수요일,대구광역시 달성군 구지면,중상사고,0,2,0,0,차대차 - 추돌 - 진행중,안전운전불이행,건조,맑음,단일로 - 기타,승용,남,27세,중상,건설기계,남,51세,중상
2014012900100091,2014년 1월 29일 06시,수요일,대구광역시 북구 칠성동1가,중상사고,0,1,0,0,차대차 - 추돌 - 진행중,안전거리미확보,건조,맑음,단일로 - 기타,승용,남,45세,상해없음,승용,여,67세,중상
2014012900100147,2014년 1월 29일 08시,수요일,대구광역시 남구 대명동,중상사고,0,1,0,0,차대사람 - 횡단중,신호위반,건조,맑음,단일로 - 횡단보도상,승용,남,54세,상해없음,보행자,여,51세,중상
2014012900100176,2014년 1월 29일 09시,수요일,대구광역시 수성구 수성동2가,경상사고,0,0,1,0,차대차 - 측면직각충돌,교차로운행방법위반,건조,맑음,교차로 - 교차로안,화물,남,44세,상해없음,이륜,여,61세,경상
2014012900100177,2014년 1월 29일 09시,수요일,대구광역시 달성군 화원읍,경상사고,0,0,1,0,차대차 - 측면직각충돌,차로위반,건조,맑음,단일로 - 기타,화물,남,60세,상해없음,화물,남,47세,상해없음
2014012900100178,2014년 1월 29일 09시,수요일,대구광역시 달성군 화원읍,경상사고,0,0,1,0,차대사람 - 횡단중,안전운전불이행,건조,맑음,교차로 - 교차로부근,화물,여,48세,상해없음,보행자,남,72세,경상
2014012900100179,2014년 1월 29일 09시,수요일,대구광역시 북구 산격동,중상사고,0,1,0,0,차대차 - 추돌 - 진행중,안전거리미확보,건조,맑음,교차로 - 교차로안,승용,여,45세,상해없음,승용,남,62세,중상
2014012900100207,2014년 1월 29일 10시,수요일,대구광역시 북구 매천동,중상사고,0,1,0,0,차대차 - 측면직각충돌,안전거리미확보,건조,맑음,단일로 - 기타,이륜,여,50세,중상,승용,남,41세,상해없음
2014012900100208,2014년 1월 29일 10시,수요일,대구광역시 북구 구암동,중상사고,0,1,0,0,차대차 - 기타,안전운전불이행,건조,맑음,단일로 - 횡단보도상,승용,여,34세,상해없음,자전거,여,65세,중상
2014012900100234,2014년 1월 29일 11시,수요일,대구광역시 동구 신천동,부상신고사고,0,0,0,1,차대차 - 측면직각충돌,안전운전불이행,건조,맑음,단일로 - 기타,이륜,남,58세,부상신고,승용,남,44세,상해없음
2014012900100236,2014년 1월 29일 11시,수요일,대구광역시 북구 서변동,경상사고,0,0,1,0,차대차 - 기타,안전운전불이행,건조,맑음,기타 - 기타,승용,여,30세,경상,화물,남,46세,상해없음
2014012900100308,2014년 1월 29일 14시,수요일,대구광역시 동구 신서동,중상사고,0,1,0,0,차대사람 - 횡단중,신호위반,건조,맑음,교차로 - 교차로안,승용,여,69세,상해없음,보행자,여,61세,중상
2014012900100309,2014년 1월 29일 14시,수요일,대구광역시 수성구 연호동,중상사고,0,1,0,0,차량단독 - 공작물충돌,안전운전불이행,건조,맑음,단일로 - 기타,승용,여,53세,중상,,,,
2014012900100310,2014년 1월 29일 14시,수요일,대구광역시 북구 학정동,경상사고,0,0,1,0,차대사람 - 차도통행중,안전운전불이행,건조,맑음,단일로 - 횡단보도상,승용,여,52세,상해없음,보행자,여,27세,경상
2014012900100373,2014년 1월 29일 16시,수요일,대구광역시 동구 신암동,경상사고,0,0,2,0,차대차 - 추돌 - 주정차중,안전운전불이행,건조,맑음,단일로 - 기타,승용,남,54세,상해없음,승용,여,43세,경상
2014012900100374,2014년 1월 29일 16시,수요일,대구광역시 수성구 범어동,경상사고,0,0,1,0,차대사람 - 횡단중,안전운전불이행,건조,맑음,단일로 - 기타,승용,남,53세,상해없음,보행자,남,6세,경상
2014012900100375,2014년 1월 29일 16시,수요일,대구광역시 달서구 본동,경상사고,0,0,1,0,차대차 - 기타,안전운전불이행,건조,맑음,단일로 - 기타,승용,남,51세,상해없음,자전거,남,60세,경상
2014012900100376,2014년 1월 29일 16시,수요일,대구광역시 달성군 유가면,경상사고,0,0,1,0,차대차 - 추돌 - 진행중,안전거리미확보,건조,맑음,단일로 - 기타,화물,남,52세,상해없음,승용,남,50세,경상
2014012900100400,2014년 1월 29일 17시,수요일,대구광역시 남구 봉덕동,중상사고,0,1,4,0,차대차 - 추돌 - 진행중,안전거리미확보,건조,맑음,단일로 - 기타,승용,남,69세,상해없음,승용,여,53세,경상
2014012900100401,2014년 1월 29일 17시,수요일,대구광역시 달서구 송현동,경상사고,0,0,1,0,차대사람 - 기타,안전운전불이행,건조,맑음,단일로 - 기타,승합,남,41세,상해없음,보행자,남,53세,경상
2014012900100402,2014년 1월 29일 17시,수요일,대구광역시 달서구 송현동,경상사고,0,0,1,0,차대사람 - 기타,기타,건조,맑음,단일로 - 기타,승합,남,41세,상해없음,보행자,남,53세,경상
2014012900100403,2014년 1월 29일 17시,수요일,대구광역시 중구 대봉동,중상사고,0,1,0,0,차대사람 - 기타,안전운전불이행,건조,맑음,단일로 - 기타,승용,여,45세,상해없음,보행자,여,83세,중상
2014012900100404,2014년 1월 29일 17시,수요일,대구광역시 달서구 갈산동,중상사고,0,1,0,0,차대차 - 기타,교차로운행방법위반,건조,흐림,교차로 - 교차로안,화물,남,64세,상해없음,원동기,여,25세,중상
2014012900100448,2014년 1월 29일 18시,수요일,대구광역시 동구 지저동,중상사고,0,1,0,0,차대차 - 측면직각충돌,안전운전불이행,건조,맑음,단일로 - 횡단보도상,승용,남,27세,상해없음,자전거,여,77세,중상
2014012900100449,2014년 1월 29일 18시,수요일,대구광역시 달서구 월성동,경상사고,0,0,1,0,차대차 - 추돌 - 주정차중,안전운전불이행,건조,맑음,단일로 - 기타,화물,남,48세,상해없음,승용,남,59세,경상
2014012900100450,2014년 1월 29일 18시,수요일,대구광역시 달서구 도원동,경상사고,0,0,2,0,차대차 - 기타,안전운전불이행,건조,맑음,교차로 - 교차로부근,승용,여,34세,경상,승용,여,40세,경상
2014012900100451,2014년 1월 29일 18시,수요일,대구광역시 달서구 상인동,경상사고,0,0,1,0,차대차 - 기타,기타,건조,맑음,교차로 - 교차로부근,화물,남,46세,기타불명,이륜,남,60세,경상
2014012900100452,2014년 1월 29일 18시,수요일,대구광역시 달서구 장기동,중상사고,0,1,2,0,차대차 - 추돌 - 진행중,안전운전불이행,건조,맑음,단일로 - 기타,승용,남,51세,상해없음,승용,남,48세,경상
2014012900100487,2014년 1월 29일 19시,수요일,대구광역시 달서구 월성동,경상사고,0,0,1,0,차대차 - 측면직각충돌,안전운전불이행,건조,맑음,교차로 - 교차로안,승합,남,47세,상해없음,승용,여,49세,상해없음
2014012900100488,2014년 1월 29일 19시,수요일,대구광역시 달서구 갈산동,경상사고,0,0,1,0,차대차 - 추돌 - 주정차중,안전운전불이행,건조,흐림,교차로 - 교차로안,승용,남,53세,상해없음,이륜,남,60세,경상
2014012900100489,2014년 1월 29일 19시,수요일,대구광역시 달서구 이곡동,중상사고,0,1,0,0,차대차 - 기타,교차로운행방법위반,건조,흐림,교차로 - 교차로부근,이륜,남,17세,중상,화물,남,37세,상해없음
2014012900100490,2014년 1월 29일 19시,수요일,대구광역시 북구 서변동,경상사고,0,0,1,0,차대차 - 추돌 - 주정차중,안전운전불이행,건조,맑음,단일로 - 기타,승용,남,56세,상해없음,승용,남,62세,경상
2014012900100549,2014년 1월 29일 21시,수요일,대구광역시 남구 대명동,경상사고,0,0,1,0,차대차 - 기타,안전운전불이행,건조,맑음,단일로 - 기타,원동기,남,21세,경상,승용,남,44세,상해없음
2014012900100550,2014년 1월 29일 21시,수요일,대구광역시 달성군 논공읍,사망사고,1,0,1,0,차대차 - 추돌 - 주정차중,안전운전불이행,건조,맑음,단일로 - 기타,승용,남,49세,사망,승합,남,53세,경상