사고번호,사고일시,요일,시군구,사고내용,사망자수,중상자수,경상자수,부상신고자수,사고유형,법규위반,노면상태,기상상태,도로형태,가해운전자 차종,가해운전자 성별,가해운전자 연령,가해운전자 상해정도,피해운전자 차종,피해운전자 성별,피해운전자 연령,피해운전자 상해정도
2014020300100278,2014년 2월 3일 16시,월요일,대구광역시 서구 평리동,경상사고,0,0,1,0,차대차 - 기타,신호위반,건조,맑음,교차로 - 교차로안,이륜,남,17세,상해없음,이륜,남,29세,경상
2014020300100279,2014년 2월 3일 16시,월요일,대구광역시 달서구 호산동,경상사고,0,0,1,0,차대사람 - 횡단중,안전운전불이행,건조,맑음,단일로 - 기타,승용,여,38세,상해없음,보행자,남,8세,경상
2014020300100302,2014년 2월 3일 17시,월요일,대구광역시 수성구 중동,중상사고,0,1,0,0,차대사람 - 횡단중,안전운전불이행,건조,맑음,단일로 - 기타,승용,남,27세,상해없음,보행자,여,64세,중상
2014020300100303,2014년 2월 3일 17시,월요일,대구광역시 달서구 상인동,경상사고,0,0,1,0,차대차 - 측면직각충돌,중앙선침범,건조,맑음,단일로 - 기타,승용,남,69세,상해없음,이륜,남,36세,경상
2014020300100334,2014년 2월 3일 18시,월요일,대구광역시 동구 신천동,경상사고,0,0,1,0,차대차 - 측면직각충돌,안전운전불이행,건조,맑음,단일로 - 기타,승용,남,62세,상해없음,승용,여,68세,경상
2014020300100335,2014년 2월 3일 18시,월요일,대구광역시 수성구 두산동,중상사고,0,1,1,0,차대차 - 측면직각충돌,교차로운행방법위반,건조,맑음,교차로 - 교차로안,승용,남,53세,상해없음,승용,남,28세,중상
2014020300100336,2014년 2월 3일 18시,월요일,대구광역시 북구 복현동,경상사고,0,0,3,0,차대차 - 기타,안전운전불이행,건조,맑음,교차로 - 교차로부근,승용,남,23세,상해없음,승합,남,54세,상해없음
2014020300100337,2014년 2월 3일 18시,월요일,대구광역시 달서구 감삼동,부상신고사고,0,0,0,1,차대차 - 추돌 - 주정차중,안전운전불이행,건조,맑음,단일로 - 기타,승용,남,50세,상해없음,승용,여,36세,부상신고
2014020300100369,2014년 2월 3일 19시,월요일,대구광역시 수성구 황금동,중상사고,0,1,0,0,차대차 - 측면직각충돌,신호위반,건조,맑음,교차로 - 교차로안,승용,남,66세,상해없음,승용,남,44세,중상
2014020300100370,2014년 2월 3일 19시,월요일,대구광역시 수성구 수성동4가,경상사고,0,0,1,0,차대차 - 측면직각충돌,안전운전불이행,건조,맑음,단일로 - 기타,승용,여,46세,상해없음,자전거,남,14세,경상
2014020300100372,2014년 2월 3일 19시,월요일,대구광역시 달서구 상인동,경상사고,0,0,1,0,차대사람 - 횡단중,보행자보호의무위반,건조,맑음,교차로 - 교차로안,승용,남,51세,상해없음,보행자,여,26세,경상
2014020300100399,2014년 2월 3일 20시,월요일,대구광역시 수성구 지산동,경상사고,0,0,1,0,차대차 - 기타,안전거리미확보,건조,맑음,단일로 - 기타,이륜,남,20세,경상,승용,남,53세,상해없음
2014020300100423,2014년 2월 3일 21시,월요일,대구광역시 달성군 현풍면,경상사고,0,0,3,0,차대차 - 기타,직진우회전진행방해,건조,맑음,교차로 - 교차로안,승용,남,34세,경상,승용,남,31세,경상
2014020300100442,2014년 2월 3일 22시,월요일,대구광역시 달서구 월성동,중상사고,0,1,0,0,차대차 - 측면직각충돌,안전운전불이행,건조,맑음,교차로 - 교차로안,승용,여,51세,상해없음,자전거,남,15세,중상
2014020300100443,2014년 2월 3일 22시,월요일,대구광역시 중구 봉산동,부상신고사고,0,0,0,1,차대차 - 측면직각충돌,안전운전불이행,건조,기타,단일로 - 기타,승용,여,47세,기타불명,이륜,남,25세,부상신고
2014020300100444,2014년 2월 3일 22시,월요일,대구광역시 중구 남산동,부상신고사고,0,0,0,1,차대차 - 기타,안전운전불이행,건조,기타,단일로 - 기타,기타불명,기타불명,기타불명,기타불명,승용,남,21세,부상신고
2014020400100010,2014년 2월 4일 00시,화요일,대구광역시 수성구 지산동,경상사고,0,0,1,0,차대차 - 측면직각충돌,안전운전불이행,건조,맑음,교차로 - 교차로안,승용,여,20세,상해없음,승용,남,61세,경상
2014020400100011,2014년 2월 4일 00시,화요일,대구광역시 달서구 상인동,경상사고,0,0,3,0,차대차 - 기타,안전거리미확보,건조,맑음,교차로 - 교차로부근,승용,남,42세,상해없음,승용,남,21세,경상
2014020400100020,2014년 2월 4일 01시,화요일,대구광역시 동구 용계동,경상사고,0,0,1,0,차량단독 - 기타,안전운전불이행,건조,맑음,단일로 - 기타,승용,남,51세,상해없음,,,,
2014020400100021,2014년 2월 4일 01시,화요일,대구광역시 달서구 도원동,경상사고,0,0,2,0,차대차 - 추돌 - 주정차중,안전운전불이행,건조,맑음,교차로 - 교차로안,승용,남,48세,상해없음,승용,남,64세,경상
2014020400100040,2014년 2월 4일 03시,화요일,대구광역시 중구 삼덕동1가,경상사고,0,0,1,0,차대사람 - 기타,안전운전불이행,건조,기타,단일로 - 기타,승용,남,29세,기타불명,보행자,여,23세,경상
2014020400100052,2014년 2월 4일 05시,화요일,대구광역시 서구 이현동,중상사고,0,1,0,0,차대사람 - 횡단중,안전운전불이행,건조,맑음,단일로 - 기타,승용,여,55세,상해없음,보행자,남,64세,중상
2014020400100065,2014년 2월 4일 06시,화요일,대구광역시 달서구 상인동,중상사고,0,1,0,0,차대사람 - 기타,보행자보호의무위반,건조,맑음,교차로 - 교차로부근,승용,남,41세,상해없음,보행자,여,73세,중상
2014020400100066,2014년 2월 4일 06시,화요일,대구광역시 달서구 상인동,중상사고,0,1,0,0,차대차 - 기타,과속,건조,맑음,단일로 - 기타,승용,남,52세,상해없음,자전거,남,54세,중상
2014020400100078,2014년 2월 4일 07시,화요일,대구광역시 달서구 본동,중상사고,0,1,3,0,차대차 - 추돌 - 진행중,신호위반,건조,맑음,교차로 - 교차로안,승용,남,28세,경상,승용,남,49세,중상
2014020400100079,2014년 2월 4일 07시,화요일,대구광역시 달서구 월성동,부상신고사고,0,0,0,1,차대차 - 측면직각충돌,안전운전불이행,건조,맑음,교차로 - 교차로부근,승용,기타불명,기타불명,기타불명,원동기,남,49세,부상신고
2014020400100080,2014년 2월 4일 07시,화요일,대구광역시 달서구 두류동,경상사고,0,0,2,0,차대차 - 측면직각충돌,안전운전불이행,건조,맑음,단일로 - 기타,승용,남,52세,상해없음,승용,남,55세,경상
2014020400100102,2014년 2월 4일 08시,화요일,대구광역시 수성구 범어동,경상사고,0,0,3,0,차대차 - 기타,안전운전불이행,건조,맑음,단일로 - 기타,승용,남,50세,상해없음,승용,남,64세,경상
2014020400100103,2014년 2월 4일 08시,화요일,대구광역시 서구 내당동,중상사고,0,1,0,0,차대차 - 추돌 - 진행중,안전운전불이행,건조,맑음,단일로 - 기타,승용,여,58세,상해없음,승용,여,48세,중상
2014020400100104,2014년 2월 4일 08시,화요일,대구광역시 달서구 두류동,경상사고,0,0,1,0,차대차 - 측면직각충돌,안전거리미확보,건조,맑음,교차로 - 교차로부근,승용,남,47세,상해없음,승용,남,35세,경상
2014020400100131,2014년 2월 4일 09시,화요일,대구광역시 달서구 갈산동,경상사고,0,0,1,0,차대차 - 기타,교차로운행방법위반,건조,맑음,교차로 - 교차로안,특수,남,46세,상해없음,승용,남,41세,경상
2014020400100159,2014년 2월 4일 10시,화요일,대구광역시 수성구 지산동,경상사고,0,0,1,0,차대차 - 측면직각충돌,중앙선침범,건조,맑음,단일로 - 기타,승용,남,55세,상해없음,승용,여,44세,경상
2014020400100160,2014년 2월 4일 10시,화요일,대구광역시 북구 노원동1가,경상사고,0,0,1,0,차대차 - 기타,안전운전불이행,건조,맑음,단일로 - 기타,원동기,남,52세,경상,화물,남,45세,상해없음
2014020400100197,2014년 2월 4일 12시,화요일,대구광역시 달서구 감삼동,부상신고사고,0,0,0,3,차대차 - 측면직각충돌,안전운전불이행,건조,맑음,단일로 - 기타,화물,남,42세,상해없음,승용,남,56세,부상신고
2014020400100217,2014년 2월 4일 13시,화요일,대구광역시 동구 율하동,중상사고,0,1,0,0,차대차 - 측면직각충돌,교차로운행방법위반,건조,맑음,교차로 - 교차로안,승용,남,64세,상해없음,원동기,남,28세,중상
2014020400100243,2014년 2월 4일 14시,화요일,대구광역시 동구 지저동,경상사고,0,0,1,0,차대사람 - 기타,안전운전불이행,건조,맑음,단일로 - 기타,승용,여,56세,상해없음,보행자,남,59세,경상
2014020400100244,2014년 2월 4일 14시,화요일,대구광역시 달서구 송현동,경상사고,0,0,1,0,차대차 - 측면직각충돌,안전운전불이행,건조,맑음,단일로 - 기타,화물,남,46세,상해없음,승용,남,53세,경상
2014020400100269,2014년 2월 4일 15시,화요일,대구광역시 남구 봉덕동,경상사고,0,0,1,0,차대차 - 기타,안전거리미확보,건조,맑음,단일로 - 기타,승용,남,30세,상해없음,승합,남,60세,상해없음
2014020400100270,2014년 2월 4일 15시,화요일,대구광역시 중구 북성로1가,경상사고,0,0,2,0,차대차 - 측면직각충돌,기타,건조,맑음,교차로 - 교차로안,화물,남,42세,경상,승합,남,45세,경상
2014020400100271,2014년 2월 4일 15시,화요일,대구광역시 북구 구암동,경상사고,0,0,1,0,차대차 - 측면직각충돌,안전운전불이행,건조,맑음,단일로 - 기타,승용,남,65세,상해없음,승용,여,57세,경상
2014020400100292,2014년 2월 4일 16시,화요일,대구광역시 수성구 수성동1가,경상사고,0,0,1,0,차대사람 - 기타,안전운전불이행,건조,맑음,단일로 - 기타,승용,남,55세,상해없음,보행자,여,16세,경상
2014020400100293,2014년 2월 4일 16시,화요일,대구광역시 북구 칠성동1가,중상사고,0,1,0,0,차대사람 - 횡단중,안전운전불이행,건조,맑음,단일로 - 기타,원동기,남,38세,상해없음,보행자,여,66세,중상
2014020400100294,2014년 2월 4일 16시,화요일,대구광역시 북구 관음동,경상사고,0,0,2,0,차대차 - 정면충돌,안전운전불이행,건조,맑음,단일로 - 횡단보도부근,화물,남,71세,기타불명,승용,여,57세,경상
2014020400100353,2014년 2월 4일 18시,화요일,대구광역시 동구 신암동,경상사고,0,0,2,0,차대차 - 기타,안전운전불이행,건조,맑음,단일로 - 기타,승용,남,52세,상해없음,승용,남,41세,경상
2014020400100354,2014년 2월 4일 18시,화요일,대구광역시 수성구 범어동,경상사고,0,0,1,0,차대차 - 측면직각충돌,안전거리미확보,건조,맑음,기타 - 기타,승합,남,44세,상해없음,승용,여,33세,경상
2014020400100382,2014년 2월 4일 19시,화요일,대구광역시 동구 각산동,경상사고,0,0,1,0,차대차 - 측면직각충돌,안전운전불이행,건조,맑음,단일로 - 횡단보도상,승용,남,22세,상해없음,자전거,남,45세,경상
2014020400100383,2014년 2월 4일 19시,화요일,대구광역시 서구 평리동,경상사고,0,0,1,0,차대차 - 기타,안전운전불이행,건조,맑음,교차로 - 교차로부근,승용,남,35세,상해없음,원동기,남,22세,경상
2014020400100402,2014년 2월 4일 20시,화요일,대구광역시 수성구 상동,경상사고,0,0,1,0,차대차 - 추돌 - 진행중,안전운전불이행,건조,맑음,교차로 - 교차로부근,기타불명,기타불명,기타불명,기타불명,승용,여,38세,경상
2014020400100403,2014년 2월 4일 20시,화요일,대구광역시 수성구 황금동,경상사고,0,0,1,0,차대차 - 측면직각충돌,안전거리미확보,건조,맑음,단일로 - 기타,기타불명,기타불명,기타불명,기타불명,승용,남,59세,기타불명
2014020400100404,2014년 2월 4일 20시,화요일,대구광역시 달성군 현풍면,중상사고,0,1,0,0,차대차 - 측면직각충돌,안전운전불이행,건조,맑음,교차로 - 교차로안,승용,남,29세,상해없음,이륜,남,16세,중상
2014020400100424,2014년 2월 4일 21시,화요일,대구광역시 달서구 대천동,경상사고,0,0,2,1,차대차 - 추돌 - 주정차중,안전운전불이행,건조,맑음,단일로 - 기타,승용,남,51세,부상신고,승용,여,44세,경상
2014020400100425,2014년 2월 4일 21시,화요일,대구광역시 달서구 상인동,경상사고,0,0,2,0,차대차 - 추돌 - 주정차중,안전운전불이행,건조,맑음,교차로 - 교차로부근,승용,남,54세,상해없음,승용,여,44세,경상
2014020400100426,2014년 2월 4일 21시,화요일,대구광역시 달서구 감삼동,경상사고,0,0,1,0,차대차 - 기타,안전거리미확보,건조,맑음,단일로 - 기타,승용,남,59세,상해없음,이륜,남,43세,경상
2014020500100018,2014년 2월 5일 00시,수요일,대구광역시 북구 노원동2가,경상사고,0,0,1,0,차대차 - 측면직각충돌,중앙선침범,건조,맑음,단일로 - 기타,승용,남,41세,상해없음,승용,남,54세,상해없음
2014020500100056,2014년 2월 5일 05시,수요일,대구광역시 수성구 범어동,중상사고,0,3,0,0,차대차 - 기타,안전운전불이행,건조,맑음,단일로 - 기타,승용,남,22세,중상,승용,남,46세,상해없음
2014020500100062,2014년 2월 5일 06시,수요일,대구광역시 남구 봉덕동,경상사고,0,0,1,0,차대차 - 측면직각충돌,과속,건조,맑음,단일로 - 기타,승용,남,28세,상해없음,승용,남,48세,경상
2014020500100063,2014년 2월 5일 06시,수요일,대구광역시 중구 대신동,중상사고,0,1,0,0,차대사람 - 기타,안전운전불이행,건조,맑음,단일로 - 기타,승용,남,60세,상해없음,보행자,여,72세,중상
2014020500100073,2014년 2월 5일 07시,수요일,대구광역시 달성군 현풍면,경상사고,0,0,2,0,차대차 - 기타,안전운전불이행,건조,맑음,교차로 - 교차로안,승용,남,30세,경상,건설기계,남,36세,경상
2014020500100074,2014년 2월 5일 07시,수요일,대구광역시 북구 관음동,경상사고,0,0,1,0,차대차 - 추돌 - 주정차중,안전운전불이행,건조,맑음,단일로 - 기타,승용,남,47세,상해없음,승용,남,65세,경상
2014020500100093,2014년 2월 5일 08시,수요일,대구광역시 수성구 수성동1가,경상사고,0,0,1,0,차대차 - 기타,안전거리미확보,건조,맑음,교차로 - 교차로부근,승용,남,65세,상해없음,승합,남,40세,상해없음
2014020500100094,2014년 2월 5일 08시,수요일,대구광역시 북구 노원동1가,경상사고,0,0,1,0,차대차 - 기타,안전거리미확보,건조,맑음,단일로 - 기타,특수,남,44세,상해없음,승용,남,40세,경상
2014020500100104,2014년 2월 5일 09시,수요일,대구광역시 수성구 범어동,경상사고,0,0,1,0,차대차 - 측면직각충돌,중앙선침범,건조,맑음,단일로 - 기타,승용,남,69세,상해없음,승용,남,57세,경상
2014020500100116,2014년 2월 5일 10시,수요일,대구광역시 수성구 범물동,중상사고,0,1,0,0,차대차 - 추돌 - 진행중,교차로운행방법위반,건조,맑음,교차로 - 교차로안,승용,여,42세,상해없음,승용,여,47세,중상
2014020500100133,2014년 2월 5일 11시,수요일,대구광역시 동구 신암동,중상사고,0,1,0,0,차대차 - 측면직각충돌,안전거리미확보,건조,맑음,단일로 - 기타,화물,남,53세,상해없음,이륜,남,51세,중상
2014020500100172,2014년 2월 5일 13시,수요일,대구광역시 수성구 욱수동,경상사고,0,0,2,0,차대차 - 측면직각충돌,안전운전불이행,건조,맑음,단일로 - 기타,승용,남,37세,상해없음,승용,여,41세,경상
2014020500100173,2014년 2월 5일 13시,수요일,대구광역시 달서구 월성동,경상사고,0,0,1,0,차대차 - 측면직각충돌,교차로운행방법위반,건조,맑음,교차로 - 교차로안,승합,남,62세,상해없음,이륜,남,58세,경상
2014020500100174,2014년 2월 5일 13시,수요일,대구광역시 중구 태평로3가,경상사고,0,0,1,0,차대사람 - 횡단중,보행자보호의무위반,건조,맑음,교차로 - 교차로부근,이륜,남,62세,상해없음,보행자,여,31세,경상
2014020500100175,2014년 2월 5일 13시,수요일,대구광역시 달서구 성당동,경상사고,0,0,2,0,차대차 - 기타,안전거리미확보,건조,맑음,단일로 - 기타,승합,남,40세,상해없음,승용,여,41세,경상
2014020500100192,2014년 2월 5일 14시,수요일,대구광역시 북구 대현동,경상사고,0,0,1,0,차대차 - 측면직각충돌,안전거리미확보,건조,맑음,단일로 - 기타,승용,남,56세,상해없음,승용,남,61세,경상
2014020500100216,2014년 2월 5일 15시,수요일,대구광역시 남구 대명동,경상사고,0,0,1,0,차대차 - 추돌 - 주정차중,안전거리미확보,건조,맑음,단일로 - 기타,승용,남,50세,상해없음,승용,여,43세,경상
2014020500100218,2014년 2월 5일 15시,수요일,대구광역시 달서구 본동,중상사고,0,1,0,0,차대차 - 추돌 - 주정차중,불법유턴,건조,맑음,단일로 - 기타,승용,남,29세,상해없음,승용,여,45세,중상
2014020500100219,2014년 2월 5일 15시,수요일,대구광역시 중구 삼덕동2가,경상사고,0,0,1,1,차대차 - 측면직각충돌,안전거리미확보,건조,맑음,단일로 - 기타,승용,남,36세,부상신고,승용,남,58세,경상
2014020500100220,2014년 2월 5일 15시,수요일,대구광역시 북구 읍내동,경상사고,0,0,1,1,차대차 - 측면직각충돌,신호위반,건조,맑음,교차로 - 교차로안,이륜,남,72세,부상신고,승용,여,43세,경상
2014020500100249,2014년 2월 5일 16시,수요일,대구광역시 북구 검단동,부상신고사고,0,0,0,1,차대차 - 추돌 - 진행중,교차로운행방법위반,건조,맑음,교차로 - 교차로안,이륜,남,48세,부상신고,화물,남,51세,상해없음
2014020500100269,2014년 2월 5일 17시,수요일,대구광역시 수성구 범어동,경상사고,0,0,1,0,차대차 - 기타,안전운전불이행,건조,맑음,단일로 - 기타,승용,남,30세,상해없음,승용,여,36세,경상
2014020500100270,2014년 2월 5일 17시,수요일,대구광역시 달성군 다사읍,중상사고,0,1,0,0,차대차 - 측면직각충돌,중앙선침범,건조,맑음,단일로 - 기타,승용,여,33세,상해없음,화물,여,49세,중상
2014020500100298,2014년 2월 5일 18시,수요일,대구광역시 동구 불로동,중상사고,0,1,0,0,차대사람 - 기타,안전운전불이행,건조,맑음,교차로 - 교차로부근,승용,남,70세,상해없음,보행자,여,69세,중상
2014020500100299,2014년 2월 5일 18시,수요일,대구광역시 서구 평리동,경상사고,0,0,1,0,차량단독 - 기타,기타,건조,맑음,단일로 - 기타,승합,남,60세,상해없음,,,,
2014020500100322,2014년 2월 5일 19시,수요일,대구광역시 수성구 만촌동,경상사고,0,0,1,0,차대차 - 추돌 - 진행중,안전거리미확보,건조,맑음,단일로 - 기타,승용,남,56세,상해없음,승용,남,42세,경상
2014020500100323,2014년 2월 5일 19시,수요일,대구광역시 달성군 논공읍,중상사고,0,1,0,0,차대사람 - 차도통행중,안전운전불이행,건조,맑음,단일로 - 기타,승용,남,67세,상해없음,보행자,남,49세,중상
2014020500100342,2014년 2월 5일 20시,수요일,대구광역시 동구 신천동,중상사고,0,1,0,0,차대차 - 기타,신호위반,건조,맑음,교차로 - 교차로안,화물,남,42세,상해없음,원동기,남,42세,중상
2014020500100343,2014년 2월 5일 20시,수요일,대구광역시 달서구 본리동,부상신고사고,0,0,0,1,차대차 - 추돌 - 진행중,안전거리미확보,건조,맑음,단일로 - 기타,이륜,남,41세,상해없음,승용,남,31세,상해없음
2014020500100365,2014년 2월 5일 21시,수요일,대구광역시 서구 평리동,경상사고,0,0,1,0,차대사람 - 기타,안전운전불이행,건조,맑음,교차로 - 교차로안,승용,남,51세,상해없음,보행자,남,4세,경상
2014020500100366,2014년 2월 5일 21시,수요일,대구광역시 달서구 장기동,경상사고,0,0,2,0,차대차 - 추돌 - 주정차중,안전거리미확보,건조,맑음,교차로 - 교차로부근,승용,남,37세,경상,원동기,남,19세,경상
2014020500100395,2014년 2월 5일 22시,수요일,대구광역시 남구 대명동,부상신고사고,0,0,0,1,차대차 - 측면직각충돌,신호위반,건조,맑음,교차로 - 교차로부근,원동기,남,22세,부상신고,승용,남,42세,상해없음
2014020500100396,2014년 2월 5일 22시,수요일,대구광역시 북구 구암동,경상사고,0,0,1,0,차대차 - 기타,안전운전불이행,건조,맑음,교차로 - 교차로부근,승용,남,61세,상해없음,승합,남,34세,경상
2014020500100424,2014년 2월 5일 23시,수요일,대구광역시 남구 대명동,중상사고,0,1,1,0,차대차 - 측면직각충돌,안전운전불이행,건조,맑음,교차로 - 교차로안,승용,여,42세,경상,승용,남,43세,중상
2014020500100425,2014년 2월 5일 23시,수요일,대구광역시 서구 평리동,경상사고,0,0,2,0,차대차 - 기타,안전운전불이행,건조,맑음,단일로 - 횡단보도부근,화물,남,51세,상해없음,승용,남,55세,경상
2014020500100426,2014년 2월 5일 23시,수요일,대구광역시 서구 평리동,중상사고,0,1,0,0,차대사람 - 횡단중,안전운전불이행,건조,맑음,단일로 - 기타,승합,남,47세,상해없음,보행자,남,53세,중상
2014020500100427,2014년 2월 5일 23시,수요일,대구광역시 달서구 두류동,중상사고,0,1,0,0,차대사람 - 기타,안전운전불이행,건조,맑음,단일로 - 기타,승용,남,66세,상해없음,보행자,남,44세,중상
2014020600100012,2014년 2월 6일 00시,목요일,대구광역시 수성구 범어동,경상사고,0,0,1,0,차대차 - 측면직각충돌,차로위반,건조,맑음,단일로 - 기타,승용,남,60세,상해없음,승용,남,37세,경상
2014020600100029,2014년 2월 6일 02시,목요일,대구광역시 달성군 다사읍,경상사고,0,0,1,0,차대차 - 측면직각충돌,안전거리미확보,건조,맑음,교차로 - 교차로부근,이륜,남,16세,경상,승용,남,27세,상해없음
2014020600100030,2014년 2월 6일 02시,목요일,대구광역시 중구 삼덕동3가,경상사고,0,0,5,0,차대차 - 추돌 - 진행중,안전거리미확보,건조,맑음,단일로 - 기타,화물,남,56세,상해없음,승용,남,22세,경상
2014020600100039,2014년 2월 6일 03시,목요일,대구광역시 서구 내당동,중상사고,0,1,1,0,차대차 - 기타,안전운전불이행,건조,맑음,단일로 - 기타,승용,남,18세,상해없음,승용,남,34세,중상
2014020600100040,2014년 2월 6일 03시,목요일,대구광역시 북구 동변동,부상신고사고,0,0,0,1,차량단독 - 기타,안전운전불이행,건조,맑음,단일로 - 기타,이륜,남,45세,부상신고,,,,
2014020600100071,2014년 2월 6일 06시,목요일,대구광역시 달성군 구지면,경상사고,0,0,3,0,차대차 - 추돌 - 주정차중,안전운전불이행,건조,맑음,교차로 - 교차로부근,화물,남,35세,상해없음,화물,남,34세,경상
2014020600100119,2014년 2월 6일 08시,목요일,대구광역시 북구 노원동3가,중상사고,0,1,0,0,차대차 - 기타,불법유턴,건조,맑음,단일로 - 기타,자전거,남,22세,중상,승용,남,57세,상해없음
2014020600100143,2014년 2월 6일 09시,목요일,대구광역시 달서구 상인동,경상사고,0,0,1,0,차대차 - 추돌 - 주정차중,불법유턴,건조,맑음,단일로 - 기타,승용,여,30세,상해없음,승용,남,53세,경상
2014020600100144,2014년 2월 6일 09시,목요일,대구광역시 달서구 송현동,중상사고,0,1,0,0,차대사람 - 횡단중,안전운전불이행,건조,맑음,단일로 - 기타,승용,여,47세,상해없음,보행자,남,14세,중상
2014020600100145,2014년 2월 6일 09시,목요일,대구광역시 달서구 두류동,경상사고,0,0,3,0,차대차 - 기타,안전운전불이행,건조,맑음,단일로 - 기타,승용,남,31세,상해없음,승용,남,35세,상해없음
2014020600100164,2014년 2월 6일 10시,목요일,대구광역시 서구 내당동,경상사고,0,0,1,0,차대차 - 추돌 - 진행중,안전운전불이행,건조,맑음,단일로 - 기타,승용,남,25세,상해없음,승용,남,32세,경상
2014020600100182,2014년 2월 6일 11시,목요일,대구광역시 북구 복현동,중상사고,0,1,1,0,차대차 - 측면직각충돌,신호위반,건조,맑음,교차로 - 교차로안,원동기,남,19세,중상,승용,남,72세,경상
2014020600100201,2014년 2월 6일 12시,목요일,대구광역시 동구 효목동,경상사고,0,0,4,0,차대차 - 측면직각충돌,신호위반,건조,맑음,교차로 - 교차로안,승용,여,35세,상해없음,화물,남,40세,경상
2014020600100202,2014년 2월 6일 12시,목요일,대구광역시 달서구 호림동,경상사고,0,0,1,0,차대차 - 기타,안전거리미확보,건조,맑음,단일로 - 기타,승용,여,46세,상해없음,승용,남,45세,경상
2014020600100224,2014년 2월 6일 13시,목요일,대구광역시 동구 신암동,경상사고,0,0,1,0,차대차 - 기타,안전운전불이행,건조,맑음,교차로 - 교차로안,승용,여,41세,상해없음,승용,남,66세,상해없음
2014020600100225,2014년 2월 6일 13시,목요일,대구광역시 중구 달성동,중상사고,0,1,0,0,차대차 - 기타,안전운전불이행,건조,맑음,교차로 - 교차로안,승용,남,61세,상해없음,자전거,남,77세,중상
2014020600100250,2014년 2월 6일 14시,목요일,대구광역시 북구 칠성동2가,경상사고,0,0,1,0,차대차 - 측면직각충돌,안전운전불이행,건조,맑음,기타 - 기타,승용,여,40세,상해없음,자전거,여,72세,경상
2014020600100311,2014년 2월 6일 17시,목요일,대구광역시 달성군 화원읍,중상사고,0,1,0,0,차대사람 - 횡단중,안전운전불이행,건조,맑음,단일로 - 기타,승용,남,59세,상해없음,보행자,남,48세,중상
2014020600100342,2014년 2월 6일 18시,목요일,대구광역시 남구 대명동,경상사고,0,0,2,0,차대차 - 추돌 - 주정차중,안전운전불이행,건조,맑음,교차로 - 교차로부근,화물,남,54세,상해없음,승용,남,36세,경상
2014020600100343,2014년 2월 6일 18시,목요일,대구광역시 동구 신암동,경상사고,0,0,1,0,차대사람 - 차도통행중,안전운전불이행,건조,맑음,교차로 - 교차로안,승용,여,39세,상해없음,보행자,남,13세,경상
2014020600100344,2014년 2월 6일 18시,목요일,대구광역시 서구 평리동,경상사고,0,0,1,0,차대차 - 측면직각충돌,교차로운행방법위반,건조,맑음,교차로 - 교차로부근,승용,남,29세,상해없음,승용,남,52세,경상
2014020600100371,2014년 2월 6일 19시,목요일,대구광역시 수성구 범어동,중상사고,0,1,0,0,차대차 - 측면직각충돌,신호위반,건조,맑음,교차로 - 교차로안,승용,남,36세,상해없음,이륜,남,43세,중상
2014020600100372,2014년 2월 6일 19시,목요일,대구광역시 수성구 만촌동,사망사고,1,0,0,0,차대사람 - 횡단중,안전운전불이행,건조,맑음,단일로 - 기타,이륜,남,16세,상해없음,보행자,남,77세,사망
2014020600100373,2014년 2월 6일 19시,목요일,대구광역시 달서구 감삼동,경상사고,0,0,1,0,차대차 - 측면직각충돌,직진우회전진행방해,건조,맑음,교차로 - 교차로안,화물,남,44세,상해없음,이륜,남,31세,경상
2014020600100374,2014년 2월 6일 19시,목요일,대구광역시 달서구 성당동,경상사고,0,0,1,0,차대차 - 측면직각충돌,안전운전불이행,건조,맑음,기타 - 기타,승용,남,70세,상해없음,승용,남,53세,경상
2014020600100415,2014년 2월 6일 21시,목요일,대구광역시 중구 삼덕동3가,경상사고,0,0,3,0,차대차 - 기타,안전거리미확보,건조,맑음,단일로 - 기타,승용,남,23세,상해없음,승용,남,44세,경상
2014020600100429,2014년 2월 6일 22시,목요일,대구광역시 남구 대명동,경상사고,0,0,1,0,차대사람 - 기타,안전운전불이행,건조,맑음,단일로 - 기타,승합,남,44세,상해없음,보행자,남,53세,경상
2014020600100430,2014년 2월 6일 22시,목요일,대구광역시 수성구 만촌동,중상사고,0,1,0,0,차대차 - 측면직각충돌,신호위반,건조,맑음,교차로 - 교차로안,승용,여,41세,상해없음,승용,남,65세,중상
2014020600100455,2014년 2월 6일 23시,목요일,대구광역시 남구 대명동,경상사고,0,0,2,4,차대차 - 추돌 - 주정차중,안전운전불이행,건조,맑음,단일로 - 기타,승용,여,26세,상해없음,승용,남,52세,경상
2014020600100456,2014년 2월 6일 23시,목요일,대구광역시 수성구 수성동2가,중상사고,0,3,0,0,차대차 - 측면직각충돌,안전운전불이행,건조,맑음,교차로 - 교차로부근,승용,남,64세,상해없음,승용,남,60세,중상
2014020600100457,2014년 2월 6일 23시,목요일,대구광역시 북구 산격동,중상사고,0,1,0,0,차대차 - 기타,기타,건조,맑음,교차로 - 교차로부근,승용,남,38세,상해없음,원동기,여,56세,중상
2014020600100458,2014년 2월 6일 23시,목요일,대구광역시 달서구 호림동,중상사고,0,1,0,0,차량단독 - 공작물충돌,안전운전불이행,건조,흐림,교차로 - 교차로부근,승용,남,30세,중상,,,,