사고번호,사고일시,요일,시군구,사고내용,사망자수,중상자수,경상자수,부상신고자수,사고유형,법규위반,노면상태,기상상태,도로형태,가해운전자 차종,가해운전자 성별,가해운전자 연령,가해운전자 상해정도,피해운전자 차종,피해운전자 성별,피해운전자 연령,피해운전자 상해정도
2014020700100015,2014년 2월 7일 00시,금요일,대구광역시 달서구 상인동,경상사고,0,0,4,0,차대차 - 측면직각충돌,교차로운행방법위반,건조,맑음,교차로 - 교차로안,승용,남,19세,경상,승용,남,25세,경상
2014020700100028,2014년 2월 7일 01시,금요일,대구광역시 중구 삼덕동1가,경상사고,0,0,1,0,차대사람 - 기타,안전운전불이행,건조,기타,단일로 - 기타,승용,남,22세,상해없음,보행자,남,18세,경상
2014020700100029,2014년 2월 7일 01시,금요일,대구광역시 달서구 용산동,경상사고,0,0,1,0,차대차 - 기타,교차로운행방법위반,건조,흐림,교차로 - 교차로안,승용,남,52세,상해없음,승용,남,18세,상해없음
2014020700100061,2014년 2월 7일 06시,금요일,대구광역시 북구 읍내동,경상사고,0,0,1,0,차대차 - 측면직각충돌,안전운전불이행,건조,맑음,교차로 - 교차로안,기타불명,기타불명,기타불명,기타불명,승용,남,48세,경상
2014020700100084,2014년 2월 7일 07시,금요일,대구광역시 북구 대현동,경상사고,0,0,1,0,차대차 - 기타,안전거리미확보,건조,맑음,단일로 - 기타,화물,남,53세,상해없음,승용,남,58세,상해없음
2014020700100085,2014년 2월 7일 07시,금요일,대구광역시 달서구 두류동,사망사고,1,0,0,0,차대사람 - 횡단중,안전운전불이행,건조,맑음,단일로 - 기타,승용,남,54세,상해없음,보행자,여,62세,사망
2014020700100107,2014년 2월 7일 08시,금요일,대구광역시 남구 봉덕동,경상사고,0,0,1,0,차대차 - 측면직각충돌,안전거리미확보,건조,맑음,교차로 - 교차로부근,원동기,남,62세,경상,승용,남,54세,상해없음
2014020700100108,2014년 2월 7일 08시,금요일,대구광역시 서구 평리동,경상사고,0,0,1,0,차대차 - 기타,교차로운행방법위반,건조,맑음,교차로 - 교차로안,승용,남,37세,상해없음,자전거,여,51세,경상
2014020700100167,2014년 2월 7일 11시,금요일,대구광역시 북구 서변동,경상사고,0,0,1,0,차대차 - 측면직각충돌,기타,건조,흐림,단일로 - 기타,승용,남,59세,상해없음,자전거,남,65세,경상
2014020700100191,2014년 2월 7일 12시,금요일,대구광역시 북구 서변동,경상사고,0,0,1,0,차량단독 - 공작물충돌,안전운전불이행,습기,비,단일로 - 기타,승용,여,67세,경상,,,,
2014020700100192,2014년 2월 7일 12시,금요일,대구광역시 북구 구암동,경상사고,0,0,1,0,차대차 - 기타,안전운전불이행,건조,맑음,기타 - 기타,승합,남,52세,상해없음,이륜,남,42세,경상
2014020700100208,2014년 2월 7일 13시,금요일,대구광역시 달서구 상인동,경상사고,0,0,1,0,차대차 - 측면직각충돌,안전거리미확보,건조,흐림,단일로 - 기타,승용,남,45세,기타불명,승용,남,46세,경상
2014020700100209,2014년 2월 7일 13시,금요일,대구광역시 달서구 본리동,경상사고,0,0,1,0,차대사람 - 기타,안전운전불이행,습기,흐림,단일로 - 기타,승용,여,37세,상해없음,보행자,남,44세,경상
2014020700100234,2014년 2월 7일 14시,금요일,대구광역시 남구 대명동,경상사고,0,0,1,0,차대사람 - 횡단중,안전운전불이행,건조,맑음,단일로 - 기타,승용,기타불명,50세,기타불명,보행자,남,13세,경상
2014020700100235,2014년 2월 7일 14시,금요일,대구광역시 동구 신천동,경상사고,0,0,1,0,차대차 - 기타,신호위반,건조,흐림,교차로 - 교차로안,승용,여,42세,상해없음,승용,여,39세,경상
2014020700100268,2014년 2월 7일 15시,금요일,대구광역시 수성구 지산동,중상사고,0,1,0,0,차대차 - 기타,안전운전불이행,습기,비,교차로 - 교차로부근,승용,여,48세,상해없음,이륜,남,46세,중상
2014020700100269,2014년 2월 7일 15시,금요일,대구광역시 북구 산격동,중상사고,0,1,0,0,차대차 - 기타,안전운전불이행,건조,맑음,단일로 - 교량,승합,남,29세,상해없음,승용,남,59세,중상
2014020700100270,2014년 2월 7일 15시,금요일,대구광역시 달서구 두류동,중상사고,0,1,0,0,차대차 - 측면직각충돌,안전운전불이행,건조,맑음,단일로 - 기타,화물,남,57세,상해없음,원동기,남,19세,중상
2014020700100284,2014년 2월 7일 16시,금요일,대구광역시 중구 동인동3가,경상사고,0,0,1,0,차대차 - 기타,안전운전불이행,건조,맑음,미분류 - 미분류,승용,남,41세,상해없음,화물,남,54세,경상
2014020700100301,2014년 2월 7일 17시,금요일,대구광역시 수성구 상동,경상사고,0,0,1,0,차대사람 - 기타,안전운전불이행,건조,맑음,단일로 - 기타,기타불명,기타불명,기타불명,기타불명,보행자,남,53세,경상
2014020700100302,2014년 2월 7일 17시,금요일,대구광역시 북구 서변동,부상신고사고,0,0,0,1,차대차 - 기타,직진우회전진행방해,건조,흐림,교차로 - 교차로안,기타불명,남,65세,부상신고,승용,남,59세,상해없음
2014020700100343,2014년 2월 7일 18시,금요일,대구광역시 동구 신암동,경상사고,0,0,1,0,차대차 - 기타,안전거리미확보,습기,비,단일로 - 기타,승용,남,56세,상해없음,승용,여,54세,경상
2014020700100344,2014년 2월 7일 18시,금요일,대구광역시 동구 신암동,경상사고,0,0,1,0,차대차 - 기타,교차로운행방법위반,건조,맑음,교차로 - 교차로안,승용,남,66세,상해없음,자전거,남,54세,경상
2014020700100345,2014년 2월 7일 18시,금요일,대구광역시 수성구 만촌동,중상사고,0,1,0,0,차대사람 - 기타,안전운전불이행,건조,맑음,단일로 - 기타,승용,남,58세,상해없음,보행자,남,53세,중상
2014020700100346,2014년 2월 7일 18시,금요일,대구광역시 수성구 만촌동,경상사고,0,0,1,0,차대사람 - 차도통행중,안전운전불이행,건조,맑음,단일로 - 기타,승용,남,39세,상해없음,보행자,여,47세,경상
2014020700100347,2014년 2월 7일 18시,금요일,대구광역시 수성구 범어동,경상사고,0,0,1,0,차대사람 - 기타,안전운전불이행,건조,맑음,단일로 - 기타,승용,여,33세,상해없음,보행자,남,72세,경상
2014020700100348,2014년 2월 7일 18시,금요일,대구광역시 북구 노원동1가,경상사고,0,0,1,0,차대차 - 측면직각충돌,불법유턴,건조,맑음,단일로 - 횡단보도상,자전거,남,58세,경상,승용,남,59세,상해없음
2014020700100349,2014년 2월 7일 18시,금요일,대구광역시 달서구 신당동,경상사고,0,0,3,0,차대차 - 측면직각충돌,안전운전불이행,습기,비,단일로 - 기타,승용,남,57세,기타불명,승용,여,31세,경상
2014020700100394,2014년 2월 7일 19시,금요일,대구광역시 달성군 화원읍,경상사고,0,0,2,0,차대차 - 추돌 - 진행중,안전운전불이행,건조,맑음,단일로 - 기타,승용,남,47세,상해없음,화물,남,43세,상해없음
2014020700100395,2014년 2월 7일 19시,금요일,대구광역시 달서구 두류동,중상사고,0,1,0,0,차대사람 - 횡단중,안전운전불이행,습기,비,단일로 - 기타,이륜,여,48세,상해없음,보행자,여,53세,중상
2014020700100426,2014년 2월 7일 20시,금요일,대구광역시 북구 산격동,경상사고,0,0,2,0,차대차 - 기타,신호위반,건조,맑음,교차로 - 교차로안,승합,남,28세,상해없음,승용,남,63세,경상
2014020700100465,2014년 2월 7일 21시,금요일,대구광역시 동구 율하동,경상사고,0,0,2,0,차대차 - 측면직각충돌,신호위반,건조,맑음,교차로 - 교차로안,승용,남,44세,상해없음,승용,남,30세,경상
2014020700100498,2014년 2월 7일 22시,금요일,대구광역시 동구 효목동,부상신고사고,0,0,0,1,차대사람 - 차도통행중,안전운전불이행,습기,비,단일로 - 기타,승용,여,21세,상해없음,보행자,남,52세,부상신고
2014020700100499,2014년 2월 7일 22시,금요일,대구광역시 동구 방촌동,중상사고,0,2,3,0,차대차 - 측면직각충돌,신호위반,습기,비,교차로 - 교차로안,승용,남,67세,상해없음,승용,여,47세,중상
2014020700100530,2014년 2월 7일 23시,금요일,대구광역시 동구 신암동,경상사고,0,0,1,0,차대차 - 측면직각충돌,교차로운행방법위반,습기,비,교차로 - 교차로안,승용,남,33세,상해없음,이륜,남,52세,경상
2014020700100531,2014년 2월 7일 23시,금요일,대구광역시 수성구 만촌동,경상사고,0,0,3,0,차대차 - 추돌 - 주정차중,안전운전불이행,습기,비,단일로 - 기타,승용,여,47세,상해없음,화물,남,52세,경상
2014020800100021,2014년 2월 8일 00시,토요일,대구광역시 수성구 수성동2가,중상사고,0,1,0,0,차대사람 - 횡단중,안전운전불이행,습기,비,단일로 - 기타,승용,남,31세,상해없음,보행자,남,53세,중상
2014020800100022,2014년 2월 8일 00시,토요일,대구광역시 수성구 만촌동,경상사고,0,0,2,0,차대차 - 기타,직진우회전진행방해,건조,맑음,교차로 - 교차로안,승용,여,46세,상해없음,승용,남,64세,경상
2014020800100052,2014년 2월 8일 01시,토요일,대구광역시 수성구 만촌동,경상사고,0,0,1,0,차대사람 - 횡단중,안전운전불이행,습기,비,단일로 - 기타,승용,여,54세,상해없음,보행자,남,58세,경상
2014020800100065,2014년 2월 8일 02시,토요일,대구광역시 북구 동변동,경상사고,0,0,1,0,차대사람 - 보도통행중,안전운전불이행,습기,비,단일로 - 기타,승용,남,42세,상해없음,보행자,남,34세,경상
2014020800100090,2014년 2월 8일 04시,토요일,대구광역시 달서구 두류동,경상사고,0,0,1,0,차대차 - 추돌 - 주정차중,중앙선침범,건조,맑음,단일로 - 기타,승용,남,64세,상해없음,승용,남,36세,경상
2014020800100091,2014년 2월 8일 04시,토요일,대구광역시 북구 구암동,경상사고,0,0,1,0,차대차 - 기타,안전운전불이행,습기,비,기타 - 기타,화물,남,36세,상해없음,승용,남,53세,경상
2014020800100114,2014년 2월 8일 06시,토요일,대구광역시 달서구 갈산동,중상사고,0,1,0,0,차대차 - 기타,안전운전불이행,습기,비,단일로 - 기타,승합,남,58세,상해없음,원동기,남,60세,중상
2014020800100125,2014년 2월 8일 07시,토요일,대구광역시 중구 삼덕동1가,중상사고,0,1,1,0,차대사람 - 기타,기타,습기,흐림,교차로 - 교차로부근,이륜,남,22세,상해없음,보행자,남,20세,경상
2014020800100142,2014년 2월 8일 08시,토요일,대구광역시 수성구 중동,경상사고,0,0,1,0,차대차 - 추돌 - 진행중,안전운전불이행,건조,맑음,단일로 - 기타,승용,남,48세,상해없음,승용,남,48세,경상
2014020800100158,2014년 2월 8일 09시,토요일,대구광역시 남구 대명동,경상사고,0,0,1,0,차대차 - 기타,직진우회전진행방해,건조,맑음,교차로 - 교차로안,승용,남,70세,상해없음,승합,남,48세,상해없음
2014020800100159,2014년 2월 8일 09시,토요일,대구광역시 달서구 대천동,중상사고,0,2,0,0,차대차 - 기타,차로위반,건조,맑음,단일로 - 기타,승용,남,57세,상해없음,승용,여,54세,중상
2014020800100177,2014년 2월 8일 10시,토요일,대구광역시 남구 대명동,경상사고,0,0,1,0,차대차 - 측면직각충돌,안전운전불이행,건조,흐림,단일로 - 기타,원동기,여,22세,경상,승용,남,39세,상해없음
2014020800100178,2014년 2월 8일 10시,토요일,대구광역시 동구 신암동,경상사고,0,0,1,0,차대차 - 기타,교차로운행방법위반,건조,맑음,교차로 - 교차로안,승용,남,57세,상해없음,승용,남,37세,경상
2014020800100179,2014년 2월 8일 10시,토요일,대구광역시 수성구 시지동,경상사고,0,0,2,0,차대차 - 기타,안전거리미확보,습기,비,교차로 - 교차로부근,화물,남,42세,상해없음,승용,남,60세,경상
2014020800100180,2014년 2월 8일 10시,토요일,대구광역시 북구 칠성동2가,경상사고,0,0,1,0,차대차 - 기타,안전거리미확보,습기,비,교차로 - 교차로부근,화물,남,46세,상해없음,승용,여,60세,경상
2014020800100181,2014년 2월 8일 10시,토요일,대구광역시 중구 전동,부상신고사고,0,0,0,1,차대차 - 기타,안전운전불이행,건조,맑음,단일로 - 기타,화물,남,45세,상해없음,이륜,남,87세,부상신고
2014020800100199,2014년 2월 8일 11시,토요일,대구광역시 동구 지묘동,경상사고,0,0,1,0,차대차 - 추돌 - 진행중,안전운전불이행,건조,맑음,단일로 - 기타,승합,남,49세,상해없음,화물,남,45세,경상
2014020800100200,2014년 2월 8일 11시,토요일,대구광역시 달서구 대천동,중상사고,0,2,0,0,차대사람 - 횡단중,보행자보호의무위반,건조,맑음,단일로 - 횡단보도상,승용,여,37세,상해없음,보행자,여,30세,중상
2014020800100201,2014년 2월 8일 11시,토요일,대구광역시 달성군 논공읍,경상사고,0,0,1,1,차대차 - 측면직각충돌,안전운전불이행,건조,맑음,단일로 - 기타,이륜,남,27세,부상신고,승용,남,44세,경상
2014020800100202,2014년 2월 8일 11시,토요일,대구광역시 중구 계산동1가,부상신고사고,0,0,0,1,차대차 - 기타,안전운전불이행,건조,맑음,단일로 - 기타,이륜,남,25세,부상신고,화물,남,52세,상해없음
2014020800100252,2014년 2월 8일 13시,토요일,대구광역시 동구 신암동,경상사고,0,0,2,0,차대차 - 기타,안전운전불이행,건조,맑음,단일로 - 기타,이륜,남,15세,상해없음,승용,남,76세,상해없음
2014020800100277,2014년 2월 8일 14시,토요일,대구광역시 수성구 지산동,중상사고,0,1,0,0,차대사람 - 횡단중,보행자보호의무위반,건조,맑음,단일로 - 횡단보도상,승용,남,53세,상해없음,보행자,여,74세,중상
2014020800100278,2014년 2월 8일 14시,토요일,대구광역시 북구 침산동,부상신고사고,0,0,0,1,차대차 - 기타,기타,건조,맑음,단일로 - 기타,승용,여,58세,상해없음,원동기,남,19세,부상신고
2014020800100302,2014년 2월 8일 15시,토요일,대구광역시 달서구 상인동,중상사고,0,1,0,0,차대사람 - 기타,안전운전불이행,건조,맑음,교차로 - 교차로안,승용,남,52세,상해없음,보행자,여,48세,중상
2014020800100303,2014년 2월 8일 15시,토요일,대구광역시 달성군 화원읍,경상사고,0,0,1,1,차대차 - 측면직각충돌,안전운전불이행,건조,맑음,교차로 - 교차로안,승용,여,58세,부상신고,승용,여,33세,경상
2014020800100304,2014년 2월 8일 15시,토요일,대구광역시 달서구 감삼동,경상사고,0,0,1,0,차대차 - 측면직각충돌,안전운전불이행,건조,맑음,단일로 - 기타,원동기,남,58세,기타불명,원동기,남,35세,경상
2014020800100305,2014년 2월 8일 15시,토요일,대구광역시 달서구 갈산동,경상사고,0,0,1,0,차대차 - 추돌 - 진행중,안전거리미확보,습기,흐림,교차로 - 교차로부근,승용,남,37세,상해없음,승용,남,49세,경상
2014020800100331,2014년 2월 8일 16시,토요일,대구광역시 달서구 본동,경상사고,0,0,2,0,차대차 - 추돌 - 주정차중,안전운전불이행,건조,맑음,단일로 - 기타,승용,남,44세,상해없음,승용,남,25세,상해없음
2014020800100332,2014년 2월 8일 16시,토요일,대구광역시 서구 비산동,경상사고,0,0,1,0,차대사람 - 횡단중,안전운전불이행,건조,맑음,단일로 - 기타,승용,남,52세,상해없음,보행자,남,51세,경상
2014020800100333,2014년 2월 8일 16시,토요일,대구광역시 달서구 신당동,경상사고,0,0,3,0,차대차 - 측면직각충돌,신호위반,건조,맑음,교차로 - 교차로안,원동기,남,17세,상해없음,승용,남,35세,경상
2014020800100360,2014년 2월 8일 17시,토요일,대구광역시 수성구 중동,경상사고,0,0,1,0,차대사람 - 기타,기타,건조,맑음,단일로 - 기타,승합,남,51세,상해없음,보행자,남,81세,경상
2014020800100400,2014년 2월 8일 18시,토요일,대구광역시 수성구 지산동,중상사고,0,1,1,0,차대차 - 추돌 - 진행중,안전운전불이행,건조,맑음,교차로 - 교차로부근,승용,남,34세,상해없음,승용,남,39세,경상
2014020800100436,2014년 2월 8일 19시,토요일,대구광역시 동구 도동,경상사고,0,0,1,0,차대차 - 기타,안전운전불이행,건조,흐림,단일로 - 기타,승용,여,39세,상해없음,승용,여,49세,경상
2014020800100437,2014년 2월 8일 19시,토요일,대구광역시 수성구 신매동,중상사고,0,1,1,0,차대차 - 측면직각충돌,신호위반,건조,맑음,교차로 - 교차로안,승용,여,58세,중상,승용,남,52세,경상
2014020800100438,2014년 2월 8일 19시,토요일,대구광역시 중구 동인동2가,경상사고,0,0,1,1,차대차 - 추돌 - 진행중,안전운전불이행,습기,비,단일로 - 기타,기타불명,기타불명,기타불명,기타불명,승용,남,28세,경상
2014020800100439,2014년 2월 8일 19시,토요일,대구광역시 달서구 성당동,경상사고,0,0,1,0,차대차 - 기타,안전운전불이행,건조,흐림,단일로 - 기타,승용,여,50세,상해없음,승용,여,56세,경상
2014020800100472,2014년 2월 8일 20시,토요일,대구광역시 달서구 성당동,경상사고,0,0,2,0,차대차 - 기타,교차로운행방법위반,건조,맑음,교차로 - 교차로부근,승용,여,29세,상해없음,승용,남,50세,상해없음
2014020800100538,2014년 2월 8일 22시,토요일,대구광역시 달서구 신당동,경상사고,0,0,1,0,차량단독 - 기타,안전운전불이행,습기,비,단일로 - 기타,이륜,남,21세,경상,,,,
2014020800100561,2014년 2월 8일 23시,토요일,대구광역시 달서구 월성동,경상사고,0,0,1,0,차대차 - 측면직각충돌,교차로운행방법위반,습기,비,교차로 - 교차로부근,승합,남,31세,상해없음,승용,남,43세,경상
2014020800100562,2014년 2월 8일 23시,토요일,대구광역시 달서구 성당동,중상사고,0,1,0,0,차대사람 - 횡단중,신호위반,습기,비,단일로 - 기타,승용,남,55세,상해없음,보행자,남,53세,중상
2014020900100013,2014년 2월 9일 00시,일요일,대구광역시 동구 동호동,경상사고,0,0,1,0,차대차 - 기타,안전운전불이행,건조,맑음,단일로 - 기타,승합,남,55세,상해없음,원동기,남,33세,경상
2014020900100038,2014년 2월 9일 01시,일요일,대구광역시 남구 대명동,경상사고,0,0,1,0,차대차 - 기타,안전운전불이행,습기,비,단일로 - 기타,승용,여,21세,상해없음,승용,남,54세,상해없음
2014020900100056,2014년 2월 9일 02시,일요일,대구광역시 달서구 두류동,경상사고,0,0,1,0,차대차 - 추돌 - 진행중,안전운전불이행,습기,맑음,단일로 - 기타,승용,남,59세,상해없음,승용,남,47세,상해없음
2014020900100057,2014년 2월 9일 02시,일요일,대구광역시 북구 읍내동,중상사고,0,1,0,0,차대차 - 측면직각충돌,교차로운행방법위반,건조,맑음,교차로 - 교차로안,승용,남,24세,상해없음,승용,남,64세,중상
2014020900100067,2014년 2월 9일 03시,일요일,대구광역시 달서구 이곡동,경상사고,0,0,1,1,차대차 - 측면직각충돌,불법유턴,습기,비,단일로 - 기타,승용,남,29세,상해없음,승용,남,55세,부상신고
2014020900100086,2014년 2월 9일 05시,일요일,대구광역시 동구 검사동,경상사고,0,0,2,0,차대차 - 추돌 - 진행중,안전운전불이행,건조,맑음,단일로 - 기타,승용,남,26세,상해없음,승용,남,57세,경상
2014020900100087,2014년 2월 9일 05시,일요일,대구광역시 수성구 두산동,경상사고,0,0,1,0,차대차 - 추돌 - 진행중,안전운전불이행,건조,맑음,단일로 - 기타,승용,여,42세,상해없음,승용,여,29세,경상
2014020900100093,2014년 2월 9일 06시,일요일,대구광역시 달서구 송현동,경상사고,0,0,3,0,차대차 - 측면직각충돌,안전운전불이행,습기,비,교차로 - 교차로부근,승용,남,59세,상해없음,승용,남,34세,경상
2014020900100094,2014년 2월 9일 06시,일요일,대구광역시 달성군 다사읍,사망사고,1,2,1,0,차대차 - 정면충돌,안전운전불이행,습기,비,단일로 - 기타,승용,여,31세,중상,승용,여,50세,중상
2014020900100095,2014년 2월 9일 06시,일요일,대구광역시 달서구 성당동,경상사고,0,0,1,0,차대차 - 기타,안전운전불이행,건조,맑음,교차로 - 교차로부근,자전거,남,59세,경상,승용,여,50세,상해없음
2014020900100102,2014년 2월 9일 07시,일요일,대구광역시 북구 칠성동2가,중상사고,0,1,0,0,차대사람 - 기타,안전운전불이행,습기,흐림,단일로 - 기타,승용,남,63세,상해없음,보행자,남,82세,중상
2014020900100138,2014년 2월 9일 11시,일요일,대구광역시 달서구 진천동,부상신고사고,0,0,0,1,차대차 - 기타,안전운전불이행,건조,맑음,교차로 - 교차로부근,이륜,남,16세,부상신고,화물,남,38세,상해없음
2014020900100157,2014년 2월 9일 12시,일요일,대구광역시 달성군 다사읍,경상사고,0,0,2,0,차대차 - 측면직각충돌,안전운전불이행,건조,맑음,교차로 - 교차로부근,화물,남,60세,경상,승용,남,44세,경상
2014020900100196,2014년 2월 9일 14시,일요일,대구광역시 동구 능성동,중상사고,0,1,5,0,차대차 - 추돌 - 주정차중,안전운전불이행,건조,맑음,교차로 - 교차로부근,승합,남,56세,상해없음,승용,남,40세,경상
2014020900100197,2014년 2월 9일 14시,일요일,대구광역시 중구 공평동,중상사고,0,1,0,0,차대사람 - 기타,안전운전불이행,건조,맑음,단일로 - 기타,승용,여,21세,상해없음,보행자,여,48세,중상
2014020900100198,2014년 2월 9일 14시,일요일,대구광역시 중구 삼덕동1가,경상사고,0,0,1,0,차대차 - 추돌 - 주정차중,안전거리미확보,건조,맑음,단일로 - 기타,승용,여,65세,상해없음,승용,남,46세,경상
2014020900100199,2014년 2월 9일 14시,일요일,대구광역시 달서구 두류동,경상사고,0,0,1,0,차대차 - 측면직각충돌,안전운전불이행,건조,맑음,교차로 - 교차로안,기타불명,기타불명,기타불명,기타불명,자전거,남,78세,경상
2014020900100222,2014년 2월 9일 15시,일요일,대구광역시 중구 삼덕동2가,부상신고사고,0,0,0,1,차대차 - 측면직각충돌,중앙선침범,건조,맑음,단일로 - 기타,자전거,남,79세,부상신고,승용,남,34세,상해없음
2014020900100244,2014년 2월 9일 16시,일요일,대구광역시 북구 관음동,중상사고,0,1,0,0,차대차 - 기타,신호위반,건조,맑음,단일로 - 횡단보도상,승용,남,44세,상해없음,자전거,남,47세,중상
2014020900100261,2014년 2월 9일 17시,일요일,대구광역시 달성군 현풍면,경상사고,0,0,1,1,차대차 - 정면충돌,안전운전불이행,건조,맑음,교차로 - 교차로안,이륜,남,65세,부상신고,승용,남,21세,경상
2014020900100262,2014년 2월 9일 17시,일요일,대구광역시 북구 복현동,경상사고,0,0,1,0,차대차 - 기타,안전운전불이행,건조,맑음,단일로 - 기타,승합,남,30세,상해없음,승용,여,32세,경상
2014020900100298,2014년 2월 9일 18시,일요일,대구광역시 동구 신암동,경상사고,0,0,3,0,차대차 - 측면직각충돌,안전운전불이행,건조,맑음,단일로 - 횡단보도상,승용,남,66세,경상,승용,남,51세,경상
2014020900100299,2014년 2월 9일 18시,일요일,대구광역시 서구 원대동1가,경상사고,0,0,1,0,차대차 - 추돌 - 주정차중,안전운전불이행,습기,비,단일로 - 기타,승용,여,32세,상해없음,화물,남,51세,기타불명
2014020900100322,2014년 2월 9일 19시,일요일,대구광역시 수성구 두산동,경상사고,0,0,1,0,차대차 - 기타,안전운전불이행,건조,맑음,기타 - 기타,승용,남,24세,상해없음,자전거,남,14세,경상
2014020900100323,2014년 2월 9일 19시,일요일,대구광역시 중구 하서동,중상사고,0,1,0,0,차대차 - 측면직각충돌,불법유턴,건조,맑음,교차로 - 교차로부근,승용,남,63세,상해없음,승용,남,41세,중상
2014020900100390,2014년 2월 9일 22시,일요일,대구광역시 수성구 지산동,중상사고,0,2,0,0,차대차 - 기타,안전운전불이행,건조,맑음,교차로 - 교차로안,승용,여,58세,상해없음,승용,여,27세,중상
2014021000100016,2014년 2월 10일 01시,월요일,대구광역시 북구 서변동,경상사고,0,0,1,0,차대차 - 측면직각충돌,안전운전불이행,건조,맑음,단일로 - 기타,화물,남,52세,상해없음,승용,남,45세,경상
2014021000100047,2014년 2월 10일 05시,월요일,대구광역시 동구 율하동,경상사고,0,0,1,0,차대사람 - 기타,안전운전불이행,건조,맑음,단일로 - 기타,승용,남,43세,상해없음,보행자,남,31세,경상
2014021000100048,2014년 2월 10일 05시,월요일,대구광역시 북구 고성동2가,중상사고,0,1,1,0,차대차 - 기타,안전거리미확보,건조,맑음,단일로 - 기타,승용,남,66세,기타불명,승용,남,55세,중상
2014021000100066,2014년 2월 10일 06시,월요일,대구광역시 동구 동내동,사망사고,1,0,0,0,차대사람 - 기타,안전운전불이행,건조,맑음,단일로 - 기타,승용,남,53세,상해없음,보행자,여,63세,사망
2014021000100095,2014년 2월 10일 07시,월요일,대구광역시 동구 지저동,경상사고,0,0,1,0,차대차 - 측면직각충돌,안전운전불이행,건조,맑음,단일로 - 횡단보도상,자전거,남,16세,경상,승용,여,34세,상해없음
2014021000100096,2014년 2월 10일 07시,월요일,대구광역시 북구 산격동,경상사고,0,0,1,0,차대차 - 기타,안전운전불이행,건조,맑음,단일로 - 횡단보도상,화물,남,69세,상해없음,자전거,남,48세,경상
2014021000100145,2014년 2월 10일 08시,월요일,대구광역시 남구 대명동,부상신고사고,0,0,0,1,차대사람 - 기타,안전운전불이행,건조,맑음,단일로 - 기타,기타불명,기타불명,기타불명,기타불명,보행자,여,13세,부상신고
2014021000100146,2014년 2월 10일 08시,월요일,대구광역시 동구 용계동,경상사고,0,0,1,0,차대차 - 추돌 - 진행중,안전운전불이행,건조,맑음,단일로 - 기타,승용,여,34세,상해없음,이륜,남,22세,경상
2014021000100147,2014년 2월 10일 08시,월요일,대구광역시 수성구 만촌동,경상사고,0,0,1,0,차대사람 - 기타,안전운전불이행,건조,맑음,단일로 - 기타,승용,여,45세,상해없음,보행자,여,15세,경상
2014021000100148,2014년 2월 10일 08시,월요일,대구광역시 수성구 범어동,경상사고,0,0,1,0,차대차 - 추돌 - 진행중,안전거리미확보,건조,맑음,교차로 - 교차로부근,승용,여,40세,상해없음,승용,여,47세,경상
2014021000100149,2014년 2월 10일 08시,월요일,대구광역시 달서구 용산동,경상사고,0,0,1,0,차대차 - 정면충돌,중앙선침범,건조,흐림,단일로 - 기타,승용,남,39세,상해없음,승용,여,45세,경상
2014021000100177,2014년 2월 10일 09시,월요일,대구광역시 수성구 범물동,경상사고,0,0,2,0,차대차 - 측면직각충돌,안전운전불이행,건조,맑음,교차로 - 교차로안,원동기,남,24세,경상,승합,남,63세,상해없음
2014021000100343,2014년 2월 10일 15시,월요일,대구광역시 동구 입석동,중상사고,0,1,0,0,차대차 - 기타,안전운전불이행,건조,맑음,단일로 - 기타,승합,남,64세,상해없음,자전거,여,56세,중상
2014021000100344,2014년 2월 10일 15시,월요일,대구광역시 북구 구암동,경상사고,0,0,1,0,차대사람 - 기타,안전운전불이행,건조,맑음,단일로 - 기타,승용,여,57세,상해없음,보행자,여,70세,경상
2014021000100395,2014년 2월 10일 17시,월요일,대구광역시 동구 율하동,경상사고,0,0,2,0,차대차 - 추돌 - 진행중,안전운전불이행,건조,맑음,단일로 - 기타,승합,남,50세,상해없음,승용,남,22세,경상
2014021000100440,2014년 2월 10일 18시,월요일,대구광역시 달서구 대곡동,경상사고,0,0,2,0,차대차 - 추돌 - 주정차중,안전운전불이행,건조,맑음,단일로 - 기타,승용,남,69세,상해없음,승용,남,37세,경상
2014021000100441,2014년 2월 10일 18시,월요일,대구광역시 북구 노원동3가,부상신고사고,0,0,0,1,차량단독 - 전도전복,안전운전불이행,건조,맑음,단일로 - 기타,원동기,남,23세,부상신고,,,,
2014021000100442,2014년 2월 10일 18시,월요일,대구광역시 서구 비산동,중상사고,0,1,0,0,차대차 - 측면직각충돌,신호위반,건조,맑음,교차로 - 교차로안,승합,남,36세,상해없음,자전거,남,29세,중상
2014021000100480,2014년 2월 10일 19시,월요일,대구광역시 남구 대명동,경상사고,0,0,4,0,차대차 - 추돌 - 진행중,안전거리미확보,건조,맑음,교차로 - 교차로부근,승용,남,62세,상해없음,승용,남,31세,경상
2014021000100506,2014년 2월 10일 20시,월요일,대구광역시 북구 노곡동,경상사고,0,0,1,0,차대차 - 측면직각충돌,안전운전불이행,건조,맑음,단일로 - 기타,기타불명,기타불명,기타불명,기타불명,승용,남,33세,경상
2014021000100540,2014년 2월 10일 21시,월요일,대구광역시 달서구 용산동,중상사고,0,1,0,0,차대차 - 기타,교차로운행방법위반,건조,흐림,교차로 - 교차로안,승용,남,44세,상해없음,승용,남,54세,중상