사고번호,사고일시,요일,시군구,사고내용,사망자수,중상자수,경상자수,부상신고자수,사고유형,법규위반,노면상태,기상상태,도로형태,가해운전자 차종,가해운전자 성별,가해운전자 연령,가해운전자 상해정도,피해운전자 차종,피해운전자 성별,피해운전자 연령,피해운전자 상해정도
2014021400100349,2014년 2월 14일 17시,금요일,대구광역시 북구 산격동,중상사고,0,1,0,0,차대사람 - 기타,기타,건조,맑음,단일로 - 기타,승용,여,49세,기타불명,보행자,남,43세,중상
2014021400100350,2014년 2월 14일 17시,금요일,대구광역시 중구 동성로2가,부상신고사고,0,0,0,1,차대사람 - 기타,안전운전불이행,건조,기타,단일로 - 기타,승용,여,29세,기타불명,보행자,남,25세,부상신고
2014021400100393,2014년 2월 14일 18시,금요일,대구광역시 수성구 범어동,경상사고,0,0,1,0,차대차 - 기타,안전운전불이행,건조,맑음,교차로 - 교차로안,승용,남,49세,상해없음,자전거,남,17세,경상
2014021400100394,2014년 2월 14일 18시,금요일,대구광역시 수성구 만촌동,경상사고,0,0,3,0,차대차 - 기타,안전거리미확보,건조,맑음,교차로 - 교차로부근,승용,남,67세,상해없음,승용,여,37세,경상
2014021400100443,2014년 2월 14일 19시,금요일,대구광역시 북구 침산동,중상사고,0,1,0,0,차대차 - 기타,차로위반,건조,맑음,교차로 - 교차로부근,승용,남,55세,상해없음,승용,남,33세,중상
2014021400100444,2014년 2월 14일 19시,금요일,대구광역시 북구 복현동,경상사고,0,0,1,0,차대차 - 기타,차로위반,건조,맑음,단일로 - 기타,승용,남,43세,상해없음,승용,남,33세,경상
2014021400100502,2014년 2월 14일 21시,금요일,대구광역시 수성구 두산동,경상사고,0,0,1,0,차대사람 - 기타,안전운전불이행,건조,맑음,단일로 - 기타,기타불명,기타불명,기타불명,기타불명,보행자,남,55세,경상
2014021400100503,2014년 2월 14일 21시,금요일,대구광역시 서구 중리동,중상사고,0,1,0,0,차대사람 - 기타,안전운전불이행,건조,맑음,단일로 - 기타,승용,여,49세,상해없음,보행자,남,72세,중상
2014021400100504,2014년 2월 14일 21시,금요일,대구광역시 서구 비산동,경상사고,0,0,1,0,차대차 - 기타,안전운전불이행,건조,맑음,단일로 - 기타,자전거,남,51세,경상,이륜,남,48세,상해없음
2014021400100505,2014년 2월 14일 21시,금요일,대구광역시 중구 삼덕동2가,경상사고,0,0,2,0,차대차 - 기타,안전거리미확보,건조,맑음,단일로 - 기타,화물,남,40세,상해없음,승용,여,42세,경상
2014021400100539,2014년 2월 14일 22시,금요일,대구광역시 남구 봉덕동,경상사고,0,0,1,0,차대차 - 측면직각충돌,교차로운행방법위반,건조,맑음,교차로 - 교차로안,승용,남,22세,상해없음,승용,남,43세,상해없음
2014021400100540,2014년 2월 14일 22시,금요일,대구광역시 남구 대명동,경상사고,0,0,3,0,차대차 - 기타,차로위반,건조,맑음,교차로 - 교차로부근,승용,남,28세,상해없음,승용,여,50세,경상
2014021400100541,2014년 2월 14일 22시,금요일,대구광역시 동구 입석동,경상사고,0,0,4,0,차대차 - 측면직각충돌,신호위반,건조,맑음,교차로 - 교차로안,승용,남,59세,경상,승용,남,58세,경상
2014021400100542,2014년 2월 14일 22시,금요일,대구광역시 달성군 다사읍,경상사고,0,0,1,0,차대차 - 측면직각충돌,안전운전불이행,건조,맑음,교차로 - 교차로안,승용,남,23세,상해없음,승용,여,28세,경상
2014021400100543,2014년 2월 14일 22시,금요일,대구광역시 달서구 신당동,경상사고,0,0,1,0,차대차 - 추돌 - 진행중,안전거리미확보,건조,맑음,단일로 - 기타,승용,남,25세,상해없음,승용,남,57세,경상
2014021400100578,2014년 2월 14일 23시,금요일,대구광역시 달서구 본리동,경상사고,0,0,1,0,차대차 - 기타,안전운전불이행,건조,맑음,교차로 - 교차로안,승용,남,39세,상해없음,승용,남,64세,경상
2014021400100579,2014년 2월 14일 23시,금요일,대구광역시 북구 구암동,경상사고,0,0,2,0,차대차 - 측면직각충돌,신호위반,건조,맑음,교차로 - 교차로안,승용,남,25세,상해없음,승용,남,71세,경상
2014021500100047,2014년 2월 15일 01시,토요일,대구광역시 수성구 상동,중상사고,0,2,0,0,차대사람 - 횡단중,안전운전불이행,건조,맑음,단일로 - 횡단보도상,승용,남,58세,상해없음,보행자,여,25세,중상
2014021500100109,2014년 2월 15일 05시,토요일,대구광역시 달서구 이곡동,중상사고,0,1,0,0,차대사람 - 횡단중,안전운전불이행,건조,맑음,단일로 - 기타,승용,남,61세,상해없음,보행자,남,73세,중상
2014021500100145,2014년 2월 15일 07시,토요일,대구광역시 달서구 월암동,경상사고,0,0,2,0,차대차 - 측면직각충돌,직진우회전진행방해,건조,맑음,교차로 - 교차로안,승용,남,60세,상해없음,승용,남,60세,경상
2014021500100146,2014년 2월 15일 07시,토요일,대구광역시 서구 중리동,중상사고,0,1,0,0,차대차 - 정면충돌,안전운전불이행,건조,맑음,교차로 - 교차로안,승용,남,40세,상해없음,화물,남,71세,중상
2014021500100197,2014년 2월 15일 09시,토요일,대구광역시 수성구 황금동,경상사고,0,0,1,0,차대차 - 추돌 - 진행중,신호위반,건조,맑음,교차로 - 교차로안,승용,남,39세,상해없음,승용,남,60세,경상
2014021500100215,2014년 2월 15일 10시,토요일,대구광역시 남구 대명동,경상사고,0,0,1,0,차대차 - 추돌 - 주정차중,안전운전불이행,건조,맑음,단일로 - 기타,승합,남,19세,상해없음,승용,남,60세,경상
2014021500100216,2014년 2월 15일 10시,토요일,대구광역시 수성구 범어동,경상사고,0,0,1,0,차대차 - 기타,안전거리미확보,건조,맑음,교차로 - 교차로안,승용,여,49세,상해없음,이륜,남,47세,경상
2014021500100233,2014년 2월 15일 11시,토요일,대구광역시 달서구 대곡동,중상사고,0,1,0,0,차대차 - 측면직각충돌,안전운전불이행,건조,맑음,단일로 - 기타,화물,남,65세,상해없음,원동기,남,80세,중상
2014021500100234,2014년 2월 15일 11시,토요일,대구광역시 북구 복현동,경상사고,0,0,1,0,차대차 - 측면직각충돌,차로위반,건조,맑음,교차로 - 교차로안,승용,남,51세,상해없음,승용,남,31세,경상
2014021500100266,2014년 2월 15일 12시,토요일,대구광역시 북구 복현동,중상사고,0,1,0,0,차대사람 - 횡단중,안전운전불이행,건조,맑음,단일로 - 기타,승합,남,27세,상해없음,보행자,여,87세,중상
2014021500100300,2014년 2월 15일 13시,토요일,대구광역시 달서구 신당동,경상사고,0,0,1,0,차대차 - 기타,안전운전불이행,건조,맑음,단일로 - 기타,승용,남,75세,상해없음,승용,남,51세,상해없음
2014021500100325,2014년 2월 15일 14시,토요일,대구광역시 달서구 본리동,경상사고,0,0,1,0,차대차 - 기타,신호위반,건조,맑음,교차로 - 교차로안,승용,남,48세,상해없음,이륜,남,34세,경상
2014021500100326,2014년 2월 15일 14시,토요일,대구광역시 달서구 감삼동,부상신고사고,0,0,0,1,차대차 - 기타,안전운전불이행,건조,맑음,교차로 - 교차로부근,이륜,남,19세,부상신고,승용,남,58세,상해없음
2014021500100345,2014년 2월 15일 15시,토요일,대구광역시 달성군 화원읍,중상사고,0,1,0,0,차대차 - 측면직각충돌,안전운전불이행,건조,맑음,교차로 - 교차로안,승용,여,46세,상해없음,원동기,남,57세,중상
2014021500100346,2014년 2월 15일 15시,토요일,대구광역시 서구 내당동,경상사고,0,0,3,0,차대차 - 추돌 - 진행중,안전거리미확보,건조,맑음,단일로 - 기타,화물,여,30세,경상,승용,남,32세,경상
2014021500100347,2014년 2월 15일 15시,토요일,대구광역시 서구 내당동,경상사고,0,0,1,0,차대차 - 기타,안전운전불이행,건조,맑음,단일로 - 기타,원동기,남,17세,상해없음,승용,남,28세,상해없음
2014021500100389,2014년 2월 15일 16시,토요일,대구광역시 동구 신암동,경상사고,0,0,1,0,차대차 - 추돌 - 진행중,안전거리미확보,건조,맑음,단일로 - 기타,승합,남,41세,상해없음,승용,여,51세,경상
2014021500100415,2014년 2월 15일 17시,토요일,대구광역시 남구 대명동,중상사고,0,1,1,0,차대차 - 추돌 - 주정차중,안전거리미확보,건조,맑음,단일로 - 기타,승용,여,52세,경상,승용,남,45세,중상
2014021500100416,2014년 2월 15일 17시,토요일,대구광역시 북구 복현동,경상사고,0,0,1,0,차대차 - 기타,안전거리미확보,건조,맑음,단일로 - 기타,화물,남,43세,상해없음,승합,여,32세,경상
2014021500100417,2014년 2월 15일 17시,토요일,대구광역시 서구 내당동,중상사고,0,1,0,0,차대차 - 측면직각충돌,신호위반,건조,맑음,교차로 - 교차로안,승용,남,62세,상해없음,이륜,남,17세,중상
2014021500100453,2014년 2월 15일 18시,토요일,대구광역시 남구 대명동,중상사고,0,1,2,0,차대차 - 추돌 - 주정차중,안전거리미확보,건조,맑음,단일로 - 기타,승용,남,48세,경상,승용,남,30세,중상
2014021500100454,2014년 2월 15일 18시,토요일,대구광역시 동구 방촌동,중상사고,0,1,6,0,차대차 - 측면직각충돌,교차로운행방법위반,건조,맑음,단일로 - 기타,승용,남,58세,경상,승용,남,49세,경상
2014021500100455,2014년 2월 15일 18시,토요일,대구광역시 수성구 만촌동,중상사고,0,1,0,0,차대차 - 추돌 - 주정차중,안전운전불이행,건조,맑음,교차로 - 교차로안,자전거,남,17세,중상,승용,남,50세,상해없음
2014021500100456,2014년 2월 15일 18시,토요일,대구광역시 북구 산격동,중상사고,0,1,0,0,차대사람 - 횡단중,안전운전불이행,건조,맑음,교차로 - 교차로부근,승용,남,40세,상해없음,보행자,여,73세,중상
2014021500100522,2014년 2월 15일 20시,토요일,대구광역시 달서구 월성동,경상사고,0,0,1,0,차대차 - 추돌 - 진행중,신호위반,건조,맑음,교차로 - 교차로안,승용,남,25세,상해없음,원동기,남,19세,경상
2014021500100523,2014년 2월 15일 20시,토요일,대구광역시 달서구 송현동,경상사고,0,0,1,0,차대차 - 추돌 - 진행중,안전거리미확보,건조,맑음,교차로 - 교차로부근,승용,남,33세,상해없음,이륜,남,52세,경상
2014021500100558,2014년 2월 15일 21시,토요일,대구광역시 수성구 범어동,경상사고,0,0,1,0,차대차 - 추돌 - 주정차중,안전운전불이행,건조,맑음,단일로 - 기타,승합,남,62세,상해없음,승용,남,50세,경상
2014021500100581,2014년 2월 15일 22시,토요일,대구광역시 동구 동호동,경상사고,0,0,1,0,차대사람 - 기타,안전운전불이행,건조,맑음,단일로 - 기타,승용,남,45세,상해없음,보행자,남,57세,경상
2014021600100017,2014년 2월 16일 00시,일요일,대구광역시 서구 평리동,중상사고,0,1,0,0,차대사람 - 기타,안전운전불이행,건조,맑음,단일로 - 기타,승용,남,63세,상해없음,보행자,남,48세,중상
2014021600100018,2014년 2월 16일 00시,일요일,대구광역시 달서구 본리동,경상사고,0,0,3,0,차대차 - 기타,신호위반,건조,맑음,교차로 - 교차로안,승용,남,56세,상해없음,승용,남,48세,경상
2014021600100019,2014년 2월 16일 00시,일요일,대구광역시 달서구 용산동,경상사고,0,0,1,0,차대차 - 추돌 - 진행중,안전거리미확보,건조,맑음,교차로 - 교차로부근,승용,남,57세,상해없음,승용,남,55세,경상
2014021600100044,2014년 2월 16일 01시,일요일,대구광역시 수성구 지산동,경상사고,0,0,1,0,차대차 - 측면직각충돌,안전운전불이행,건조,맑음,단일로 - 기타,승용,남,26세,상해없음,승용,여,29세,경상
2014021600100045,2014년 2월 16일 01시,일요일,대구광역시 달서구 월성동,부상신고사고,0,0,0,1,차량단독 - 기타,안전운전불이행,건조,맑음,단일로 - 기타,승용,남,62세,상해없음,,,,
2014021600100070,2014년 2월 16일 02시,일요일,대구광역시 남구 봉덕동,경상사고,0,0,1,0,차대차 - 측면직각충돌,안전거리미확보,건조,맑음,단일로 - 기타,승용,남,16세,상해없음,승용,남,54세,경상
2014021600100071,2014년 2월 16일 02시,일요일,대구광역시 중구 대봉동,경상사고,0,0,1,0,차대차 - 기타,안전거리미확보,건조,맑음,단일로 - 기타,승용,남,25세,상해없음,승용,남,32세,경상
2014021600100086,2014년 2월 16일 03시,일요일,대구광역시 동구 신천동,경상사고,0,0,3,0,차대차 - 측면직각충돌,신호위반,건조,맑음,교차로 - 교차로안,승용,남,24세,상해없음,승용,남,41세,경상
2014021600100087,2014년 2월 16일 03시,일요일,대구광역시 중구 남산동,중상사고,0,1,0,0,차대사람 - 횡단중,안전운전불이행,건조,기타,교차로 - 교차로부근,이륜,남,16세,상해없음,보행자,여,46세,중상
2014021600100123,2014년 2월 16일 06시,일요일,대구광역시 동구 각산동,경상사고,0,0,3,0,차대차 - 기타,교차로운행방법위반,건조,맑음,교차로 - 교차로안,화물,남,38세,상해없음,승용,남,42세,경상
2014021600100131,2014년 2월 16일 07시,일요일,대구광역시 북구 매천동,중상사고,0,1,1,0,차대차 - 측면직각충돌,안전운전불이행,건조,맑음,단일로 - 기타,화물,남,75세,상해없음,승용,남,47세,중상
2014021600100145,2014년 2월 16일 08시,일요일,대구광역시 달성군 가창면,중상사고,0,4,0,0,차대차 - 정면충돌,신호위반,건조,맑음,교차로 - 교차로안,승용,여,60세,상해없음,승용,남,53세,중상
2014021600100171,2014년 2월 16일 10시,일요일,대구광역시 수성구 만촌동,중상사고,0,1,0,0,차대차 - 측면직각충돌,안전운전불이행,건조,맑음,교차로 - 교차로부근,이륜,남,14세,중상,승용,남,67세,상해없음
2014021600100172,2014년 2월 16일 10시,일요일,대구광역시 수성구 만촌동,중상사고,0,1,2,0,차대차 - 측면직각충돌,중앙선침범,건조,맑음,교차로 - 교차로부근,승용,남,22세,중상,승용,남,44세,경상
2014021600100173,2014년 2월 16일 10시,일요일,대구광역시 북구 관음동,경상사고,0,0,1,0,차대차 - 추돌 - 진행중,안전운전불이행,건조,맑음,교차로 - 교차로부근,승용,남,29세,상해없음,승용,남,46세,경상
2014021600100253,2014년 2월 16일 14시,일요일,대구광역시 수성구 욱수동,경상사고,0,0,1,0,차대사람 - 기타,기타,건조,맑음,단일로 - 기타,승용,남,66세,상해없음,보행자,남,61세,경상
2014021600100254,2014년 2월 16일 14시,일요일,대구광역시 달서구 호림동,경상사고,0,0,2,0,차대차 - 추돌 - 진행중,안전운전불이행,건조,맑음,단일로 - 기타,화물,남,45세,상해없음,승용,남,27세,경상
2014021600100265,2014년 2월 16일 15시,일요일,대구광역시 동구 신용동,경상사고,0,0,1,0,차대차 - 추돌 - 주정차중,안전운전불이행,건조,맑음,단일로 - 기타,승용,여,33세,상해없음,승용,남,32세,경상
2014021600100266,2014년 2월 16일 15시,일요일,대구광역시 서구 중리동,중상사고,0,1,0,0,차대사람 - 횡단중,안전운전불이행,건조,맑음,단일로 - 횡단보도상,승용,남,27세,상해없음,보행자,여,60세,중상
2014021600100313,2014년 2월 16일 17시,일요일,대구광역시 동구 각산동,중상사고,0,1,0,0,차대사람 - 기타,안전운전불이행,건조,맑음,교차로 - 교차로안,승용,남,41세,상해없음,보행자,여,75세,중상
2014021600100314,2014년 2월 16일 17시,일요일,대구광역시 수성구 상동,중상사고,0,1,2,0,차대차 - 기타,교차로운행방법위반,건조,맑음,교차로 - 교차로안,승용,남,51세,상해없음,화물,남,32세,경상
2014021600100346,2014년 2월 16일 18시,일요일,대구광역시 북구 대현동,경상사고,0,0,1,0,차대차 - 기타,안전운전불이행,건조,맑음,교차로 - 교차로부근,승용,남,61세,상해없음,승용,남,50세,상해없음
2014021600100347,2014년 2월 16일 18시,일요일,대구광역시 서구 원대동1가,경상사고,0,0,1,0,차대차 - 측면직각충돌,교차로운행방법위반,건조,맑음,교차로 - 교차로안,승용,남,60세,상해없음,이륜,남,17세,경상
2014021600100376,2014년 2월 16일 19시,일요일,대구광역시 달서구 송현동,경상사고,0,0,1,0,차대사람 - 횡단중,안전운전불이행,건조,맑음,단일로 - 기타,승용,남,52세,상해없음,보행자,여,57세,경상
2014021600100377,2014년 2월 16일 19시,일요일,대구광역시 서구 평리동,경상사고,0,0,4,0,차대차 - 기타,안전운전불이행,건조,맑음,단일로 - 기타,화물,남,54세,상해없음,승용,남,52세,경상
2014021700100015,2014년 2월 17일 01시,월요일,대구광역시 동구 율하동,중상사고,0,1,1,0,차대차 - 추돌 - 주정차중,안전운전불이행,건조,맑음,단일로 - 기타,승용,여,42세,상해없음,승용,여,55세,중상
2014021700100016,2014년 2월 17일 01시,월요일,대구광역시 중구 봉산동,경상사고,0,0,1,0,차대차 - 기타,안전거리미확보,건조,맑음,단일로 - 기타,승용,남,44세,상해없음,이륜,남,32세,경상
2014021700100038,2014년 2월 17일 05시,월요일,대구광역시 달서구 상인동,중상사고,0,1,0,0,차대차 - 측면직각충돌,안전거리미확보,건조,맑음,단일로 - 기타,원동기,남,67세,중상,승용,남,72세,상해없음
2014021700100039,2014년 2월 17일 05시,월요일,대구광역시 북구 동천동,경상사고,0,0,1,1,차대차 - 측면직각충돌,직진우회전진행방해,건조,맑음,교차로 - 교차로안,승용,남,52세,부상신고,승용,남,30세,경상
2014021700100065,2014년 2월 17일 07시,월요일,대구광역시 수성구 범어동,경상사고,0,0,1,0,차대차 - 측면직각충돌,안전운전불이행,건조,맑음,기타 - 기타,승용,여,34세,상해없음,승용,여,43세,경상
2014021700100066,2014년 2월 17일 07시,월요일,대구광역시 서구 비산동,경상사고,0,0,5,0,차대차 - 추돌 - 주정차중,안전거리미확보,건조,맑음,단일로 - 기타,승용,남,75세,기타불명,승용,남,53세,경상
2014021700100093,2014년 2월 17일 08시,월요일,대구광역시 달성군 구지면,중상사고,0,3,1,0,차대차 - 기타,안전운전불이행,건조,맑음,단일로 - 기타,승용,남,69세,상해없음,화물,남,38세,상해없음
2014021700100114,2014년 2월 17일 09시,월요일,대구광역시 북구 노원동1가,경상사고,0,0,1,0,차대차 - 측면직각충돌,신호위반,건조,맑음,단일로 - 횡단보도상,승용,남,42세,상해없음,원동기,남,43세,경상
2014021700100143,2014년 2월 17일 10시,월요일,대구광역시 동구 검사동,경상사고,0,0,1,0,차대차 - 측면직각충돌,안전운전불이행,건조,맑음,단일로 - 기타,화물,남,55세,상해없음,자전거,남,78세,경상
2014021700100161,2014년 2월 17일 11시,월요일,대구광역시 동구 신암동,부상신고사고,0,0,0,1,차대차 - 측면직각충돌,안전운전불이행,건조,맑음,교차로 - 교차로부근,원동기,남,79세,부상신고,승용,여,67세,상해없음
2014021700100162,2014년 2월 17일 11시,월요일,대구광역시 중구 전동,경상사고,0,0,1,0,차대사람 - 기타,안전운전불이행,건조,맑음,단일로 - 기타,이륜,남,55세,상해없음,보행자,남,44세,경상
2014021700100163,2014년 2월 17일 11시,월요일,대구광역시 북구 서변동,사망사고,1,0,0,0,차대차 - 측면직각충돌,안전운전불이행,건조,맑음,단일로 - 기타,건설기계,남,60세,상해없음,자전거,남,70세,사망
2014021700100186,2014년 2월 17일 12시,월요일,대구광역시 북구 구암동,중상사고,0,1,0,1,차대차 - 측면직각충돌,직진우회전진행방해,건조,맑음,교차로 - 교차로안,승용,여,56세,부상신고,승용,남,39세,중상
2014021700100212,2014년 2월 17일 13시,월요일,대구광역시 남구 대명동,경상사고,0,0,1,0,차대사람 - 길가장자리구역통행중,안전운전불이행,건조,맑음,단일로 - 기타,화물,남,30세,상해없음,보행자,남,15세,경상
2014021700100213,2014년 2월 17일 13시,월요일,대구광역시 북구 고성동1가,중상사고,0,1,0,0,차대차 - 기타,신호위반,건조,맑음,교차로 - 교차로안,화물,남,61세,상해없음,이륜,남,82세,중상
2014021700100258,2014년 2월 17일 15시,월요일,대구광역시 달성군 다사읍,경상사고,0,0,1,0,차대차 - 측면직각충돌,안전운전불이행,건조,맑음,단일로 - 기타,화물,남,29세,상해없음,승용,여,28세,경상
2014021700100259,2014년 2월 17일 15시,월요일,대구광역시 북구 국우동,중상사고,0,1,0,0,차대사람 - 길가장자리구역통행중,안전운전불이행,건조,맑음,교차로 - 교차로안,화물,남,42세,상해없음,보행자,여,50세,중상
2014021700100260,2014년 2월 17일 15시,월요일,대구광역시 북구 서변동,경상사고,0,0,1,0,차대사람 - 횡단중,보행자보호의무위반,건조,맑음,교차로 - 교차로안,화물,남,62세,상해없음,보행자,여,77세,경상
2014021700100283,2014년 2월 17일 16시,월요일,대구광역시 북구 태전동,중상사고,0,1,0,0,차대사람 - 횡단중,보행자보호의무위반,습기,비,교차로 - 교차로부근,승용,여,64세,상해없음,보행자,여,40세,중상
2014021700100319,2014년 2월 17일 17시,월요일,대구광역시 동구 봉무동,경상사고,0,0,1,0,차대차 - 추돌 - 진행중,안전운전불이행,습기,맑음,단일로 - 기타,승용,여,59세,상해없음,승용,남,74세,경상
2014021700100357,2014년 2월 17일 18시,월요일,대구광역시 동구 효목동,중상사고,0,1,0,0,차대사람 - 횡단중,보행자보호의무위반,습기,비,교차로 - 교차로부근,화물,남,53세,상해없음,보행자,여,72세,중상
2014021700100358,2014년 2월 17일 18시,월요일,대구광역시 동구 신천동,중상사고,0,1,0,0,차대차 - 기타,교차로운행방법위반,습기,맑음,교차로 - 교차로안,승용,여,58세,상해없음,이륜,남,59세,중상
2014021700100359,2014년 2월 17일 18시,월요일,대구광역시 동구 불로동,경상사고,0,0,1,0,차대차 - 기타,신호위반,건조,맑음,교차로 - 교차로안,승용,기타불명,기타불명,기타불명,승용,여,34세,경상
2014021700100360,2014년 2월 17일 18시,월요일,대구광역시 수성구 신매동,경상사고,0,0,1,0,차대사람 - 기타,안전운전불이행,습기,비,교차로 - 교차로부근,승용,여,45세,상해없음,보행자,여,72세,경상
2014021700100361,2014년 2월 17일 18시,월요일,대구광역시 북구 칠성동2가,경상사고,0,0,1,0,차대차 - 추돌 - 주정차중,안전운전불이행,습기,비,단일로 - 기타,화물,남,54세,상해없음,승용,여,47세,경상
2014021700100362,2014년 2월 17일 18시,월요일,대구광역시 중구 남산동,경상사고,0,0,1,0,차대차 - 측면직각충돌,안전운전불이행,습기,비,단일로 - 기타,승용,남,56세,상해없음,승용,남,33세,경상
2014021700100363,2014년 2월 17일 18시,월요일,대구광역시 중구 봉산동,경상사고,0,0,1,0,차대차 - 측면직각충돌,안전거리미확보,건조,맑음,단일로 - 기타,승용,남,45세,기타불명,승용,남,42세,경상
2014021700100364,2014년 2월 17일 18시,월요일,대구광역시 달서구 이곡동,경상사고,0,0,1,0,차대사람 - 보도통행중,보행자보호의무위반,습기,비,단일로 - 기타,승용,남,55세,상해없음,보행자,여,14세,경상
2014021700100365,2014년 2월 17일 18시,월요일,대구광역시 북구 구암동,경상사고,0,0,1,0,차대차 - 측면직각충돌,교차로운행방법위반,습기,비,교차로 - 교차로안,승용,여,37세,상해없음,이륜,남,19세,경상
2014021700100395,2014년 2월 17일 19시,월요일,대구광역시 수성구 파동,사망사고,1,0,0,0,차대사람 - 횡단중,안전운전불이행,습기,비,단일로 - 횡단보도상,특수,남,50세,상해없음,보행자,남,55세,사망
2014021700100396,2014년 2월 17일 19시,월요일,대구광역시 중구 대신동,중상사고,0,1,0,0,차대사람 - 차도통행중,신호위반,습기,비,단일로 - 기타,승용,여,40세,상해없음,보행자,여,20세,중상
2014021700100397,2014년 2월 17일 19시,월요일,대구광역시 북구 구암동,중상사고,0,2,7,0,차대차 - 추돌 - 주정차중,안전운전불이행,습기,비,교차로 - 교차로안,승용,남,44세,상해없음,승용,여,41세,경상
2014021700100430,2014년 2월 17일 20시,월요일,대구광역시 남구 대명동,경상사고,0,0,3,0,차대차 - 추돌 - 진행중,안전거리미확보,습기,비,단일로 - 기타,승용,남,29세,상해없음,승용,남,46세,경상
2014021700100431,2014년 2월 17일 20시,월요일,대구광역시 수성구 지산동,중상사고,0,1,0,0,차대사람 - 횡단중,안전운전불이행,습기,비,교차로 - 교차로안,승용,남,37세,상해없음,보행자,남,43세,중상
2014021700100432,2014년 2월 17일 20시,월요일,대구광역시 달서구 도원동,경상사고,0,0,1,0,차대차 - 기타,안전운전불이행,습기,비,단일로 - 횡단보도상,승용,기타불명,기타불명,기타불명,이륜,남,41세,경상
2014021700100433,2014년 2월 17일 20시,월요일,대구광역시 달서구 진천동,경상사고,0,0,1,0,차대차 - 기타,안전거리미확보,습기,비,단일로 - 기타,승용,남,55세,상해없음,원동기,남,21세,경상
2014021700100434,2014년 2월 17일 20시,월요일,대구광역시 달성군 화원읍,중상사고,0,1,1,0,차대사람 - 횡단중,신호위반,습기,비,교차로 - 교차로안,이륜,남,19세,상해없음,보행자,여,53세,중상
2014021700100435,2014년 2월 17일 20시,월요일,대구광역시 달성군 화원읍,경상사고,0,0,1,0,차대차 - 기타,안전운전불이행,건조,맑음,미분류 - 미분류,승용,남,43세,상해없음,승용,여,27세,경상
2014021700100436,2014년 2월 17일 20시,월요일,대구광역시 서구 중리동,중상사고,0,1,2,0,차대차 - 기타,안전거리미확보,건조,맑음,단일로 - 기타,승용,남,68세,상해없음,승용,남,61세,경상
2014021700100437,2014년 2월 17일 20시,월요일,대구광역시 서구 중리동,중상사고,0,1,0,0,차대사람 - 횡단중,보행자보호의무위반,습기,비,교차로 - 교차로안,승용,여,50세,상해없음,보행자,남,50세,중상
2014021700100466,2014년 2월 17일 21시,월요일,대구광역시 남구 대명동,중상사고,0,2,0,0,차대차 - 기타,신호위반,습기,비,교차로 - 교차로부근,원동기,남,16세,중상,승용,여,35세,상해없음
2014021700100467,2014년 2월 17일 21시,월요일,대구광역시 남구 대명동,중상사고,0,2,0,0,차대차 - 기타,중앙선침범,습기,비,교차로 - 교차로부근,승용,여,35세,상해없음,원동기,남,16세,중상
2014021700100468,2014년 2월 17일 21시,월요일,대구광역시 북구 칠성동1가,경상사고,0,0,2,0,차대차 - 기타,신호위반,건조,맑음,교차로 - 교차로안,승용,남,25세,상해없음,승용,남,29세,경상
2014021700100493,2014년 2월 17일 22시,월요일,대구광역시 서구 중리동,경상사고,0,0,3,0,차대차 - 기타,교차로운행방법위반,건조,맑음,교차로 - 교차로안,승용,남,61세,상해없음,승용,남,31세,상해없음
2014021700100515,2014년 2월 17일 23시,월요일,대구광역시 동구 신암동,중상사고,0,1,0,0,차대차 - 기타,안전운전불이행,건조,맑음,교차로 - 교차로안,승용,남,38세,상해없음,승용,여,37세,중상
2014021700100516,2014년 2월 17일 23시,월요일,대구광역시 달서구 이곡동,중상사고,0,1,1,0,차대차 - 측면직각충돌,안전운전불이행,습기,비,교차로 - 교차로부근,승용,남,55세,상해없음,승용,남,48세,경상
2014021800100025,2014년 2월 18일 01시,화요일,대구광역시 서구 비산동,중상사고,0,1,0,0,차대차 - 기타,안전거리미확보,건조,맑음,교차로 - 교차로안,화물,남,45세,상해없음,승용,남,59세,상해없음
2014021800100047,2014년 2월 18일 03시,화요일,대구광역시 달성군 화원읍,중상사고,0,1,1,1,차대차 - 측면직각충돌,안전운전불이행,건조,맑음,교차로 - 교차로안,승용,남,25세,부상신고,화물,남,44세,경상
2014021800100049,2014년 2월 18일 04시,화요일,대구광역시 남구 대명동,경상사고,0,0,1,0,차대차 - 추돌 - 주정차중,안전운전불이행,건조,맑음,교차로 - 교차로부근,승용,남,54세,상해없음,승용,남,55세,경상
2014021800100050,2014년 2월 18일 04시,화요일,대구광역시 북구 복현동,경상사고,0,0,1,0,차대사람 - 기타,안전운전불이행,건조,맑음,교차로 - 교차로안,승용,남,53세,상해없음,보행자,남,27세,경상
2014021800100069,2014년 2월 18일 06시,화요일,대구광역시 남구 봉덕동,경상사고,0,0,1,0,차대차 - 측면직각충돌,안전운전불이행,건조,맑음,단일로 - 기타,승용,남,39세,상해없음,자전거,남,48세,경상
2014021800100070,2014년 2월 18일 06시,화요일,대구광역시 달서구 이곡동,경상사고,0,0,2,0,차대차 - 추돌 - 진행중,안전운전불이행,건조,맑음,단일로 - 기타,승용,남,69세,상해없음,특수,남,44세,상해없음