사고번호,사고일시,요일,시군구,사고내용,사망자수,중상자수,경상자수,부상신고자수,사고유형,법규위반,노면상태,기상상태,도로형태,가해운전자 차종,가해운전자 성별,가해운전자 연령,가해운전자 상해정도,피해운전자 차종,피해운전자 성별,피해운전자 연령,피해운전자 상해정도
2014022200100027,2014년 2월 22일 00시,토요일,대구광역시 달서구 성당동,경상사고,0,0,2,0,차대차 - 추돌 - 주정차중,안전운전불이행,건조,맑음,교차로 - 교차로부근,승용,남,62세,상해없음,승용,남,47세,경상
2014022200100059,2014년 2월 22일 02시,토요일,대구광역시 남구 대명동,경상사고,0,0,1,0,차대차 - 측면직각충돌,안전거리미확보,건조,맑음,교차로 - 교차로부근,승용,남,58세,상해없음,승용,남,56세,경상
2014022200100060,2014년 2월 22일 02시,토요일,대구광역시 달서구 본리동,경상사고,0,0,2,0,차대차 - 추돌 - 주정차중,안전운전불이행,건조,맑음,단일로 - 기타,승용,남,49세,상해없음,승용,남,64세,경상
2014022200100072,2014년 2월 22일 03시,토요일,대구광역시 남구 대명동,경상사고,0,0,2,0,차대차 - 정면충돌,안전운전불이행,건조,맑음,교차로 - 교차로안,승용,남,27세,기타불명,승용,남,35세,경상
2014022200100073,2014년 2월 22일 03시,토요일,대구광역시 북구 대현동,경상사고,0,0,1,0,차대사람 - 기타,안전운전불이행,건조,맑음,단일로 - 기타,승용,남,35세,상해없음,보행자,남,35세,경상
2014022200100074,2014년 2월 22일 03시,토요일,대구광역시 서구 비산동,중상사고,0,1,0,0,차대차 - 측면직각충돌,신호위반,건조,맑음,단일로 - 횡단보도부근,승용,남,28세,상해없음,승용,여,56세,중상
2014022200100075,2014년 2월 22일 03시,토요일,대구광역시 달서구 갈산동,경상사고,0,0,2,0,차대차 - 추돌 - 주정차중,안전거리미확보,건조,맑음,단일로 - 횡단보도부근,승용,남,34세,상해없음,승용,남,56세,경상
2014022200100084,2014년 2월 22일 04시,토요일,대구광역시 달성군 현풍면,경상사고,0,0,1,0,차대차 - 기타,안전운전불이행,건조,맑음,교차로 - 교차로부근,승용,남,40세,상해없음,승용,남,38세,경상
2014022200100135,2014년 2월 22일 07시,토요일,대구광역시 북구 동변동,중상사고,0,1,0,0,차대차 - 추돌 - 진행중,교차로운행방법위반,건조,맑음,교차로 - 교차로안,승용,남,35세,상해없음,이륜,남,17세,중상
2014022200100147,2014년 2월 22일 08시,토요일,대구광역시 북구 고성동1가,경상사고,0,0,1,0,차대차 - 기타,신호위반,건조,맑음,교차로 - 교차로안,승용,남,31세,상해없음,승용,남,54세,경상
2014022200100148,2014년 2월 22일 08시,토요일,대구광역시 북구 동천동,중상사고,0,1,0,0,차대사람 - 기타,안전운전불이행,건조,맑음,단일로 - 기타,승용,남,40세,상해없음,보행자,남,31세,중상
2014022200100187,2014년 2월 22일 10시,토요일,대구광역시 수성구 상동,경상사고,0,0,2,0,차대차 - 기타,교차로운행방법위반,건조,맑음,교차로 - 교차로안,승용,여,46세,경상,승용,남,44세,경상
2014022200100227,2014년 2월 22일 12시,토요일,대구광역시 동구 효목동,경상사고,0,0,3,0,차대차 - 추돌 - 주정차중,안전거리미확보,건조,맑음,교차로 - 교차로부근,승용,남,61세,상해없음,승용,남,44세,경상
2014022200100228,2014년 2월 22일 12시,토요일,대구광역시 달성군 다사읍,경상사고,0,0,1,0,차대차 - 측면직각충돌,직진우회전진행방해,건조,맑음,교차로 - 교차로안,화물,남,42세,상해없음,이륜,남,39세,경상
2014022200100254,2014년 2월 22일 13시,토요일,대구광역시 동구 신암동,중상사고,0,1,2,0,차대차 - 측면직각충돌,안전거리미확보,건조,맑음,단일로 - 기타,승용,여,55세,상해없음,승용,여,25세,중상
2014022200100255,2014년 2월 22일 13시,토요일,대구광역시 수성구 수성동2가,경상사고,0,0,1,0,차대차 - 추돌 - 진행중,안전거리미확보,건조,맑음,단일로 - 교량,승용,남,60세,상해없음,승용,여,52세,경상
2014022200100283,2014년 2월 22일 14시,토요일,대구광역시 남구 대명동,경상사고,0,0,1,0,차대사람 - 차도통행중,안전운전불이행,건조,맑음,단일로 - 기타,화물,남,30세,상해없음,보행자,남,33세,경상
2014022200100284,2014년 2월 22일 14시,토요일,대구광역시 동구 대림동,경상사고,0,0,1,0,차대차 - 추돌 - 주정차중,안전운전불이행,건조,맑음,단일로 - 기타,승용,남,72세,상해없음,승용,남,30세,경상
2014022200100285,2014년 2월 22일 14시,토요일,대구광역시 서구 비산동,경상사고,0,0,1,0,차대차 - 기타,안전운전불이행,건조,맑음,단일로 - 기타,화물,남,40세,상해없음,자전거,남,51세,경상
2014022200100307,2014년 2월 22일 15시,토요일,대구광역시 남구 대명동,중상사고,0,1,0,0,차대사람 - 횡단중,보행자보호의무위반,건조,맑음,단일로 - 기타,원동기,기타불명,기타불명,기타불명,보행자,여,73세,중상
2014022200100308,2014년 2월 22일 15시,토요일,대구광역시 동구 효목동,경상사고,0,0,2,0,차대차 - 측면직각충돌,신호위반,건조,맑음,교차로 - 교차로안,승용,여,46세,상해없음,승용,남,61세,경상
2014022200100309,2014년 2월 22일 15시,토요일,대구광역시 동구 신천동,경상사고,0,0,1,0,차대차 - 기타,중앙선침범,건조,맑음,교차로 - 교차로부근,승용,남,34세,상해없음,이륜,남,33세,경상
2014022200100310,2014년 2월 22일 15시,토요일,대구광역시 서구 비산동,중상사고,0,1,3,0,차대차 - 측면직각충돌,불법유턴,건조,맑음,단일로 - 기타,승용,여,38세,경상,승용,남,62세,중상
2014022200100311,2014년 2월 22일 15시,토요일,대구광역시 달서구 본리동,경상사고,0,0,1,0,차대사람 - 차도통행중,안전운전불이행,건조,맑음,단일로 - 기타,승용,남,78세,상해없음,보행자,남,28세,경상
2014022200100333,2014년 2월 22일 16시,토요일,대구광역시 달서구 본리동,경상사고,0,0,2,1,차량단독 - 기타,안전운전불이행,건조,맑음,단일로 - 기타,승용,남,63세,상해없음,,,,
2014022200100356,2014년 2월 22일 17시,토요일,대구광역시 동구 신천동,경상사고,0,0,2,0,차대차 - 측면직각충돌,안전거리미확보,건조,맑음,단일로 - 기타,승용,남,36세,상해없음,승용,남,53세,상해없음
2014022200100357,2014년 2월 22일 17시,토요일,대구광역시 중구 남산동,중상사고,0,1,0,0,차대차 - 측면직각충돌,안전거리미확보,건조,맑음,단일로 - 기타,승용,남,54세,상해없음,원동기,남,46세,중상
2014022200100386,2014년 2월 22일 18시,토요일,대구광역시 동구 각산동,중상사고,0,1,0,0,차대사람 - 기타,안전운전불이행,건조,맑음,단일로 - 기타,승용,여,53세,상해없음,보행자,남,64세,중상
2014022200100387,2014년 2월 22일 18시,토요일,대구광역시 북구 침산동,경상사고,0,0,1,0,차대사람 - 보도통행중,안전운전불이행,건조,맑음,교차로 - 교차로부근,승용,여,30세,상해없음,보행자,남,52세,경상
2014022200100418,2014년 2월 22일 19시,토요일,대구광역시 남구 대명동,경상사고,0,0,2,0,차대차 - 기타,교차로운행방법위반,건조,맑음,교차로 - 교차로안,승용,여,20세,상해없음,승용,남,59세,경상
2014022200100419,2014년 2월 22일 19시,토요일,대구광역시 달성군 옥포면,경상사고,0,0,2,0,차량단독 - 도로외이탈 - 추락,안전운전불이행,건조,맑음,단일로 - 기타,승용,남,63세,상해없음,,,,
2014022200100420,2014년 2월 22일 19시,토요일,대구광역시 북구 동천동,경상사고,0,0,1,0,차대차 - 측면직각충돌,안전운전불이행,건조,맑음,단일로 - 기타,승용,남,47세,상해없음,승용,남,44세,경상
2014022200100448,2014년 2월 22일 20시,토요일,대구광역시 달서구 송현동,경상사고,0,0,1,0,차대차 - 측면직각충돌,직진우회전진행방해,건조,맑음,교차로 - 교차로안,승용,남,62세,상해없음,이륜,남,19세,경상
2014022200100449,2014년 2월 22일 20시,토요일,대구광역시 달서구 대곡동,경상사고,0,0,4,0,차대차 - 측면직각충돌,안전운전불이행,건조,맑음,교차로 - 교차로안,승용,여,45세,경상,승용,남,23세,경상
2014022200100450,2014년 2월 22일 20시,토요일,대구광역시 서구 평리동,경상사고,0,0,1,0,차대차 - 기타,안전거리미확보,건조,맑음,단일로 - 기타,원동기,남,16세,상해없음,원동기,남,17세,경상
2014022200100478,2014년 2월 22일 21시,토요일,대구광역시 달서구 대천동,중상사고,0,1,0,0,차대사람 - 기타,안전운전불이행,건조,맑음,기타 - 기타,승용,남,55세,상해없음,보행자,여,2세,중상
2014022200100479,2014년 2월 22일 21시,토요일,대구광역시 달서구 용산동,경상사고,0,0,1,0,차대차 - 추돌 - 주정차중,안전운전불이행,건조,맑음,교차로 - 교차로부근,승용,남,22세,상해없음,승용,남,53세,경상
2014022200100507,2014년 2월 22일 22시,토요일,대구광역시 달서구 본동,경상사고,0,0,1,0,차대차 - 기타,교차로운행방법위반,건조,맑음,교차로 - 교차로안,승용,남,25세,상해없음,이륜,남,21세,경상
2014022200100538,2014년 2월 22일 23시,토요일,대구광역시 달서구 감삼동,경상사고,0,0,3,0,차대차 - 추돌 - 진행중,안전거리미확보,건조,맑음,단일로 - 기타,승용,남,54세,상해없음,승용,남,50세,상해없음
2014022300100014,2014년 2월 23일 00시,일요일,대구광역시 달서구 진천동,경상사고,0,0,1,0,차대차 - 측면직각충돌,안전운전불이행,건조,맑음,단일로 - 기타,승용,남,43세,상해없음,이륜,남,52세,경상
2014022300100029,2014년 2월 23일 01시,일요일,대구광역시 동구 검사동,중상사고,0,2,1,0,차대차 - 측면직각충돌,신호위반,건조,맑음,교차로 - 교차로안,승용,남,57세,상해없음,승용,남,18세,중상
2014022300100030,2014년 2월 23일 01시,일요일,대구광역시 달서구 상인동,사망사고,1,3,0,0,차대차 - 측면직각충돌,신호위반,건조,맑음,교차로 - 교차로안,원동기,남,17세,사망,승용,남,53세,상해없음
2014022300100031,2014년 2월 23일 01시,일요일,대구광역시 중구 동성로3가,경상사고,0,0,1,0,차대사람 - 기타,안전운전불이행,건조,맑음,단일로 - 기타,승용,남,19세,상해없음,보행자,남,21세,경상
2014022300100049,2014년 2월 23일 02시,일요일,대구광역시 수성구 상동,경상사고,0,0,2,0,차대차 - 추돌 - 진행중,안전운전불이행,건조,맑음,교차로 - 교차로부근,승용,남,43세,상해없음,승용,여,61세,경상
2014022300100061,2014년 2월 23일 03시,일요일,대구광역시 수성구 황금동,중상사고,0,1,0,1,차량단독 - 기타,안전운전불이행,건조,맑음,단일로 - 기타,원동기,남,16세,부상신고,,,,
2014022300100070,2014년 2월 23일 04시,일요일,대구광역시 수성구 황금동,경상사고,0,0,1,0,차대차 - 추돌 - 주정차중,안전운전불이행,건조,맑음,교차로 - 교차로부근,승용,남,37세,상해없음,승용,남,50세,경상
2014022300100094,2014년 2월 23일 06시,일요일,대구광역시 수성구 연호동,중상사고,0,1,0,0,차대차 - 기타,안전운전불이행,건조,맑음,교차로 - 교차로부근,승합,남,64세,상해없음,화물,남,53세,중상
2014022300100095,2014년 2월 23일 06시,일요일,대구광역시 북구 노원동3가,경상사고,0,0,1,0,차대차 - 기타,교차로운행방법위반,건조,맑음,교차로 - 교차로안,승합,남,55세,상해없음,승용,여,46세,경상
2014022300100104,2014년 2월 23일 07시,일요일,대구광역시 중구 남산동,부상신고사고,0,0,0,1,차대차 - 측면직각충돌,교차로운행방법위반,건조,맑음,교차로 - 교차로안,원동기,여,54세,부상신고,원동기,남,69세,상해없음
2014022300100113,2014년 2월 23일 08시,일요일,대구광역시 남구 대명동,중상사고,0,2,1,0,차대차 - 기타,교차로운행방법위반,건조,맑음,단일로 - 기타,승용,남,43세,중상,승용,남,63세,상해없음
2014022300100124,2014년 2월 23일 09시,일요일,대구광역시 수성구 만촌동,경상사고,0,0,1,0,차대차 - 측면직각충돌,직진우회전진행방해,건조,맑음,교차로 - 교차로안,승용,남,45세,상해없음,승용,여,54세,경상
2014022300100125,2014년 2월 23일 09시,일요일,대구광역시 달서구 성당동,경상사고,0,0,1,0,차대차 - 추돌 - 진행중,안전운전불이행,건조,맑음,단일로 - 기타,승용,여,37세,상해없음,승용,여,34세,경상
2014022300100126,2014년 2월 23일 09시,일요일,대구광역시 달서구 용산동,경상사고,0,0,1,2,차대차 - 추돌 - 진행중,안전거리미확보,건조,맑음,교차로 - 교차로안,승용,남,54세,상해없음,승용,남,32세,경상
2014022300100155,2014년 2월 23일 11시,일요일,대구광역시 중구 남산동,중상사고,0,1,0,0,차량단독 - 기타,기타,건조,맑음,단일로 - 기타,승합,남,46세,상해없음,,,,
2014022300100171,2014년 2월 23일 12시,일요일,대구광역시 달서구 이곡동,경상사고,0,0,1,0,차대사람 - 기타,안전운전불이행,건조,맑음,단일로 - 기타,승용,남,54세,상해없음,보행자,남,28세,경상
2014022300100221,2014년 2월 23일 15시,일요일,대구광역시 달서구 도원동,중상사고,0,1,0,0,차대차 - 기타,신호위반,건조,맑음,단일로 - 횡단보도상,승용,남,40세,상해없음,이륜,남,20세,중상
2014022300100222,2014년 2월 23일 15시,일요일,대구광역시 달서구 상인동,중상사고,0,1,0,0,차대사람 - 기타,안전운전불이행,건조,맑음,단일로 - 기타,승용,남,23세,상해없음,보행자,여,40세,중상
2014022300100223,2014년 2월 23일 15시,일요일,대구광역시 달서구 감삼동,경상사고,0,0,2,0,차대차 - 측면직각충돌,교차로운행방법위반,건조,맑음,교차로 - 교차로안,승용,남,65세,상해없음,승용,남,22세,상해없음
2014022300100245,2014년 2월 23일 16시,일요일,대구광역시 달성군 현풍면,경상사고,0,0,2,0,차대차 - 기타,안전운전불이행,건조,맑음,단일로 - 기타,승용,여,52세,상해없음,승용,여,59세,경상
2014022300100268,2014년 2월 23일 17시,일요일,대구광역시 동구 효목동,중상사고,0,1,0,0,차대사람 - 기타,안전운전불이행,건조,맑음,기타 - 기타,승용,남,15세,상해없음,보행자,남,15세,중상
2014022300100290,2014년 2월 23일 18시,일요일,대구광역시 동구 각산동,중상사고,0,1,0,0,차대사람 - 횡단중,보행자보호의무위반,건조,맑음,교차로 - 교차로안,이륜,남,51세,상해없음,보행자,여,69세,중상
2014022300100291,2014년 2월 23일 18시,일요일,대구광역시 달서구 신당동,경상사고,0,0,1,0,차대차 - 측면직각충돌,안전운전불이행,건조,맑음,교차로 - 교차로안,승용,남,50세,경상,승용,남,49세,상해없음
2014022300100316,2014년 2월 23일 19시,일요일,대구광역시 북구 노원동1가,중상사고,0,1,0,0,차대차 - 측면직각충돌,교차로운행방법위반,건조,맑음,교차로 - 교차로안,화물,남,47세,상해없음,이륜,남,19세,중상
2014022300100317,2014년 2월 23일 19시,일요일,대구광역시 북구 칠성동2가,경상사고,0,0,3,0,차대차 - 측면직각충돌,신호위반,건조,맑음,교차로 - 교차로안,승용,남,59세,상해없음,승용,남,56세,경상
2014022300100318,2014년 2월 23일 19시,일요일,대구광역시 북구 고성동2가,경상사고,0,0,1,0,차대사람 - 길가장자리구역통행중,안전운전불이행,건조,흐림,교차로 - 교차로안,화물,기타불명,기타불명,기타불명,보행자,남,58세,경상
2014022300100335,2014년 2월 23일 20시,일요일,대구광역시 동구 입석동,중상사고,0,1,0,0,차대차 - 측면직각충돌,불법유턴,건조,맑음,교차로 - 교차로안,이륜,남,57세,중상,승용,여,31세,상해없음
2014022300100336,2014년 2월 23일 20시,일요일,대구광역시 서구 비산동,경상사고,0,0,1,0,차대사람 - 기타,안전운전불이행,건조,맑음,단일로 - 기타,승용,남,51세,상해없음,보행자,남,22세,경상
2014022300100355,2014년 2월 23일 21시,일요일,대구광역시 수성구 황금동,경상사고,0,0,3,0,차대차 - 기타,중앙선침범,건조,맑음,교차로 - 교차로부근,승용,남,38세,상해없음,승용,여,62세,경상
2014022300100356,2014년 2월 23일 21시,일요일,대구광역시 중구 도원동,경상사고,0,0,2,0,차대차 - 기타,안전운전불이행,건조,맑음,단일로 - 기타,승용,남,33세,상해없음,승용,남,29세,경상
2014022300100385,2014년 2월 23일 22시,일요일,대구광역시 수성구 가천동,중상사고,0,2,1,0,차대차 - 기타,중앙선침범,건조,맑음,단일로 - 기타,승용,여,49세,상해없음,승용,남,28세,중상
2014022300100402,2014년 2월 23일 23시,일요일,대구광역시 수성구 두산동,중상사고,0,1,1,0,차대차 - 정면충돌,안전운전불이행,건조,맑음,교차로 - 교차로안,승용,남,34세,상해없음,승용,남,58세,중상
2014022300100403,2014년 2월 23일 23시,일요일,대구광역시 중구 삼덕동1가,경상사고,0,0,1,0,차대사람 - 기타,안전운전불이행,건조,맑음,단일로 - 기타,승합,남,37세,상해없음,보행자,남,38세,경상
2014022400100019,2014년 2월 24일 01시,월요일,대구광역시 달서구 상인동,경상사고,0,0,1,0,차대차 - 추돌 - 주정차중,안전운전불이행,건조,맑음,교차로 - 교차로부근,원동기,남,29세,상해없음,승용,남,61세,경상
2014022400100020,2014년 2월 24일 01시,월요일,대구광역시 달서구 송현동,부상신고사고,0,0,0,1,차대사람 - 기타,안전운전불이행,건조,맑음,기타 - 기타,승용,남,48세,상해없음,보행자,남,23세,부상신고
2014022400100068,2014년 2월 24일 06시,월요일,대구광역시 서구 내당동,중상사고,0,1,6,0,차대차 - 추돌 - 주정차중,안전운전불이행,건조,맑음,교차로 - 교차로부근,승용,남,71세,상해없음,승합,남,61세,경상
2014022400100069,2014년 2월 24일 06시,월요일,대구광역시 서구 비산동,중상사고,0,1,0,0,차대사람 - 기타,안전운전불이행,건조,맑음,교차로 - 교차로부근,승용,남,36세,상해없음,보행자,남,74세,중상
2014022400100119,2014년 2월 24일 08시,월요일,대구광역시 수성구 범어동,중상사고,0,1,0,0,차대차 - 측면직각충돌,안전거리미확보,건조,맑음,단일로 - 기타,승용,남,42세,상해없음,승용,남,64세,중상
2014022400100120,2014년 2월 24일 08시,월요일,대구광역시 북구 서변동,경상사고,0,0,1,0,차대차 - 추돌 - 주정차중,안전운전불이행,건조,맑음,단일로 - 기타,화물,남,60세,상해없음,승합,남,45세,경상
2014022400100142,2014년 2월 24일 09시,월요일,대구광역시 서구 평리동,중상사고,0,1,0,0,차대사람 - 기타,안전운전불이행,건조,맑음,교차로 - 교차로안,화물,남,37세,상해없음,보행자,여,36세,중상
2014022400100161,2014년 2월 24일 10시,월요일,대구광역시 동구 신천동,중상사고,0,1,1,0,차대차 - 기타,안전거리미확보,건조,맑음,교차로 - 교차로부근,화물,남,22세,상해없음,승용,여,49세,중상
2014022400100162,2014년 2월 24일 10시,월요일,대구광역시 동구 방촌동,경상사고,0,0,1,0,차대차 - 측면직각충돌,안전운전불이행,건조,맑음,교차로 - 교차로안,화물,남,37세,상해없음,승용,여,53세,경상
2014022400100183,2014년 2월 24일 11시,월요일,대구광역시 남구 대명동,중상사고,0,1,0,0,차량단독 - 기타,기타,건조,맑음,단일로 - 기타,승합,남,53세,상해없음,,,,
2014022400100184,2014년 2월 24일 11시,월요일,대구광역시 남구 대명동,경상사고,0,0,1,0,차대차 - 추돌 - 주정차중,안전운전불이행,건조,맑음,교차로 - 교차로부근,승용,남,73세,상해없음,승합,남,39세,경상
2014022400100185,2014년 2월 24일 11시,월요일,대구광역시 달서구 감삼동,중상사고,0,1,0,0,차대차 - 추돌 - 진행중,안전거리미확보,건조,맑음,교차로 - 교차로부근,승용,남,58세,상해없음,화물,남,43세,중상
2014022400100186,2014년 2월 24일 11시,월요일,대구광역시 달서구 갈산동,경상사고,0,0,1,0,차대차 - 추돌 - 진행중,불법유턴,건조,맑음,교차로 - 교차로부근,승용,남,32세,상해없음,승용,남,38세,경상
2014022400100216,2014년 2월 24일 12시,월요일,대구광역시 달서구 용산동,경상사고,0,0,1,0,차대차 - 추돌 - 진행중,안전거리미확보,건조,맑음,단일로 - 기타,승용,남,42세,상해없음,승용,남,26세,경상
2014022400100338,2014년 2월 24일 17시,월요일,대구광역시 남구 대명동,경상사고,0,0,1,0,차대사람 - 길가장자리구역통행중,기타,건조,맑음,단일로 - 기타,승용,여,36세,상해없음,보행자,여,9세,경상
2014022400100339,2014년 2월 24일 17시,월요일,대구광역시 북구 산격동,경상사고,0,0,1,0,차대사람 - 기타,안전운전불이행,건조,맑음,단일로 - 기타,승용,남,65세,상해없음,보행자,여,26세,경상
2014022400100340,2014년 2월 24일 17시,월요일,대구광역시 북구 관음동,경상사고,0,0,1,0,차대사람 - 차도통행중,안전운전불이행,건조,맑음,단일로 - 기타,승용,남,49세,상해없음,보행자,남,9세,경상
2014022400100376,2014년 2월 24일 18시,월요일,대구광역시 수성구 노변동,경상사고,0,0,2,1,차대차 - 추돌 - 주정차중,안전운전불이행,건조,맑음,교차로 - 교차로부근,원동기,남,24세,부상신고,승용,여,45세,경상
2014022400100377,2014년 2월 24일 18시,월요일,대구광역시 달서구 갈산동,경상사고,0,0,2,0,차대차 - 측면직각충돌,직진우회전진행방해,건조,맑음,교차로 - 교차로안,승용,남,45세,상해없음,승용,남,52세,경상
2014022400100415,2014년 2월 24일 19시,월요일,대구광역시 수성구 범어동,경상사고,0,0,5,0,차대차 - 기타,교차로운행방법위반,건조,맑음,교차로 - 교차로안,승용,남,37세,상해없음,승용,남,46세,경상
2014022400100441,2014년 2월 24일 20시,월요일,대구광역시 달서구 장동,경상사고,0,0,1,0,차대차 - 기타,안전거리미확보,건조,맑음,단일로 - 기타,승용,남,74세,상해없음,승용,남,31세,경상
2014022400100442,2014년 2월 24일 20시,월요일,대구광역시 달서구 상인동,경상사고,0,0,1,0,차대차 - 기타,교차로운행방법위반,건조,맑음,교차로 - 교차로안,승용,남,45세,상해없음,자전거,남,12세,경상
2014022400100443,2014년 2월 24일 20시,월요일,대구광역시 서구 내당동,경상사고,0,0,5,0,차대차 - 기타,안전거리미확보,건조,맑음,단일로 - 기타,승용,남,49세,상해없음,승용,남,20세,경상
2014022400100492,2014년 2월 24일 22시,월요일,대구광역시 수성구 범물동,경상사고,0,0,1,0,차대사람 - 횡단중,보행자보호의무위반,건조,맑음,단일로 - 기타,승용,남,40세,상해없음,보행자,남,46세,경상
2014022400100493,2014년 2월 24일 22시,월요일,대구광역시 북구 산격동,중상사고,0,1,0,0,차대차 - 기타,안전운전불이행,건조,맑음,단일로 - 횡단보도상,승용,남,51세,상해없음,승용,남,67세,중상
2014022400100510,2014년 2월 24일 23시,월요일,대구광역시 수성구 범어동,경상사고,0,0,1,0,차대사람 - 길가장자리구역통행중,안전운전불이행,건조,맑음,단일로 - 기타,승합,남,55세,상해없음,보행자,남,44세,경상
2014022400100511,2014년 2월 24일 23시,월요일,대구광역시 서구 내당동,경상사고,0,0,1,0,차대차 - 측면직각충돌,안전운전불이행,건조,맑음,단일로 - 기타,승용,남,58세,상해없음,원동기,남,17세,상해없음
2014022400100512,2014년 2월 24일 23시,월요일,대구광역시 북구 구암동,중상사고,0,2,0,0,차대차 - 측면직각충돌,교차로운행방법위반,건조,맑음,교차로 - 교차로안,이륜,남,21세,중상,승용,남,41세,상해없음
2014022500100015,2014년 2월 25일 00시,화요일,대구광역시 남구 대명동,경상사고,0,0,1,0,차대차 - 추돌 - 주정차중,안전운전불이행,건조,맑음,교차로 - 교차로부근,승용,남,35세,상해없음,승용,남,59세,경상
2014022500100028,2014년 2월 25일 01시,화요일,대구광역시 달서구 신당동,경상사고,0,0,1,0,차대차 - 측면직각충돌,안전거리미확보,건조,맑음,단일로 - 기타,승용,남,60세,상해없음,승용,남,50세,경상
2014022500100029,2014년 2월 25일 01시,화요일,대구광역시 달서구 본리동,경상사고,0,0,2,0,차대차 - 측면직각충돌,신호위반,건조,맑음,교차로 - 교차로안,이륜,남,38세,경상,승용,남,45세,경상
2014022500100039,2014년 2월 25일 02시,화요일,대구광역시 동구 신암동,경상사고,0,0,2,0,차대차 - 측면직각충돌,안전운전불이행,건조,맑음,교차로 - 교차로안,승용,여,51세,상해없음,승용,남,44세,상해없음
2014022500100086,2014년 2월 25일 07시,화요일,대구광역시 동구 방촌동,중상사고,0,1,0,0,차대사람 - 기타,안전운전불이행,건조,맑음,단일로 - 기타,승용,남,36세,상해없음,보행자,남,56세,중상
2014022500100087,2014년 2월 25일 07시,화요일,대구광역시 동구 신암동,경상사고,0,0,1,0,차대차 - 기타,안전운전불이행,건조,맑음,교차로 - 교차로안,승용,남,31세,상해없음,자전거,여,59세,경상
2014022500100088,2014년 2월 25일 07시,화요일,대구광역시 달성군 구지면,중상사고,0,4,2,1,차대차 - 기타,안전운전불이행,건조,맑음,교차로 - 교차로안,승용,남,39세,기타불명,승용,남,33세,중상
2014022500100110,2014년 2월 25일 08시,화요일,대구광역시 달서구 죽전동,중상사고,0,2,4,0,차대차 - 측면직각충돌,안전운전불이행,건조,맑음,단일로 - 기타,화물,남,48세,경상,화물,남,59세,중상
2014022500100139,2014년 2월 25일 09시,화요일,대구광역시 수성구 범어동,부상신고사고,0,0,0,1,차대차 - 측면직각충돌,안전운전불이행,건조,맑음,단일로 - 기타,이륜,남,57세,부상신고,승용,여,64세,상해없음
2014022500100162,2014년 2월 25일 10시,화요일,대구광역시 수성구 수성동1가,중상사고,0,1,2,0,차대차 - 기타,신호위반,건조,맑음,교차로 - 교차로안,승용,여,36세,기타불명,승용,남,79세,경상
2014022500100182,2014년 2월 25일 11시,화요일,대구광역시 북구 산격동,경상사고,0,0,1,0,차대차 - 측면직각충돌,안전운전불이행,건조,맑음,단일로 - 기타,승용,남,48세,상해없음,승용,남,58세,경상
2014022500100221,2014년 2월 25일 13시,화요일,대구광역시 동구 효목동,경상사고,0,0,3,0,차대차 - 기타,교차로운행방법위반,건조,맑음,교차로 - 교차로안,승용,여,47세,경상,승합,남,43세,경상
2014022500100222,2014년 2월 25일 13시,화요일,대구광역시 달성군 구지면,경상사고,0,0,1,1,차대차 - 측면직각충돌,신호위반,건조,맑음,교차로 - 교차로안,승용,여,38세,상해없음,이륜,남,25세,부상신고
2014022500100223,2014년 2월 25일 13시,화요일,대구광역시 달서구 신당동,중상사고,0,1,0,0,차대차 - 측면직각충돌,중앙선침범,건조,맑음,교차로 - 교차로안,승용,남,65세,상해없음,화물,남,59세,중상
2014022500100248,2014년 2월 25일 14시,화요일,대구광역시 동구 신암동,경상사고,0,0,1,0,차대사람 - 기타,안전운전불이행,건조,맑음,교차로 - 교차로안,화물,남,44세,상해없음,보행자,여,51세,경상
2014022500100249,2014년 2월 25일 14시,화요일,대구광역시 중구 대봉동,경상사고,0,0,2,1,차대차 - 측면직각충돌,안전거리미확보,건조,맑음,단일로 - 기타,승용,남,57세,부상신고,승용,여,47세,경상
2014022500100300,2014년 2월 25일 16시,화요일,대구광역시 북구 산격동,경상사고,0,0,1,0,차대차 - 기타,안전운전불이행,건조,맑음,교차로 - 교차로부근,승용,남,24세,상해없음,자전거,남,73세,경상
2014022500100301,2014년 2월 25일 16시,화요일,대구광역시 달서구 본리동,경상사고,0,0,1,0,차대차 - 추돌 - 주정차중,기타,건조,맑음,교차로 - 교차로안,화물,남,46세,상해없음,승용,여,56세,상해없음
2014022500100302,2014년 2월 25일 16시,화요일,대구광역시 북구 구암동,경상사고,0,0,1,0,차대차 - 측면직각충돌,안전운전불이행,건조,맑음,교차로 - 교차로부근,승용,남,67세,상해없음,자전거,남,11세,경상
2014022500100318,2014년 2월 25일 17시,화요일,대구광역시 수성구 지산동,중상사고,0,1,0,0,차대사람 - 횡단중,보행자보호의무위반,건조,맑음,교차로 - 교차로안,승용,남,38세,상해없음,보행자,남,86세,중상
2014022500100319,2014년 2월 25일 17시,화요일,대구광역시 북구 칠성동2가,중상사고,0,1,0,0,차대사람 - 기타,안전운전불이행,건조,맑음,단일로 - 기타,승합,남,50세,상해없음,보행자,여,79세,중상
2014022500100320,2014년 2월 25일 17시,화요일,대구광역시 달서구 장동,경상사고,0,0,2,0,차대차 - 측면직각충돌,교차로운행방법위반,건조,맑음,교차로 - 교차로안,승용,남,41세,경상,승용,여,45세,경상