사고번호,사고일시,요일,시군구,사고내용,사망자수,중상자수,경상자수,부상신고자수,사고유형,법규위반,노면상태,기상상태,도로형태,가해운전자 차종,가해운전자 성별,가해운전자 연령,가해운전자 상해정도,피해운전자 차종,피해운전자 성별,피해운전자 연령,피해운전자 상해정도
2014022500100339,2014년 2월 25일 18시,화요일,대구광역시 남구 대명동,경상사고,0,0,1,0,차대차 - 측면직각충돌,불법유턴,건조,맑음,단일로 - 기타,원동기,여,67세,경상,승용,남,36세,상해없음
2014022500100340,2014년 2월 25일 18시,화요일,대구광역시 동구 지저동,중상사고,0,2,0,0,차대차 - 기타,신호위반,건조,맑음,교차로 - 교차로안,승용,남,56세,상해없음,이륜,남,23세,중상
2014022500100376,2014년 2월 25일 19시,화요일,대구광역시 서구 이현동,중상사고,0,1,0,0,차대사람 - 기타,안전운전불이행,건조,맑음,단일로 - 기타,승용,여,53세,상해없음,보행자,여,65세,중상
2014022500100397,2014년 2월 25일 20시,화요일,대구광역시 남구 대명동,경상사고,0,0,1,0,차대차 - 측면직각충돌,안전운전불이행,건조,맑음,단일로 - 횡단보도부근,원동기,남,16세,경상,승용,남,59세,상해없음
2014022500100398,2014년 2월 25일 20시,화요일,대구광역시 북구 학정동,부상신고사고,0,0,0,1,차대차 - 측면직각충돌,안전운전불이행,건조,맑음,단일로 - 기타,원동기,남,21세,부상신고,승용,여,43세,상해없음
2014022500100436,2014년 2월 25일 21시,화요일,대구광역시 서구 비산동,경상사고,0,0,2,0,차대차 - 측면직각충돌,중앙선침범,건조,맑음,단일로 - 기타,승용,남,53세,상해없음,이륜,남,20세,경상
2014022500100462,2014년 2월 25일 22시,화요일,대구광역시 동구 숙천동,경상사고,0,0,1,0,차대차 - 기타,안전운전불이행,건조,맑음,단일로 - 기타,승용,남,22세,상해없음,승용,남,48세,경상
2014022500100463,2014년 2월 25일 22시,화요일,대구광역시 수성구 두산동,중상사고,0,1,0,0,차대차 - 기타,신호위반,건조,맑음,교차로 - 교차로안,승용,남,27세,상해없음,승용,남,55세,중상
2014022500100491,2014년 2월 25일 23시,화요일,대구광역시 북구 칠성동1가,중상사고,0,1,1,0,차량단독 - 공작물충돌,안전운전불이행,건조,맑음,단일로 - 기타,승용,남,22세,상해없음,,,,
2014022500100492,2014년 2월 25일 23시,화요일,대구광역시 서구 내당동,경상사고,0,0,1,0,차대차 - 기타,안전운전불이행,건조,맑음,단일로 - 기타,승용,남,56세,상해없음,승용,여,56세,경상
2014022600100017,2014년 2월 26일 00시,수요일,대구광역시 남구 대명동,경상사고,0,0,1,0,차량단독 - 공작물충돌,안전운전불이행,건조,맑음,단일로 - 기타,이륜,남,54세,경상,,,,
2014022600100033,2014년 2월 26일 01시,수요일,대구광역시 남구 대명동,경상사고,0,0,1,0,차대차 - 측면직각충돌,차로위반,건조,맑음,단일로 - 기타,승용,남,26세,상해없음,승용,남,52세,상해없음
2014022600100034,2014년 2월 26일 01시,수요일,대구광역시 서구 이현동,경상사고,0,0,1,0,차대차 - 기타,안전운전불이행,건조,맑음,교차로 - 교차로부근,승용,남,34세,상해없음,화물,남,53세,경상
2014022600100035,2014년 2월 26일 01시,수요일,대구광역시 달서구 이곡동,중상사고,0,1,0,0,차대차 - 측면직각충돌,교차로운행방법위반,건조,맑음,교차로 - 교차로안,이륜,남,15세,중상,승용,남,56세,상해없음
2014022600100045,2014년 2월 26일 02시,수요일,대구광역시 동구 입석동,경상사고,0,0,1,0,차대차 - 측면직각충돌,안전거리미확보,습기,비,단일로 - 기타,승용,남,61세,상해없음,승용,남,64세,경상
2014022600100046,2014년 2월 26일 02시,수요일,대구광역시 수성구 사월동,경상사고,0,0,1,0,차대차 - 기타,교차로운행방법위반,건조,맑음,교차로 - 교차로안,승용,남,32세,상해없음,승용,남,58세,경상
2014022600100056,2014년 2월 26일 03시,수요일,대구광역시 동구 신천동,경상사고,0,0,2,0,차대차 - 측면직각충돌,안전거리미확보,건조,맑음,단일로 - 기타,승용,남,57세,상해없음,승용,남,53세,경상
2014022600100065,2014년 2월 26일 04시,수요일,대구광역시 서구 내당동,중상사고,0,1,0,0,차량단독 - 공작물충돌,안전운전불이행,건조,맑음,단일로 - 기타,승용,남,30세,중상,,,,
2014022600100066,2014년 2월 26일 04시,수요일,대구광역시 중구 수창동,경상사고,0,0,2,0,차대차 - 측면직각충돌,직진우회전진행방해,건조,맑음,교차로 - 교차로안,승용,남,31세,상해없음,승용,남,19세,경상
2014022600100074,2014년 2월 26일 05시,수요일,대구광역시 북구 침산동,중상사고,0,1,0,0,차대차 - 기타,안전운전불이행,건조,맑음,단일로 - 기타,승용,남,74세,상해없음,원동기,남,77세,중상
2014022600100108,2014년 2월 26일 07시,수요일,대구광역시 서구 평리동,경상사고,0,0,1,0,차대차 - 측면직각충돌,교차로운행방법위반,건조,맑음,교차로 - 교차로안,승용,남,50세,상해없음,자전거,남,41세,경상
2014022600100134,2014년 2월 26일 08시,수요일,대구광역시 북구 고성동2가,중상사고,0,1,0,0,차대차 - 기타,안전운전불이행,건조,맑음,교차로 - 교차로부근,건설기계,남,63세,상해없음,자전거,남,68세,중상
2014022600100135,2014년 2월 26일 08시,수요일,대구광역시 달서구 감삼동,경상사고,0,0,1,0,차대사람 - 기타,보행자보호의무위반,건조,맑음,단일로 - 횡단보도상,승용,여,35세,상해없음,보행자,남,53세,경상
2014022600100154,2014년 2월 26일 09시,수요일,대구광역시 달서구 본동,경상사고,0,0,1,0,차대사람 - 기타,보행자보호의무위반,건조,맑음,단일로 - 기타,승용,남,39세,상해없음,보행자,남,34세,경상
2014022600100179,2014년 2월 26일 10시,수요일,대구광역시 달성군 구지면,경상사고,0,0,1,0,차대차 - 추돌 - 진행중,안전운전불이행,건조,맑음,단일로 - 기타,이륜,여,69세,상해없음,자전거,남,16세,경상
2014022600100208,2014년 2월 26일 11시,수요일,대구광역시 중구 동인동4가,경상사고,0,0,3,0,차대차 - 추돌 - 진행중,안전운전불이행,건조,맑음,단일로 - 기타,화물,남,29세,상해없음,화물,남,28세,경상
2014022600100265,2014년 2월 26일 13시,수요일,대구광역시 남구 봉덕동,경상사고,0,0,2,1,차대차 - 측면직각충돌,기타,건조,맑음,교차로 - 교차로안,승용,남,44세,부상신고,승용,여,48세,경상
2014022600100266,2014년 2월 26일 13시,수요일,대구광역시 달서구 감삼동,중상사고,0,1,0,0,차대사람 - 횡단중,보행자보호의무위반,건조,맑음,단일로 - 기타,승용,여,55세,상해없음,보행자,남,66세,중상
2014022600100313,2014년 2월 26일 15시,수요일,대구광역시 남구 대명동,경상사고,0,0,1,0,차대차 - 추돌 - 주정차중,안전운전불이행,습기,비,교차로 - 교차로부근,화물,남,56세,상해없음,승용,여,53세,경상
2014022600100314,2014년 2월 26일 15시,수요일,대구광역시 북구 노원동2가,중상사고,0,1,0,0,차대차 - 측면직각충돌,안전운전불이행,습기,비,단일로 - 기타,자전거,남,61세,중상,승용,남,51세,상해없음
2014022600100339,2014년 2월 26일 16시,수요일,대구광역시 중구 동인동1가,부상신고사고,0,0,0,1,차대차 - 기타,안전운전불이행,습기,비,단일로 - 기타,기타불명,기타불명,기타불명,기타불명,자전거,남,58세,부상신고
2014022600100340,2014년 2월 26일 16시,수요일,대구광역시 달서구 용산동,경상사고,0,0,1,0,차대차 - 측면직각충돌,교차로운행방법위반,건조,맑음,교차로 - 교차로안,이륜,남,80세,경상,승용,여,33세,상해없음
2014022600100361,2014년 2월 26일 17시,수요일,대구광역시 남구 봉덕동,경상사고,0,0,1,0,차대차 - 측면직각충돌,교차로운행방법위반,습기,비,교차로 - 교차로안,승용,남,71세,상해없음,승용,남,55세,상해없음
2014022600100362,2014년 2월 26일 17시,수요일,대구광역시 동구 신암동,경상사고,0,0,1,0,차대차 - 기타,안전거리미확보,습기,비,교차로 - 교차로부근,승용,남,45세,상해없음,승용,남,64세,경상
2014022600100363,2014년 2월 26일 17시,수요일,대구광역시 수성구 수성동4가,경상사고,0,0,1,0,차량단독 - 기타,안전운전불이행,건조,맑음,단일로 - 횡단보도부근,자전거,남,73세,경상,,,,
2014022600100364,2014년 2월 26일 17시,수요일,대구광역시 달성군 화원읍,부상신고사고,0,0,0,1,차대차 - 추돌 - 주정차중,안전운전불이행,건조,맑음,단일로 - 기타,이륜,남,22세,부상신고,승용,여,36세,상해없음
2014022600100401,2014년 2월 26일 18시,수요일,대구광역시 남구 봉덕동,중상사고,0,1,0,0,차대차 - 추돌 - 주정차중,안전거리미확보,습기,비,교차로 - 교차로부근,승용,남,26세,상해없음,승용,여,31세,중상
2014022600100402,2014년 2월 26일 18시,수요일,대구광역시 동구 입석동,중상사고,0,1,0,0,차대사람 - 기타,안전운전불이행,습기,비,단일로 - 기타,승용,남,55세,상해없음,보행자,여,65세,중상
2014022600100403,2014년 2월 26일 18시,수요일,대구광역시 수성구 신매동,부상신고사고,0,0,0,1,차대사람 - 횡단중,안전운전불이행,습기,비,단일로 - 횡단보도부근,이륜,남,42세,부상신고,보행자,여,15세,상해없음
2014022600100404,2014년 2월 26일 18시,수요일,대구광역시 서구 비산동,경상사고,0,0,1,0,차대차 - 측면직각충돌,안전거리미확보,습기,비,단일로 - 기타,승용,남,28세,상해없음,화물,남,38세,경상
2014022600100405,2014년 2월 26일 18시,수요일,대구광역시 달서구 감삼동,경상사고,0,0,3,0,차대차 - 추돌 - 주정차중,안전거리미확보,습기,흐림,단일로 - 기타,승용,남,41세,상해없음,승용,여,33세,경상
2014022600100449,2014년 2월 26일 19시,수요일,대구광역시 수성구 황금동,중상사고,0,1,0,0,차대차 - 측면직각충돌,안전거리미확보,습기,비,단일로 - 기타,승용,남,25세,상해없음,이륜,남,37세,중상
2014022600100480,2014년 2월 26일 20시,수요일,대구광역시 수성구 신매동,경상사고,0,0,1,0,차대차 - 측면직각충돌,안전거리미확보,습기,비,단일로 - 기타,승용,남,19세,상해없음,이륜,남,48세,경상
2014022600100481,2014년 2월 26일 20시,수요일,대구광역시 달서구 대천동,경상사고,0,0,1,0,차대차 - 기타,기타,습기,비,단일로 - 기타,승용,여,53세,상해없음,이륜,남,34세,경상
2014022600100482,2014년 2월 26일 20시,수요일,대구광역시 북구 노원동3가,경상사고,0,0,1,0,차대차 - 추돌 - 진행중,안전운전불이행,습기,비,단일로 - 기타,승용,남,43세,상해없음,승용,남,38세,경상
2014022600100483,2014년 2월 26일 20시,수요일,대구광역시 달서구 신당동,경상사고,0,0,2,0,차대차 - 추돌 - 주정차중,안전운전불이행,습기,비,단일로 - 기타,승용,남,54세,상해없음,승용,여,38세,경상
2014022600100516,2014년 2월 26일 21시,수요일,대구광역시 북구 노원동3가,경상사고,0,0,1,0,차대사람 - 횡단중,신호위반,건조,맑음,교차로 - 교차로부근,승합,남,60세,상해없음,보행자,남,52세,경상
2014022600100517,2014년 2월 26일 21시,수요일,대구광역시 북구 복현동,중상사고,0,1,0,0,차대사람 - 횡단중,보행자보호의무위반,건조,맑음,단일로 - 기타,승용,여,24세,상해없음,보행자,여,19세,중상
2014022600100518,2014년 2월 26일 21시,수요일,대구광역시 서구 비산동,중상사고,0,1,0,0,차대사람 - 횡단중,안전운전불이행,습기,비,단일로 - 기타,승합,남,24세,상해없음,보행자,여,56세,중상
2014022600100519,2014년 2월 26일 21시,수요일,대구광역시 중구 동인동3가,경상사고,0,0,2,0,차대차 - 측면직각충돌,안전운전불이행,건조,맑음,단일로 - 기타,화물,남,42세,상해없음,승용,여,28세,경상
2014022600100552,2014년 2월 26일 22시,수요일,대구광역시 동구 신천동,경상사고,0,0,2,0,차대차 - 추돌 - 주정차중,안전운전불이행,건조,맑음,단일로 - 기타,화물,남,45세,상해없음,승용,남,33세,경상
2014022600100553,2014년 2월 26일 22시,수요일,대구광역시 동구 방촌동,경상사고,0,0,1,0,차대차 - 기타,안전운전불이행,건조,맑음,단일로 - 기타,승합,남,41세,상해없음,승용,여,54세,경상
2014022600100554,2014년 2월 26일 22시,수요일,대구광역시 서구 내당동,중상사고,0,1,3,0,차대차 - 측면직각충돌,안전거리미확보,습기,비,단일로 - 기타,승용,남,22세,상해없음,승용,남,45세,상해없음
2014022600100555,2014년 2월 26일 22시,수요일,대구광역시 달서구 용산동,경상사고,0,0,1,0,차대차 - 측면직각충돌,안전거리미확보,습기,비,단일로 - 기타,승용,여,40세,상해없음,이륜,남,16세,경상
2014022600100580,2014년 2월 26일 23시,수요일,대구광역시 달서구 본리동,경상사고,0,0,1,0,차대사람 - 기타,안전운전불이행,습기,비,교차로 - 교차로부근,승용,남,42세,상해없음,보행자,남,37세,경상
2014022600100581,2014년 2월 26일 23시,수요일,대구광역시 북구 국우동,경상사고,0,0,2,0,차대차 - 측면직각충돌,안전거리미확보,건조,흐림,단일로 - 기타,승용,남,37세,상해없음,승용,여,44세,경상
2014022700100018,2014년 2월 27일 00시,목요일,대구광역시 수성구 범물동,부상신고사고,0,0,0,1,차대차 - 기타,안전거리미확보,건조,맑음,교차로 - 교차로부근,승용,남,51세,상해없음,승용,여,33세,부상신고
2014022700100019,2014년 2월 27일 00시,목요일,대구광역시 달서구 진천동,경상사고,0,0,3,0,차대차 - 추돌 - 주정차중,안전운전불이행,건조,맑음,교차로 - 교차로부근,화물,남,51세,상해없음,화물,남,46세,경상
2014022700100020,2014년 2월 27일 00시,목요일,대구광역시 북구 산격동,중상사고,0,1,3,0,차대차 - 측면직각충돌,신호위반,습기,흐림,교차로 - 교차로안,승용,여,43세,상해없음,승용,남,51세,중상
2014022700100021,2014년 2월 27일 00시,목요일,대구광역시 북구 산격동,중상사고,0,1,0,0,차대차 - 기타,신호위반,습기,비,교차로 - 교차로안,화물,남,44세,상해없음,승용,남,37세,중상
2014022700100040,2014년 2월 27일 01시,목요일,대구광역시 수성구 황금동,중상사고,0,1,0,0,차대차 - 기타,안전거리미확보,습기,비,교차로 - 교차로부근,승용,남,67세,상해없음,이륜,남,19세,중상
2014022700100041,2014년 2월 27일 01시,목요일,대구광역시 서구 내당동,경상사고,0,0,1,0,차대차 - 측면직각충돌,신호위반,건조,흐림,교차로 - 교차로안,승용,기타불명,기타불명,기타불명,승용,남,25세,경상
2014022700100080,2014년 2월 27일 05시,목요일,대구광역시 달서구 상인동,경상사고,0,0,1,0,차대차 - 기타,안전거리미확보,건조,맑음,단일로 - 기타,승용,기타불명,기타불명,기타불명,승용,남,61세,경상
2014022700100111,2014년 2월 27일 07시,목요일,대구광역시 서구 평리동,경상사고,0,0,1,0,차대차 - 기타,교차로운행방법위반,건조,맑음,교차로 - 교차로부근,승합,남,23세,상해없음,승용,남,34세,경상
2014022700100141,2014년 2월 27일 08시,목요일,대구광역시 중구 동산동,경상사고,0,0,1,0,차대차 - 기타,안전거리미확보,건조,맑음,단일로 - 기타,승용,여,44세,상해없음,승합,남,53세,상해없음
2014022700100142,2014년 2월 27일 08시,목요일,대구광역시 달서구 본리동,경상사고,0,0,1,0,차대차 - 측면직각충돌,신호위반,습기,흐림,교차로 - 교차로안,승용,남,56세,상해없음,승용,남,41세,경상
2014022700100143,2014년 2월 27일 08시,목요일,대구광역시 달서구 호산동,중상사고,0,3,2,0,차대차 - 기타,중앙선침범,건조,맑음,단일로 - 기타,승용,여,21세,상해없음,승용,남,46세,중상
2014022700100167,2014년 2월 27일 09시,목요일,대구광역시 북구 침산동,중상사고,0,1,0,0,차대사람 - 보도통행중,안전운전불이행,건조,맑음,기타 - 기타,승용,남,35세,상해없음,보행자,남,70세,중상
2014022700100168,2014년 2월 27일 09시,목요일,대구광역시 달서구 신당동,경상사고,0,0,1,0,차대차 - 추돌 - 주정차중,안전운전불이행,건조,맑음,교차로 - 교차로부근,승용,남,54세,상해없음,승용,여,44세,경상
2014022700100225,2014년 2월 27일 12시,목요일,대구광역시 북구 고성동3가,중상사고,0,1,0,0,차대사람 - 횡단중,안전운전불이행,건조,맑음,단일로 - 기타,승용,여,50세,상해없음,보행자,남,33세,중상
2014022700100226,2014년 2월 27일 12시,목요일,대구광역시 북구 칠성동1가,중상사고,0,1,0,0,차대사람 - 횡단중,안전운전불이행,건조,맑음,단일로 - 기타,승용,남,36세,상해없음,보행자,여,53세,중상
2014022700100227,2014년 2월 27일 12시,목요일,대구광역시 중구 삼덕동3가,경상사고,0,0,1,0,차대차 - 기타,교차로운행방법위반,건조,맑음,교차로 - 교차로안,승용,남,61세,상해없음,화물,남,54세,상해없음
2014022700100252,2014년 2월 27일 13시,목요일,대구광역시 달서구 상인동,경상사고,0,0,2,0,차대차 - 추돌 - 주정차중,안전운전불이행,건조,맑음,미분류 - 미분류,승용,남,23세,상해없음,승용,여,37세,경상
2014022700100277,2014년 2월 27일 14시,목요일,대구광역시 수성구 지산동,경상사고,0,0,1,0,차대차 - 기타,안전거리미확보,건조,맑음,기타 - 기타,승용,여,47세,상해없음,화물,남,35세,경상
2014022700100302,2014년 2월 27일 15시,목요일,대구광역시 서구 내당동,경상사고,0,0,1,0,차대차 - 측면직각충돌,교차로운행방법위반,건조,맑음,교차로 - 교차로안,승용,남,47세,상해없음,원동기,남,15세,경상
2014022700100355,2014년 2월 27일 17시,목요일,대구광역시 달서구 본동,경상사고,0,0,3,0,차대차 - 추돌 - 주정차중,안전운전불이행,건조,맑음,단일로 - 기타,승용,남,51세,상해없음,승용,여,53세,경상
2014022700100356,2014년 2월 27일 17시,목요일,대구광역시 중구 동인동1가,중상사고,0,1,0,0,차대사람 - 횡단중,안전운전불이행,건조,맑음,교차로 - 교차로부근,승합,남,47세,상해없음,보행자,남,69세,중상
2014022700100357,2014년 2월 27일 17시,목요일,대구광역시 북구 매천동,경상사고,0,0,1,0,차대차 - 기타,안전거리미확보,건조,맑음,단일로 - 기타,화물,남,45세,상해없음,화물,남,62세,경상
2014022700100389,2014년 2월 27일 18시,목요일,대구광역시 수성구 상동,경상사고,0,0,1,0,차대차 - 추돌 - 주정차중,안전운전불이행,건조,맑음,교차로 - 교차로부근,승용,여,43세,상해없음,승용,여,39세,경상
2014022700100390,2014년 2월 27일 18시,목요일,대구광역시 달서구 도원동,부상신고사고,0,0,0,1,차대사람 - 기타,안전운전불이행,건조,맑음,단일로 - 기타,승합,남,55세,상해없음,보행자,남,57세,부상신고
2014022700100391,2014년 2월 27일 18시,목요일,대구광역시 달성군 유가면,경상사고,0,0,1,0,차대차 - 추돌 - 주정차중,안전거리미확보,건조,맑음,단일로 - 기타,화물,남,40세,상해없음,이륜,남,71세,경상
2014022700100392,2014년 2월 27일 18시,목요일,대구광역시 달서구 이곡동,경상사고,0,0,1,0,차대차 - 정면충돌,교차로운행방법위반,건조,맑음,교차로 - 교차로안,승용,여,48세,경상,화물,남,52세,상해없음
2014022700100427,2014년 2월 27일 19시,목요일,대구광역시 수성구 만촌동,경상사고,0,0,1,0,차대차 - 추돌 - 주정차중,안전거리미확보,건조,맑음,단일로 - 기타,승용,여,52세,상해없음,승용,여,45세,경상
2014022700100428,2014년 2월 27일 19시,목요일,대구광역시 달서구 송현동,중상사고,0,1,0,0,차대차 - 측면직각충돌,안전거리미확보,건조,맑음,교차로 - 교차로부근,승합,남,49세,상해없음,승용,남,51세,중상
2014022700100429,2014년 2월 27일 19시,목요일,대구광역시 달서구 용산동,경상사고,0,0,2,0,차대차 - 측면직각충돌,안전운전불이행,건조,맑음,단일로 - 기타,승용,남,24세,경상,승용,남,43세,경상
2014022700100430,2014년 2월 27일 19시,목요일,대구광역시 북구 관음동,경상사고,0,0,1,0,차대차 - 기타,안전거리미확보,건조,맑음,기타 - 기타,화물,남,56세,상해없음,승용,여,41세,경상
2014022700100431,2014년 2월 27일 19시,목요일,대구광역시 북구 서변동,중상사고,0,1,0,0,차대차 - 추돌 - 진행중,안전운전불이행,건조,맑음,교차로 - 교차로안,승용,여,28세,상해없음,이륜,남,16세,중상
2014022700100466,2014년 2월 27일 20시,목요일,대구광역시 서구 내당동,중상사고,0,1,0,0,차대차 - 측면직각충돌,안전거리미확보,건조,맑음,교차로 - 교차로안,승용,여,46세,상해없음,이륜,남,42세,중상
2014022700100496,2014년 2월 27일 21시,목요일,대구광역시 남구 대명동,경상사고,0,0,1,0,차대차 - 기타,안전거리미확보,건조,맑음,교차로 - 교차로부근,이륜,남,19세,경상,승용,남,57세,상해없음
2014022700100497,2014년 2월 27일 21시,목요일,대구광역시 수성구 만촌동,중상사고,0,1,0,0,차대차 - 추돌 - 주정차중,안전운전불이행,건조,맑음,단일로 - 기타,승용,남,72세,상해없음,승용,남,40세,상해없음
2014022700100498,2014년 2월 27일 21시,목요일,대구광역시 달서구 송현동,경상사고,0,0,1,0,차대차 - 기타,안전운전불이행,건조,맑음,교차로 - 교차로부근,승용,남,56세,상해없음,원동기,남,19세,경상
2014022700100499,2014년 2월 27일 21시,목요일,대구광역시 중구 동산동,경상사고,0,0,1,0,차대차 - 추돌 - 진행중,안전운전불이행,건조,맑음,단일로 - 기타,승용,남,19세,상해없음,승용,여,26세,경상
2014022700100526,2014년 2월 27일 22시,목요일,대구광역시 북구 관음동,경상사고,0,0,1,0,차대사람 - 횡단중,안전운전불이행,건조,맑음,단일로 - 기타,기타불명,기타불명,기타불명,기타불명,보행자,남,49세,경상
2014022800100026,2014년 2월 28일 01시,금요일,대구광역시 수성구 두산동,경상사고,0,0,1,0,차대사람 - 기타,안전운전불이행,건조,맑음,단일로 - 기타,승용,남,49세,상해없음,보행자,남,33세,경상
2014022800100069,2014년 2월 28일 06시,금요일,대구광역시 북구 침산동,경상사고,0,0,1,0,차대차 - 추돌 - 진행중,안전운전불이행,건조,맑음,단일로 - 기타,승용,남,44세,경상,화물,남,49세,상해없음
2014022800100103,2014년 2월 28일 08시,금요일,대구광역시 달서구 신당동,경상사고,0,0,1,0,차대차 - 추돌 - 진행중,안전운전불이행,건조,맑음,교차로 - 교차로안,화물,남,48세,상해없음,승용,여,32세,경상
2014022800100104,2014년 2월 28일 08시,금요일,대구광역시 달서구 신당동,중상사고,0,1,0,0,차대차 - 추돌 - 진행중,안전운전불이행,건조,맑음,교차로 - 교차로부근,승용,여,34세,상해없음,승용,남,24세,중상
2014022800100131,2014년 2월 28일 09시,금요일,대구광역시 달서구 상인동,경상사고,0,0,1,0,차대차 - 기타,교차로운행방법위반,건조,흐림,교차로 - 교차로안,승용,여,53세,상해없음,승용,남,55세,경상
2014022800100153,2014년 2월 28일 10시,금요일,대구광역시 달서구 용산동,경상사고,0,0,1,0,차대차 - 측면직각충돌,안전운전불이행,건조,맑음,단일로 - 기타,화물,남,50세,상해없음,승용,여,36세,경상
2014022800100172,2014년 2월 28일 11시,금요일,대구광역시 중구 대봉동,경상사고,0,0,3,0,차대차 - 추돌 - 진행중,안전거리미확보,건조,맑음,단일로 - 기타,승용,남,28세,상해없음,승용,여,47세,경상
2014022800100192,2014년 2월 28일 12시,금요일,대구광역시 중구 동성로3가,부상신고사고,0,0,0,1,차대사람 - 기타,안전운전불이행,건조,기타,단일로 - 기타,승용,기타불명,기타불명,기타불명,보행자,여,24세,부상신고
2014022800100220,2014년 2월 28일 13시,금요일,대구광역시 수성구 상동,경상사고,0,0,1,0,차대사람 - 기타,기타,건조,맑음,교차로 - 교차로부근,화물,기타불명,기타불명,기타불명,보행자,여,75세,경상
2014022800100246,2014년 2월 28일 14시,금요일,대구광역시 달성군 구지면,중상사고,0,1,0,0,차량단독 - 공작물충돌,안전운전불이행,건조,맑음,단일로 - 기타,승용,남,23세,기타불명,,,,
2014022800100247,2014년 2월 28일 14시,금요일,대구광역시 중구 태평로3가,중상사고,0,1,0,0,차대차 - 기타,안전운전불이행,건조,맑음,교차로 - 교차로부근,승용,남,58세,상해없음,원동기,남,42세,중상
2014022800100286,2014년 2월 28일 15시,금요일,대구광역시 남구 봉덕동,경상사고,0,0,1,0,차대사람 - 차도통행중,안전운전불이행,건조,맑음,기타 - 기타,승용,여,51세,상해없음,보행자,여,53세,경상
2014022800100287,2014년 2월 28일 15시,금요일,대구광역시 서구 내당동,중상사고,0,1,0,0,차대사람 - 횡단중,안전운전불이행,건조,맑음,단일로 - 기타,승용,남,44세,상해없음,보행자,여,67세,중상
2014022800100288,2014년 2월 28일 15시,금요일,대구광역시 서구 내당동,중상사고,0,1,0,0,차대사람 - 차도통행중,안전운전불이행,건조,맑음,단일로 - 기타,화물,남,41세,상해없음,보행자,남,63세,중상
2014022800100321,2014년 2월 28일 16시,금요일,대구광역시 동구 신기동,경상사고,0,0,1,0,차대차 - 기타,교차로운행방법위반,건조,맑음,교차로 - 교차로안,승용,여,44세,상해없음,자전거,남,64세,경상
2014022800100322,2014년 2월 28일 16시,금요일,대구광역시 수성구 범어동,경상사고,0,0,1,0,차대차 - 추돌 - 진행중,안전운전불이행,건조,맑음,단일로 - 횡단보도부근,승용,여,59세,상해없음,승용,남,52세,경상
2014022800100323,2014년 2월 28일 16시,금요일,대구광역시 달서구 월성동,경상사고,0,0,1,0,차대차 - 측면직각충돌,교차로운행방법위반,건조,맑음,교차로 - 교차로안,승용,남,50세,상해없음,원동기,남,33세,경상
2014022800100324,2014년 2월 28일 16시,금요일,대구광역시 달성군 구지면,경상사고,0,0,1,1,차대차 - 측면직각충돌,안전거리미확보,건조,맑음,교차로 - 교차로부근,화물,남,43세,부상신고,화물,남,40세,경상
2014022800100325,2014년 2월 28일 16시,금요일,대구광역시 북구 침산동,경상사고,0,0,1,0,차대차 - 측면직각충돌,기타,건조,맑음,단일로 - 기타,승용,남,59세,상해없음,이륜,남,54세,경상
2014022800100326,2014년 2월 28일 16시,금요일,대구광역시 달서구 감삼동,경상사고,0,0,1,0,차대차 - 측면직각충돌,교차로운행방법위반,건조,흐림,교차로 - 교차로안,승용,남,47세,상해없음,이륜,남,31세,경상
2014022800100327,2014년 2월 28일 16시,금요일,대구광역시 달서구 성당동,중상사고,0,2,0,0,차대차 - 측면직각충돌,안전운전불이행,건조,맑음,교차로 - 교차로안,승용,여,57세,상해없음,승용,여,40세,중상
2014022800100363,2014년 2월 28일 17시,금요일,대구광역시 중구 대봉동,중상사고,0,1,0,0,차대차 - 기타,안전운전불이행,건조,맑음,단일로 - 기타,승용,남,30세,상해없음,자전거,남,56세,중상
2014022800100393,2014년 2월 28일 18시,금요일,대구광역시 동구 신기동,부상신고사고,0,0,0,1,차대사람 - 기타,신호위반,건조,맑음,교차로 - 교차로부근,승용,남,63세,상해없음,보행자,남,21세,부상신고
2014022800100394,2014년 2월 28일 18시,금요일,대구광역시 동구 용계동,중상사고,0,1,0,0,차대사람 - 기타,신호위반,건조,맑음,교차로 - 교차로부근,승용,여,49세,상해없음,보행자,여,38세,중상
2014022800100395,2014년 2월 28일 18시,금요일,대구광역시 달서구 진천동,중상사고,0,1,0,0,차대차 - 측면직각충돌,안전운전불이행,건조,맑음,단일로 - 횡단보도상,승용,기타불명,기타불명,기타불명,자전거,남,60세,중상
2014022800100396,2014년 2월 28일 18시,금요일,대구광역시 북구 산격동,경상사고,0,0,1,0,차대차 - 기타,안전운전불이행,건조,맑음,단일로 - 기타,기타불명,기타불명,기타불명,기타불명,승용,남,53세,경상
2014022800100447,2014년 2월 28일 19시,금요일,대구광역시 동구 지저동,부상신고사고,0,0,0,1,차대차 - 측면직각충돌,안전거리미확보,건조,맑음,단일로 - 기타,승합,남,54세,상해없음,화물,남,48세,부상신고
2014022800100448,2014년 2월 28일 19시,금요일,대구광역시 수성구 수성동2가,경상사고,0,0,1,0,차대차 - 측면직각충돌,안전운전불이행,건조,맑음,교차로 - 교차로안,승용,남,38세,상해없음,이륜,남,19세,경상