사고번호,사고일시,요일,시군구,사고내용,사망자수,중상자수,경상자수,부상신고자수,사고유형,법규위반,노면상태,기상상태,도로형태,가해운전자 차종,가해운전자 성별,가해운전자 연령,가해운전자 상해정도,피해운전자 차종,피해운전자 성별,피해운전자 연령,피해운전자 상해정도
2014030700100011,2014년 3월 7일 00시,금요일,대구광역시 남구 대명동,중상사고,0,1,0,0,차대차 - 기타,신호위반,건조,맑음,단일로 - 기타,승용,남,53세,상해없음,이륜,남,19세,중상
2014030700100037,2014년 3월 7일 02시,금요일,대구광역시 달성군 유가면,경상사고,0,0,2,0,차량단독 - 전도전복,안전운전불이행,결빙,맑음,단일로 - 기타,승용,남,39세,기타불명,,,,
2014030700100044,2014년 3월 7일 03시,금요일,대구광역시 서구 중리동,경상사고,0,0,4,0,차대차 - 추돌 - 주정차중,안전거리미확보,건조,맑음,단일로 - 기타,승용,남,43세,상해없음,승합,남,53세,경상
2014030700100094,2014년 3월 7일 07시,금요일,대구광역시 수성구 상동,중상사고,0,1,1,0,차대차 - 기타,신호위반,건조,맑음,교차로 - 교차로안,승용,남,47세,상해없음,승용,여,45세,중상
2014030700100095,2014년 3월 7일 07시,금요일,대구광역시 수성구 황금동,중상사고,0,1,0,0,차대사람 - 보도통행중,안전운전불이행,건조,맑음,단일로 - 기타,승용,남,41세,상해없음,보행자,여,11세,중상
2014030700100096,2014년 3월 7일 07시,금요일,대구광역시 달성군 논공읍,중상사고,0,1,0,0,차대차 - 추돌 - 주정차중,안전운전불이행,건조,맑음,교차로 - 교차로부근,승합,남,61세,상해없음,승용,여,42세,중상
2014030700100097,2014년 3월 7일 07시,금요일,대구광역시 서구 비산동,중상사고,0,1,1,0,차대사람 - 기타,안전운전불이행,건조,맑음,단일로 - 기타,원동기,남,77세,상해없음,보행자,여,15세,경상
2014030700100140,2014년 3월 7일 08시,금요일,대구광역시 북구 태전동,경상사고,0,0,1,0,차대사람 - 기타,안전운전불이행,건조,맑음,단일로 - 기타,승용,여,57세,상해없음,보행자,남,63세,경상
2014030700100190,2014년 3월 7일 10시,금요일,대구광역시 달서구 대곡동,경상사고,0,0,2,0,차대차 - 추돌 - 주정차중,안전운전불이행,건조,맑음,단일로 - 횡단보도부근,승용,남,64세,상해없음,승용,남,52세,경상
2014030700100218,2014년 3월 7일 11시,금요일,대구광역시 수성구 만촌동,경상사고,0,0,4,0,차대차 - 측면직각충돌,신호위반,건조,맑음,교차로 - 교차로부근,승용,남,67세,상해없음,화물,남,33세,경상
2014030700100255,2014년 3월 7일 13시,금요일,대구광역시 서구 상리동,경상사고,0,0,2,0,차대차 - 추돌 - 주정차중,안전운전불이행,건조,맑음,단일로 - 기타,화물,남,55세,상해없음,승용,여,51세,경상
2014030700100256,2014년 3월 7일 13시,금요일,대구광역시 달서구 신당동,경상사고,0,0,1,0,차대차 - 추돌 - 주정차중,안전운전불이행,건조,맑음,교차로 - 교차로부근,승용,남,52세,상해없음,승용,여,39세,경상
2014030700100302,2014년 3월 7일 15시,금요일,대구광역시 남구 봉덕동,경상사고,0,0,1,0,차대차 - 추돌 - 진행중,안전운전불이행,건조,맑음,교차로 - 교차로안,승용,여,59세,상해없음,승용,남,59세,상해없음
2014030700100303,2014년 3월 7일 15시,금요일,대구광역시 수성구 황금동,경상사고,0,0,3,0,차대차 - 기타,안전거리미확보,건조,맑음,교차로 - 교차로부근,승용,남,53세,상해없음,승용,여,53세,경상
2014030700100304,2014년 3월 7일 15시,금요일,대구광역시 서구 비산동,중상사고,0,1,0,0,차대차 - 기타,안전운전불이행,건조,맑음,단일로 - 기타,이륜,남,51세,중상,화물,남,45세,상해없음
2014030700100327,2014년 3월 7일 16시,금요일,대구광역시 동구 부동,경상사고,0,0,1,0,차대차 - 측면직각충돌,안전거리미확보,건조,맑음,단일로 - 기타,승용,남,30세,상해없음,승용,여,30세,경상
2014030700100363,2014년 3월 7일 17시,금요일,대구광역시 달서구 상인동,중상사고,0,1,0,0,차량단독 - 기타,안전운전불이행,건조,맑음,단일로 - 기타,승합,남,55세,상해없음,,,,
2014030700100364,2014년 3월 7일 17시,금요일,대구광역시 달성군 다사읍,경상사고,0,0,1,0,차대사람 - 기타,안전운전불이행,건조,맑음,단일로 - 기타,승용,남,79세,상해없음,보행자,남,45세,경상
2014030700100397,2014년 3월 7일 18시,금요일,대구광역시 북구 노원동3가,경상사고,0,0,2,0,차대차 - 측면직각충돌,신호위반,건조,맑음,교차로 - 교차로안,승용,남,51세,상해없음,승용,남,33세,경상
2014030700100398,2014년 3월 7일 18시,금요일,대구광역시 달서구 이곡동,경상사고,0,0,2,0,차대차 - 측면직각충돌,안전거리미확보,건조,맑음,단일로 - 기타,승용,여,25세,상해없음,이륜,남,16세,경상
2014030700100438,2014년 3월 7일 19시,금요일,대구광역시 동구 신천동,중상사고,0,1,0,0,차대사람 - 횡단중,안전운전불이행,건조,맑음,단일로 - 기타,승용,남,32세,상해없음,보행자,남,13세,중상
2014030700100439,2014년 3월 7일 19시,금요일,대구광역시 달서구 상인동,중상사고,0,1,0,0,차대사람 - 횡단중,안전운전불이행,건조,맑음,단일로 - 기타,승용,여,46세,상해없음,보행자,남,67세,중상
2014030700100440,2014년 3월 7일 19시,금요일,대구광역시 달성군 화원읍,경상사고,0,0,1,0,차대차 - 기타,안전운전불이행,건조,맑음,교차로 - 교차로안,기타불명,기타불명,기타불명,기타불명,자전거,남,11세,경상
2014030700100467,2014년 3월 7일 20시,금요일,대구광역시 수성구 대흥동,경상사고,0,0,1,0,차대차 - 측면직각충돌,신호위반,건조,맑음,교차로 - 교차로안,승용,남,35세,상해없음,승용,여,41세,경상
2014030700100468,2014년 3월 7일 20시,금요일,대구광역시 수성구 범어동,경상사고,0,0,1,0,차대차 - 측면직각충돌,신호위반,건조,맑음,단일로 - 횡단보도상,이륜,남,22세,상해없음,이륜,남,29세,경상
2014030700100469,2014년 3월 7일 20시,금요일,대구광역시 북구 산격동,부상신고사고,0,0,0,1,차대차 - 기타,안전운전불이행,건조,맑음,교차로 - 교차로안,원동기,남,16세,부상신고,승용,남,53세,상해없음
2014030700100470,2014년 3월 7일 20시,금요일,대구광역시 서구 중리동,경상사고,0,0,1,0,차대차 - 기타,안전거리미확보,건조,맑음,단일로 - 기타,승용,여,25세,상해없음,승용,남,58세,경상
2014030700100494,2014년 3월 7일 21시,금요일,대구광역시 달성군 옥포면,경상사고,0,0,1,0,차대차 - 측면직각충돌,안전운전불이행,건조,맑음,단일로 - 기타,승용,남,46세,상해없음,승용,여,47세,경상
2014030700100498,2014년 3월 7일 21시,금요일,대구광역시 남구 대명동,경상사고,0,0,1,0,차대차 - 추돌 - 진행중,안전거리미확보,건조,맑음,단일로 - 기타,승용,남,41세,상해없음,이륜,남,50세,경상
2014030700100499,2014년 3월 7일 21시,금요일,대구광역시 수성구 신매동,경상사고,0,0,1,0,차대차 - 기타,안전거리미확보,건조,맑음,단일로 - 기타,승용,남,70세,상해없음,승용,남,47세,경상
2014030700100500,2014년 3월 7일 21시,금요일,대구광역시 달성군 화원읍,경상사고,0,0,1,0,차대차 - 측면직각충돌,직진우회전진행방해,건조,맑음,교차로 - 교차로안,승용,남,42세,상해없음,이륜,남,41세,경상
2014030700100536,2014년 3월 7일 22시,금요일,대구광역시 달서구 본리동,경상사고,0,0,1,0,차대차 - 측면직각충돌,교차로운행방법위반,건조,맑음,단일로 - 기타,승용,남,52세,상해없음,원동기,남,17세,경상
2014030700100537,2014년 3월 7일 22시,금요일,대구광역시 북구 태전동,경상사고,0,0,1,0,차대차 - 기타,안전운전불이행,건조,맑음,기타 - 기타,화물,남,36세,상해없음,승용,여,33세,경상
2014030700100563,2014년 3월 7일 23시,금요일,대구광역시 수성구 범어동,경상사고,0,0,1,0,차대차 - 기타,안전거리미확보,건조,맑음,단일로 - 기타,승용,남,41세,상해없음,이륜,남,19세,경상
2014030700100564,2014년 3월 7일 23시,금요일,대구광역시 달서구 상인동,경상사고,0,0,2,0,차대사람 - 기타,안전운전불이행,건조,맑음,단일로 - 기타,승용,남,46세,상해없음,보행자,남,18세,경상
2014030700100565,2014년 3월 7일 23시,금요일,대구광역시 달서구 본동,중상사고,0,1,0,0,차대사람 - 기타,보행자보호의무위반,건조,맑음,교차로 - 교차로부근,승용,여,43세,상해없음,보행자,남,20세,중상
2014030700100566,2014년 3월 7일 23시,금요일,대구광역시 중구 태평로3가,경상사고,0,0,2,0,차대차 - 측면직각충돌,안전거리미확보,건조,맑음,단일로 - 기타,승용,남,26세,상해없음,승용,남,44세,경상
2014030800100024,2014년 3월 8일 00시,토요일,대구광역시 동구 지저동,중상사고,0,3,1,0,차대차 - 측면직각충돌,신호위반,건조,맑음,교차로 - 교차로안,화물,남,35세,상해없음,승용,남,62세,중상
2014030800100067,2014년 3월 8일 02시,토요일,대구광역시 남구 대명동,경상사고,0,0,1,0,차대차 - 기타,안전거리미확보,건조,맑음,단일로 - 기타,승용,남,27세,상해없음,승용,남,33세,경상
2014030800100068,2014년 3월 8일 02시,토요일,대구광역시 서구 내당동,경상사고,0,0,3,0,차대차 - 추돌 - 주정차중,안전운전불이행,건조,흐림,교차로 - 교차로부근,승용,남,27세,기타불명,승용,남,48세,경상
2014030800100078,2014년 3월 8일 03시,토요일,대구광역시 북구 칠성동1가,경상사고,0,0,2,1,차대차 - 측면직각충돌,안전운전불이행,건조,맑음,교차로 - 교차로안,승용,여,22세,상해없음,승용,남,57세,부상신고
2014030800100090,2014년 3월 8일 04시,토요일,대구광역시 동구 용계동,경상사고,0,0,1,0,차대차 - 추돌 - 주정차중,안전운전불이행,건조,맑음,교차로 - 교차로부근,승용,남,26세,상해없음,승용,남,43세,경상
2014030800100115,2014년 3월 8일 06시,토요일,대구광역시 달성군 유가면,중상사고,0,2,1,0,차대차 - 측면직각충돌,직진우회전진행방해,건조,맑음,교차로 - 교차로안,승용,남,58세,경상,승용,남,46세,중상
2014030800100148,2014년 3월 8일 08시,토요일,대구광역시 동구 신암동,경상사고,0,0,2,0,차대차 - 기타,안전거리미확보,건조,맑음,단일로 - 기타,건설기계,남,47세,상해없음,승용,남,62세,경상
2014030800100190,2014년 3월 8일 10시,토요일,대구광역시 동구 신천동,경상사고,0,0,2,0,차대차 - 측면직각충돌,신호위반,건조,맑음,교차로 - 교차로안,원동기,남,72세,경상,승용,남,55세,상해없음
2014030800100191,2014년 3월 8일 10시,토요일,대구광역시 북구 대현동,경상사고,0,0,1,0,차대차 - 기타,안전거리미확보,건조,맑음,단일로 - 기타,승용,남,47세,상해없음,승용,남,25세,경상
2014030800100192,2014년 3월 8일 10시,토요일,대구광역시 북구 관음동,중상사고,0,1,0,0,차량단독 - 기타,안전거리미확보,건조,맑음,단일로 - 기타,승합,남,44세,상해없음,,,,
2014030800100193,2014년 3월 8일 10시,토요일,대구광역시 서구 중리동,경상사고,0,0,1,0,차대차 - 기타,안전운전불이행,건조,맑음,단일로 - 기타,화물,남,61세,상해없음,자전거,남,52세,경상
2014030800100266,2014년 3월 8일 13시,토요일,대구광역시 서구 내당동,경상사고,0,0,2,0,차대차 - 기타,신호위반,건조,맑음,단일로 - 횡단보도상,승용,여,39세,상해없음,이륜,남,50세,경상
2014030800100267,2014년 3월 8일 13시,토요일,대구광역시 중구 남일동,경상사고,0,0,1,1,차대차 - 측면직각충돌,직진우회전진행방해,건조,맑음,교차로 - 교차로안,승용,남,48세,상해없음,승용,남,60세,경상
2014030800100300,2014년 3월 8일 14시,토요일,대구광역시 중구 대신동,경상사고,0,0,1,0,차대사람 - 길가장자리구역통행중,안전운전불이행,건조,맑음,단일로 - 기타,승용,여,45세,상해없음,보행자,남,44세,경상
2014030800100321,2014년 3월 8일 15시,토요일,대구광역시 수성구 중동,경상사고,0,0,1,1,차대차 - 기타,안전거리미확보,건조,맑음,단일로 - 기타,승용,남,58세,상해없음,승용,남,40세,경상
2014030800100322,2014년 3월 8일 15시,토요일,대구광역시 북구 구암동,중상사고,0,1,0,0,차량단독 - 기타,안전운전불이행,건조,맑음,교차로 - 교차로부근,승합,남,52세,상해없음,,,,
2014030800100348,2014년 3월 8일 16시,토요일,대구광역시 북구 학정동,부상신고사고,0,0,0,1,차대차 - 정면충돌,안전운전불이행,건조,맑음,단일로 - 기타,자전거,여,11세,부상신고,화물,남,34세,상해없음
2014030800100371,2014년 3월 8일 17시,토요일,대구광역시 동구 신암동,부상신고사고,0,0,0,1,차대사람 - 기타,안전운전불이행,건조,맑음,단일로 - 기타,승용,남,71세,상해없음,보행자,남,49세,부상신고
2014030800100372,2014년 3월 8일 17시,토요일,대구광역시 수성구 상동,경상사고,0,0,1,0,차대차 - 측면직각충돌,안전거리미확보,건조,맑음,단일로 - 기타,승용,남,21세,상해없음,원동기,남,32세,경상
2014030800100373,2014년 3월 8일 17시,토요일,대구광역시 수성구 삼덕동,경상사고,0,0,1,0,차대차 - 측면직각충돌,신호위반,건조,맑음,교차로 - 교차로안,승용,남,26세,상해없음,화물,남,52세,경상
2014030800100406,2014년 3월 8일 18시,토요일,대구광역시 달성군 논공읍,중상사고,0,1,0,0,차대차 - 측면직각충돌,안전운전불이행,건조,맑음,교차로 - 교차로안,원동기,남,40세,중상,승용,여,45세,상해없음
2014030800100449,2014년 3월 8일 19시,토요일,대구광역시 수성구 수성동1가,중상사고,0,1,0,0,차대사람 - 길가장자리구역통행중,안전운전불이행,건조,맑음,단일로 - 기타,화물,기타불명,기타불명,기타불명,보행자,여,78세,중상
2014030800100450,2014년 3월 8일 19시,토요일,대구광역시 북구 관음동,중상사고,0,1,0,0,차대사람 - 횡단중,보행자보호의무위반,건조,맑음,단일로 - 횡단보도상,승용,남,47세,상해없음,보행자,남,50세,중상
2014030800100483,2014년 3월 8일 20시,토요일,대구광역시 수성구 매호동,경상사고,0,0,3,0,차대차 - 측면직각충돌,안전거리미확보,건조,맑음,단일로 - 기타,승용,여,45세,상해없음,승용,남,30세,경상
2014030800100484,2014년 3월 8일 20시,토요일,대구광역시 수성구 만촌동,경상사고,0,0,2,0,차대차 - 기타,안전운전불이행,건조,맑음,교차로 - 교차로안,승용,남,32세,상해없음,승용,남,23세,경상
2014030800100485,2014년 3월 8일 20시,토요일,대구광역시 달서구 송현동,경상사고,0,0,1,0,차대사람 - 기타,안전운전불이행,건조,맑음,교차로 - 교차로부근,승용,남,61세,상해없음,보행자,남,43세,경상
2014030800100516,2014년 3월 8일 21시,토요일,대구광역시 수성구 범어동,중상사고,0,1,0,0,차대차 - 추돌 - 진행중,교차로운행방법위반,건조,맑음,교차로 - 교차로안,승용,남,46세,상해없음,승용,남,57세,중상
2014030800100517,2014년 3월 8일 21시,토요일,대구광역시 수성구 수성동2가,중상사고,0,1,1,0,차대차 - 기타,직진우회전진행방해,건조,맑음,교차로 - 교차로안,승용,여,33세,경상,승용,여,38세,중상
2014030800100518,2014년 3월 8일 21시,토요일,대구광역시 달서구 송현동,경상사고,0,0,1,0,차대차 - 기타,안전운전불이행,건조,맑음,단일로 - 기타,승용,남,51세,상해없음,원동기,여,51세,기타불명
2014030800100519,2014년 3월 8일 21시,토요일,대구광역시 서구 평리동,중상사고,0,1,0,0,차대사람 - 기타,안전운전불이행,건조,맑음,단일로 - 기타,승용,남,33세,상해없음,보행자,남,43세,중상
2014030800100543,2014년 3월 8일 22시,토요일,대구광역시 남구 이천동,중상사고,0,1,0,0,차대차 - 추돌 - 진행중,안전거리미확보,건조,맑음,단일로 - 기타,화물,남,42세,상해없음,승용,여,39세,중상
2014030800100544,2014년 3월 8일 22시,토요일,대구광역시 달성군 논공읍,경상사고,0,0,1,0,차대차 - 기타,안전운전불이행,건조,맑음,교차로 - 교차로안,원동기,남,16세,경상,승용,남,55세,상해없음
2014030800100545,2014년 3월 8일 22시,토요일,대구광역시 북구 태전동,경상사고,0,0,1,0,차대사람 - 횡단중,안전운전불이행,건조,맑음,단일로 - 기타,승용,남,58세,상해없음,보행자,여,51세,경상
2014030800100564,2014년 3월 8일 23시,토요일,대구광역시 달서구 상인동,경상사고,0,0,2,0,차대차 - 추돌 - 진행중,중앙선침범,건조,맑음,교차로 - 교차로부근,승용,여,49세,상해없음,승용,남,30세,경상
2014030800100565,2014년 3월 8일 23시,토요일,대구광역시 북구 침산동,경상사고,0,0,1,0,차대차 - 측면직각충돌,신호위반,건조,맑음,교차로 - 교차로안,이륜,남,19세,상해없음,승용,남,26세,상해없음
2014030800100566,2014년 3월 8일 23시,토요일,대구광역시 서구 비산동,경상사고,0,0,1,0,차대사람 - 기타,안전운전불이행,건조,맑음,교차로 - 교차로안,승용,남,47세,상해없음,보행자,여,66세,경상
2014030900100023,2014년 3월 9일 00시,일요일,대구광역시 동구 신암동,경상사고,0,0,1,0,차대사람 - 기타,안전운전불이행,건조,맑음,기타 - 기타,승용,남,30세,상해없음,보행자,남,25세,경상
2014030900100047,2014년 3월 9일 01시,일요일,대구광역시 수성구 지산동,중상사고,0,1,1,1,차대차 - 추돌 - 진행중,안전운전불이행,건조,맑음,단일로 - 기타,승용,남,29세,상해없음,승용,남,63세,부상신고
2014030900100048,2014년 3월 9일 01시,일요일,대구광역시 달서구 두류동,부상신고사고,0,0,0,1,차대차 - 기타,신호위반,건조,맑음,교차로 - 교차로부근,원동기,남,22세,부상신고,승용,남,61세,상해없음
2014030900100049,2014년 3월 9일 01시,일요일,대구광역시 달서구 용산동,경상사고,0,0,2,0,차대차 - 추돌 - 주정차중,안전운전불이행,건조,맑음,단일로 - 기타,승용,남,43세,상해없음,승용,여,28세,경상
2014030900100065,2014년 3월 9일 02시,일요일,대구광역시 달서구 두류동,경상사고,0,0,1,0,차대사람 - 횡단중,신호위반,건조,맑음,단일로 - 횡단보도상,이륜,남,13세,상해없음,보행자,남,28세,경상
2014030900100083,2014년 3월 9일 03시,일요일,대구광역시 수성구 두산동,중상사고,0,1,0,0,차대사람 - 보도통행중,안전운전불이행,건조,맑음,단일로 - 횡단보도상,승용,남,53세,상해없음,보행자,남,26세,중상
2014030900100084,2014년 3월 9일 03시,일요일,대구광역시 서구 내당동,경상사고,0,0,2,0,차대차 - 기타,안전운전불이행,건조,맑음,교차로 - 교차로부근,승용,남,30세,상해없음,승용,남,49세,경상
2014030900100095,2014년 3월 9일 04시,일요일,대구광역시 달서구 본리동,부상신고사고,0,0,0,1,차대사람 - 기타,안전운전불이행,건조,맑음,단일로 - 횡단보도부근,승용,기타불명,기타불명,기타불명,보행자,남,42세,부상신고
2014030900100128,2014년 3월 9일 07시,일요일,대구광역시 서구 평리동,경상사고,0,0,2,0,차대차 - 추돌 - 주정차중,안전운전불이행,건조,맑음,단일로 - 횡단보도부근,승용,남,40세,상해없음,승용,남,68세,경상
2014030900100129,2014년 3월 9일 07시,일요일,대구광역시 달서구 본리동,경상사고,0,0,1,0,차대차 - 추돌 - 진행중,직진우회전진행방해,건조,맑음,교차로 - 교차로안,승용,남,47세,상해없음,승용,여,58세,상해없음
2014030900100130,2014년 3월 9일 07시,일요일,대구광역시 북구 구암동,부상신고사고,0,0,0,1,차대차 - 추돌 - 주정차중,안전운전불이행,건조,맑음,교차로 - 교차로부근,승용,남,29세,부상신고,화물,남,54세,기타불명
2014030900100131,2014년 3월 9일 07시,일요일,대구광역시 북구 태전동,경상사고,0,0,1,0,차대사람 - 횡단중,안전운전불이행,건조,맑음,단일로 - 기타,승합,남,54세,상해없음,보행자,남,19세,경상
2014030900100143,2014년 3월 9일 08시,일요일,대구광역시 달성군 유가면,경상사고,0,0,1,0,차대차 - 기타,안전운전불이행,건조,맑음,단일로 - 기타,승용,여,25세,상해없음,승용,여,29세,경상
2014030900100226,2014년 3월 9일 13시,일요일,대구광역시 수성구 황금동,경상사고,0,0,1,0,차대차 - 기타,안전거리미확보,건조,맑음,단일로 - 기타,이륜,남,16세,상해없음,이륜,남,26세,경상
2014030900100248,2014년 3월 9일 14시,일요일,대구광역시 달성군 가창면,경상사고,0,0,1,0,차대차 - 추돌 - 주정차중,안전운전불이행,건조,맑음,단일로 - 기타,승용,남,42세,상해없음,승용,남,48세,경상
2014030900100249,2014년 3월 9일 14시,일요일,대구광역시 북구 구암동,경상사고,0,0,2,0,차대사람 - 횡단중,안전운전불이행,건조,맑음,단일로 - 기타,이륜,남,39세,경상,보행자,남,14세,경상
2014030900100250,2014년 3월 9일 14시,일요일,대구광역시 북구 관음동,부상신고사고,0,0,0,1,차대차 - 추돌 - 주정차중,안전운전불이행,건조,맑음,단일로 - 기타,승용,여,47세,상해없음,화물,남,45세,부상신고
2014030900100280,2014년 3월 9일 15시,일요일,대구광역시 달서구 상인동,경상사고,0,0,1,0,차대차 - 추돌 - 주정차중,안전운전불이행,건조,맑음,교차로 - 교차로부근,승용,남,68세,상해없음,승용,남,65세,경상
2014030900100281,2014년 3월 9일 15시,일요일,대구광역시 달서구 성당동,경상사고,0,0,1,0,차대차 - 추돌 - 진행중,안전운전불이행,건조,맑음,단일로 - 기타,승합,남,55세,상해없음,승용,남,64세,경상
2014030900100282,2014년 3월 9일 15시,일요일,대구광역시 달서구 용산동,경상사고,0,0,1,0,차대차 - 측면직각충돌,교차로운행방법위반,건조,흐림,교차로 - 교차로안,이륜,남,32세,상해없음,승용,여,57세,경상
2014030900100332,2014년 3월 9일 17시,일요일,대구광역시 북구 관음동,중상사고,0,1,0,0,차대차 - 기타,안전거리미확보,건조,맑음,단일로 - 기타,승용,남,42세,상해없음,승합,남,48세,상해없음
2014030900100336,2014년 3월 9일 17시,일요일,대구광역시 서구 비산동,경상사고,0,0,2,1,차대차 - 측면직각충돌,안전거리미확보,건조,맑음,교차로 - 교차로부근,승용,남,48세,상해없음,승용,남,44세,경상
2014030900100337,2014년 3월 9일 17시,일요일,대구광역시 달서구 감삼동,경상사고,0,0,1,0,차대차 - 측면직각충돌,안전운전불이행,건조,맑음,단일로 - 기타,승용,남,50세,상해없음,승용,남,29세,경상
2014030900100364,2014년 3월 9일 18시,일요일,대구광역시 남구 봉덕동,중상사고,0,1,0,0,차량단독 - 기타,기타,건조,맑음,단일로 - 기타,승합,남,65세,상해없음,,,,
2014030900100365,2014년 3월 9일 18시,일요일,대구광역시 달성군 가창면,중상사고,0,5,0,0,차대차 - 측면직각충돌,신호위반,건조,맑음,교차로 - 교차로안,승합,남,47세,상해없음,승용,남,53세,중상
2014030900100394,2014년 3월 9일 19시,일요일,대구광역시 동구 검사동,경상사고,0,0,1,0,차대차 - 기타,신호위반,건조,맑음,교차로 - 교차로안,승용,남,53세,상해없음,승용,여,48세,경상
2014030900100395,2014년 3월 9일 19시,일요일,대구광역시 달성군 화원읍,경상사고,0,0,2,0,차대차 - 추돌 - 주정차중,안전운전불이행,건조,맑음,교차로 - 교차로부근,승용,남,49세,상해없음,승용,여,46세,경상
2014030900100396,2014년 3월 9일 19시,일요일,대구광역시 달서구 호산동,경상사고,0,0,2,0,차대차 - 추돌 - 진행중,안전운전불이행,건조,맑음,단일로 - 기타,승용,남,40세,상해없음,승용,여,55세,경상
2014030900100421,2014년 3월 9일 20시,일요일,대구광역시 남구 대명동,경상사고,0,0,1,0,차대차 - 측면직각충돌,직진우회전진행방해,건조,맑음,교차로 - 교차로안,이륜,남,49세,경상,승용,남,48세,상해없음
2014030900100422,2014년 3월 9일 20시,일요일,대구광역시 중구 달성동,경상사고,0,0,1,0,차대차 - 기타,안전운전불이행,건조,맑음,교차로 - 교차로부근,승용,여,35세,상해없음,자전거,남,63세,경상
2014030900100423,2014년 3월 9일 20시,일요일,대구광역시 북구 서변동,중상사고,0,1,0,0,차대차 - 추돌 - 진행중,안전운전불이행,건조,맑음,교차로 - 교차로안,승용,남,67세,상해없음,이륜,남,35세,중상
2014030900100424,2014년 3월 9일 20시,일요일,대구광역시 북구 관음동,부상신고사고,0,0,0,1,차대차 - 추돌 - 주정차중,안전운전불이행,건조,맑음,단일로 - 기타,화물,남,51세,부상신고,승합,남,54세,상해없음
2014030900100476,2014년 3월 9일 22시,일요일,대구광역시 북구 구암동,경상사고,0,0,2,0,차대차 - 측면직각충돌,안전거리미확보,기타,맑음,단일로 - 기타,승용,남,64세,상해없음,승용,여,49세,경상
2014030900100495,2014년 3월 9일 23시,일요일,대구광역시 서구 내당동,경상사고,0,0,3,0,차대차 - 추돌 - 주정차중,안전운전불이행,건조,맑음,단일로 - 기타,승용,남,35세,상해없음,승용,남,56세,경상
2014031000100009,2014년 3월 10일 00시,월요일,대구광역시 동구 검사동,경상사고,0,0,4,0,차대차 - 기타,교차로운행방법위반,건조,맑음,교차로 - 교차로안,승용,남,60세,상해없음,승용,남,37세,경상
2014031000100019,2014년 3월 10일 01시,월요일,대구광역시 북구 노원동1가,경상사고,0,0,1,0,차대차 - 기타,중앙선침범,건조,맑음,단일로 - 기타,자전거,남,35세,상해없음,원동기,남,27세,경상
2014031000100035,2014년 3월 10일 02시,월요일,대구광역시 남구 대명동,부상신고사고,0,0,0,1,차량단독 - 공작물충돌,안전운전불이행,건조,맑음,단일로 - 기타,화물,남,32세,부상신고,,,,
2014031000100039,2014년 3월 10일 03시,월요일,대구광역시 동구 신암동,경상사고,0,0,1,0,차대차 - 기타,신호위반,건조,맑음,교차로 - 교차로부근,승용,남,39세,상해없음,승용,남,43세,경상
2014031000100070,2014년 3월 10일 06시,월요일,대구광역시 중구 남산동,경상사고,0,0,1,0,차대차 - 추돌 - 진행중,안전거리미확보,건조,맑음,단일로 - 기타,승용,남,31세,기타불명,승용,남,55세,경상
2014031000100095,2014년 3월 10일 07시,월요일,대구광역시 서구 비산동,경상사고,0,0,1,0,차대차 - 추돌 - 진행중,안전거리미확보,건조,맑음,단일로 - 기타,승용,남,60세,상해없음,자전거,남,32세,경상
2014031000100096,2014년 3월 10일 07시,월요일,대구광역시 서구 평리동,경상사고,0,0,1,0,차대사람 - 길가장자리구역통행중,안전운전불이행,건조,맑음,단일로 - 기타,승용,여,43세,상해없음,보행자,남,17세,경상
2014031000100135,2014년 3월 10일 08시,월요일,대구광역시 동구 신암동,중상사고,0,1,0,0,차대사람 - 기타,안전운전불이행,건조,맑음,교차로 - 교차로안,화물,남,54세,상해없음,보행자,여,85세,중상
2014031000100136,2014년 3월 10일 08시,월요일,대구광역시 수성구 만촌동,중상사고,0,1,0,0,차대사람 - 횡단중,보행자보호의무위반,건조,맑음,교차로 - 교차로부근,승용,남,38세,상해없음,보행자,여,28세,중상
2014031000100137,2014년 3월 10일 08시,월요일,대구광역시 서구 내당동,경상사고,0,0,1,0,차대차 - 측면직각충돌,안전거리미확보,건조,맑음,단일로 - 기타,승용,남,32세,상해없음,승용,남,46세,경상
2014031000100138,2014년 3월 10일 08시,월요일,대구광역시 중구 태평로2가,경상사고,0,0,1,0,차대차 - 측면직각충돌,안전거리미확보,건조,맑음,단일로 - 기타,승용,남,38세,상해없음,승용,여,48세,경상
2014031000100174,2014년 3월 10일 09시,월요일,대구광역시 북구 산격동,중상사고,0,1,5,0,차량단독 - 전도전복,안전운전불이행,건조,맑음,단일로 - 기타,승합,남,53세,상해없음,,,,
2014031000100175,2014년 3월 10일 09시,월요일,대구광역시 중구 사일동,중상사고,0,1,0,0,차대사람 - 기타,안전운전불이행,건조,맑음,단일로 - 기타,이륜,남,42세,상해없음,보행자,여,64세,중상
2014031000100204,2014년 3월 10일 10시,월요일,대구광역시 북구 복현동,경상사고,0,0,1,0,차대차 - 기타,안전운전불이행,건조,맑음,교차로 - 교차로안,승용,남,47세,상해없음,승용,남,26세,경상
2014031000100205,2014년 3월 10일 10시,월요일,대구광역시 중구 달성동,경상사고,0,0,1,0,차대차 - 측면직각충돌,교차로운행방법위반,건조,맑음,교차로 - 교차로안,승용,남,47세,상해없음,자전거,남,57세,경상