사고번호,사고일시,요일,시군구,사고내용,사망자수,중상자수,경상자수,부상신고자수,사고유형,법규위반,노면상태,기상상태,도로형태,가해운전자 차종,가해운전자 성별,가해운전자 연령,가해운전자 상해정도,피해운전자 차종,피해운전자 성별,피해운전자 연령,피해운전자 상해정도
2014031000100206,2014년 3월 10일 10시,월요일,대구광역시 북구 관음동,경상사고,0,0,2,0,차대차 - 기타,안전운전불이행,건조,맑음,기타 - 기타,승용,남,34세,상해없음,화물,남,62세,경상
2014031000100224,2014년 3월 10일 11시,월요일,대구광역시 동구 지묘동,부상신고사고,0,0,0,1,차량단독 - 기타,안전운전불이행,건조,맑음,단일로 - 기타,화물,여,62세,부상신고,,,,
2014031000100225,2014년 3월 10일 11시,월요일,대구광역시 수성구 범어동,경상사고,0,0,1,0,차대차 - 측면직각충돌,신호위반,건조,맑음,교차로 - 교차로안,승용,여,24세,상해없음,원동기,남,71세,경상
2014031000100226,2014년 3월 10일 11시,월요일,대구광역시 수성구 만촌동,중상사고,0,1,0,0,차대차 - 기타,기타,건조,맑음,단일로 - 기타,승용,남,72세,상해없음,원동기,남,37세,중상
2014031000100253,2014년 3월 10일 12시,월요일,대구광역시 달성군 현풍면,중상사고,0,1,0,0,차대차 - 기타,안전운전불이행,건조,맑음,단일로 - 기타,화물,남,53세,상해없음,승용,여,27세,중상
2014031000100278,2014년 3월 10일 13시,월요일,대구광역시 수성구 시지동,경상사고,0,0,1,0,차대사람 - 기타,안전운전불이행,건조,맑음,단일로 - 기타,승합,남,47세,상해없음,보행자,여,62세,경상
2014031000100279,2014년 3월 10일 13시,월요일,대구광역시 달서구 도원동,부상신고사고,0,0,0,1,차대차 - 추돌 - 진행중,교차로운행방법위반,건조,맑음,교차로 - 교차로안,원동기,남,41세,부상신고,화물,남,55세,상해없음
2014031000100280,2014년 3월 10일 13시,월요일,대구광역시 달서구 용산동,경상사고,0,0,2,0,차대차 - 추돌 - 진행중,안전거리미확보,건조,맑음,단일로 - 기타,화물,남,38세,상해없음,승용,여,40세,경상
2014031000100310,2014년 3월 10일 14시,월요일,대구광역시 수성구 범어동,경상사고,0,0,1,0,차대차 - 추돌 - 진행중,안전거리미확보,건조,맑음,단일로 - 기타,승용,남,74세,기타불명,승합,남,43세,경상
2014031000100311,2014년 3월 10일 14시,월요일,대구광역시 달성군 논공읍,경상사고,0,0,1,0,차대차 - 기타,안전운전불이행,건조,맑음,단일로 - 기타,승용,기타불명,기타불명,기타불명,화물,남,63세,경상
2014031000100312,2014년 3월 10일 14시,월요일,대구광역시 달서구 본리동,중상사고,0,1,0,0,차대차 - 추돌 - 주정차중,안전운전불이행,건조,맑음,교차로 - 교차로부근,승용,남,54세,상해없음,승용,여,47세,중상
2014031000100340,2014년 3월 10일 15시,월요일,대구광역시 수성구 지산동,경상사고,0,0,1,0,차대사람 - 기타,보행자보호의무위반,건조,맑음,단일로 - 횡단보도상,승용,여,46세,상해없음,보행자,여,60세,경상
2014031000100341,2014년 3월 10일 15시,월요일,대구광역시 달성군 현풍면,경상사고,0,0,1,0,차대차 - 기타,안전거리미확보,건조,맑음,단일로 - 기타,승용,남,58세,경상,화물,남,58세,상해없음
2014031000100374,2014년 3월 10일 16시,월요일,대구광역시 달서구 상인동,중상사고,0,1,0,0,차대사람 - 기타,안전운전불이행,건조,맑음,교차로 - 교차로부근,화물,남,65세,상해없음,보행자,남,75세,중상
2014031000100375,2014년 3월 10일 16시,월요일,대구광역시 달성군 화원읍,경상사고,0,0,2,0,차대차 - 추돌 - 진행중,안전운전불이행,건조,맑음,교차로 - 교차로부근,화물,남,33세,상해없음,승용,남,48세,경상
2014031000100376,2014년 3월 10일 16시,월요일,대구광역시 북구 복현동,중상사고,0,1,0,0,차대차 - 측면직각충돌,안전운전불이행,건조,맑음,단일로 - 기타,화물,남,60세,상해없음,원동기,남,46세,중상
2014031000100377,2014년 3월 10일 16시,월요일,대구광역시 서구 내당동,중상사고,0,1,0,0,차대사람 - 횡단중,신호위반,건조,맑음,단일로 - 기타,승용,여,59세,상해없음,보행자,남,70세,중상
2014031000100407,2014년 3월 10일 17시,월요일,대구광역시 달서구 월암동,중상사고,0,1,0,0,차대차 - 기타,기타,건조,맑음,단일로 - 기타,화물,남,41세,중상,화물,남,52세,상해없음
2014031000100453,2014년 3월 10일 18시,월요일,대구광역시 동구 신천동,부상신고사고,0,0,0,1,차대차 - 측면직각충돌,신호위반,건조,맑음,교차로 - 교차로안,이륜,남,19세,부상신고,승용,남,61세,상해없음
2014031000100454,2014년 3월 10일 18시,월요일,대구광역시 중구 남산동,경상사고,0,0,1,0,차대차 - 추돌 - 주정차중,안전운전불이행,건조,맑음,단일로 - 기타,승용,여,43세,상해없음,승용,남,53세,경상
2014031000100455,2014년 3월 10일 18시,월요일,대구광역시 달서구 두류동,경상사고,0,0,1,0,차량단독 - 기타,기타,건조,흐림,교차로 - 교차로부근,승용,남,59세,상해없음,,,,
2014031000100456,2014년 3월 10일 18시,월요일,대구광역시 북구 관음동,경상사고,0,0,1,0,차대차 - 기타,안전운전불이행,건조,맑음,기타 - 기타,이륜,남,39세,경상,승용,남,38세,상해없음
2014031000100497,2014년 3월 10일 19시,월요일,대구광역시 수성구 황금동,경상사고,0,0,1,0,차대차 - 측면직각충돌,신호위반,건조,맑음,단일로 - 횡단보도상,승용,여,29세,상해없음,이륜,남,32세,경상
2014031000100498,2014년 3월 10일 19시,월요일,대구광역시 수성구 수성동3가,경상사고,0,0,1,0,차대사람 - 횡단중,안전운전불이행,건조,맑음,교차로 - 교차로안,승용,남,72세,상해없음,보행자,남,13세,경상
2014031000100499,2014년 3월 10일 19시,월요일,대구광역시 북구 대현동,경상사고,0,0,1,0,차대차 - 추돌 - 진행중,안전운전불이행,건조,맑음,교차로 - 교차로안,승용,여,47세,상해없음,승용,남,28세,경상
2014031000100500,2014년 3월 10일 19시,월요일,대구광역시 북구 태전동,경상사고,0,0,1,0,차량단독 - 기타,안전운전불이행,건조,맑음,교차로 - 교차로부근,승합,남,42세,상해없음,,,,
2014031000100563,2014년 3월 10일 21시,월요일,대구광역시 수성구 범어동,경상사고,0,0,1,0,차대차 - 측면직각충돌,안전거리미확보,건조,맑음,단일로 - 기타,승용,기타불명,기타불명,기타불명,이륜,남,26세,경상
2014031000100564,2014년 3월 10일 21시,월요일,대구광역시 달서구 월성동,경상사고,0,0,1,0,차대사람 - 기타,안전운전불이행,건조,맑음,교차로 - 교차로안,승용,남,29세,상해없음,보행자,남,60세,경상
2014031000100565,2014년 3월 10일 21시,월요일,대구광역시 달서구 송현동,경상사고,0,0,1,0,차대차 - 추돌 - 주정차중,안전운전불이행,건조,맑음,교차로 - 교차로부근,승용,남,54세,상해없음,이륜,남,20세,경상
2014031000100566,2014년 3월 10일 21시,월요일,대구광역시 달서구 감삼동,경상사고,0,0,1,0,차대차 - 추돌 - 진행중,안전거리미확보,건조,맑음,단일로 - 기타,승용,남,21세,상해없음,자전거,남,26세,경상
2014031000100590,2014년 3월 10일 22시,월요일,대구광역시 남구 대명동,중상사고,0,1,0,0,차량단독 - 공작물충돌,안전운전불이행,건조,맑음,단일로 - 기타,이륜,남,46세,중상,,,,
2014031000100591,2014년 3월 10일 22시,월요일,대구광역시 달서구 상인동,경상사고,0,0,1,0,차대사람 - 기타,안전운전불이행,건조,맑음,교차로 - 교차로부근,승용,남,25세,상해없음,보행자,남,48세,경상
2014031000100592,2014년 3월 10일 22시,월요일,대구광역시 달서구 송현동,경상사고,0,0,1,1,차대차 - 측면직각충돌,직진우회전진행방해,건조,맑음,교차로 - 교차로안,승용,남,30세,경상,승용,여,36세,부상신고
2014031000100593,2014년 3월 10일 22시,월요일,대구광역시 달서구 본리동,중상사고,0,1,0,0,차대차 - 추돌 - 진행중,안전운전불이행,건조,맑음,단일로 - 기타,원동기,남,16세,중상,승용,남,28세,상해없음
2014031000100594,2014년 3월 10일 22시,월요일,대구광역시 달서구 성당동,중상사고,0,1,0,0,차대차 - 기타,기타,건조,맑음,단일로 - 기타,승용,남,31세,상해없음,이륜,남,50세,중상
2014031000100621,2014년 3월 10일 23시,월요일,대구광역시 수성구 욱수동,경상사고,0,0,2,0,차대차 - 추돌 - 진행중,안전운전불이행,건조,맑음,단일로 - 기타,승용,남,43세,상해없음,승용,남,20세,경상
2014031000100622,2014년 3월 10일 23시,월요일,대구광역시 서구 비산동,경상사고,0,0,3,0,차대차 - 측면직각충돌,신호위반,건조,맑음,교차로 - 교차로안,승용,남,51세,상해없음,승용,남,65세,경상
2014031100100027,2014년 3월 11일 01시,화요일,대구광역시 달서구 송현동,경상사고,0,0,1,0,차대차 - 기타,안전거리미확보,건조,맑음,단일로 - 기타,승용,남,31세,상해없음,승용,남,47세,경상
2014031100100028,2014년 3월 11일 01시,화요일,대구광역시 북구 서변동,중상사고,0,1,0,0,차대차 - 추돌 - 주정차중,안전운전불이행,건조,맑음,단일로 - 기타,승용,여,49세,상해없음,승용,남,26세,중상
2014031100100064,2014년 3월 11일 06시,화요일,대구광역시 달서구 상인동,경상사고,0,0,1,0,차량단독 - 공작물충돌,안전운전불이행,건조,맑음,단일로 - 기타,승용,여,32세,경상,,,,
2014031100100065,2014년 3월 11일 06시,화요일,대구광역시 북구 매천동,중상사고,0,1,0,0,차대사람 - 횡단중,안전운전불이행,건조,맑음,단일로 - 기타,화물,남,59세,상해없음,보행자,남,62세,중상
2014031100100091,2014년 3월 11일 07시,화요일,대구광역시 수성구 신매동,경상사고,0,0,1,0,차대차 - 측면직각충돌,안전운전불이행,건조,맑음,단일로 - 기타,승용,여,39세,기타불명,승용,남,38세,경상
2014031100100092,2014년 3월 11일 07시,화요일,대구광역시 북구 산격동,경상사고,0,0,1,0,차대차 - 기타,안전운전불이행,건조,맑음,단일로 - 기타,화물,남,57세,기타불명,승합,남,53세,상해없음
2014031100100093,2014년 3월 11일 07시,화요일,대구광역시 달서구 이곡동,경상사고,0,0,1,0,차대차 - 추돌 - 진행중,안전운전불이행,건조,맑음,기타 - 기타,자전거,남,22세,경상,화물,남,63세,상해없음
2014031100100126,2014년 3월 11일 08시,화요일,대구광역시 남구 이천동,경상사고,0,0,2,0,차대차 - 추돌 - 진행중,안전거리미확보,건조,맑음,교차로 - 교차로부근,승용,여,35세,상해없음,승용,여,51세,경상
2014031100100127,2014년 3월 11일 08시,화요일,대구광역시 달서구 본동,중상사고,0,1,0,0,차대차 - 기타,안전거리미확보,건조,맑음,교차로 - 교차로안,화물,남,37세,상해없음,승용,여,59세,중상
2014031100100146,2014년 3월 11일 09시,화요일,대구광역시 동구 신암동,중상사고,0,1,0,0,차대차 - 기타,안전거리미확보,건조,맑음,교차로 - 교차로부근,화물,남,38세,상해없음,승용,여,34세,중상
2014031100100147,2014년 3월 11일 09시,화요일,대구광역시 달서구 본동,경상사고,0,0,1,0,차대차 - 기타,안전거리미확보,건조,맑음,교차로 - 교차로안,승용,남,63세,상해없음,승용,남,62세,경상
2014031100100172,2014년 3월 11일 10시,화요일,대구광역시 달성군 현풍면,중상사고,0,1,0,0,차대사람 - 기타,보행자보호의무위반,건조,맑음,단일로 - 기타,승용,남,68세,상해없음,보행자,남,81세,중상
2014031100100190,2014년 3월 11일 11시,화요일,대구광역시 북구 칠성동2가,경상사고,0,0,1,0,차대차 - 추돌 - 진행중,안전운전불이행,건조,맑음,기타 - 기타,화물,남,65세,상해없음,승용,남,38세,경상
2014031100100191,2014년 3월 11일 11시,화요일,대구광역시 달서구 감삼동,경상사고,0,0,1,0,차대사람 - 기타,안전운전불이행,건조,맑음,단일로 - 기타,승용,남,41세,상해없음,보행자,남,51세,경상
2014031100100192,2014년 3월 11일 11시,화요일,대구광역시 달서구 두류동,경상사고,0,0,1,0,차대차 - 기타,안전운전불이행,건조,맑음,단일로 - 기타,승용,기타불명,기타불명,기타불명,원동기,남,57세,경상
2014031100100218,2014년 3월 11일 12시,화요일,대구광역시 동구 신암동,경상사고,0,0,5,0,차대차 - 추돌 - 주정차중,안전운전불이행,건조,맑음,단일로 - 기타,승용,남,38세,상해없음,승용,남,22세,경상
2014031100100219,2014년 3월 11일 12시,화요일,대구광역시 중구 남산동,경상사고,0,0,1,0,차대차 - 기타,안전운전불이행,건조,맑음,교차로 - 교차로부근,승용,남,57세,상해없음,승용,남,33세,경상
2014031100100244,2014년 3월 11일 13시,화요일,대구광역시 동구 신암동,경상사고,0,0,1,0,차대차 - 측면직각충돌,안전운전불이행,건조,맑음,기타 - 기타,특수,남,53세,상해없음,자전거,남,79세,경상
2014031100100245,2014년 3월 11일 13시,화요일,대구광역시 달서구 유천동,경상사고,0,0,1,0,차대차 - 기타,안전거리미확보,건조,맑음,단일로 - 기타,이륜,여,45세,경상,승합,여,51세,상해없음
2014031100100246,2014년 3월 11일 13시,화요일,대구광역시 북구 대현동,중상사고,0,1,0,0,차대차 - 추돌 - 진행중,안전운전불이행,건조,맑음,단일로 - 기타,승용,여,31세,상해없음,이륜,남,33세,중상
2014031100100247,2014년 3월 11일 13시,화요일,대구광역시 중구 공평동,경상사고,0,0,1,0,차대사람 - 길가장자리구역통행중,안전운전불이행,건조,맑음,단일로 - 기타,승용,남,55세,기타불명,보행자,여,39세,경상
2014031100100280,2014년 3월 11일 14시,화요일,대구광역시 남구 대명동,중상사고,0,1,0,0,차대사람 - 횡단중,보행자보호의무위반,건조,맑음,교차로 - 교차로안,승용,남,66세,상해없음,보행자,여,65세,중상
2014031100100281,2014년 3월 11일 14시,화요일,대구광역시 수성구 중동,경상사고,0,0,1,0,차대차 - 측면직각충돌,안전운전불이행,건조,맑음,교차로 - 교차로안,승합,남,52세,상해없음,화물,남,44세,경상
2014031100100308,2014년 3월 11일 15시,화요일,대구광역시 달서구 성당동,경상사고,0,0,1,0,차대차 - 측면직각충돌,안전운전불이행,건조,맑음,단일로 - 기타,이륜,남,25세,경상,승용,여,38세,상해없음
2014031100100337,2014년 3월 11일 16시,화요일,대구광역시 동구 신암동,경상사고,0,0,1,0,차대차 - 기타,안전운전불이행,건조,맑음,단일로 - 기타,승합,남,35세,상해없음,자전거,여,57세,경상
2014031100100364,2014년 3월 11일 17시,화요일,대구광역시 수성구 범어동,경상사고,0,0,1,0,차대사람 - 보도통행중,안전운전불이행,건조,맑음,단일로 - 기타,승용,여,72세,상해없음,보행자,남,16세,경상
2014031100100365,2014년 3월 11일 17시,화요일,대구광역시 달서구 상인동,경상사고,0,0,1,0,차대사람 - 기타,신호위반,건조,맑음,단일로 - 횡단보도상,자전거,남,53세,상해없음,보행자,여,24세,경상
2014031100100366,2014년 3월 11일 17시,화요일,대구광역시 달성군 논공읍,경상사고,0,0,1,0,차대사람 - 기타,안전운전불이행,건조,맑음,단일로 - 기타,승용,여,27세,상해없음,보행자,여,65세,경상
2014031100100386,2014년 3월 11일 18시,화요일,대구광역시 남구 봉덕동,경상사고,0,0,1,0,차대차 - 측면직각충돌,직진우회전진행방해,건조,맑음,교차로 - 교차로안,승용,남,30세,상해없음,원동기,남,40세,경상
2014031100100387,2014년 3월 11일 18시,화요일,대구광역시 남구 이천동,중상사고,0,1,0,0,차대차 - 추돌 - 진행중,안전운전불이행,건조,맑음,교차로 - 교차로부근,승용,남,73세,상해없음,이륜,남,32세,중상
2014031100100388,2014년 3월 11일 18시,화요일,대구광역시 남구 이천동,경상사고,0,0,1,0,차대차 - 기타,안전운전불이행,건조,맑음,단일로 - 기타,승용,남,73세,상해없음,자전거,남,36세,경상
2014031100100389,2014년 3월 11일 18시,화요일,대구광역시 동구 신암동,경상사고,0,0,1,0,차대차 - 기타,안전운전불이행,건조,맑음,단일로 - 기타,승용,남,45세,상해없음,승용,남,57세,경상
2014031100100424,2014년 3월 11일 19시,화요일,대구광역시 달서구 월성동,중상사고,0,1,0,0,차대차 - 측면직각충돌,직진우회전진행방해,건조,맑음,교차로 - 교차로안,승용,남,49세,상해없음,이륜,여,64세,중상
2014031100100448,2014년 3월 11일 20시,화요일,대구광역시 달서구 감삼동,경상사고,0,0,1,0,차대사람 - 기타,안전운전불이행,건조,맑음,교차로 - 교차로부근,승용,남,56세,상해없음,보행자,남,76세,경상
2014031100100474,2014년 3월 11일 21시,화요일,대구광역시 동구 율하동,중상사고,0,1,2,0,차대차 - 측면직각충돌,안전운전불이행,건조,맑음,단일로 - 기타,승용,남,23세,경상,승용,남,68세,중상
2014031100100475,2014년 3월 11일 21시,화요일,대구광역시 달서구 월성동,중상사고,0,1,0,0,차대차 - 기타,안전운전불이행,건조,맑음,단일로 - 기타,승용,남,25세,상해없음,이륜,남,49세,중상
2014031100100476,2014년 3월 11일 21시,화요일,대구광역시 달서구 이곡동,경상사고,0,0,1,0,차대차 - 측면직각충돌,보행자보호의무위반,건조,맑음,교차로 - 교차로안,이륜,남,16세,경상,승용,남,27세,상해없음
2014031100100477,2014년 3월 11일 21시,화요일,대구광역시 달서구 두류동,경상사고,0,0,1,0,차대사람 - 기타,기타,건조,맑음,단일로 - 기타,승합,남,62세,상해없음,보행자,여,40세,경상
2014031100100521,2014년 3월 11일 23시,화요일,대구광역시 달서구 신당동,경상사고,0,0,1,0,차대사람 - 기타,안전운전불이행,건조,맑음,단일로 - 기타,승용,남,33세,상해없음,보행자,남,19세,경상
2014031200100015,2014년 3월 12일 00시,수요일,대구광역시 서구 비산동,중상사고,0,1,1,0,차대차 - 추돌 - 주정차중,안전운전불이행,건조,맑음,단일로 - 기타,승용,남,51세,상해없음,승용,남,58세,경상
2014031200100040,2014년 3월 12일 02시,수요일,대구광역시 중구 동성로2가,중상사고,0,1,0,0,차대차 - 기타,기타,건조,맑음,단일로 - 기타,기타불명,기타불명,기타불명,기타불명,승용,여,30세,중상
2014031200100052,2014년 3월 12일 03시,수요일,대구광역시 달성군 하빈면,경상사고,0,0,1,0,차량단독 - 공작물충돌,안전운전불이행,건조,맑음,단일로 - 기타,화물,남,49세,경상,,,,
2014031200100075,2014년 3월 12일 06시,수요일,대구광역시 달서구 월성동,경상사고,0,0,1,0,차대차 - 기타,중앙선침범,건조,맑음,교차로 - 교차로부근,승용,여,45세,상해없음,승용,여,52세,경상
2014031200100094,2014년 3월 12일 07시,수요일,대구광역시 달서구 호림동,사망사고,1,2,0,0,차대사람 - 횡단중,보행자보호의무위반,건조,맑음,단일로 - 횡단보도상,승용,여,50세,상해없음,보행자,여,40세,사망
2014031200100146,2014년 3월 12일 09시,수요일,대구광역시 동구 대림동,경상사고,0,0,1,0,차대차 - 기타,안전운전불이행,습기,비,교차로 - 교차로안,승용,남,64세,상해없음,승용,남,37세,경상
2014031200100147,2014년 3월 12일 09시,수요일,대구광역시 동구 입석동,사망사고,1,0,0,0,차대사람 - 보도통행중,보행자보호의무위반,건조,맑음,단일로 - 횡단보도상,특수,남,51세,상해없음,보행자,여,87세,사망
2014031200100148,2014년 3월 12일 09시,수요일,대구광역시 서구 내당동,중상사고,0,1,0,0,차대사람 - 횡단중,안전운전불이행,건조,맑음,단일로 - 기타,승용,여,57세,상해없음,보행자,여,52세,중상
2014031200100175,2014년 3월 12일 10시,수요일,대구광역시 달성군 하빈면,경상사고,0,0,1,0,차대차 - 측면직각충돌,안전운전불이행,건조,맑음,교차로 - 교차로부근,화물,남,61세,상해없음,승용,여,59세,경상
2014031200100224,2014년 3월 12일 12시,수요일,대구광역시 달서구 신당동,중상사고,0,2,0,0,차대사람 - 횡단중,신호위반,습기,비,단일로 - 횡단보도상,화물,남,62세,상해없음,보행자,여,24세,중상
2014031200100225,2014년 3월 12일 12시,수요일,대구광역시 달서구 두류동,경상사고,0,0,5,0,차대차 - 측면직각충돌,안전운전불이행,습기,비,교차로 - 교차로부근,화물,남,59세,상해없음,승용,남,74세,경상
2014031200100280,2014년 3월 12일 14시,수요일,대구광역시 달서구 본동,경상사고,0,0,1,0,차대사람 - 기타,신호위반,건조,맑음,단일로 - 기타,승용,남,31세,상해없음,보행자,남,7세,경상
2014031200100281,2014년 3월 12일 14시,수요일,대구광역시 중구 동산동,경상사고,0,0,1,0,차대차 - 기타,안전운전불이행,습기,비,단일로 - 기타,화물,남,55세,기타불명,원동기,남,26세,경상
2014031200100282,2014년 3월 12일 14시,수요일,대구광역시 중구 대봉동,경상사고,0,0,1,0,차대차 - 측면직각충돌,안전거리미확보,습기,비,미분류 - 미분류,화물,남,56세,상해없음,승용,남,33세,경상
2014031200100283,2014년 3월 12일 14시,수요일,대구광역시 북구 국우동,경상사고,0,0,1,0,차대사람 - 횡단중,보행자보호의무위반,습기,비,단일로 - 기타,원동기,남,58세,상해없음,보행자,남,9세,경상
2014031200100356,2014년 3월 12일 16시,수요일,대구광역시 남구 대명동,경상사고,0,0,1,0,차대사람 - 보도통행중,안전운전불이행,건조,맑음,단일로 - 기타,기타불명,기타불명,기타불명,기타불명,보행자,여,16세,경상
2014031200100357,2014년 3월 12일 16시,수요일,대구광역시 달서구 이곡동,경상사고,0,0,1,0,차대차 - 추돌 - 주정차중,안전운전불이행,습기,비,단일로 - 기타,승용,남,54세,상해없음,승용,여,53세,경상
2014031200100400,2014년 3월 12일 17시,수요일,대구광역시 달서구 용산동,경상사고,0,0,1,0,차대사람 - 기타,안전운전불이행,습기,비,단일로 - 횡단보도상,기타불명,기타불명,기타불명,기타불명,보행자,남,12세,경상
2014031200100401,2014년 3월 12일 17시,수요일,대구광역시 달서구 감삼동,경상사고,0,0,1,0,차대사람 - 보도통행중,안전운전불이행,습기,비,기타 - 기타,승용,남,51세,상해없음,보행자,여,14세,경상
2014031200100443,2014년 3월 12일 18시,수요일,대구광역시 수성구 연호동,경상사고,0,0,2,0,차대차 - 추돌 - 진행중,안전거리미확보,습기,비,단일로 - 기타,승용,남,61세,상해없음,승용,남,35세,경상
2014031200100444,2014년 3월 12일 18시,수요일,대구광역시 수성구 연호동,경상사고,0,0,2,0,차대차 - 추돌 - 진행중,안전운전불이행,습기,비,교차로 - 교차로안,승용,남,55세,상해없음,승용,여,38세,경상
2014031200100445,2014년 3월 12일 18시,수요일,대구광역시 달서구 본동,경상사고,0,0,1,0,차대사람 - 횡단중,안전운전불이행,습기,비,단일로 - 기타,원동기,남,49세,경상,보행자,여,14세,상해없음
2014031200100446,2014년 3월 12일 18시,수요일,대구광역시 달서구 진천동,경상사고,0,0,3,0,차대차 - 추돌 - 주정차중,안전운전불이행,습기,비,단일로 - 기타,승용,남,45세,상해없음,승용,여,61세,경상
2014031200100447,2014년 3월 12일 18시,수요일,대구광역시 북구 침산동,경상사고,0,0,1,0,차대차 - 추돌 - 진행중,안전운전불이행,습기,비,단일로 - 기타,승용,남,48세,상해없음,승용,여,47세,경상
2014031200100510,2014년 3월 12일 19시,수요일,대구광역시 수성구 범어동,경상사고,0,0,1,0,차대차 - 추돌 - 진행중,안전거리미확보,건조,맑음,단일로 - 기타,승용,여,45세,상해없음,승합,남,53세,상해없음
2014031200100511,2014년 3월 12일 19시,수요일,대구광역시 달성군 화원읍,중상사고,0,1,0,0,차대사람 - 기타,안전운전불이행,습기,비,단일로 - 횡단보도상,승용,남,50세,상해없음,보행자,여,18세,중상
2014031200100512,2014년 3월 12일 19시,수요일,대구광역시 서구 비산동,중상사고,0,1,0,0,차대사람 - 기타,기타,습기,비,교차로 - 교차로안,승용,남,45세,상해없음,보행자,여,53세,중상
2014031200100513,2014년 3월 12일 19시,수요일,대구광역시 서구 비산동,중상사고,0,1,0,0,차대차 - 기타,안전운전불이행,습기,비,교차로 - 교차로부근,기타불명,기타불명,기타불명,기타불명,자전거,여,57세,중상
2014031200100514,2014년 3월 12일 19시,수요일,대구광역시 달서구 용산동,중상사고,0,1,0,0,차대차 - 측면직각충돌,기타,습기,비,단일로 - 기타,승용,남,44세,상해없음,이륜,남,48세,중상
2014031200100515,2014년 3월 12일 19시,수요일,대구광역시 달서구 호산동,경상사고,0,0,1,0,차대차 - 측면직각충돌,안전운전불이행,습기,비,단일로 - 기타,승용,여,49세,상해없음,이륜,남,45세,경상
2014031200100516,2014년 3월 12일 19시,수요일,대구광역시 북구 태전동,경상사고,0,0,1,0,차대차 - 추돌 - 진행중,안전운전불이행,습기,비,교차로 - 교차로안,화물,기타불명,기타불명,기타불명,이륜,남,19세,경상
2014031200100571,2014년 3월 12일 20시,수요일,대구광역시 남구 대명동,경상사고,0,0,1,0,차대차 - 추돌 - 주정차중,안전운전불이행,습기,비,단일로 - 기타,승용,남,50세,상해없음,승용,남,54세,경상
2014031200100572,2014년 3월 12일 20시,수요일,대구광역시 북구 검단동,경상사고,0,0,1,0,차대차 - 추돌 - 진행중,차로위반,습기,비,기타 - 기타,승용,남,67세,상해없음,이륜,남,32세,경상
2014031200100626,2014년 3월 12일 21시,수요일,대구광역시 수성구 성동,경상사고,0,0,2,0,차대차 - 측면직각충돌,중앙선침범,습기,맑음,단일로 - 기타,승용,여,25세,상해없음,승용,남,70세,경상
2014031200100627,2014년 3월 12일 21시,수요일,대구광역시 수성구 범어동,부상신고사고,0,0,0,1,차대차 - 추돌 - 주정차중,안전운전불이행,습기,비,단일로 - 기타,승용,여,48세,상해없음,승용,여,47세,부상신고
2014031200100628,2014년 3월 12일 21시,수요일,대구광역시 달서구 진천동,경상사고,0,0,1,0,차대차 - 기타,중앙선침범,건조,맑음,단일로 - 기타,승용,여,52세,상해없음,승용,여,50세,경상
2014031200100629,2014년 3월 12일 21시,수요일,대구광역시 달성군 구지면,경상사고,0,0,3,0,차대차 - 측면직각충돌,중앙선침범,습기,비,단일로 - 기타,승용,남,51세,상해없음,승합,남,33세,경상
2014031200100630,2014년 3월 12일 21시,수요일,대구광역시 서구 이현동,경상사고,0,0,2,0,차대차 - 측면직각충돌,중앙선침범,습기,비,단일로 - 기타,승용,남,45세,상해없음,승용,남,33세,경상
2014031200100631,2014년 3월 12일 21시,수요일,대구광역시 달서구 장기동,중상사고,0,1,0,0,차대차 - 기타,보행자보호의무위반,습기,비,단일로 - 횡단보도상,승용,여,23세,상해없음,승용,남,54세,상해없음
2014031200100632,2014년 3월 12일 21시,수요일,대구광역시 북구 관음동,경상사고,0,0,2,0,차대차 - 추돌 - 진행중,안전운전불이행,습기,비,단일로 - 기타,화물,기타불명,기타불명,기타불명,승합,남,29세,경상
2014031200100677,2014년 3월 12일 22시,수요일,대구광역시 동구 신천동,중상사고,0,1,0,0,차대사람 - 횡단중,안전운전불이행,습기,비,단일로 - 횡단보도부근,승용,남,54세,상해없음,보행자,남,69세,중상
2014031200100678,2014년 3월 12일 22시,수요일,대구광역시 달성군 다사읍,중상사고,0,1,3,0,차대차 - 측면직각충돌,중앙선침범,습기,비,단일로 - 기타,승용,남,25세,경상,승용,남,51세,경상
2014031200100679,2014년 3월 12일 22시,수요일,대구광역시 서구 비산동,경상사고,0,0,2,0,차대차 - 측면직각충돌,신호위반,습기,비,교차로 - 교차로안,승용,남,50세,상해없음,승용,남,46세,경상
2014031200100680,2014년 3월 12일 22시,수요일,대구광역시 북구 태전동,경상사고,0,0,1,0,차대사람 - 차도통행중,안전운전불이행,습기,비,단일로 - 기타,승용,남,41세,기타불명,보행자,남,54세,경상
2014031200100681,2014년 3월 12일 22시,수요일,대구광역시 북구 구암동,경상사고,0,0,1,0,차대차 - 측면직각충돌,안전운전불이행,습기,비,단일로 - 기타,승용,남,62세,상해없음,승용,남,26세,상해없음
2014031200100721,2014년 3월 12일 23시,수요일,대구광역시 달서구 상인동,경상사고,0,0,1,0,차대차 - 기타,안전거리미확보,건조,맑음,단일로 - 기타,승용,남,64세,상해없음,승용,여,27세,경상