사고번호,사고일시,요일,시군구,사고내용,사망자수,중상자수,경상자수,부상신고자수,사고유형,법규위반,노면상태,기상상태,도로형태,가해운전자 차종,가해운전자 성별,가해운전자 연령,가해운전자 상해정도,피해운전자 차종,피해운전자 성별,피해운전자 연령,피해운전자 상해정도
2014031800100455,2014년 3월 18일 18시,화요일,대구광역시 북구 태전동,경상사고,0,0,1,0,차대차 - 기타,안전운전불이행,건조,맑음,단일로 - 기타,자전거,남,16세,경상,승용,여,34세,상해없음
2014031800100496,2014년 3월 18일 19시,화요일,대구광역시 수성구 만촌동,경상사고,0,0,1,0,차대차 - 기타,안전거리미확보,건조,맑음,교차로 - 교차로안,승합,남,47세,상해없음,승용,남,32세,경상
2014031800100497,2014년 3월 18일 19시,화요일,대구광역시 달서구 진천동,경상사고,0,0,2,0,차대차 - 추돌 - 주정차중,안전거리미확보,건조,맑음,단일로 - 기타,승용,남,58세,상해없음,원동기,남,21세,경상
2014031800100498,2014년 3월 18일 19시,화요일,대구광역시 달성군 논공읍,경상사고,0,0,1,0,차대사람 - 기타,안전운전불이행,건조,맑음,단일로 - 기타,승용,남,25세,상해없음,보행자,남,26세,경상
2014031800100499,2014년 3월 18일 19시,화요일,대구광역시 중구 대봉동,경상사고,0,0,1,0,차대차 - 측면직각충돌,안전운전불이행,건조,맑음,교차로 - 교차로안,승용,남,44세,상해없음,자전거,남,62세,경상
2014031800100526,2014년 3월 18일 20시,화요일,대구광역시 달서구 용산동,경상사고,0,0,2,0,차대차 - 기타,안전거리미확보,건조,맑음,단일로 - 기타,승용,여,39세,상해없음,원동기,남,18세,경상
2014031800100554,2014년 3월 18일 21시,화요일,대구광역시 중구 동인동3가,부상신고사고,0,0,0,1,차대차 - 측면직각충돌,안전운전불이행,건조,맑음,교차로 - 교차로부근,자전거,여,47세,부상신고,승용,남,28세,상해없음
2014031800100555,2014년 3월 18일 21시,화요일,대구광역시 달서구 장기동,경상사고,0,0,1,0,차대사람 - 기타,안전운전불이행,건조,맑음,단일로 - 기타,승용,남,56세,상해없음,보행자,남,31세,경상
2014031800100556,2014년 3월 18일 21시,화요일,대구광역시 달서구 용산동,경상사고,0,0,1,0,차대차 - 추돌 - 진행중,교차로운행방법위반,건조,맑음,교차로 - 교차로안,화물,남,51세,상해없음,원동기,남,22세,경상
2014031800100587,2014년 3월 18일 22시,화요일,대구광역시 동구 용계동,경상사고,0,0,1,0,차대차 - 측면직각충돌,신호위반,건조,맑음,교차로 - 교차로안,화물,남,49세,상해없음,이륜,남,51세,경상
2014031800100588,2014년 3월 18일 22시,화요일,대구광역시 달서구 성당동,경상사고,0,0,4,0,차대차 - 기타,안전거리미확보,건조,흐림,단일로 - 기타,승용,남,18세,상해없음,승용,남,63세,경상
2014031800100611,2014년 3월 18일 23시,화요일,대구광역시 중구 문화동,경상사고,0,0,1,0,차대차 - 추돌 - 주정차중,안전운전불이행,건조,맑음,단일로 - 기타,승용,남,45세,상해없음,승용,남,45세,경상
2014031900100017,2014년 3월 19일 00시,수요일,대구광역시 동구 율하동,경상사고,0,0,1,0,차대차 - 기타,교차로운행방법위반,건조,맑음,교차로 - 교차로안,승용,남,56세,상해없음,승용,남,54세,경상
2014031900100031,2014년 3월 19일 01시,수요일,대구광역시 달서구 두류동,경상사고,0,0,2,0,차대차 - 측면직각충돌,안전거리미확보,건조,맑음,단일로 - 기타,승용,남,56세,상해없음,승용,남,35세,경상
2014031900100041,2014년 3월 19일 02시,수요일,대구광역시 중구 동인동3가,중상사고,0,1,0,1,차대차 - 측면직각충돌,안전운전불이행,건조,기타,교차로 - 교차로안,승용,남,56세,기타불명,승용,남,55세,중상
2014031900100051,2014년 3월 19일 04시,수요일,대구광역시 북구 칠성동2가,경상사고,0,0,1,1,차대차 - 측면직각충돌,안전운전불이행,건조,기타,단일로 - 기타,승용,남,21세,상해없음,승용,남,42세,경상
2014031900100067,2014년 3월 19일 06시,수요일,대구광역시 서구 이현동,중상사고,0,1,0,0,차대차 - 측면직각충돌,안전운전불이행,건조,맑음,단일로 - 기타,승용,남,39세,상해없음,자전거,남,54세,중상
2014031900100095,2014년 3월 19일 07시,수요일,대구광역시 달서구 월성동,경상사고,0,0,1,0,차대차 - 측면직각충돌,교차로운행방법위반,건조,흐림,교차로 - 교차로부근,승용,남,21세,상해없음,화물,남,60세,경상
2014031900100122,2014년 3월 19일 08시,수요일,대구광역시 남구 이천동,경상사고,0,0,1,0,차대차 - 측면직각충돌,안전운전불이행,건조,맑음,교차로 - 교차로안,승용,여,31세,상해없음,승용,여,35세,경상
2014031900100159,2014년 3월 19일 09시,수요일,대구광역시 달서구 상인동,부상신고사고,0,0,0,1,차량단독 - 공작물충돌,안전운전불이행,건조,맑음,단일로 - 기타,승용,여,30세,부상신고,,,,
2014031900100160,2014년 3월 19일 09시,수요일,대구광역시 달서구 월성동,경상사고,0,0,1,0,차대차 - 추돌 - 진행중,안전거리미확보,건조,맑음,단일로 - 기타,승용,남,47세,상해없음,승용,남,61세,경상
2014031900100161,2014년 3월 19일 09시,수요일,대구광역시 달성군 논공읍,경상사고,0,0,1,0,차대차 - 기타,안전운전불이행,건조,맑음,교차로 - 교차로부근,승용,여,38세,상해없음,승용,남,38세,경상
2014031900100181,2014년 3월 19일 10시,수요일,대구광역시 북구 대현동,경상사고,0,0,1,0,차대차 - 측면직각충돌,교차로운행방법위반,건조,맑음,교차로 - 교차로안,승용,남,78세,상해없음,승용,여,66세,경상
2014031900100205,2014년 3월 19일 11시,수요일,대구광역시 북구 침산동,경상사고,0,0,1,0,차대차 - 측면직각충돌,안전운전불이행,건조,맑음,교차로 - 교차로부근,이륜,남,60세,상해없음,이륜,여,56세,상해없음
2014031900100206,2014년 3월 19일 11시,수요일,대구광역시 서구 내당동,경상사고,0,0,1,0,차대차 - 추돌 - 진행중,안전운전불이행,건조,맑음,교차로 - 교차로부근,승용,남,47세,상해없음,승용,여,33세,경상
2014031900100207,2014년 3월 19일 11시,수요일,대구광역시 중구 공평동,경상사고,0,0,1,0,차대사람 - 기타,안전운전불이행,건조,맑음,단일로 - 기타,승용,남,70세,상해없음,보행자,여,55세,경상
2014031900100208,2014년 3월 19일 11시,수요일,대구광역시 달서구 용산동,경상사고,0,0,1,0,차대차 - 측면직각충돌,안전운전불이행,건조,맑음,교차로 - 교차로안,승용,남,63세,상해없음,이륜,남,34세,경상
2014031900100231,2014년 3월 19일 12시,수요일,대구광역시 수성구 황금동,경상사고,0,0,1,0,차대차 - 기타,안전운전불이행,건조,맑음,단일로 - 횡단보도상,승용,여,59세,상해없음,이륜,남,70세,경상
2014031900100232,2014년 3월 19일 12시,수요일,대구광역시 북구 읍내동,중상사고,0,1,0,0,차대사람 - 횡단중,안전운전불이행,건조,맑음,단일로 - 횡단보도상,승용,남,46세,상해없음,보행자,여,63세,중상
2014031900100281,2014년 3월 19일 14시,수요일,대구광역시 수성구 매호동,경상사고,0,0,2,0,차대차 - 측면직각충돌,직진우회전진행방해,건조,맑음,교차로 - 교차로안,승용,남,23세,상해없음,승용,여,31세,경상
2014031900100282,2014년 3월 19일 14시,수요일,대구광역시 달서구 상인동,경상사고,0,0,1,0,차대사람 - 차도통행중,안전운전불이행,건조,맑음,단일로 - 기타,승용,여,40세,상해없음,보행자,남,9세,경상
2014031900100305,2014년 3월 19일 15시,수요일,대구광역시 동구 검사동,경상사고,0,0,1,0,차대차 - 추돌 - 주정차중,안전거리미확보,건조,맑음,단일로 - 기타,승용,여,44세,상해없음,자전거,남,66세,경상
2014031900100306,2014년 3월 19일 15시,수요일,대구광역시 달서구 용산동,중상사고,0,1,0,0,차대사람 - 횡단중,안전운전불이행,건조,맑음,교차로 - 교차로부근,승용,여,42세,상해없음,보행자,여,42세,중상
2014031900100339,2014년 3월 19일 16시,수요일,대구광역시 동구 방촌동,부상신고사고,0,0,0,1,차대사람 - 횡단중,보행자보호의무위반,건조,맑음,단일로 - 횡단보도상,화물,기타불명,기타불명,기타불명,보행자,여,77세,부상신고
2014031900100340,2014년 3월 19일 16시,수요일,대구광역시 동구 불로동,중상사고,0,1,0,0,차량단독 - 기타,안전운전불이행,건조,맑음,단일로 - 기타,승합,남,51세,상해없음,,,,
2014031900100341,2014년 3월 19일 16시,수요일,대구광역시 달서구 진천동,부상신고사고,0,0,0,1,차대사람 - 길가장자리구역통행중,안전운전불이행,건조,맑음,단일로 - 기타,승용,기타불명,기타불명,기타불명,보행자,남,6세,부상신고
2014031900100342,2014년 3월 19일 16시,수요일,대구광역시 달성군 가창면,중상사고,0,1,0,0,차대사람 - 횡단중,안전운전불이행,건조,맑음,교차로 - 교차로안,승용,남,68세,상해없음,보행자,남,13세,중상
2014031900100343,2014년 3월 19일 16시,수요일,대구광역시 북구 칠성동2가,경상사고,0,0,1,0,차대사람 - 보도통행중,기타,건조,맑음,기타 - 기타,이륜,남,18세,상해없음,보행자,남,51세,경상
2014031900100344,2014년 3월 19일 16시,수요일,대구광역시 서구 내당동,중상사고,0,1,0,0,차대차 - 기타,안전운전불이행,건조,맑음,단일로 - 기타,승용,여,36세,상해없음,자전거,남,79세,중상
2014031900100345,2014년 3월 19일 16시,수요일,대구광역시 북구 읍내동,경상사고,0,0,1,0,차대차 - 측면직각충돌,안전거리미확보,건조,맑음,교차로 - 교차로부근,승용,남,51세,경상,건설기계,남,59세,상해없음
2014031900100373,2014년 3월 19일 17시,수요일,대구광역시 달성군 화원읍,경상사고,0,0,1,0,차대차 - 기타,안전운전불이행,건조,맑음,단일로 - 기타,기타불명,기타불명,기타불명,기타불명,이륜,남,16세,경상
2014031900100408,2014년 3월 19일 18시,수요일,대구광역시 북구 노원동3가,경상사고,0,0,1,0,차대차 - 측면직각충돌,교차로운행방법위반,건조,맑음,교차로 - 교차로부근,승합,남,42세,상해없음,승용,여,57세,경상
2014031900100453,2014년 3월 19일 19시,수요일,대구광역시 중구 대신동,중상사고,0,1,0,0,차대차 - 기타,안전운전불이행,건조,맑음,단일로 - 기타,자전거,남,69세,중상,승용,남,55세,상해없음
2014031900100486,2014년 3월 19일 20시,수요일,대구광역시 동구 봉무동,경상사고,0,0,1,0,차대차 - 측면직각충돌,안전운전불이행,건조,맑음,교차로 - 교차로안,원동기,남,16세,경상,승용,여,42세,상해없음
2014031900100487,2014년 3월 19일 20시,수요일,대구광역시 수성구 범어동,경상사고,0,0,3,0,차대차 - 추돌 - 주정차중,안전거리미확보,건조,맑음,교차로 - 교차로부근,승용,남,75세,상해없음,승용,남,29세,경상
2014031900100488,2014년 3월 19일 20시,수요일,대구광역시 서구 내당동,경상사고,0,0,2,0,차대차 - 측면직각충돌,안전거리미확보,건조,맑음,단일로 - 기타,승용,남,52세,상해없음,승용,여,25세,경상
2014031900100489,2014년 3월 19일 20시,수요일,대구광역시 중구 덕산동,경상사고,0,0,1,0,차대차 - 추돌 - 진행중,안전운전불이행,건조,맑음,단일로 - 기타,승용,남,44세,상해없음,승용,여,32세,경상
2014031900100490,2014년 3월 19일 20시,수요일,대구광역시 북구 서변동,경상사고,0,0,2,0,차대차 - 추돌 - 주정차중,안전운전불이행,건조,맑음,단일로 - 기타,화물,남,34세,상해없음,화물,남,42세,경상
2014031900100521,2014년 3월 19일 21시,수요일,대구광역시 중구 계산동2가,경상사고,0,0,1,0,차대차 - 추돌 - 진행중,안전거리미확보,건조,맑음,교차로 - 교차로안,승용,여,57세,상해없음,승용,여,35세,경상
2014031900100568,2014년 3월 19일 23시,수요일,대구광역시 수성구 가천동,경상사고,0,0,1,0,차대차 - 추돌 - 진행중,안전운전불이행,건조,맑음,단일로 - 기타,화물,남,30세,상해없음,승용,여,61세,경상
2014031900100572,2014년 3월 19일 23시,수요일,대구광역시 달서구 신당동,경상사고,0,0,1,0,차대차 - 측면직각충돌,안전거리미확보,건조,맑음,단일로 - 기타,승용,남,48세,상해없음,이륜,남,23세,경상
2014032000100023,2014년 3월 20일 00시,목요일,대구광역시 서구 평리동,중상사고,0,1,0,0,차대차 - 측면직각충돌,안전거리미확보,건조,맑음,단일로 - 기타,승용,남,37세,상해없음,승용,남,67세,중상
2014032000100032,2014년 3월 20일 01시,목요일,대구광역시 달서구 송현동,경상사고,0,0,1,0,차대차 - 측면직각충돌,교차로운행방법위반,건조,맑음,교차로 - 교차로안,승용,남,46세,상해없음,승용,남,39세,경상
2014032000100033,2014년 3월 20일 01시,목요일,대구광역시 북구 복현동,경상사고,0,0,1,0,차대차 - 기타,안전운전불이행,건조,맑음,단일로 - 기타,승용,남,20세,상해없음,승용,남,32세,경상
2014032000100034,2014년 3월 20일 01시,목요일,대구광역시 달서구 감삼동,경상사고,0,0,1,0,차대차 - 기타,중앙선침범,건조,맑음,단일로 - 기타,이륜,남,14세,경상,승용,남,65세,상해없음
2014032000100044,2014년 3월 20일 02시,목요일,대구광역시 수성구 만촌동,경상사고,0,0,1,0,차량단독 - 공작물충돌,안전운전불이행,건조,맑음,단일로 - 교량,승용,남,22세,경상,,,,
2014032000100045,2014년 3월 20일 02시,목요일,대구광역시 달서구 상인동,경상사고,0,0,1,0,차대사람 - 기타,안전운전불이행,건조,맑음,단일로 - 기타,승용,남,34세,상해없음,보행자,남,66세,경상
2014032000100046,2014년 3월 20일 02시,목요일,대구광역시 달서구 감삼동,중상사고,0,2,1,0,차대차 - 측면직각충돌,신호위반,건조,맑음,교차로 - 교차로안,이륜,남,17세,중상,승용,남,47세,경상
2014032000100055,2014년 3월 20일 03시,목요일,대구광역시 달서구 감삼동,중상사고,0,1,2,0,차대차 - 추돌 - 주정차중,안전운전불이행,건조,맑음,단일로 - 기타,이륜,남,32세,중상,승용,남,34세,경상
2014032000100074,2014년 3월 20일 06시,목요일,대구광역시 달서구 대천동,경상사고,0,0,1,0,차대차 - 측면직각충돌,신호위반,습기,비,교차로 - 교차로안,승합,남,55세,상해없음,승용,남,35세,경상
2014032000100075,2014년 3월 20일 06시,목요일,대구광역시 중구 동인동1가,경상사고,0,0,2,0,차대차 - 추돌 - 주정차중,안전운전불이행,습기,비,교차로 - 교차로부근,승용,남,74세,상해없음,화물,남,70세,상해없음
2014032000100120,2014년 3월 20일 08시,목요일,대구광역시 달서구 신당동,경상사고,0,0,1,0,차대차 - 추돌 - 진행중,안전거리미확보,습기,비,단일로 - 기타,승용,남,54세,상해없음,승용,여,38세,경상
2014032000100144,2014년 3월 20일 09시,목요일,대구광역시 남구 대명동,경상사고,0,0,1,0,차대차 - 기타,안전운전불이행,습기,흐림,교차로 - 교차로부근,승용,여,58세,상해없음,승용,남,26세,경상
2014032000100145,2014년 3월 20일 09시,목요일,대구광역시 북구 복현동,중상사고,0,1,0,0,차대사람 - 기타,안전운전불이행,건조,맑음,단일로 - 기타,승합,남,60세,기타불명,보행자,여,71세,중상
2014032000100192,2014년 3월 20일 11시,목요일,대구광역시 동구 지저동,부상신고사고,0,0,0,1,차대차 - 기타,안전운전불이행,습기,비,단일로 - 기타,기타불명,기타불명,기타불명,기타불명,자전거,남,85세,부상신고
2014032000100216,2014년 3월 20일 12시,목요일,대구광역시 동구 신암동,경상사고,0,0,1,0,차대차 - 추돌 - 주정차중,안전운전불이행,습기,비,단일로 - 기타,승용,남,46세,상해없음,승용,여,48세,상해없음
2014032000100243,2014년 3월 20일 13시,목요일,대구광역시 북구 팔달동,중상사고,0,1,0,0,차대차 - 측면직각충돌,교차로운행방법위반,건조,맑음,교차로 - 교차로안,화물,남,50세,상해없음,이륜,남,72세,중상
2014032000100292,2014년 3월 20일 15시,목요일,대구광역시 남구 봉덕동,중상사고,0,1,0,0,차대사람 - 횡단중,안전운전불이행,건조,맑음,단일로 - 기타,화물,남,44세,상해없음,보행자,여,59세,중상
2014032000100294,2014년 3월 20일 15시,목요일,대구광역시 북구 매천동,경상사고,0,0,1,0,차대사람 - 횡단중,안전운전불이행,건조,맑음,교차로 - 교차로부근,승용,남,53세,상해없음,보행자,여,60세,경상
2014032000100358,2014년 3월 20일 17시,목요일,대구광역시 달서구 대천동,경상사고,0,0,1,0,차대차 - 정면충돌,안전운전불이행,건조,맑음,단일로 - 기타,승용,남,22세,상해없음,원동기,남,51세,경상
2014032000100359,2014년 3월 20일 17시,목요일,대구광역시 달서구 진천동,경상사고,0,0,1,0,차대차 - 기타,차로위반,건조,맑음,단일로 - 기타,승용,여,50세,상해없음,이륜,남,49세,경상
2014032000100405,2014년 3월 20일 18시,목요일,대구광역시 동구 신암동,경상사고,0,0,3,0,차대차 - 추돌 - 진행중,안전거리미확보,습기,비,단일로 - 기타,승용,남,39세,상해없음,승용,남,34세,경상
2014032000100406,2014년 3월 20일 18시,목요일,대구광역시 달성군 화원읍,경상사고,0,0,1,0,차대차 - 추돌 - 진행중,안전운전불이행,습기,비,교차로 - 교차로안,자전거,남,62세,경상,승용,남,54세,상해없음
2014032000100407,2014년 3월 20일 18시,목요일,대구광역시 북구 침산동,경상사고,0,0,1,0,차대차 - 측면직각충돌,신호위반,건조,흐림,교차로 - 교차로안,화물,남,60세,상해없음,화물,남,54세,경상
2014032000100409,2014년 3월 20일 18시,목요일,대구광역시 달서구 파호동,경상사고,0,0,1,0,차대차 - 기타,안전운전불이행,건조,맑음,단일로 - 기타,승용,남,33세,상해없음,원동기,남,47세,경상
2014032000100410,2014년 3월 20일 18시,목요일,대구광역시 달서구 호산동,중상사고,0,1,0,0,차대사람 - 기타,안전운전불이행,습기,비,단일로 - 횡단보도상,승용,남,42세,상해없음,보행자,남,18세,중상
2014032000100460,2014년 3월 20일 19시,목요일,대구광역시 달성군 가창면,경상사고,0,0,1,0,차대차 - 측면직각충돌,신호위반,습기,비,교차로 - 교차로안,승용,남,58세,상해없음,승용,남,76세,경상
2014032000100461,2014년 3월 20일 19시,목요일,대구광역시 서구 비산동,경상사고,0,0,2,0,차대차 - 기타,안전운전불이행,습기,비,단일로 - 기타,화물,남,59세,상해없음,화물,남,55세,경상
2014032000100462,2014년 3월 20일 19시,목요일,대구광역시 중구 삼덕동2가,부상신고사고,0,0,0,1,차대차 - 측면직각충돌,안전운전불이행,습기,비,단일로 - 기타,기타불명,기타불명,기타불명,기타불명,승용,여,58세,부상신고
2014032000100505,2014년 3월 20일 20시,목요일,대구광역시 남구 봉덕동,사망사고,1,0,0,0,차대사람 - 차도통행중,안전운전불이행,습기,비,단일로 - 기타,승용,남,52세,상해없음,보행자,여,88세,사망
2014032000100507,2014년 3월 20일 20시,목요일,대구광역시 수성구 만촌동,경상사고,0,0,2,0,차대차 - 추돌 - 진행중,안전거리미확보,건조,맑음,교차로 - 교차로안,승용,여,52세,상해없음,승용,남,23세,경상
2014032000100508,2014년 3월 20일 20시,목요일,대구광역시 달서구 이곡동,사망사고,1,0,0,0,차대사람 - 기타,안전운전불이행,습기,비,단일로 - 기타,건설기계,남,53세,상해없음,보행자,남,53세,사망
2014032000100509,2014년 3월 20일 20시,목요일,대구광역시 북구 태전동,중상사고,0,1,0,0,차대사람 - 횡단중,신호위반,습기,비,교차로 - 교차로부근,승용,남,57세,상해없음,보행자,여,53세,중상
2014032000100550,2014년 3월 20일 21시,목요일,대구광역시 동구 신천동,중상사고,0,1,3,0,차대차 - 기타,신호위반,습기,비,교차로 - 교차로안,승합,남,52세,상해없음,승용,남,56세,경상
2014032000100588,2014년 3월 20일 22시,목요일,대구광역시 남구 대명동,경상사고,0,0,2,0,차대차 - 추돌 - 진행중,안전운전불이행,습기,비,단일로 - 기타,승용,여,27세,상해없음,승용,여,39세,경상
2014032000100589,2014년 3월 20일 22시,목요일,대구광역시 동구 봉무동,중상사고,0,1,2,0,차대차 - 기타,안전운전불이행,건조,맑음,단일로 - 기타,승용,여,32세,경상,승용,남,35세,중상
2014032000100590,2014년 3월 20일 22시,목요일,대구광역시 달서구 상인동,경상사고,0,0,1,0,차대차 - 측면직각충돌,안전운전불이행,습기,맑음,교차로 - 교차로부근,승용,남,32세,상해없음,승용,남,26세,경상
2014032000100591,2014년 3월 20일 22시,목요일,대구광역시 북구 대현동,경상사고,0,0,2,0,차대차 - 기타,안전거리미확보,습기,비,단일로 - 기타,승용,남,27세,상해없음,승용,남,56세,경상
2014032000100592,2014년 3월 20일 22시,목요일,대구광역시 달서구 용산동,경상사고,0,0,1,0,차대차 - 기타,안전운전불이행,건조,흐림,교차로 - 교차로부근,승용,남,60세,상해없음,승용,남,44세,경상
2014032000100593,2014년 3월 20일 22시,목요일,대구광역시 북구 서변동,경상사고,0,0,1,0,차대차 - 측면직각충돌,안전운전불이행,습기,비,단일로 - 기타,승용,남,71세,상해없음,승용,여,36세,경상
2014032000100628,2014년 3월 20일 23시,목요일,대구광역시 동구 효목동,경상사고,0,0,1,0,차대차 - 기타,안전운전불이행,습기,흐림,교차로 - 교차로안,승용,남,68세,상해없음,승용,남,32세,상해없음
2014032000100629,2014년 3월 20일 23시,목요일,대구광역시 서구 평리동,중상사고,0,1,0,0,차대차 - 측면직각충돌,안전거리미확보,건조,맑음,교차로 - 교차로부근,승용,남,49세,상해없음,승용,남,46세,중상
2014032000100630,2014년 3월 20일 23시,목요일,대구광역시 달서구 용산동,중상사고,0,1,0,0,차대차 - 측면직각충돌,안전거리미확보,습기,비,단일로 - 기타,승용,남,49세,상해없음,이륜,남,18세,중상
2014032000100631,2014년 3월 20일 23시,목요일,대구광역시 북구 동천동,중상사고,0,1,0,0,차대사람 - 횡단중,안전운전불이행,습기,비,교차로 - 교차로부근,화물,남,62세,상해없음,보행자,남,41세,중상
2014032100100027,2014년 3월 21일 01시,금요일,대구광역시 달서구 본리동,경상사고,0,0,1,0,차대차 - 기타,안전운전불이행,건조,맑음,단일로 - 기타,승용,남,59세,상해없음,이륜,남,20세,경상
2014032100100045,2014년 3월 21일 03시,금요일,대구광역시 수성구 만촌동,경상사고,0,0,1,0,차대차 - 측면직각충돌,신호위반,건조,맑음,교차로 - 교차로안,승용,남,61세,상해없음,승용,기타불명,기타불명,기타불명
2014032100100065,2014년 3월 21일 05시,금요일,대구광역시 수성구 시지동,경상사고,0,0,1,0,차대차 - 측면직각충돌,중앙선침범,건조,맑음,교차로 - 교차로부근,승용,남,31세,상해없음,자전거,남,45세,경상
2014032100100084,2014년 3월 21일 06시,금요일,대구광역시 남구 대명동,부상신고사고,0,0,0,1,차대차 - 측면직각충돌,기타,습기,흐림,교차로 - 교차로안,원동기,남,82세,부상신고,승용,남,47세,상해없음
2014032100100110,2014년 3월 21일 07시,금요일,대구광역시 달서구 본동,부상신고사고,0,0,0,1,차량단독 - 전도전복,안전운전불이행,건조,맑음,단일로 - 기타,이륜,남,48세,부상신고,,,,
2014032100100111,2014년 3월 21일 07시,금요일,대구광역시 서구 평리동,경상사고,0,0,1,0,차대사람 - 횡단중,신호위반,건조,맑음,단일로 - 횡단보도상,승합,기타불명,기타불명,기타불명,보행자,남,16세,경상
2014032100100156,2014년 3월 21일 08시,금요일,대구광역시 중구 공평동,경상사고,0,0,2,1,차대차 - 측면직각충돌,안전거리미확보,건조,맑음,단일로 - 기타,승용,남,26세,상해없음,승용,여,54세,부상신고
2014032100100157,2014년 3월 21일 08시,금요일,대구광역시 달서구 용산동,경상사고,0,0,2,0,차대차 - 추돌 - 주정차중,안전거리미확보,건조,맑음,교차로 - 교차로부근,승용,남,46세,경상,승용,남,78세,상해없음
2014032100100191,2014년 3월 21일 09시,금요일,대구광역시 동구 신암동,경상사고,0,0,1,0,차대차 - 기타,안전거리미확보,건조,맑음,단일로 - 기타,승용,여,59세,상해없음,승합,남,52세,경상
2014032100100192,2014년 3월 21일 09시,금요일,대구광역시 북구 침산동,중상사고,0,1,0,0,차대사람 - 횡단중,안전운전불이행,건조,맑음,단일로 - 기타,승용,여,36세,상해없음,보행자,여,68세,중상
2014032100100217,2014년 3월 21일 10시,금요일,대구광역시 북구 대현동,중상사고,0,1,0,0,차대사람 - 횡단중,보행자보호의무위반,건조,맑음,단일로 - 기타,승용,여,44세,상해없음,보행자,여,81세,중상
2014032100100239,2014년 3월 21일 11시,금요일,대구광역시 남구 봉덕동,중상사고,0,1,0,0,차대사람 - 차도통행중,안전운전불이행,건조,맑음,교차로 - 교차로부근,승용,남,62세,상해없음,보행자,남,71세,중상
2014032100100240,2014년 3월 21일 11시,금요일,대구광역시 동구 신천동,경상사고,0,0,1,0,차대차 - 추돌 - 주정차중,안전운전불이행,건조,맑음,단일로 - 기타,승용,남,47세,상해없음,승용,남,24세,경상
2014032100100267,2014년 3월 21일 12시,금요일,대구광역시 수성구 만촌동,경상사고,0,0,2,0,차대차 - 기타,안전운전불이행,건조,맑음,단일로 - 기타,승용,여,59세,상해없음,승용,남,78세,경상
2014032100100268,2014년 3월 21일 12시,금요일,대구광역시 달서구 상인동,부상신고사고,0,0,0,1,차대차 - 기타,안전운전불이행,건조,맑음,교차로 - 교차로안,이륜,남,39세,부상신고,승용,남,62세,상해없음
2014032100100269,2014년 3월 21일 12시,금요일,대구광역시 북구 칠성동1가,중상사고,0,1,0,0,차대차 - 기타,안전운전불이행,건조,맑음,단일로 - 기타,승용,남,47세,상해없음,원동기,남,34세,중상
2014032100100297,2014년 3월 21일 13시,금요일,대구광역시 달성군 다사읍,중상사고,0,1,0,0,차대차 - 측면직각충돌,안전운전불이행,건조,맑음,단일로 - 기타,화물,남,55세,상해없음,이륜,남,77세,중상
2014032100100298,2014년 3월 21일 13시,금요일,대구광역시 북구 대현동,중상사고,0,1,0,0,차대차 - 측면직각충돌,중앙선침범,건조,맑음,단일로 - 기타,원동기,여,29세,상해없음,원동기,남,30세,중상
2014032100100299,2014년 3월 21일 13시,금요일,대구광역시 서구 내당동,중상사고,0,1,0,0,차대차 - 기타,신호위반,건조,맑음,단일로 - 기타,승용,여,38세,상해없음,이륜,남,65세,중상
2014032100100300,2014년 3월 21일 13시,금요일,대구광역시 달서구 신당동,중상사고,0,1,0,0,차대차 - 기타,신호위반,건조,맑음,단일로 - 기타,이륜,남,25세,상해없음,이륜,남,29세,중상
2014032100100338,2014년 3월 21일 14시,금요일,대구광역시 중구 덕산동,경상사고,0,0,1,0,차대차 - 추돌 - 주정차중,안전거리미확보,건조,맑음,단일로 - 기타,화물,남,39세,상해없음,승용,남,40세,경상
2014032100100339,2014년 3월 21일 14시,금요일,대구광역시 달서구 감삼동,경상사고,0,0,2,0,차대차 - 측면직각충돌,안전운전불이행,건조,맑음,단일로 - 기타,화물,남,29세,경상,승용,여,56세,경상
2014032100100370,2014년 3월 21일 15시,금요일,대구광역시 동구 신서동,경상사고,0,0,2,0,차대차 - 측면직각충돌,안전운전불이행,건조,맑음,교차로 - 교차로안,승용,남,51세,상해없음,승용,남,32세,경상
2014032100100371,2014년 3월 21일 15시,금요일,대구광역시 북구 산격동,중상사고,0,1,0,0,차대차 - 측면직각충돌,신호위반,건조,맑음,단일로 - 기타,원동기,남,53세,상해없음,원동기,남,34세,중상
2014032100100372,2014년 3월 21일 15시,금요일,대구광역시 달서구 감삼동,경상사고,0,0,1,0,차대사람 - 보도통행중,안전운전불이행,건조,맑음,단일로 - 기타,승용,남,41세,상해없음,보행자,남,39세,경상
2014032100100417,2014년 3월 21일 16시,금요일,대구광역시 북구 산격동,부상신고사고,0,0,0,1,차대차 - 측면직각충돌,안전운전불이행,건조,맑음,단일로 - 기타,이륜,남,36세,부상신고,승용,남,56세,상해없음
2014032100100418,2014년 3월 21일 16시,금요일,대구광역시 달서구 월성동,경상사고,0,0,2,0,차대차 - 측면직각충돌,직진우회전진행방해,건조,맑음,교차로 - 교차로안,화물,남,58세,경상,승용,여,42세,경상