사고번호,사고일시,요일,시군구,사고내용,사망자수,중상자수,경상자수,부상신고자수,사고유형,법규위반,노면상태,기상상태,도로형태,가해운전자 차종,가해운전자 성별,가해운전자 연령,가해운전자 상해정도,피해운전자 차종,피해운전자 성별,피해운전자 연령,피해운전자 상해정도
2014033000100282,2014년 3월 30일 13시,일요일,대구광역시 달서구 상인동,경상사고,0,0,1,0,차대사람 - 횡단중,보행자보호의무위반,건조,맑음,교차로 - 교차로안,승용,여,42세,상해없음,보행자,남,9세,경상
2014033000100310,2014년 3월 30일 14시,일요일,대구광역시 동구 신서동,부상신고사고,0,0,0,1,차대차 - 기타,안전운전불이행,건조,맑음,단일로 - 기타,자전거,남,74세,부상신고,승용,남,59세,상해없음
2014033000100311,2014년 3월 30일 14시,일요일,대구광역시 수성구 수성동4가,중상사고,0,1,0,0,차대사람 - 횡단중,신호위반,건조,맑음,단일로 - 기타,이륜,남,45세,상해없음,보행자,남,18세,중상
2014033000100312,2014년 3월 30일 14시,일요일,대구광역시 북구 산격동,경상사고,0,0,1,1,차대차 - 추돌 - 진행중,안전운전불이행,건조,맑음,기타 - 기타,승용,여,45세,부상신고,승용,여,49세,경상
2014033000100313,2014년 3월 30일 14시,일요일,대구광역시 달서구 두류동,중상사고,0,1,1,0,차대차 - 추돌 - 주정차중,안전운전불이행,건조,맑음,교차로 - 교차로부근,승용,남,32세,상해없음,승용,남,57세,경상
2014033000100370,2014년 3월 30일 16시,일요일,대구광역시 달성군 화원읍,경상사고,0,0,1,0,차대사람 - 기타,안전운전불이행,건조,맑음,단일로 - 기타,기타불명,기타불명,기타불명,기타불명,보행자,남,14세,경상
2014033000100371,2014년 3월 30일 16시,일요일,대구광역시 북구 태전동,경상사고,0,0,2,0,차대차 - 기타,안전운전불이행,건조,맑음,단일로 - 기타,승용,남,71세,상해없음,화물,남,56세,기타불명
2014033000100397,2014년 3월 30일 17시,일요일,대구광역시 동구 신천동,경상사고,0,0,1,0,차대차 - 기타,안전운전불이행,건조,맑음,단일로 - 기타,승합,남,57세,상해없음,승용,남,36세,상해없음
2014033000100398,2014년 3월 30일 17시,일요일,대구광역시 달서구 상인동,경상사고,0,0,1,0,차대차 - 추돌 - 주정차중,안전운전불이행,건조,맑음,교차로 - 교차로부근,승용,남,70세,상해없음,승용,남,46세,상해없음
2014033000100399,2014년 3월 30일 17시,일요일,대구광역시 서구 비산동,경상사고,0,0,1,0,차대차 - 추돌 - 주정차중,안전운전불이행,건조,맑음,단일로 - 기타,승합,남,55세,상해없음,승용,남,40세,기타불명
2014033000100400,2014년 3월 30일 17시,일요일,대구광역시 북구 서변동,경상사고,0,0,1,0,차대차 - 기타,안전운전불이행,건조,맑음,단일로 - 횡단보도상,이륜,남,45세,상해없음,자전거,남,12세,경상
2014033000100430,2014년 3월 30일 18시,일요일,대구광역시 북구 노원동2가,경상사고,0,0,1,0,차대사람 - 기타,안전운전불이행,건조,맑음,단일로 - 기타,승용,남,71세,상해없음,보행자,여,27세,경상
2014033000100431,2014년 3월 30일 18시,일요일,대구광역시 서구 내당동,경상사고,0,0,2,0,차대차 - 기타,신호위반,건조,맑음,교차로 - 교차로안,화물,남,60세,상해없음,승용,남,30세,경상
2014033000100432,2014년 3월 30일 18시,일요일,대구광역시 서구 중리동,부상신고사고,0,0,0,1,차대차 - 기타,신호위반,건조,맑음,교차로 - 교차로안,이륜,남,18세,상해없음,승합,남,45세,상해없음
2014033000100463,2014년 3월 30일 19시,일요일,대구광역시 달서구 본동,경상사고,0,0,2,0,차대차 - 추돌 - 주정차중,안전운전불이행,건조,맑음,단일로 - 기타,승용,남,56세,상해없음,승용,남,33세,상해없음
2014033000100464,2014년 3월 30일 19시,일요일,대구광역시 달서구 신당동,경상사고,0,0,1,0,차대차 - 기타,안전운전불이행,건조,맑음,교차로 - 교차로부근,승용,남,45세,상해없음,승용,여,56세,경상
2014033000100483,2014년 3월 30일 20시,일요일,대구광역시 달성군 논공읍,중상사고,0,1,0,0,차대사람 - 횡단중,안전운전불이행,습기,비,교차로 - 교차로안,승용,남,31세,상해없음,보행자,남,40세,중상
2014033000100484,2014년 3월 30일 20시,일요일,대구광역시 달성군 구지면,중상사고,0,1,1,1,차대차 - 추돌 - 주정차중,안전운전불이행,건조,맑음,교차로 - 교차로부근,승용,남,24세,부상신고,건설기계,남,52세,기타불명
2014033000100512,2014년 3월 30일 21시,일요일,대구광역시 북구 산격동,경상사고,0,0,2,0,차대사람 - 기타,보행자보호의무위반,건조,맑음,단일로 - 기타,승용,남,50세,상해없음,보행자,남,31세,경상
2014033000100513,2014년 3월 30일 21시,일요일,대구광역시 달서구 장기동,중상사고,0,1,0,0,차대차 - 기타,신호위반,건조,흐림,단일로 - 기타,승용,남,40세,상해없음,이륜,남,39세,중상
2014033000100532,2014년 3월 30일 22시,일요일,대구광역시 달서구 성당동,사망사고,1,0,0,0,차대차 - 정면충돌,신호위반,건조,맑음,교차로 - 교차로안,승용,남,28세,상해없음,이륜,남,63세,사망
2014033100100013,2014년 3월 31일 00시,월요일,대구광역시 달서구 상인동,중상사고,0,1,0,0,차대차 - 측면직각충돌,신호위반,건조,맑음,교차로 - 교차로안,승합,남,44세,상해없음,승용,남,50세,중상
2014033100100036,2014년 3월 31일 03시,월요일,대구광역시 달서구 본리동,경상사고,0,0,1,0,차대차 - 기타,신호위반,건조,흐림,교차로 - 교차로안,승용,남,59세,상해없음,승용,남,27세,경상
2014033100100091,2014년 3월 31일 07시,월요일,대구광역시 수성구 두산동,경상사고,0,0,1,0,차대차 - 측면직각충돌,안전거리미확보,건조,맑음,단일로 - 기타,승용,남,57세,상해없음,승합,여,50세,경상
2014033100100120,2014년 3월 31일 08시,월요일,대구광역시 북구 산격동,경상사고,0,0,1,0,차대사람 - 보도통행중,보행자보호의무위반,건조,맑음,단일로 - 횡단보도상,승용,남,31세,상해없음,보행자,여,47세,경상
2014033100100121,2014년 3월 31일 08시,월요일,대구광역시 달서구 죽전동,경상사고,0,0,2,0,차대차 - 기타,안전운전불이행,건조,맑음,단일로 - 기타,승용,여,41세,상해없음,이륜,남,81세,경상
2014033100100147,2014년 3월 31일 09시,월요일,대구광역시 남구 봉덕동,경상사고,0,0,1,0,차대차 - 추돌 - 진행중,안전거리미확보,건조,맑음,교차로 - 교차로부근,승합,남,62세,상해없음,이륜,남,38세,경상
2014033100100148,2014년 3월 31일 09시,월요일,대구광역시 달성군 구지면,경상사고,0,0,2,0,차대차 - 측면직각충돌,직진우회전진행방해,건조,맑음,교차로 - 교차로안,화물,남,37세,경상,화물,남,39세,경상
2014033100100149,2014년 3월 31일 09시,월요일,대구광역시 중구 계산동2가,경상사고,0,0,1,0,차대차 - 추돌 - 진행중,신호위반,건조,맑음,교차로 - 교차로안,승용,여,50세,상해없음,원동기,남,51세,경상
2014033100100178,2014년 3월 31일 10시,월요일,대구광역시 북구 팔달동,경상사고,0,0,1,0,차대차 - 측면직각충돌,안전거리미확보,건조,맑음,단일로 - 기타,승용,남,58세,기타불명,승용,남,46세,경상
2014033100100195,2014년 3월 31일 11시,월요일,대구광역시 남구 봉덕동,경상사고,0,0,1,0,차대사람 - 횡단중,신호위반,건조,맑음,단일로 - 기타,승용,여,40세,상해없음,보행자,남,47세,경상
2014033100100196,2014년 3월 31일 11시,월요일,대구광역시 북구 칠성동1가,중상사고,0,1,0,0,차대사람 - 횡단중,안전운전불이행,건조,맑음,교차로 - 교차로부근,승용,여,43세,상해없음,보행자,여,58세,중상
2014033100100197,2014년 3월 31일 11시,월요일,대구광역시 서구 원대동3가,중상사고,0,1,0,0,차대차 - 기타,안전운전불이행,건조,맑음,교차로 - 교차로부근,승용,남,67세,상해없음,자전거,여,24세,중상
2014033100100276,2014년 3월 31일 14시,월요일,대구광역시 남구 봉덕동,경상사고,0,0,1,0,차대차 - 추돌 - 주정차중,안전운전불이행,건조,맑음,교차로 - 교차로부근,승용,남,58세,상해없음,승용,남,43세,경상
2014033100100277,2014년 3월 31일 14시,월요일,대구광역시 북구 노원동3가,경상사고,0,0,1,0,차대차 - 측면직각충돌,안전운전불이행,건조,맑음,단일로 - 기타,승용,남,47세,상해없음,이륜,남,60세,경상
2014033100100278,2014년 3월 31일 14시,월요일,대구광역시 북구 칠성동1가,경상사고,0,0,1,0,차대차 - 측면직각충돌,교차로운행방법위반,건조,맑음,단일로 - 기타,화물,남,55세,상해없음,자전거,남,55세,경상
2014033100100307,2014년 3월 31일 15시,월요일,대구광역시 달성군 논공읍,경상사고,0,0,1,0,차대차 - 측면직각충돌,안전운전불이행,건조,맑음,단일로 - 기타,건설기계,남,43세,상해없음,화물,남,60세,경상
2014033100100308,2014년 3월 31일 15시,월요일,대구광역시 달서구 장동,경상사고,0,0,1,0,차대차 - 추돌 - 주정차중,안전운전불이행,건조,맑음,교차로 - 교차로부근,승용,여,43세,상해없음,승용,남,27세,경상
2014033100100309,2014년 3월 31일 15시,월요일,대구광역시 북구 동천동,경상사고,0,0,1,0,차대차 - 기타,안전운전불이행,건조,맑음,단일로 - 횡단보도상,승용,여,40세,상해없음,자전거,남,10세,경상
2014033100100343,2014년 3월 31일 16시,월요일,대구광역시 달서구 송현동,경상사고,0,0,1,0,차대차 - 기타,안전거리미확보,건조,맑음,단일로 - 기타,승용,남,58세,상해없음,승용,남,24세,경상
2014033100100381,2014년 3월 31일 17시,월요일,대구광역시 달서구 대천동,중상사고,0,1,1,0,차대차 - 측면직각충돌,안전운전불이행,건조,맑음,교차로 - 교차로안,승용,남,30세,경상,승용,남,22세,중상
2014033100100382,2014년 3월 31일 17시,월요일,대구광역시 달서구 진천동,경상사고,0,0,1,0,차대차 - 기타,안전운전불이행,건조,맑음,교차로 - 교차로부근,승용,남,60세,상해없음,자전거,남,14세,경상
2014033100100383,2014년 3월 31일 17시,월요일,대구광역시 달서구 송현동,경상사고,0,0,1,0,차대사람 - 보도통행중,기타,건조,맑음,교차로 - 교차로부근,화물,남,43세,상해없음,보행자,여,28세,경상
2014033100100384,2014년 3월 31일 17시,월요일,대구광역시 달서구 감삼동,부상신고사고,0,0,0,1,차대사람 - 기타,안전운전불이행,건조,맑음,교차로 - 교차로부근,승용,기타불명,기타불명,기타불명,보행자,남,22세,부상신고
2014033100100385,2014년 3월 31일 17시,월요일,대구광역시 북구 조야동,사망사고,1,0,0,0,차대사람 - 기타,안전운전불이행,건조,맑음,단일로 - 기타,승용,남,49세,상해없음,보행자,남,55세,사망
2014033100100386,2014년 3월 31일 17시,월요일,대구광역시 북구 태전동,경상사고,0,0,1,0,차대차 - 측면직각충돌,안전거리미확보,건조,맑음,단일로 - 기타,승용,여,59세,상해없음,화물,남,55세,상해없음
2014033100100420,2014년 3월 31일 18시,월요일,대구광역시 수성구 범어동,경상사고,0,0,1,0,차대사람 - 횡단중,보행자보호의무위반,건조,맑음,교차로 - 교차로안,승용,기타불명,기타불명,기타불명,보행자,여,15세,경상
2014033100100421,2014년 3월 31일 18시,월요일,대구광역시 서구 내당동,경상사고,0,0,1,0,차대차 - 측면직각충돌,중앙선침범,건조,맑음,교차로 - 교차로안,화물,남,32세,상해없음,승용,남,70세,경상
2014033100100445,2014년 3월 31일 19시,월요일,대구광역시 동구 신천동,경상사고,0,0,1,0,차대사람 - 기타,보행자보호의무위반,건조,맑음,단일로 - 횡단보도상,화물,기타불명,기타불명,기타불명,보행자,남,25세,경상
2014033100100446,2014년 3월 31일 19시,월요일,대구광역시 수성구 파동,중상사고,0,1,0,0,차대사람 - 횡단중,안전운전불이행,건조,맑음,교차로 - 교차로안,승용,남,54세,상해없음,보행자,여,63세,중상
2014033100100447,2014년 3월 31일 19시,월요일,대구광역시 수성구 범어동,중상사고,0,1,0,0,차대사람 - 기타,안전운전불이행,건조,맑음,교차로 - 교차로안,승용,여,47세,상해없음,보행자,여,54세,중상
2014033100100448,2014년 3월 31일 19시,월요일,대구광역시 달서구 장동,경상사고,0,0,1,0,차대차 - 기타,안전거리미확보,건조,맑음,단일로 - 기타,승용,남,31세,상해없음,이륜,남,56세,경상
2014033100100449,2014년 3월 31일 19시,월요일,대구광역시 북구 관음동,경상사고,0,0,4,0,차대차 - 기타,안전운전불이행,건조,맑음,기타 - 기타,승용,여,48세,상해없음,승용,남,42세,경상
2014033100100472,2014년 3월 31일 20시,월요일,대구광역시 동구 능성동,경상사고,0,0,1,0,차대차 - 기타,안전운전불이행,건조,맑음,단일로 - 기타,기타불명,기타불명,기타불명,기타불명,자전거,남,14세,경상
2014033100100473,2014년 3월 31일 20시,월요일,대구광역시 달서구 본리동,경상사고,0,0,1,0,차대사람 - 횡단중,신호위반,건조,맑음,교차로 - 교차로부근,승용,남,65세,상해없음,보행자,남,69세,경상
2014033100100503,2014년 3월 31일 21시,월요일,대구광역시 북구 산격동,부상신고사고,0,0,0,2,차대차 - 기타,중앙선침범,건조,맑음,교차로 - 교차로안,자전거,남,32세,부상신고,자전거,남,23세,부상신고
2014033100100504,2014년 3월 31일 21시,월요일,대구광역시 북구 고성동2가,경상사고,0,0,1,0,차대차 - 기타,안전운전불이행,건조,맑음,단일로 - 기타,화물,남,61세,상해없음,승용,남,47세,경상
2014033100100535,2014년 3월 31일 22시,월요일,대구광역시 동구 효목동,경상사고,0,0,1,0,차대차 - 기타,안전운전불이행,건조,맑음,단일로 - 기타,승용,남,26세,상해없음,승용,남,44세,경상
2014033100100536,2014년 3월 31일 22시,월요일,대구광역시 동구 신천동,경상사고,0,0,1,0,차대차 - 기타,교차로운행방법위반,건조,맑음,교차로 - 교차로부근,승용,남,50세,상해없음,승용,여,38세,상해없음
2014033100100537,2014년 3월 31일 22시,월요일,대구광역시 남구 대명동,부상신고사고,0,0,0,2,차대차 - 기타,안전운전불이행,건조,맑음,교차로 - 교차로부근,이륜,남,20세,부상신고,승용,남,44세,상해없음
2014033100100538,2014년 3월 31일 22시,월요일,대구광역시 서구 내당동,경상사고,0,0,1,0,차대사람 - 길가장자리구역통행중,안전운전불이행,건조,맑음,단일로 - 기타,승용,남,52세,기타불명,보행자,남,57세,경상
2014033100100567,2014년 3월 31일 23시,월요일,대구광역시 중구 삼덕동2가,중상사고,0,1,0,0,차대차 - 추돌 - 진행중,직진우회전진행방해,건조,맑음,교차로 - 교차로안,승용,남,35세,상해없음,승용,여,61세,중상
2014033100100568,2014년 3월 31일 23시,월요일,대구광역시 중구 계산동2가,경상사고,0,0,1,0,차대차 - 측면직각충돌,안전거리미확보,건조,맑음,단일로 - 기타,승용,남,56세,상해없음,이륜,남,44세,경상
2014040100100015,2014년 4월 1일 00시,화요일,대구광역시 달서구 감삼동,경상사고,0,0,2,0,차대차 - 기타,안전운전불이행,건조,맑음,단일로 - 기타,승용,여,44세,상해없음,승합,남,43세,상해없음
2014040100100041,2014년 4월 1일 01시,화요일,대구광역시 수성구 황금동,중상사고,0,1,0,0,차대사람 - 기타,안전운전불이행,건조,맑음,단일로 - 기타,승용,남,21세,상해없음,보행자,남,44세,중상
2014040100100062,2014년 4월 1일 04시,화요일,대구광역시 수성구 상동,경상사고,0,0,2,0,차대차 - 추돌 - 주정차중,안전운전불이행,건조,맑음,단일로 - 기타,승용,남,45세,기타불명,화물,남,35세,경상
2014040100100110,2014년 4월 1일 07시,화요일,대구광역시 북구 칠성동2가,중상사고,0,1,0,0,차대차 - 측면직각충돌,안전운전불이행,건조,맑음,교차로 - 교차로부근,승용,여,39세,상해없음,자전거,남,13세,중상
2014040100100111,2014년 4월 1일 07시,화요일,대구광역시 서구 평리동,중상사고,0,1,0,0,차대차 - 측면직각충돌,신호위반,건조,맑음,교차로 - 교차로안,승용,남,62세,상해없음,원동기,남,23세,중상
2014040100100149,2014년 4월 1일 08시,화요일,대구광역시 달성군 다사읍,경상사고,0,0,1,0,차대사람 - 기타,안전운전불이행,건조,맑음,단일로 - 기타,승용,여,35세,상해없음,보행자,여,43세,경상
2014040100100150,2014년 4월 1일 08시,화요일,대구광역시 서구 비산동,경상사고,0,0,1,0,차대차 - 기타,안전거리미확보,건조,맑음,교차로 - 교차로안,화물,남,52세,상해없음,자전거,남,49세,경상
2014040100100175,2014년 4월 1일 09시,화요일,대구광역시 북구 노원동3가,경상사고,0,0,1,0,차대차 - 추돌 - 진행중,안전운전불이행,건조,맑음,단일로 - 횡단보도부근,화물,남,54세,상해없음,승용,남,48세,경상
2014040100100204,2014년 4월 1일 10시,화요일,대구광역시 북구 구암동,중상사고,0,1,0,0,차대차 - 추돌 - 진행중,안전운전불이행,건조,맑음,단일로 - 기타,승합,남,54세,상해없음,이륜,남,83세,중상
2014040100100258,2014년 4월 1일 12시,화요일,대구광역시 북구 칠성동1가,중상사고,0,1,0,0,차대차 - 기타,안전운전불이행,건조,맑음,교차로 - 교차로부근,원동기,여,54세,중상,승용,남,66세,상해없음
2014040100100294,2014년 4월 1일 13시,화요일,대구광역시 남구 대명동,경상사고,0,0,1,0,차대차 - 추돌 - 주정차중,안전거리미확보,건조,맑음,단일로 - 횡단보도부근,승용,남,20세,상해없음,승용,여,46세,경상
2014040100100295,2014년 4월 1일 13시,화요일,대구광역시 달성군 화원읍,중상사고,0,1,3,0,차대차 - 추돌 - 주정차중,안전운전불이행,건조,맑음,교차로 - 교차로안,승용,남,58세,상해없음,승용,여,42세,경상
2014040100100296,2014년 4월 1일 13시,화요일,대구광역시 달서구 성당동,중상사고,0,1,0,0,차대사람 - 기타,안전운전불이행,건조,맑음,교차로 - 교차로안,승용,남,68세,상해없음,보행자,여,76세,중상
2014040100100321,2014년 4월 1일 14시,화요일,대구광역시 수성구 만촌동,경상사고,0,0,1,0,차대차 - 기타,안전거리미확보,건조,맑음,단일로 - 기타,승용,남,53세,상해없음,승용,남,44세,경상
2014040100100355,2014년 4월 1일 15시,화요일,대구광역시 수성구 상동,경상사고,0,0,1,0,차대사람 - 기타,기타,건조,맑음,단일로 - 기타,승용,여,41세,상해없음,보행자,남,8세,경상
2014040100100356,2014년 4월 1일 15시,화요일,대구광역시 중구 달성동,중상사고,0,1,0,0,차대차 - 기타,불법유턴,건조,맑음,교차로 - 교차로부근,화물,남,48세,상해없음,이륜,남,62세,중상
2014040100100358,2014년 4월 1일 15시,화요일,대구광역시 북구 읍내동,부상신고사고,0,0,0,1,차대차 - 측면직각충돌,중앙선침범,건조,맑음,단일로 - 기타,이륜,여,51세,부상신고,승용,남,38세,상해없음
2014040100100398,2014년 4월 1일 16시,화요일,대구광역시 달성군 논공읍,경상사고,0,0,1,0,차대사람 - 기타,안전운전불이행,건조,맑음,단일로 - 기타,자전거,남,26세,상해없음,보행자,여,63세,경상
2014040100100399,2014년 4월 1일 16시,화요일,대구광역시 서구 내당동,경상사고,0,0,2,0,차대차 - 추돌 - 주정차중,안전운전불이행,건조,맑음,교차로 - 교차로안,승합,남,57세,상해없음,승용,남,61세,경상
2014040100100400,2014년 4월 1일 16시,화요일,대구광역시 달서구 신당동,경상사고,0,0,1,0,차대사람 - 기타,안전운전불이행,건조,맑음,단일로 - 기타,자전거,남,22세,상해없음,보행자,여,23세,경상
2014040100100447,2014년 4월 1일 17시,화요일,대구광역시 수성구 지산동,경상사고,0,0,1,0,차대차 - 측면직각충돌,기타,건조,맑음,교차로 - 교차로부근,승용,남,53세,상해없음,원동기,남,30세,경상
2014040100100448,2014년 4월 1일 17시,화요일,대구광역시 달성군 다사읍,중상사고,0,1,0,0,차대차 - 추돌 - 진행중,신호위반,건조,맑음,교차로 - 교차로안,화물,남,64세,상해없음,승용,남,57세,중상
2014040100100449,2014년 4월 1일 17시,화요일,대구광역시 북구 칠성동1가,경상사고,0,0,3,0,차대차 - 추돌 - 주정차중,안전운전불이행,건조,맑음,단일로 - 기타,화물,남,49세,상해없음,화물,남,59세,경상
2014040100100479,2014년 4월 1일 18시,화요일,대구광역시 남구 대명동,경상사고,0,0,1,0,차대차 - 측면직각충돌,안전거리미확보,건조,맑음,단일로 - 기타,화물,여,59세,상해없음,승용,남,28세,경상
2014040100100480,2014년 4월 1일 18시,화요일,대구광역시 동구 입석동,경상사고,0,0,1,0,차대차 - 기타,안전운전불이행,건조,맑음,단일로 - 기타,승용,남,61세,상해없음,이륜,남,29세,경상
2014040100100481,2014년 4월 1일 18시,화요일,대구광역시 동구 효목동,중상사고,0,1,0,0,차대사람 - 기타,기타,건조,맑음,단일로 - 기타,승용,여,27세,상해없음,보행자,여,73세,중상
2014040100100513,2014년 4월 1일 19시,화요일,대구광역시 동구 신암동,중상사고,0,1,0,0,차대사람 - 보도통행중,기타,건조,맑음,기타 - 기타,이륜,남,68세,상해없음,보행자,여,74세,중상
2014040100100514,2014년 4월 1일 19시,화요일,대구광역시 동구 신천동,경상사고,0,0,1,0,차대사람 - 길가장자리구역통행중,안전운전불이행,건조,맑음,단일로 - 횡단보도상,화물,남,41세,상해없음,보행자,여,73세,경상
2014040100100515,2014년 4월 1일 19시,화요일,대구광역시 수성구 범어동,경상사고,0,0,1,0,차대사람 - 길가장자리구역통행중,안전운전불이행,건조,맑음,단일로 - 기타,승용,남,53세,상해없음,보행자,여,69세,경상
2014040100100516,2014년 4월 1일 19시,화요일,대구광역시 수성구 상동,중상사고,0,1,0,0,차대사람 - 차도통행중,안전운전불이행,건조,맑음,단일로 - 기타,승용,남,33세,상해없음,보행자,여,65세,중상
2014040100100555,2014년 4월 1일 20시,화요일,대구광역시 수성구 시지동,중상사고,0,1,0,0,차대사람 - 횡단중,신호위반,건조,맑음,단일로 - 횡단보도상,화물,남,51세,상해없음,보행자,남,16세,중상
2014040100100588,2014년 4월 1일 21시,화요일,대구광역시 동구 신기동,경상사고,0,0,1,0,차대차 - 기타,안전운전불이행,건조,맑음,교차로 - 교차로안,승용,남,45세,상해없음,자전거,남,12세,경상
2014040100100589,2014년 4월 1일 21시,화요일,대구광역시 서구 비산동,경상사고,0,0,1,0,차대차 - 기타,기타,건조,맑음,단일로 - 기타,화물,남,59세,상해없음,승용,여,44세,경상
2014040100100590,2014년 4월 1일 21시,화요일,대구광역시 달서구 본리동,경상사고,0,0,1,0,차대차 - 추돌 - 진행중,안전운전불이행,건조,맑음,기타 - 기타,승용,남,30세,상해없음,자전거,남,20세,경상
2014040100100606,2014년 4월 1일 22시,화요일,대구광역시 동구 대림동,경상사고,0,0,1,0,차대차 - 기타,안전거리미확보,건조,맑음,단일로 - 기타,승용,남,61세,상해없음,승용,남,32세,경상
2014040100100607,2014년 4월 1일 22시,화요일,대구광역시 동구 신천동,경상사고,0,0,1,0,차대사람 - 횡단중,신호위반,건조,맑음,교차로 - 교차로안,승용,기타불명,기타불명,기타불명,보행자,여,30세,경상
2014040100100608,2014년 4월 1일 22시,화요일,대구광역시 달서구 송현동,경상사고,0,0,1,0,차대사람 - 횡단중,안전운전불이행,건조,맑음,교차로 - 교차로안,승용,남,44세,상해없음,보행자,여,33세,경상
2014040100100627,2014년 4월 1일 23시,화요일,대구광역시 달성군 논공읍,중상사고,0,1,1,0,차대사람 - 기타,안전운전불이행,건조,맑음,교차로 - 교차로부근,승용,남,35세,상해없음,보행자,남,50세,중상
2014040100100628,2014년 4월 1일 23시,화요일,대구광역시 북구 고성동2가,중상사고,0,2,2,0,차대차 - 측면직각충돌,신호위반,건조,맑음,교차로 - 교차로안,승용,남,27세,상해없음,승용,남,55세,경상
2014040200100020,2014년 4월 2일 01시,수요일,대구광역시 수성구 두산동,경상사고,0,0,2,0,차대차 - 추돌 - 진행중,안전운전불이행,건조,맑음,단일로 - 기타,승용,남,66세,상해없음,승용,남,56세,경상
2014040200100029,2014년 4월 2일 02시,수요일,대구광역시 달서구 성당동,중상사고,0,2,1,0,차대차 - 측면직각충돌,교차로운행방법위반,건조,맑음,교차로 - 교차로안,승용,여,28세,중상,승용,남,37세,중상
2014040200100044,2014년 4월 2일 04시,수요일,대구광역시 달서구 용산동,경상사고,0,0,1,0,차대차 - 추돌 - 주정차중,안전운전불이행,건조,맑음,교차로 - 교차로부근,승용,여,45세,상해없음,승용,남,37세,경상
2014040200100129,2014년 4월 2일 08시,수요일,대구광역시 동구 신천동,중상사고,0,1,0,0,차대사람 - 기타,안전운전불이행,건조,맑음,단일로 - 기타,승용,여,28세,상해없음,보행자,여,82세,중상
2014040200100130,2014년 4월 2일 08시,수요일,대구광역시 수성구 사월동,중상사고,0,1,0,0,차대차 - 측면직각충돌,안전운전불이행,건조,맑음,단일로 - 기타,승용,여,39세,상해없음,자전거,남,28세,중상
2014040200100131,2014년 4월 2일 08시,수요일,대구광역시 북구 칠성동1가,경상사고,0,0,1,0,차대사람 - 기타,안전운전불이행,건조,맑음,단일로 - 기타,승용,남,53세,상해없음,보행자,여,51세,경상
2014040200100159,2014년 4월 2일 09시,수요일,대구광역시 남구 봉덕동,중상사고,0,1,3,0,차대차 - 추돌 - 주정차중,안전운전불이행,건조,맑음,단일로 - 기타,승용,여,43세,상해없음,승용,여,52세,중상
2014040200100192,2014년 4월 2일 10시,수요일,대구광역시 수성구 범어동,중상사고,0,2,0,0,차대차 - 기타,기타,건조,맑음,단일로 - 기타,승합,남,51세,상해없음,자전거,남,26세,중상
2014040200100193,2014년 4월 2일 10시,수요일,대구광역시 달서구 본동,중상사고,0,1,0,0,차대사람 - 횡단중,보행자보호의무위반,건조,맑음,단일로 - 횡단보도상,승용,여,33세,상해없음,보행자,여,62세,중상
2014040200100242,2014년 4월 2일 12시,수요일,대구광역시 달성군 화원읍,중상사고,0,1,0,0,차대사람 - 횡단중,안전운전불이행,건조,맑음,단일로 - 기타,승용,남,43세,상해없음,보행자,여,71세,중상
2014040200100268,2014년 4월 2일 13시,수요일,대구광역시 남구 봉덕동,경상사고,0,0,1,0,차대사람 - 기타,기타,건조,맑음,단일로 - 기타,승합,남,52세,상해없음,보행자,여,71세,경상
2014040200100269,2014년 4월 2일 13시,수요일,대구광역시 달서구 두류동,중상사고,0,1,0,0,차대사람 - 횡단중,안전운전불이행,건조,맑음,단일로 - 기타,승용,남,40세,상해없음,보행자,여,63세,중상
2014040200100306,2014년 4월 2일 14시,수요일,대구광역시 남구 대명동,중상사고,0,1,0,0,차대사람 - 차도통행중,안전운전불이행,건조,맑음,교차로 - 교차로안,승용,남,45세,상해없음,보행자,여,86세,중상
2014040200100337,2014년 4월 2일 15시,수요일,대구광역시 수성구 수성동2가,중상사고,0,1,0,0,차대사람 - 기타,안전운전불이행,건조,맑음,단일로 - 기타,승용,남,57세,상해없음,보행자,여,3세,중상
2014040200100338,2014년 4월 2일 15시,수요일,대구광역시 북구 서변동,경상사고,0,0,1,0,차대차 - 측면직각충돌,안전거리미확보,건조,맑음,단일로 - 기타,승용,남,30세,상해없음,승합,남,42세,경상
2014040200100368,2014년 4월 2일 16시,수요일,대구광역시 수성구 지산동,경상사고,0,0,1,0,차대사람 - 길가장자리구역통행중,안전운전불이행,건조,맑음,단일로 - 기타,승용,기타불명,기타불명,기타불명,보행자,여,16세,경상
2014040200100369,2014년 4월 2일 16시,수요일,대구광역시 달서구 두류동,경상사고,0,0,1,0,차대차 - 추돌 - 주정차중,안전거리미확보,건조,맑음,단일로 - 기타,화물,남,41세,상해없음,화물,남,77세,경상
2014040200100370,2014년 4월 2일 16시,수요일,대구광역시 북구 동천동,중상사고,0,1,0,0,차대사람 - 횡단중,안전운전불이행,건조,맑음,단일로 - 기타,승합,남,61세,상해없음,보행자,여,8세,중상
2014040200100405,2014년 4월 2일 17시,수요일,대구광역시 달성군 현풍면,중상사고,0,1,0,0,차대사람 - 기타,안전운전불이행,건조,맑음,교차로 - 교차로안,승용,남,34세,상해없음,보행자,남,70세,중상
2014040200100439,2014년 4월 2일 18시,수요일,대구광역시 수성구 두산동,경상사고,0,0,2,0,차대차 - 추돌 - 진행중,안전운전불이행,건조,맑음,단일로 - 기타,승용,남,41세,상해없음,승용,여,29세,경상