사고번호,사고일시,요일,시군구,사고내용,사망자수,중상자수,경상자수,부상신고자수,사고유형,법규위반,노면상태,기상상태,도로형태,가해운전자 차종,가해운전자 성별,가해운전자 연령,가해운전자 상해정도,피해운전자 차종,피해운전자 성별,피해운전자 연령,피해운전자 상해정도
2014040500100231,2014년 4월 5일 11시,토요일,대구광역시 수성구 황금동,경상사고,0,0,2,0,차대차 - 측면직각충돌,신호위반,건조,맑음,교차로 - 교차로안,승용,여,44세,상해없음,승용,남,58세,경상
2014040500100232,2014년 4월 5일 11시,토요일,대구광역시 달서구 도원동,경상사고,0,0,1,0,차대사람 - 기타,안전운전불이행,건조,맑음,단일로 - 기타,승용,여,36세,상해없음,보행자,여,58세,경상
2014040500100262,2014년 4월 5일 12시,토요일,대구광역시 수성구 중동,중상사고,0,1,3,0,차대차 - 추돌 - 진행중,안전운전불이행,건조,맑음,단일로 - 기타,승용,남,62세,상해없음,승용,남,33세,경상
2014040500100294,2014년 4월 5일 13시,토요일,대구광역시 달성군 가창면,중상사고,0,1,1,0,차대차 - 측면직각충돌,신호위반,건조,맑음,교차로 - 교차로안,이륜,남,62세,중상,승용,남,33세,경상
2014040500100295,2014년 4월 5일 13시,토요일,대구광역시 북구 침산동,경상사고,0,0,1,0,차대차 - 측면직각충돌,안전운전불이행,건조,맑음,단일로 - 기타,승용,남,76세,상해없음,자전거,남,10세,경상
2014040500100296,2014년 4월 5일 13시,토요일,대구광역시 달서구 신당동,부상신고사고,0,0,0,1,차대차 - 측면직각충돌,안전거리미확보,건조,맑음,단일로 - 기타,이륜,남,24세,부상신고,승용,남,44세,상해없음
2014040500100322,2014년 4월 5일 14시,토요일,대구광역시 중구 태평로2가,경상사고,0,0,1,0,차대차 - 추돌 - 진행중,안전거리미확보,건조,맑음,단일로 - 기타,승용,남,64세,상해없음,승용,여,51세,경상
2014040500100366,2014년 4월 5일 15시,토요일,대구광역시 동구 방촌동,부상신고사고,0,0,0,2,차대사람 - 기타,안전운전불이행,건조,맑음,단일로 - 기타,승용,남,40세,상해없음,보행자,남,55세,부상신고
2014040500100367,2014년 4월 5일 15시,토요일,대구광역시 달성군 옥포면,경상사고,0,0,1,0,차대사람 - 차도통행중,안전운전불이행,건조,맑음,단일로 - 기타,승용,남,25세,상해없음,보행자,여,46세,경상
2014040500100398,2014년 4월 5일 16시,토요일,대구광역시 남구 대명동,중상사고,0,1,0,0,차대사람 - 횡단중,안전운전불이행,건조,맑음,단일로 - 횡단보도부근,승용,남,62세,상해없음,보행자,여,52세,중상
2014040500100399,2014년 4월 5일 16시,토요일,대구광역시 수성구 두산동,중상사고,0,1,0,0,차대차 - 측면직각충돌,신호위반,건조,맑음,교차로 - 교차로부근,승용,남,42세,상해없음,승용,남,53세,상해없음
2014040500100400,2014년 4월 5일 16시,토요일,대구광역시 수성구 범어동,경상사고,0,0,1,0,차대차 - 기타,안전거리미확보,건조,맑음,단일로 - 기타,승용,남,53세,상해없음,원동기,남,61세,경상
2014040500100401,2014년 4월 5일 16시,토요일,대구광역시 북구 노원동2가,경상사고,0,0,1,0,차대사람 - 기타,안전운전불이행,건조,맑음,단일로 - 기타,승용,남,50세,상해없음,보행자,남,54세,경상
2014040500100402,2014년 4월 5일 16시,토요일,대구광역시 서구 평리동,경상사고,0,0,1,0,차대차 - 기타,기타,건조,맑음,교차로 - 교차로부근,승용,남,63세,상해없음,이륜,남,16세,경상
2014040500100403,2014년 4월 5일 16시,토요일,대구광역시 북구 서변동,경상사고,0,0,1,0,차대차 - 측면직각충돌,안전운전불이행,건조,맑음,단일로 - 기타,승용,남,21세,상해없음,승합,남,45세,경상
2014040500100434,2014년 4월 5일 17시,토요일,대구광역시 서구 내당동,경상사고,0,0,1,0,차대차 - 추돌 - 주정차중,안전거리미확보,건조,맑음,단일로 - 기타,승용,남,26세,상해없음,승용,여,39세,경상
2014040500100454,2014년 4월 5일 18시,토요일,대구광역시 수성구 범어동,중상사고,0,1,0,0,차대차 - 기타,안전거리미확보,건조,맑음,단일로 - 기타,승용,남,66세,상해없음,승합,남,52세,상해없음
2014040500100455,2014년 4월 5일 18시,토요일,대구광역시 남구 대명동,중상사고,0,1,0,0,차대차 - 추돌 - 진행중,안전운전불이행,건조,흐림,단일로 - 기타,승용,남,43세,상해없음,승용,남,64세,상해없음
2014040500100456,2014년 4월 5일 18시,토요일,대구광역시 북구 태전동,경상사고,0,0,1,0,차대사람 - 길가장자리구역통행중,안전운전불이행,건조,맑음,기타 - 기타,승용,여,37세,상해없음,보행자,남,42세,경상
2014040500100502,2014년 4월 5일 19시,토요일,대구광역시 남구 대명동,중상사고,0,1,0,0,차대차 - 측면직각충돌,신호위반,건조,맑음,교차로 - 교차로안,승용,여,56세,상해없음,원동기,남,29세,중상
2014040500100503,2014년 4월 5일 19시,토요일,대구광역시 수성구 삼덕동,경상사고,0,0,1,1,차대차 - 추돌 - 진행중,안전거리미확보,건조,맑음,교차로 - 교차로부근,승합,남,33세,상해없음,승용,여,26세,경상
2014040500100504,2014년 4월 5일 19시,토요일,대구광역시 서구 내당동,중상사고,0,1,0,0,차대차 - 추돌 - 주정차중,안전거리미확보,건조,맑음,단일로 - 기타,승용,여,27세,상해없음,승용,여,33세,중상
2014040500100505,2014년 4월 5일 19시,토요일,대구광역시 중구 동인동1가,중상사고,0,1,0,0,차대차 - 기타,안전운전불이행,건조,맑음,교차로 - 교차로안,승용,남,34세,상해없음,원동기,남,56세,중상
2014040500100539,2014년 4월 5일 20시,토요일,대구광역시 동구 신천동,중상사고,0,1,2,0,차대차 - 추돌 - 진행중,안전운전불이행,건조,맑음,단일로 - 기타,승용,남,42세,상해없음,승용,남,42세,중상
2014040500100540,2014년 4월 5일 20시,토요일,대구광역시 달성군 현풍면,중상사고,0,1,0,0,차대사람 - 기타,안전운전불이행,건조,맑음,교차로 - 교차로안,승용,남,33세,상해없음,보행자,남,50세,중상
2014040500100581,2014년 4월 5일 21시,토요일,대구광역시 수성구 수성동2가,중상사고,0,1,0,0,차대차 - 측면직각충돌,안전운전불이행,건조,맑음,단일로 - 횡단보도상,이륜,남,58세,상해없음,이륜,남,57세,중상
2014040500100582,2014년 4월 5일 21시,토요일,대구광역시 서구 원대동3가,중상사고,0,1,0,0,차대차 - 기타,기타,건조,맑음,단일로 - 기타,승용,남,55세,상해없음,자전거,여,66세,중상
2014040500100608,2014년 4월 5일 22시,토요일,대구광역시 북구 동변동,부상신고사고,0,0,0,1,차대사람 - 횡단중,안전운전불이행,건조,맑음,단일로 - 기타,승용,남,30세,상해없음,보행자,남,8세,부상신고
2014040500100634,2014년 4월 5일 23시,토요일,대구광역시 수성구 범물동,중상사고,0,2,0,0,차대차 - 추돌 - 진행중,안전운전불이행,건조,맑음,교차로 - 교차로부근,승용,여,49세,상해없음,승용,남,32세,중상
2014040500100635,2014년 4월 5일 23시,토요일,대구광역시 달서구 본동,경상사고,0,0,1,0,차량단독 - 기타,안전운전불이행,건조,맑음,교차로 - 교차로안,승용,남,61세,상해없음,,,,
2014040500100636,2014년 4월 5일 23시,토요일,대구광역시 서구 평리동,중상사고,0,1,0,0,차대사람 - 기타,안전운전불이행,건조,맑음,단일로 - 기타,승용,남,58세,상해없음,보행자,남,32세,중상
2014040600100019,2014년 4월 6일 01시,일요일,대구광역시 중구 삼덕동2가,부상신고사고,0,0,0,1,차대사람 - 기타,안전운전불이행,건조,맑음,단일로 - 기타,자전거,기타불명,기타불명,기타불명,보행자,여,31세,부상신고
2014040600100037,2014년 4월 6일 02시,일요일,대구광역시 달서구 이곡동,중상사고,0,1,1,0,차량단독 - 공작물충돌,안전운전불이행,건조,맑음,단일로 - 기타,승용,남,43세,중상,,,,
2014040600100046,2014년 4월 6일 03시,일요일,대구광역시 달서구 두류동,사망사고,1,0,0,0,차대사람 - 기타,안전운전불이행,건조,맑음,단일로 - 기타,승용,남,42세,상해없음,보행자,남,57세,사망
2014040600100076,2014년 4월 6일 07시,일요일,대구광역시 중구 교동,경상사고,0,0,1,0,차대차 - 기타,안전운전불이행,건조,맑음,단일로 - 기타,승용,여,49세,상해없음,이륜,남,67세,경상
2014040600100096,2014년 4월 6일 08시,일요일,대구광역시 달서구 상인동,경상사고,0,0,1,0,차대차 - 측면직각충돌,직진우회전진행방해,건조,맑음,교차로 - 교차로안,승용,남,26세,상해없음,승용,남,22세,경상
2014040600100113,2014년 4월 6일 09시,일요일,대구광역시 동구 신천동,중상사고,0,1,0,0,차대차 - 측면직각충돌,교차로운행방법위반,건조,맑음,교차로 - 교차로안,승용,남,57세,상해없음,승용,여,32세,중상
2014040600100114,2014년 4월 6일 09시,일요일,대구광역시 수성구 황금동,중상사고,0,1,0,0,차대차 - 기타,신호위반,건조,맑음,단일로 - 횡단보도상,승용,여,35세,상해없음,이륜,여,55세,중상
2014040600100115,2014년 4월 6일 09시,일요일,대구광역시 서구 내당동,경상사고,0,0,1,0,차대차 - 측면직각충돌,기타,건조,맑음,단일로 - 기타,승용,남,54세,상해없음,승용,남,51세,경상
2014040600100147,2014년 4월 6일 10시,일요일,대구광역시 수성구 지산동,경상사고,0,0,3,0,차대차 - 측면직각충돌,안전운전불이행,건조,맑음,교차로 - 교차로안,이륜,남,33세,상해없음,승용,남,66세,경상
2014040600100148,2014년 4월 6일 10시,일요일,대구광역시 북구 동호동,경상사고,0,0,1,0,차대차 - 추돌 - 주정차중,안전운전불이행,건조,맑음,단일로 - 기타,승용,기타불명,기타불명,기타불명,승합,남,52세,경상
2014040600100194,2014년 4월 6일 12시,일요일,대구광역시 북구 산격동,중상사고,0,1,0,0,차량단독 - 기타,안전운전불이행,건조,맑음,단일로 - 기타,승합,남,50세,상해없음,,,,
2014040600100195,2014년 4월 6일 12시,일요일,대구광역시 서구 평리동,중상사고,0,1,0,0,차대사람 - 보도통행중,기타,건조,맑음,기타 - 기타,이륜,남,15세,상해없음,보행자,남,33세,중상
2014040600100225,2014년 4월 6일 13시,일요일,대구광역시 중구 대봉동,경상사고,0,0,2,0,차대차 - 측면직각충돌,교차로운행방법위반,건조,맑음,교차로 - 교차로안,승용,남,70세,경상,승용,여,75세,경상
2014040600100248,2014년 4월 6일 14시,일요일,대구광역시 북구 대현동,경상사고,0,0,1,0,차대차 - 기타,직진우회전진행방해,건조,맑음,교차로 - 교차로안,승용,남,62세,상해없음,이륜,남,19세,경상
2014040600100249,2014년 4월 6일 14시,일요일,대구광역시 서구 내당동,중상사고,0,1,0,0,차대차 - 정면충돌,중앙선침범,건조,맑음,단일로 - 기타,원동기,여,57세,중상,승합,남,31세,상해없음
2014040600100250,2014년 4월 6일 14시,일요일,대구광역시 북구 서변동,경상사고,0,0,1,0,차대차 - 추돌 - 주정차중,안전운전불이행,건조,맑음,단일로 - 기타,승용,여,48세,상해없음,승용,여,43세,경상
2014040600100286,2014년 4월 6일 15시,일요일,대구광역시 동구 율하동,경상사고,0,0,4,0,차대차 - 기타,신호위반,건조,맑음,교차로 - 교차로안,승용,남,70세,상해없음,화물,남,39세,경상
2014040600100287,2014년 4월 6일 15시,일요일,대구광역시 중구 동성로2가,경상사고,0,0,1,0,차대차 - 측면직각충돌,교차로운행방법위반,건조,맑음,교차로 - 교차로안,승합,남,43세,상해없음,승용,남,21세,경상
2014040600100322,2014년 4월 6일 16시,일요일,대구광역시 서구 평리동,경상사고,0,0,1,0,차대사람 - 횡단중,신호위반,건조,맑음,단일로 - 횡단보도상,승합,남,56세,상해없음,보행자,남,7세,경상
2014040600100357,2014년 4월 6일 17시,일요일,대구광역시 수성구 지산동,중상사고,0,1,0,0,차대사람 - 횡단중,보행자보호의무위반,건조,맑음,단일로 - 횡단보도상,승용,남,36세,상해없음,보행자,여,78세,중상
2014040600100381,2014년 4월 6일 18시,일요일,대구광역시 동구 방촌동,경상사고,0,0,1,0,차대차 - 측면직각충돌,안전운전불이행,건조,맑음,단일로 - 기타,승용,남,26세,상해없음,자전거,남,78세,경상
2014040600100413,2014년 4월 6일 19시,일요일,대구광역시 북구 복현동,경상사고,0,0,1,0,차대차 - 추돌 - 주정차중,안전운전불이행,건조,흐림,단일로 - 기타,승용,남,37세,상해없음,승용,남,35세,경상
2014040600100447,2014년 4월 6일 20시,일요일,대구광역시 남구 대명동,중상사고,0,1,0,0,차대차 - 기타,교차로운행방법위반,건조,맑음,교차로 - 교차로안,이륜,남,17세,상해없음,자전거,남,63세,중상
2014040600100472,2014년 4월 6일 21시,일요일,대구광역시 서구 평리동,경상사고,0,0,1,0,차대차 - 기타,기타,건조,맑음,단일로 - 기타,승용,남,60세,상해없음,이륜,남,21세,경상
2014040600100494,2014년 4월 6일 22시,일요일,대구광역시 달서구 본리동,경상사고,0,0,1,0,차량단독 - 기타,안전운전불이행,건조,맑음,단일로 - 기타,승합,남,49세,상해없음,,,,
2014040600100515,2014년 4월 6일 23시,일요일,대구광역시 서구 비산동,경상사고,0,0,2,0,차대차 - 추돌 - 주정차중,안전운전불이행,건조,맑음,단일로 - 횡단보도부근,승용,여,46세,상해없음,승용,남,26세,경상
2014040600100516,2014년 4월 6일 23시,일요일,대구광역시 중구 삼덕동1가,중상사고,0,1,3,0,차대차 - 추돌 - 주정차중,안전운전불이행,건조,맑음,교차로 - 교차로부근,승용,남,31세,상해없음,승용,여,30세,중상
2014040700100020,2014년 4월 7일 01시,월요일,대구광역시 서구 비산동,경상사고,0,0,3,0,차대차 - 측면직각충돌,안전거리미확보,건조,맑음,단일로 - 기타,승용,남,24세,경상,승용,남,45세,경상
2014040700100026,2014년 4월 7일 02시,월요일,대구광역시 남구 봉덕동,중상사고,0,1,0,0,차량단독 - 전도전복,안전운전불이행,건조,맑음,단일로 - 기타,이륜,남,28세,중상,,,,
2014040700100027,2014년 4월 7일 02시,월요일,대구광역시 서구 내당동,중상사고,0,1,0,0,차대차 - 측면직각충돌,안전운전불이행,건조,흐림,교차로 - 교차로부근,승용,남,30세,상해없음,승용,남,54세,중상
2014040700100050,2014년 4월 7일 06시,월요일,대구광역시 수성구 만촌동,경상사고,0,0,1,0,차대차 - 측면직각충돌,신호위반,건조,맑음,교차로 - 교차로안,승용,남,35세,상해없음,승용,여,45세,경상
2014040700100051,2014년 4월 7일 06시,월요일,대구광역시 달서구 감삼동,부상신고사고,0,0,0,1,차대차 - 측면직각충돌,교차로운행방법위반,건조,맑음,교차로 - 교차로안,승용,여,52세,상해없음,승용,남,65세,상해없음
2014040700100125,2014년 4월 7일 08시,월요일,대구광역시 동구 율하동,경상사고,0,0,1,0,차대차 - 측면직각충돌,교차로운행방법위반,건조,맑음,교차로 - 교차로안,승용,여,48세,상해없음,승용,남,36세,경상
2014040700100126,2014년 4월 7일 08시,월요일,대구광역시 수성구 욱수동,경상사고,0,0,1,0,차대차 - 추돌 - 진행중,안전운전불이행,건조,맑음,교차로 - 교차로부근,승용,여,44세,상해없음,승용,여,39세,경상
2014040700100127,2014년 4월 7일 08시,월요일,대구광역시 중구 포정동,경상사고,0,0,2,0,차대차 - 기타,안전운전불이행,건조,맑음,단일로 - 기타,승용,남,66세,상해없음,승용,남,26세,경상
2014040700100128,2014년 4월 7일 08시,월요일,대구광역시 중구 서문로2가,경상사고,0,0,1,0,차대차 - 기타,안전운전불이행,건조,기타,단일로 - 기타,기타불명,기타불명,기타불명,기타불명,승용,남,36세,경상
2014040700100163,2014년 4월 7일 09시,월요일,대구광역시 달서구 상인동,경상사고,0,0,1,0,차대차 - 기타,교차로운행방법위반,건조,맑음,기타 - 기타,승용,남,59세,상해없음,승용,남,56세,경상
2014040700100164,2014년 4월 7일 09시,월요일,대구광역시 북구 산격동,경상사고,0,0,1,0,차대차 - 기타,안전운전불이행,건조,맑음,단일로 - 기타,승용,남,65세,상해없음,화물,남,60세,경상
2014040700100165,2014년 4월 7일 09시,월요일,대구광역시 중구 계산동2가,경상사고,0,0,1,0,차대차 - 측면직각충돌,신호위반,건조,맑음,교차로 - 교차로안,승용,남,30세,상해없음,승용,남,64세,경상
2014040700100180,2014년 4월 7일 10시,월요일,대구광역시 북구 관음동,경상사고,0,0,3,0,차대차 - 추돌 - 진행중,안전운전불이행,건조,맑음,단일로 - 기타,승합,남,58세,상해없음,승용,여,40세,경상
2014040700100197,2014년 4월 7일 11시,월요일,대구광역시 서구 평리동,경상사고,0,0,1,0,차대차 - 기타,안전운전불이행,건조,맑음,단일로 - 기타,승용,남,43세,상해없음,이륜,남,29세,경상
2014040700100198,2014년 4월 7일 11시,월요일,대구광역시 중구 계산동2가,경상사고,0,0,1,0,차대차 - 기타,신호위반,건조,맑음,교차로 - 교차로안,승용,남,28세,상해없음,이륜,남,72세,경상
2014040700100226,2014년 4월 7일 12시,월요일,대구광역시 수성구 상동,경상사고,0,0,3,0,차대차 - 추돌 - 주정차중,안전운전불이행,건조,맑음,교차로 - 교차로부근,승용,남,47세,상해없음,승합,남,25세,경상
2014040700100227,2014년 4월 7일 12시,월요일,대구광역시 달서구 본동,경상사고,0,0,1,0,차대차 - 기타,안전운전불이행,건조,맑음,교차로 - 교차로부근,승용,남,60세,기타불명,승용,여,44세,경상
2014040700100331,2014년 4월 7일 15시,월요일,대구광역시 수성구 파동,경상사고,0,0,2,0,차대차 - 기타,신호위반,건조,맑음,교차로 - 교차로안,승용,남,80세,상해없음,승용,남,64세,경상
2014040700100406,2014년 4월 7일 17시,월요일,대구광역시 수성구 신매동,경상사고,0,0,1,0,차대차 - 추돌 - 주정차중,차로위반,건조,맑음,교차로 - 교차로부근,승용,남,57세,상해없음,승용,남,55세,상해없음
2014040700100407,2014년 4월 7일 17시,월요일,대구광역시 달성군 가창면,경상사고,0,0,1,0,차대차 - 측면직각충돌,안전거리미확보,건조,맑음,단일로 - 기타,건설기계,남,52세,상해없음,승용,여,38세,경상
2014040700100443,2014년 4월 7일 18시,월요일,대구광역시 북구 침산동,경상사고,0,0,1,0,차대차 - 측면직각충돌,안전운전불이행,건조,맑음,단일로 - 횡단보도부근,이륜,남,29세,경상,승용,여,40세,상해없음
2014040700100480,2014년 4월 7일 19시,월요일,대구광역시 달서구 이곡동,경상사고,0,0,1,0,차대차 - 추돌 - 진행중,신호위반,건조,맑음,교차로 - 교차로안,승용,여,18세,상해없음,승용,남,57세,경상
2014040700100481,2014년 4월 7일 19시,월요일,대구광역시 북구 읍내동,경상사고,0,0,1,0,차대사람 - 보도통행중,기타,건조,맑음,단일로 - 기타,승합,남,42세,상해없음,보행자,여,26세,경상
2014040700100509,2014년 4월 7일 20시,월요일,대구광역시 수성구 범어동,경상사고,0,0,1,0,차대차 - 기타,안전거리미확보,건조,맑음,단일로 - 기타,승용,남,72세,상해없음,자전거,남,18세,경상
2014040700100510,2014년 4월 7일 20시,월요일,대구광역시 북구 구암동,중상사고,0,1,0,0,차대사람 - 횡단중,안전운전불이행,건조,맑음,기타 - 기타,승용,남,51세,상해없음,보행자,여,71세,중상
2014040700100536,2014년 4월 7일 21시,월요일,대구광역시 동구 불로동,경상사고,0,0,1,0,차대사람 - 기타,안전운전불이행,건조,맑음,교차로 - 교차로부근,승용,여,41세,상해없음,보행자,남,61세,경상
2014040700100537,2014년 4월 7일 21시,월요일,대구광역시 달성군 화원읍,중상사고,0,1,0,0,차대차 - 측면직각충돌,안전운전불이행,건조,맑음,교차로 - 교차로안,특수,남,45세,상해없음,승용,여,43세,중상
2014040700100538,2014년 4월 7일 21시,월요일,대구광역시 북구 복현동,경상사고,0,0,1,0,차대사람 - 보도통행중,신호위반,건조,맑음,단일로 - 횡단보도상,승용,남,48세,상해없음,보행자,남,10세,경상
2014040700100539,2014년 4월 7일 21시,월요일,대구광역시 중구 삼덕동1가,경상사고,0,0,1,0,차대사람 - 횡단중,중앙선침범,건조,맑음,단일로 - 기타,승용,남,22세,상해없음,보행자,여,22세,경상
2014040700100540,2014년 4월 7일 21시,월요일,대구광역시 달서구 용산동,경상사고,0,0,2,0,차대차 - 측면직각충돌,안전운전불이행,건조,흐림,단일로 - 기타,승용,남,47세,상해없음,이륜,남,17세,경상
2014040700100572,2014년 4월 7일 22시,월요일,대구광역시 달서구 도원동,중상사고,0,1,0,0,차대차 - 추돌 - 주정차중,안전운전불이행,건조,맑음,교차로 - 교차로부근,승용,남,51세,상해없음,승용,남,43세,중상
2014040800100015,2014년 4월 8일 00시,화요일,대구광역시 동구 입석동,중상사고,0,1,0,0,차대차 - 측면직각충돌,안전거리미확보,건조,맑음,단일로 - 기타,승용,남,20세,상해없음,승용,남,64세,중상
2014040800100024,2014년 4월 8일 01시,화요일,대구광역시 달서구 본리동,중상사고,0,1,0,0,차대사람 - 기타,안전운전불이행,건조,흐림,단일로 - 기타,화물,남,71세,상해없음,보행자,남,57세,중상
2014040800100030,2014년 4월 8일 02시,화요일,대구광역시 동구 효목동,경상사고,0,0,1,0,차대차 - 기타,안전거리미확보,건조,맑음,단일로 - 기타,승용,여,40세,상해없음,승용,남,28세,경상
2014040800100031,2014년 4월 8일 02시,화요일,대구광역시 중구 삼덕동1가,경상사고,0,0,1,0,차대사람 - 기타,안전운전불이행,건조,맑음,단일로 - 기타,화물,기타불명,기타불명,기타불명,보행자,남,22세,경상
2014040800100032,2014년 4월 8일 02시,화요일,대구광역시 달서구 두류동,중상사고,0,1,0,0,차대사람 - 길가장자리구역통행중,안전운전불이행,건조,맑음,교차로 - 교차로안,승용,남,27세,기타불명,보행자,남,57세,중상
2014040800100038,2014년 4월 8일 03시,화요일,대구광역시 북구 노원동2가,중상사고,0,1,0,0,차대차 - 기타,중앙선침범,건조,맑음,단일로 - 기타,화물,남,67세,상해없음,원동기,남,55세,중상
2014040800100046,2014년 4월 8일 04시,화요일,대구광역시 수성구 만촌동,사망사고,1,0,0,0,차대사람 - 기타,안전운전불이행,건조,맑음,단일로 - 횡단보도부근,승용,여,68세,상해없음,보행자,남,24세,사망
2014040800100071,2014년 4월 8일 06시,화요일,대구광역시 수성구 범물동,중상사고,0,1,0,0,차대차 - 기타,기타,건조,맑음,단일로 - 횡단보도상,기타불명,기타불명,기타불명,기타불명,자전거,여,40세,중상
2014040800100099,2014년 4월 8일 07시,화요일,대구광역시 달성군 다사읍,중상사고,0,1,0,0,차대사람 - 횡단중,안전운전불이행,건조,맑음,교차로 - 교차로부근,승용,여,35세,상해없음,보행자,여,56세,중상
2014040800100100,2014년 4월 8일 07시,화요일,대구광역시 북구 구암동,경상사고,0,0,1,0,차대차 - 추돌 - 주정차중,안전운전불이행,건조,맑음,단일로 - 기타,승용,남,31세,상해없음,승합,남,59세,기타불명
2014040800100141,2014년 4월 8일 08시,화요일,대구광역시 동구 신서동,경상사고,0,0,1,0,차대차 - 추돌 - 주정차중,안전운전불이행,건조,맑음,단일로 - 기타,승용,여,38세,상해없음,승용,여,43세,경상
2014040800100142,2014년 4월 8일 08시,화요일,대구광역시 동구 방촌동,경상사고,0,0,1,0,차대사람 - 차도통행중,안전운전불이행,건조,맑음,단일로 - 기타,승용,여,44세,상해없음,보행자,남,39세,경상
2014040800100143,2014년 4월 8일 08시,화요일,대구광역시 중구 대봉동,중상사고,0,1,0,0,차대차 - 기타,안전운전불이행,건조,맑음,단일로 - 기타,이륜,남,80세,중상,화물,남,51세,상해없음
2014040800100197,2014년 4월 8일 10시,화요일,대구광역시 남구 대명동,중상사고,0,1,0,0,차대차 - 측면직각충돌,직진우회전진행방해,건조,맑음,교차로 - 교차로안,승용,여,47세,상해없음,승용,여,59세,중상
2014040800100198,2014년 4월 8일 10시,화요일,대구광역시 달서구 진천동,경상사고,0,0,1,0,차대차 - 기타,안전운전불이행,건조,맑음,단일로 - 기타,화물,남,42세,상해없음,자전거,여,55세,경상
2014040800100199,2014년 4월 8일 10시,화요일,대구광역시 서구 내당동,중상사고,0,1,0,0,차대차 - 기타,신호위반,건조,맑음,단일로 - 횡단보도상,승용,남,60세,상해없음,자전거,여,43세,중상
2014040800100280,2014년 4월 8일 13시,화요일,대구광역시 달성군 다사읍,경상사고,0,0,1,0,차대차 - 기타,안전운전불이행,건조,맑음,교차로 - 교차로부근,승용,남,62세,상해없음,원동기,여,47세,경상
2014040800100309,2014년 4월 8일 14시,화요일,대구광역시 달서구 상인동,경상사고,0,0,1,0,차대사람 - 기타,안전운전불이행,건조,맑음,교차로 - 교차로안,승용,남,41세,상해없음,보행자,여,50세,경상
2014040800100351,2014년 4월 8일 15시,화요일,대구광역시 달서구 도원동,경상사고,0,0,1,0,차대사람 - 횡단중,안전운전불이행,건조,맑음,단일로 - 기타,승용,남,56세,상해없음,보행자,남,13세,경상
2014040800100352,2014년 4월 8일 15시,화요일,대구광역시 달성군 다사읍,경상사고,0,0,1,0,차대차 - 기타,안전운전불이행,건조,맑음,단일로 - 기타,승합,남,52세,상해없음,자전거,남,61세,상해없음
2014040800100353,2014년 4월 8일 15시,화요일,대구광역시 북구 노원동2가,중상사고,0,1,0,0,차대차 - 측면직각충돌,신호위반,건조,맑음,단일로 - 기타,승용,여,44세,상해없음,이륜,남,62세,중상
2014040800100401,2014년 4월 8일 16시,화요일,대구광역시 달성군 가창면,경상사고,0,0,1,0,차대사람 - 기타,안전운전불이행,건조,맑음,단일로 - 기타,화물,남,62세,상해없음,보행자,남,46세,경상
2014040800100402,2014년 4월 8일 16시,화요일,대구광역시 서구 이현동,중상사고,0,1,0,0,차대사람 - 기타,안전운전불이행,건조,맑음,교차로 - 교차로부근,화물,남,42세,상해없음,보행자,남,44세,중상
2014040800100436,2014년 4월 8일 17시,화요일,대구광역시 달서구 대천동,경상사고,0,0,1,0,차대차 - 기타,안전운전불이행,건조,맑음,교차로 - 교차로부근,승용,남,58세,상해없음,자전거,남,57세,경상
2014040800100437,2014년 4월 8일 17시,화요일,대구광역시 서구 비산동,경상사고,0,0,1,0,차대차 - 추돌 - 주정차중,안전운전불이행,건조,맑음,교차로 - 교차로부근,승용,남,34세,상해없음,승합,남,50세,경상
2014040800100472,2014년 4월 8일 18시,화요일,대구광역시 동구 각산동,경상사고,0,0,2,0,차대차 - 추돌 - 진행중,안전운전불이행,건조,맑음,교차로 - 교차로안,승용,남,53세,상해없음,승용,남,53세,경상
2014040800100473,2014년 4월 8일 18시,화요일,대구광역시 수성구 지산동,경상사고,0,0,1,0,차대사람 - 횡단중,보행자보호의무위반,건조,맑음,교차로 - 교차로부근,승용,남,51세,상해없음,보행자,여,84세,경상
2014040800100474,2014년 4월 8일 18시,화요일,대구광역시 달서구 송현동,중상사고,0,1,0,0,차대사람 - 횡단중,보행자보호의무위반,건조,맑음,교차로 - 교차로부근,승합,남,26세,상해없음,보행자,여,66세,중상
2014040800100475,2014년 4월 8일 18시,화요일,대구광역시 달성군 유가면,경상사고,0,0,1,0,차대차 - 추돌 - 진행중,안전운전불이행,건조,맑음,단일로 - 기타,화물,남,48세,상해없음,승용,남,47세,경상
2014040800100476,2014년 4월 8일 18시,화요일,대구광역시 북구 침산동,중상사고,0,1,0,0,차대차 - 기타,기타,건조,맑음,단일로 - 기타,승용,남,29세,상해없음,승합,남,51세,상해없음
2014040800100520,2014년 4월 8일 19시,화요일,대구광역시 남구 대명동,경상사고,0,0,1,0,차대차 - 측면직각충돌,안전운전불이행,건조,맑음,단일로 - 횡단보도부근,승용,여,29세,상해없음,자전거,남,73세,경상
2014040800100521,2014년 4월 8일 19시,화요일,대구광역시 남구 대명동,경상사고,0,0,1,0,차대사람 - 기타,안전운전불이행,건조,맑음,단일로 - 기타,승용,남,19세,상해없음,보행자,여,15세,경상
2014040800100522,2014년 4월 8일 19시,화요일,대구광역시 달성군 화원읍,경상사고,0,0,1,0,차대사람 - 기타,안전운전불이행,건조,맑음,교차로 - 교차로부근,이륜,남,52세,상해없음,보행자,여,55세,경상
2014040800100552,2014년 4월 8일 20시,화요일,대구광역시 동구 신천동,중상사고,0,1,0,0,차대차 - 측면직각충돌,안전운전불이행,건조,맑음,단일로 - 횡단보도부근,이륜,남,47세,중상,승용,남,28세,상해없음