사고번호,사고일시,요일,시군구,사고내용,사망자수,중상자수,경상자수,부상신고자수,사고유형,법규위반,노면상태,기상상태,도로형태,가해운전자 차종,가해운전자 성별,가해운전자 연령,가해운전자 상해정도,피해운전자 차종,피해운전자 성별,피해운전자 연령,피해운전자 상해정도
2014041200100026,2014년 4월 12일 00시,토요일,대구광역시 중구 남산동,경상사고,0,0,1,1,차대차 - 측면직각충돌,신호위반,건조,맑음,교차로 - 교차로안,이륜,남,18세,부상신고,승용,남,35세,경상
2014041200100027,2014년 4월 12일 00시,토요일,대구광역시 중구 공평동,중상사고,0,1,0,0,차대차 - 측면직각충돌,안전운전불이행,건조,맑음,교차로 - 교차로부근,승용,여,42세,상해없음,승용,남,39세,중상
2014041200100049,2014년 4월 12일 01시,토요일,대구광역시 달서구 신당동,경상사고,0,0,3,0,차대차 - 추돌 - 주정차중,안전운전불이행,건조,맑음,단일로 - 기타,이륜,남,21세,상해없음,승용,남,19세,경상
2014041200100101,2014년 4월 12일 04시,토요일,대구광역시 달서구 신당동,중상사고,0,1,0,0,차대차 - 기타,안전운전불이행,건조,맑음,단일로 - 기타,승용,여,32세,중상,특수,남,46세,기타불명
2014041200100114,2014년 4월 12일 05시,토요일,대구광역시 중구 태평로1가,중상사고,0,1,0,0,차대사람 - 기타,안전운전불이행,건조,맑음,단일로 - 기타,화물,남,43세,상해없음,보행자,남,57세,중상
2014041200100136,2014년 4월 12일 07시,토요일,대구광역시 북구 사수동,중상사고,0,1,0,0,차대차 - 기타,기타,건조,맑음,단일로 - 기타,특수,남,38세,중상,승용,남,29세,기타불명
2014041200100157,2014년 4월 12일 08시,토요일,대구광역시 달서구 본리동,경상사고,0,0,1,0,차대차 - 기타,안전운전불이행,건조,맑음,단일로 - 기타,승용,남,36세,상해없음,승용,여,54세,경상
2014041200100182,2014년 4월 12일 09시,토요일,대구광역시 수성구 지산동,경상사고,0,0,2,0,차대차 - 추돌 - 진행중,안전거리미확보,습기,비,교차로 - 교차로부근,승합,남,38세,상해없음,승용,남,55세,경상
2014041200100183,2014년 4월 12일 09시,토요일,대구광역시 수성구 매호동,경상사고,0,0,1,0,차대차 - 측면직각충돌,교차로운행방법위반,습기,비,교차로 - 교차로안,화물,남,55세,상해없음,자전거,남,13세,경상
2014041200100184,2014년 4월 12일 09시,토요일,대구광역시 수성구 삼덕동,경상사고,0,0,1,0,차대차 - 기타,안전운전불이행,습기,비,단일로 - 기타,승용,남,23세,상해없음,승용,남,56세,경상
2014041200100185,2014년 4월 12일 09시,토요일,대구광역시 달서구 본동,중상사고,0,1,0,0,차대차 - 기타,교차로운행방법위반,습기,비,단일로 - 기타,승용,남,64세,상해없음,이륜,남,75세,중상
2014041200100186,2014년 4월 12일 09시,토요일,대구광역시 달성군 현풍면,경상사고,0,0,1,1,차대차 - 추돌 - 주정차중,안전운전불이행,습기,비,교차로 - 교차로부근,승용,여,23세,부상신고,화물,남,34세,상해없음
2014041200100187,2014년 4월 12일 09시,토요일,대구광역시 서구 평리동,경상사고,0,0,1,0,차대차 - 기타,기타,습기,비,단일로 - 기타,승용,남,51세,상해없음,자전거,남,17세,경상
2014041200100188,2014년 4월 12일 09시,토요일,대구광역시 중구 달성동,경상사고,0,0,2,0,차대차 - 기타,안전거리미확보,습기,비,단일로 - 기타,승합,남,65세,상해없음,승용,남,38세,경상
2014041200100246,2014년 4월 12일 11시,토요일,대구광역시 달서구 두류동,경상사고,0,0,1,0,차대차 - 추돌 - 진행중,안전운전불이행,건조,흐림,단일로 - 기타,승용,남,48세,상해없음,승용,남,61세,경상
2014041200100277,2014년 4월 12일 12시,토요일,대구광역시 달서구 상인동,중상사고,0,1,0,0,차대차 - 기타,중앙선침범,습기,흐림,단일로 - 기타,승용,남,24세,상해없음,이륜,남,32세,중상
2014041200100278,2014년 4월 12일 12시,토요일,대구광역시 중구 덕산동,경상사고,0,0,1,0,차대차 - 기타,신호위반,건조,맑음,교차로 - 교차로안,승용,여,25세,상해없음,이륜,남,61세,경상
2014041200100279,2014년 4월 12일 12시,토요일,대구광역시 북구 구암동,중상사고,0,4,0,0,차대차 - 정면충돌,중앙선침범,습기,비,단일로 - 기타,승용,여,34세,중상,승용,남,44세,중상
2014041200100309,2014년 4월 12일 13시,토요일,대구광역시 수성구 만촌동,경상사고,0,0,1,0,차대차 - 기타,안전거리미확보,건조,맑음,단일로 - 기타,승용,남,62세,상해없음,이륜,남,30세,경상
2014041200100310,2014년 4월 12일 13시,토요일,대구광역시 동구 신암동,경상사고,0,0,1,0,차량단독 - 기타,기타,건조,맑음,단일로 - 기타,승합,남,49세,상해없음,,,,
2014041200100311,2014년 4월 12일 13시,토요일,대구광역시 서구 내당동,경상사고,0,0,1,0,차대차 - 기타,안전운전불이행,건조,맑음,교차로 - 교차로부근,승합,남,23세,상해없음,자전거,남,19세,경상
2014041200100333,2014년 4월 12일 14시,토요일,대구광역시 동구 신암동,경상사고,0,0,1,0,차대차 - 추돌 - 주정차중,안전운전불이행,건조,맑음,단일로 - 기타,승용,남,70세,상해없음,화물,남,46세,경상
2014041200100334,2014년 4월 12일 14시,토요일,대구광역시 달서구 도원동,경상사고,0,0,1,0,차대차 - 기타,안전운전불이행,건조,맑음,단일로 - 기타,이륜,남,67세,경상,승용,남,71세,상해없음
2014041200100361,2014년 4월 12일 15시,토요일,대구광역시 동구 방촌동,경상사고,0,0,2,0,차대차 - 추돌 - 주정차중,안전운전불이행,건조,맑음,단일로 - 기타,승용,남,40세,상해없음,승용,남,18세,경상
2014041200100362,2014년 4월 12일 15시,토요일,대구광역시 북구 노원동3가,경상사고,0,0,1,0,차대차 - 측면직각충돌,중앙선침범,건조,맑음,단일로 - 기타,화물,남,56세,상해없음,이륜,남,18세,경상
2014041200100363,2014년 4월 12일 15시,토요일,대구광역시 달서구 용산동,경상사고,0,0,3,0,차대차 - 추돌 - 진행중,안전운전불이행,건조,맑음,단일로 - 기타,승용,남,49세,상해없음,승용,남,45세,경상
2014041200100364,2014년 4월 12일 15시,토요일,대구광역시 달서구 감삼동,경상사고,0,0,1,0,차대차 - 측면직각충돌,신호위반,건조,맑음,교차로 - 교차로안,승용,여,52세,상해없음,승용,남,45세,경상
2014041200100406,2014년 4월 12일 16시,토요일,대구광역시 동구 신암동,중상사고,0,1,0,0,차대사람 - 기타,안전운전불이행,건조,맑음,교차로 - 교차로안,승용,남,46세,상해없음,보행자,여,62세,중상
2014041200100433,2014년 4월 12일 17시,토요일,대구광역시 북구 침산동,경상사고,0,0,3,0,차대차 - 측면직각충돌,안전운전불이행,건조,맑음,단일로 - 기타,화물,기타불명,기타불명,기타불명,승용,남,55세,상해없음
2014041200100434,2014년 4월 12일 17시,토요일,대구광역시 서구 비산동,중상사고,0,1,1,0,차대차 - 기타,중앙선침범,건조,맑음,교차로 - 교차로부근,승용,여,46세,상해없음,승용,남,32세,중상
2014041200100435,2014년 4월 12일 17시,토요일,대구광역시 중구 공평동,경상사고,0,0,1,0,차대사람 - 기타,안전운전불이행,건조,기타,단일로 - 기타,승용,여,49세,기타불명,보행자,여,45세,경상
2014041200100436,2014년 4월 12일 17시,토요일,대구광역시 달서구 성당동,경상사고,0,0,1,0,차대차 - 추돌 - 주정차중,안전운전불이행,건조,맑음,단일로 - 기타,승용,남,60세,상해없음,승용,남,41세,경상
2014041200100437,2014년 4월 12일 17시,토요일,대구광역시 북구 동천동,경상사고,0,0,1,0,차대사람 - 기타,안전운전불이행,건조,맑음,단일로 - 기타,승용,남,40세,상해없음,보행자,남,18세,경상
2014041200100465,2014년 4월 12일 18시,토요일,대구광역시 달서구 도원동,중상사고,0,1,0,0,차대사람 - 횡단중,신호위반,건조,맑음,단일로 - 횡단보도상,원동기,남,16세,상해없음,보행자,여,50세,중상
2014041200100466,2014년 4월 12일 18시,토요일,대구광역시 달성군 다사읍,경상사고,0,0,1,0,차대차 - 기타,안전운전불이행,건조,맑음,단일로 - 횡단보도부근,자전거,남,11세,경상,화물,남,37세,상해없음
2014041200100467,2014년 4월 12일 18시,토요일,대구광역시 서구 평리동,경상사고,0,0,4,0,차대차 - 기타,안전거리미확보,건조,맑음,단일로 - 기타,승용,남,64세,상해없음,승용,남,34세,경상
2014041200100468,2014년 4월 12일 18시,토요일,대구광역시 달서구 이곡동,경상사고,0,0,2,0,차대차 - 측면직각충돌,안전거리미확보,건조,맑음,단일로 - 기타,승용,남,57세,상해없음,이륜,남,17세,경상
2014041200100469,2014년 4월 12일 18시,토요일,대구광역시 북구 태전동,부상신고사고,0,0,0,1,차대차 - 측면직각충돌,안전운전불이행,건조,맑음,단일로 - 기타,원동기,남,66세,부상신고,승용,남,43세,상해없음
2014041200100504,2014년 4월 12일 19시,토요일,대구광역시 달서구 도원동,경상사고,0,0,1,0,차대차 - 기타,직진우회전진행방해,건조,맑음,교차로 - 교차로안,승용,여,53세,상해없음,자전거,남,14세,경상
2014041200100505,2014년 4월 12일 19시,토요일,대구광역시 달성군 화원읍,경상사고,0,0,2,0,차대차 - 기타,안전운전불이행,건조,맑음,교차로 - 교차로안,화물,남,52세,상해없음,승용,여,34세,경상
2014041200100506,2014년 4월 12일 19시,토요일,대구광역시 서구 내당동,경상사고,0,0,1,0,차대차 - 기타,기타,건조,흐림,단일로 - 기타,승용,남,65세,상해없음,이륜,남,24세,경상
2014041200100507,2014년 4월 12일 19시,토요일,대구광역시 달서구 신당동,경상사고,0,0,1,0,차대차 - 기타,안전거리미확보,건조,흐림,단일로 - 기타,승용,여,67세,상해없음,이륜,남,40세,경상
2014041200100531,2014년 4월 12일 20시,토요일,대구광역시 달서구 두류동,부상신고사고,0,0,0,1,차대차 - 측면직각충돌,신호위반,건조,맑음,교차로 - 교차로안,이륜,남,56세,부상신고,승용,남,65세,상해없음
2014041200100557,2014년 4월 12일 21시,토요일,대구광역시 북구 침산동,경상사고,0,0,1,0,차대차 - 추돌 - 진행중,차로위반,건조,맑음,단일로 - 기타,승용,남,25세,상해없음,이륜,남,17세,경상
2014041200100585,2014년 4월 12일 22시,토요일,대구광역시 남구 대명동,경상사고,0,0,2,0,차대차 - 추돌 - 주정차중,안전운전불이행,건조,맑음,교차로 - 교차로부근,승용,남,58세,상해없음,승용,남,65세,경상
2014041200100586,2014년 4월 12일 22시,토요일,대구광역시 남구 봉덕동,경상사고,0,0,2,0,차대차 - 기타,안전운전불이행,건조,맑음,교차로 - 교차로부근,승용,남,45세,상해없음,승용,남,34세,경상
2014041200100587,2014년 4월 12일 22시,토요일,대구광역시 수성구 두산동,경상사고,0,0,1,0,차대차 - 측면직각충돌,신호위반,건조,맑음,단일로 - 횡단보도상,승용,남,24세,상해없음,원동기,남,36세,경상
2014041200100588,2014년 4월 12일 22시,토요일,대구광역시 중구 삼덕동1가,경상사고,0,0,1,0,차대차 - 기타,안전운전불이행,건조,맑음,단일로 - 횡단보도상,승용,남,38세,상해없음,승용,남,23세,경상
2014041200100589,2014년 4월 12일 22시,토요일,대구광역시 달서구 이곡동,사망사고,1,0,0,0,차대사람 - 횡단중,과속,건조,맑음,단일로 - 기타,승용,남,22세,상해없음,보행자,여,33세,사망
2014041200100590,2014년 4월 12일 22시,토요일,대구광역시 달서구 두류동,중상사고,0,1,0,0,차대사람 - 횡단중,보행자보호의무위반,건조,흐림,교차로 - 교차로부근,승용,남,49세,상해없음,보행자,남,60세,중상
2014041200100591,2014년 4월 12일 22시,토요일,대구광역시 북구 국우동,부상신고사고,0,0,0,1,차대차 - 측면직각충돌,안전운전불이행,건조,맑음,단일로 - 기타,승용,남,48세,상해없음,자전거,남,14세,부상신고
2014041200100615,2014년 4월 12일 23시,토요일,대구광역시 달서구 상인동,경상사고,0,0,1,0,차대차 - 기타,중앙선침범,건조,맑음,단일로 - 기타,승용,남,35세,기타불명,승용,남,56세,경상
2014041200100616,2014년 4월 12일 23시,토요일,대구광역시 중구 동산동,경상사고,0,0,1,1,차대차 - 측면직각충돌,안전운전불이행,건조,맑음,교차로 - 교차로부근,승용,남,43세,부상신고,승용,남,69세,경상
2014041300100013,2014년 4월 13일 00시,일요일,대구광역시 달서구 본리동,경상사고,0,0,3,0,차대차 - 기타,안전운전불이행,건조,흐림,교차로 - 교차로부근,승용,남,45세,상해없음,승용,남,59세,경상
2014041300100032,2014년 4월 13일 01시,일요일,대구광역시 수성구 상동,중상사고,0,1,2,0,차대차 - 추돌 - 주정차중,안전운전불이행,건조,맑음,단일로 - 기타,승용,남,71세,상해없음,승용,남,61세,중상
2014041300100033,2014년 4월 13일 01시,일요일,대구광역시 수성구 만촌동,중상사고,0,1,0,0,차대차 - 기타,차로위반,건조,맑음,단일로 - 교량,승용,남,52세,상해없음,이륜,남,22세,중상
2014041300100034,2014년 4월 13일 01시,일요일,대구광역시 북구 관음동,경상사고,0,0,1,0,차대사람 - 길가장자리구역통행중,안전운전불이행,건조,맑음,기타 - 기타,승용,남,44세,상해없음,보행자,남,21세,경상
2014041300100048,2014년 4월 13일 02시,일요일,대구광역시 동구 입석동,경상사고,0,0,1,0,차대차 - 추돌 - 주정차중,안전운전불이행,건조,맑음,단일로 - 기타,승용,남,39세,상해없음,승용,남,55세,경상
2014041300100049,2014년 4월 13일 02시,일요일,대구광역시 수성구 만촌동,경상사고,0,0,2,0,차대차 - 기타,안전운전불이행,건조,맑음,교차로 - 교차로부근,승용,남,52세,상해없음,승용,남,46세,경상
2014041300100072,2014년 4월 13일 04시,일요일,대구광역시 달서구 대천동,경상사고,0,0,1,0,차대차 - 추돌 - 진행중,안전운전불이행,습기,비,교차로 - 교차로안,승용,남,47세,상해없음,원동기,남,47세,경상
2014041300100087,2014년 4월 13일 05시,일요일,대구광역시 중구 계산동1가,경상사고,0,0,1,0,차대차 - 기타,안전운전불이행,습기,비,교차로 - 교차로부근,기타불명,기타불명,기타불명,기타불명,승용,남,56세,경상
2014041300100097,2014년 4월 13일 06시,일요일,대구광역시 수성구 만촌동,경상사고,0,0,1,0,차대차 - 기타,교차로운행방법위반,건조,맑음,교차로 - 교차로안,승용,남,61세,상해없음,승용,남,36세,상해없음
2014041300100115,2014년 4월 13일 07시,일요일,대구광역시 수성구 파동,중상사고,0,1,1,0,차대차 - 측면직각충돌,신호위반,건조,맑음,교차로 - 교차로안,화물,남,55세,경상,승용,여,44세,중상
2014041300100153,2014년 4월 13일 09시,일요일,대구광역시 동구 숙천동,중상사고,0,2,2,0,차대차 - 추돌 - 진행중,안전운전불이행,습기,흐림,단일로 - 기타,화물,남,53세,상해없음,승용,남,46세,경상
2014041300100157,2014년 4월 13일 09시,일요일,대구광역시 수성구 신매동,중상사고,0,1,0,0,차대차 - 기타,안전거리미확보,건조,흐림,교차로 - 교차로부근,승용,여,68세,상해없음,화물,남,46세,상해없음
2014041300100178,2014년 4월 13일 10시,일요일,대구광역시 서구 비산동,경상사고,0,0,1,0,차대차 - 기타,안전운전불이행,건조,맑음,단일로 - 기타,승용,남,52세,상해없음,승용,남,50세,상해없음
2014041300100201,2014년 4월 13일 11시,일요일,대구광역시 북구 읍내동,중상사고,0,1,0,0,차대차 - 기타,차로위반,건조,맑음,단일로 - 기타,이륜,남,59세,중상,화물,남,44세,상해없음
2014041300100228,2014년 4월 13일 12시,일요일,대구광역시 달서구 진천동,경상사고,0,0,1,0,차대차 - 측면직각충돌,안전운전불이행,건조,맑음,단일로 - 기타,승용,남,55세,상해없음,원동기,남,41세,경상
2014041300100252,2014년 4월 13일 13시,일요일,대구광역시 달서구 용산동,경상사고,0,0,1,0,차대차 - 추돌 - 진행중,안전운전불이행,건조,맑음,교차로 - 교차로부근,승용,여,22세,상해없음,승용,남,61세,경상
2014041300100293,2014년 4월 13일 14시,일요일,대구광역시 동구 방촌동,경상사고,0,0,1,0,차대차 - 기타,안전운전불이행,건조,맑음,단일로 - 기타,승용,남,49세,상해없음,승용,남,31세,상해없음
2014041300100335,2014년 4월 13일 15시,일요일,대구광역시 수성구 범물동,경상사고,0,0,3,0,차대차 - 기타,안전운전불이행,건조,맑음,교차로 - 교차로부근,승용,남,62세,경상,승용,남,61세,경상
2014041300100336,2014년 4월 13일 15시,일요일,대구광역시 동구 신암동,경상사고,0,0,2,0,차대차 - 기타,안전거리미확보,건조,맑음,단일로 - 기타,승용,여,46세,상해없음,승용,남,60세,경상
2014041300100337,2014년 4월 13일 15시,일요일,대구광역시 중구 덕산동,경상사고,0,0,2,0,차대차 - 추돌 - 진행중,안전거리미확보,건조,맑음,단일로 - 기타,승용,남,40세,상해없음,승용,남,30세,경상
2014041300100378,2014년 4월 13일 16시,일요일,대구광역시 남구 대명동,경상사고,0,0,3,0,차대차 - 측면직각충돌,교차로운행방법위반,건조,맑음,교차로 - 교차로안,승용,남,50세,상해없음,승용,남,33세,경상
2014041300100379,2014년 4월 13일 16시,일요일,대구광역시 달서구 송현동,경상사고,0,0,1,0,차대차 - 기타,신호위반,건조,맑음,단일로 - 횡단보도상,화물,기타불명,기타불명,기타불명,자전거,남,74세,경상
2014041300100380,2014년 4월 13일 16시,일요일,대구광역시 달서구 두류동,사망사고,1,0,0,0,차대사람 - 기타,안전운전불이행,건조,맑음,단일로 - 기타,자전거,남,12세,상해없음,보행자,남,87세,사망
2014041300100405,2014년 4월 13일 17시,일요일,대구광역시 동구 중대동,중상사고,0,1,0,0,차대차 - 기타,안전거리미확보,건조,맑음,단일로 - 기타,승용,남,55세,상해없음,승용,남,66세,상해없음
2014041300100406,2014년 4월 13일 17시,일요일,대구광역시 동구 방촌동,경상사고,0,0,1,0,차대사람 - 기타,안전운전불이행,건조,맑음,단일로 - 기타,화물,남,31세,상해없음,보행자,남,3세,경상
2014041300100407,2014년 4월 13일 17시,일요일,대구광역시 동구 각산동,경상사고,0,0,1,0,차대사람 - 기타,안전운전불이행,건조,맑음,교차로 - 교차로부근,승용,기타불명,기타불명,기타불명,보행자,남,59세,경상
2014041300100438,2014년 4월 13일 18시,일요일,대구광역시 북구 산격동,경상사고,0,0,2,0,차대차 - 기타,교차로운행방법위반,건조,맑음,단일로 - 기타,승용,여,52세,상해없음,승용,남,32세,경상
2014041300100439,2014년 4월 13일 18시,일요일,대구광역시 서구 평리동,중상사고,0,1,0,0,차대차 - 측면직각충돌,안전운전불이행,건조,맑음,단일로 - 기타,이륜,남,57세,상해없음,자전거,남,16세,중상
2014041300100440,2014년 4월 13일 18시,일요일,대구광역시 달서구 이곡동,중상사고,0,1,0,0,차대차 - 측면직각충돌,신호위반,건조,맑음,교차로 - 교차로안,승용,남,34세,상해없음,이륜,남,25세,중상
2014041300100467,2014년 4월 13일 19시,일요일,대구광역시 달서구 이곡동,경상사고,0,0,1,0,차대차 - 추돌 - 진행중,안전거리미확보,건조,맑음,교차로 - 교차로안,승용,남,53세,상해없음,화물,여,45세,경상
2014041300100468,2014년 4월 13일 19시,일요일,대구광역시 북구 구암동,경상사고,0,0,2,0,차대차 - 측면직각충돌,안전운전불이행,건조,맑음,단일로 - 기타,승용,남,58세,상해없음,승용,남,47세,상해없음
2014041300100523,2014년 4월 13일 21시,일요일,대구광역시 수성구 수성동2가,경상사고,0,0,1,0,차대차 - 추돌 - 진행중,안전거리미확보,건조,맑음,단일로 - 기타,승용,남,39세,기타불명,승용,남,37세,경상
2014041300100524,2014년 4월 13일 21시,일요일,대구광역시 달성군 다사읍,경상사고,0,0,2,0,차대차 - 측면직각충돌,안전거리미확보,건조,맑음,단일로 - 기타,이륜,남,30세,경상,승용,남,28세,경상
2014041300100525,2014년 4월 13일 21시,일요일,대구광역시 달성군 화원읍,중상사고,0,1,0,0,차대사람 - 기타,안전운전불이행,건조,맑음,교차로 - 교차로안,승용,여,47세,상해없음,보행자,남,53세,중상
2014041300100526,2014년 4월 13일 21시,일요일,대구광역시 서구 비산동,중상사고,0,1,0,0,차대사람 - 횡단중,안전운전불이행,건조,맑음,단일로 - 기타,승용,남,49세,상해없음,보행자,남,48세,중상
2014041300100527,2014년 4월 13일 21시,일요일,대구광역시 북구 매천동,중상사고,0,1,3,0,차대차 - 추돌 - 진행중,안전운전불이행,건조,맑음,단일로 - 기타,승용,여,57세,경상,승용,여,54세,중상
2014041300100548,2014년 4월 13일 22시,일요일,대구광역시 동구 신암동,중상사고,0,1,0,0,차대차 - 추돌 - 진행중,안전거리미확보,건조,맑음,단일로 - 기타,승용,남,65세,상해없음,승용,남,41세,중상
2014041300100549,2014년 4월 13일 22시,일요일,대구광역시 달서구 송현동,경상사고,0,0,1,0,차대사람 - 기타,안전운전불이행,건조,맑음,교차로 - 교차로안,승용,여,50세,상해없음,보행자,남,23세,경상
2014041300100550,2014년 4월 13일 22시,일요일,대구광역시 중구 동성로2가,중상사고,0,1,0,0,차대사람 - 기타,보행자보호의무위반,건조,맑음,단일로 - 횡단보도상,이륜,남,18세,상해없음,보행자,여,20세,중상
2014041300100568,2014년 4월 13일 23시,일요일,대구광역시 달성군 다사읍,경상사고,0,0,1,0,차대차 - 기타,안전운전불이행,건조,맑음,단일로 - 기타,승용,남,57세,상해없음,승용,남,30세,경상
2014041400100025,2014년 4월 14일 02시,월요일,대구광역시 동구 율하동,중상사고,0,1,0,0,차대사람 - 기타,안전운전불이행,건조,맑음,단일로 - 횡단보도상,승용,남,35세,상해없음,보행자,남,20세,중상
2014041400100026,2014년 4월 14일 02시,월요일,대구광역시 달성군 가창면,경상사고,0,0,1,0,차대사람 - 기타,안전운전불이행,건조,맑음,단일로 - 기타,승용,남,52세,상해없음,보행자,남,21세,경상
2014041400100037,2014년 4월 14일 04시,월요일,대구광역시 달서구 두류동,경상사고,0,0,1,0,차대사람 - 횡단중,안전운전불이행,건조,맑음,단일로 - 횡단보도상,승용,남,37세,상해없음,보행자,남,77세,경상
2014041400100060,2014년 4월 14일 06시,월요일,대구광역시 남구 대명동,경상사고,0,0,1,0,차대차 - 측면직각충돌,안전운전불이행,건조,맑음,단일로 - 기타,기타불명,기타불명,기타불명,기타불명,승용,남,57세,경상
2014041400100061,2014년 4월 14일 06시,월요일,대구광역시 북구 침산동,경상사고,0,0,2,0,차대차 - 측면직각충돌,교차로운행방법위반,건조,맑음,교차로 - 교차로안,승용,여,36세,상해없음,승용,남,50세,경상
2014041400100062,2014년 4월 14일 06시,월요일,대구광역시 북구 노원동1가,부상신고사고,0,0,0,1,차대차 - 측면직각충돌,신호위반,건조,맑음,교차로 - 교차로안,이륜,남,55세,부상신고,화물,남,65세,상해없음
2014041400100063,2014년 4월 14일 06시,월요일,대구광역시 달서구 본리동,경상사고,0,0,1,0,차대차 - 측면직각충돌,안전거리미확보,건조,맑음,교차로 - 교차로부근,화물,남,54세,상해없음,승용,남,45세,경상
2014041400100094,2014년 4월 14일 07시,월요일,대구광역시 수성구 수성동4가,중상사고,0,1,0,0,차대차 - 측면직각충돌,직진우회전진행방해,건조,맑음,교차로 - 교차로안,승용,여,54세,상해없음,자전거,여,65세,중상
2014041400100095,2014년 4월 14일 07시,월요일,대구광역시 북구 복현동,경상사고,0,0,1,0,차대차 - 추돌 - 진행중,안전운전불이행,건조,맑음,단일로 - 기타,승용,남,23세,상해없음,승용,남,54세,경상
2014041400100096,2014년 4월 14일 07시,월요일,대구광역시 달서구 이곡동,경상사고,0,0,1,0,차대차 - 측면직각충돌,신호위반,건조,맑음,교차로 - 교차로안,승용,남,73세,상해없음,이륜,남,43세,경상
2014041400100133,2014년 4월 14일 08시,월요일,대구광역시 수성구 중동,중상사고,0,1,0,0,차대사람 - 기타,안전운전불이행,건조,맑음,단일로 - 기타,승용,남,29세,상해없음,보행자,여,78세,중상
2014041400100134,2014년 4월 14일 08시,월요일,대구광역시 달서구 본동,중상사고,0,1,0,0,차대차 - 측면직각충돌,차로위반,건조,맑음,교차로 - 교차로부근,화물,남,54세,상해없음,승용,남,22세,중상
2014041400100135,2014년 4월 14일 08시,월요일,대구광역시 서구 평리동,경상사고,0,0,1,0,차대사람 - 횡단중,신호위반,건조,흐림,단일로 - 횡단보도상,승용,여,53세,상해없음,보행자,남,22세,경상
2014041400100163,2014년 4월 14일 09시,월요일,대구광역시 중구 남산동,경상사고,0,0,1,0,차대차 - 기타,안전운전불이행,건조,맑음,단일로 - 기타,승용,남,75세,상해없음,승용,여,52세,경상
2014041400100194,2014년 4월 14일 10시,월요일,대구광역시 달서구 두류동,경상사고,0,0,1,0,차대차 - 측면직각충돌,신호위반,건조,맑음,교차로 - 교차로안,승용,남,59세,상해없음,승용,남,30세,경상
2014041400100232,2014년 4월 14일 11시,월요일,대구광역시 달서구 송현동,경상사고,0,0,2,0,차대차 - 추돌 - 주정차중,안전운전불이행,건조,맑음,교차로 - 교차로부근,화물,여,57세,상해없음,화물,남,42세,경상
2014041400100233,2014년 4월 14일 11시,월요일,대구광역시 북구 칠성동2가,중상사고,0,1,0,0,차대사람 - 기타,안전운전불이행,건조,맑음,교차로 - 교차로안,화물,남,42세,상해없음,보행자,남,72세,중상
2014041400100268,2014년 4월 14일 12시,월요일,대구광역시 수성구 만촌동,경상사고,0,0,1,0,차대차 - 추돌 - 진행중,안전운전불이행,건조,맑음,교차로 - 교차로안,승용,남,26세,상해없음,승용,남,42세,경상
2014041400100269,2014년 4월 14일 12시,월요일,대구광역시 중구 삼덕동1가,부상신고사고,0,0,0,1,차대차 - 기타,안전운전불이행,기타,맑음,기타 - 기타,이륜,남,33세,부상신고,승용,여,23세,상해없음
2014041400100302,2014년 4월 14일 13시,월요일,대구광역시 달서구 진천동,경상사고,0,0,1,0,차대사람 - 기타,안전운전불이행,건조,맑음,교차로 - 교차로부근,원동기,남,42세,상해없음,보행자,여,65세,경상
2014041400100303,2014년 4월 14일 13시,월요일,대구광역시 북구 산격동,경상사고,0,0,1,0,차대차 - 추돌 - 진행중,안전운전불이행,건조,맑음,단일로 - 기타,승용,남,62세,상해없음,승용,여,29세,경상
2014041400100329,2014년 4월 14일 14시,월요일,대구광역시 중구 북성로1가,경상사고,0,0,1,0,차대사람 - 기타,안전운전불이행,건조,맑음,단일로 - 기타,승용,남,71세,기타불명,보행자,여,29세,경상
2014041400100367,2014년 4월 14일 15시,월요일,대구광역시 수성구 가천동,경상사고,0,0,1,0,차대사람 - 횡단중,보행자보호의무위반,건조,맑음,교차로 - 교차로부근,승용,기타불명,기타불명,기타불명,보행자,여,6세,경상
2014041400100368,2014년 4월 14일 15시,월요일,대구광역시 달성군 구지면,중상사고,0,1,1,1,차대차 - 추돌 - 주정차중,안전운전불이행,건조,맑음,교차로 - 교차로부근,화물,남,39세,부상신고,화물,남,61세,경상
2014041400100369,2014년 4월 14일 15시,월요일,대구광역시 북구 침산동,중상사고,0,1,0,0,차량단독 - 기타,안전운전불이행,건조,맑음,단일로 - 기타,원동기,남,79세,중상,,,,
2014041400100370,2014년 4월 14일 15시,월요일,대구광역시 서구 평리동,경상사고,0,0,1,0,차대사람 - 기타,교차로운행방법위반,건조,맑음,단일로 - 기타,승용,여,35세,상해없음,보행자,남,53세,경상
2014041400100371,2014년 4월 14일 15시,월요일,대구광역시 달서구 성당동,중상사고,0,1,0,0,차대사람 - 횡단중,안전운전불이행,건조,맑음,단일로 - 기타,승용,남,34세,상해없음,보행자,남,56세,중상
2014041400100372,2014년 4월 14일 15시,월요일,대구광역시 달서구 호산동,경상사고,0,0,1,0,차대차 - 측면직각충돌,안전운전불이행,건조,맑음,단일로 - 횡단보도상,승용,여,27세,상해없음,자전거,남,45세,경상
2014041400100405,2014년 4월 14일 16시,월요일,대구광역시 동구 신암동,경상사고,0,0,2,0,차대차 - 측면직각충돌,안전운전불이행,건조,맑음,단일로 - 기타,승용,여,59세,상해없음,승용,남,38세,경상
2014041400100406,2014년 4월 14일 16시,월요일,대구광역시 북구 대현동,부상신고사고,0,0,0,1,차대차 - 기타,안전운전불이행,건조,맑음,교차로 - 교차로부근,자전거,여,10세,부상신고,승용,남,42세,상해없음