사고번호,사고일시,요일,시군구,사고내용,사망자수,중상자수,경상자수,부상신고자수,사고유형,법규위반,노면상태,기상상태,도로형태,가해운전자 차종,가해운전자 성별,가해운전자 연령,가해운전자 상해정도,피해운전자 차종,피해운전자 성별,피해운전자 연령,피해운전자 상해정도
2014041400100407,2014년 4월 14일 16시,월요일,대구광역시 달서구 장기동,중상사고,0,1,1,0,차대차 - 추돌 - 진행중,교차로운행방법위반,건조,맑음,교차로 - 교차로안,승용,남,30세,경상,화물,남,28세,중상
2014041400100444,2014년 4월 14일 17시,월요일,대구광역시 수성구 상동,부상신고사고,0,0,0,1,차대차 - 추돌 - 진행중,안전운전불이행,건조,맑음,단일로 - 기타,이륜,남,41세,부상신고,승용,여,43세,상해없음
2014041400100445,2014년 4월 14일 17시,월요일,대구광역시 달성군 현풍면,경상사고,0,0,1,0,차대사람 - 기타,안전운전불이행,건조,맑음,단일로 - 기타,승용,여,45세,상해없음,보행자,여,71세,경상
2014041400100484,2014년 4월 14일 18시,월요일,대구광역시 남구 대명동,경상사고,0,0,2,0,차대차 - 기타,안전거리미확보,건조,맑음,단일로 - 기타,원동기,남,38세,경상,승용,남,29세,경상
2014041400100485,2014년 4월 14일 18시,월요일,대구광역시 동구 각산동,경상사고,0,0,1,0,차대차 - 기타,안전운전불이행,건조,맑음,교차로 - 교차로부근,화물,남,66세,상해없음,자전거,남,9세,경상
2014041400100486,2014년 4월 14일 18시,월요일,대구광역시 달성군 구지면,경상사고,0,0,1,0,차대차 - 측면직각충돌,안전운전불이행,건조,맑음,교차로 - 교차로부근,원동기,남,40세,경상,승용,남,51세,상해없음
2014041400100487,2014년 4월 14일 18시,월요일,대구광역시 북구 칠성동2가,경상사고,0,0,1,0,차대차 - 기타,신호위반,건조,맑음,단일로 - 기타,승용,남,55세,상해없음,원동기,남,16세,경상
2014041400100488,2014년 4월 14일 18시,월요일,대구광역시 서구 비산동,경상사고,0,0,2,0,차대차 - 추돌 - 주정차중,안전거리미확보,건조,맑음,단일로 - 기타,화물,남,32세,상해없음,승용,남,54세,경상
2014041400100489,2014년 4월 14일 18시,월요일,대구광역시 중구 공평동,경상사고,0,0,1,0,차대차 - 측면직각충돌,안전거리미확보,건조,맑음,단일로 - 기타,승용,남,25세,상해없음,승용,여,40세,경상
2014041400100532,2014년 4월 14일 19시,월요일,대구광역시 달서구 성당동,경상사고,0,0,1,0,차대사람 - 횡단중,안전운전불이행,건조,맑음,단일로 - 횡단보도상,승용,남,52세,상해없음,보행자,여,16세,경상
2014041400100533,2014년 4월 14일 19시,월요일,대구광역시 달서구 감삼동,부상신고사고,0,0,0,2,차대차 - 기타,안전운전불이행,건조,맑음,단일로 - 기타,기타불명,기타불명,기타불명,기타불명,원동기,남,58세,부상신고
2014041400100558,2014년 4월 14일 20시,월요일,대구광역시 서구 비산동,중상사고,0,1,0,0,차대사람 - 기타,안전운전불이행,건조,맑음,기타 - 기타,승합,남,40세,상해없음,보행자,여,18세,중상
2014041400100559,2014년 4월 14일 20시,월요일,대구광역시 달서구 본리동,중상사고,0,2,1,0,차대차 - 측면직각충돌,신호위반,건조,맑음,교차로 - 교차로안,승용,남,55세,상해없음,승용,남,52세,경상
2014041400100579,2014년 4월 14일 21시,월요일,대구광역시 달서구 상인동,경상사고,0,0,2,0,차대차 - 측면직각충돌,직진우회전진행방해,건조,맑음,교차로 - 교차로안,승용,남,35세,상해없음,승용,여,22세,경상
2014041400100580,2014년 4월 14일 21시,월요일,대구광역시 달성군 논공읍,경상사고,0,0,1,0,차대차 - 측면직각충돌,안전거리미확보,건조,맑음,교차로 - 교차로부근,승용,남,58세,상해없음,이륜,남,33세,경상
2014041400100581,2014년 4월 14일 21시,월요일,대구광역시 달성군 다사읍,경상사고,0,0,1,0,차대차 - 추돌 - 주정차중,안전운전불이행,건조,맑음,교차로 - 교차로부근,이륜,남,16세,경상,승용,남,35세,상해없음
2014041400100612,2014년 4월 14일 22시,월요일,대구광역시 남구 대명동,경상사고,0,0,1,0,차대사람 - 기타,안전운전불이행,건조,맑음,단일로 - 기타,승용,남,33세,상해없음,보행자,여,31세,경상
2014041500100016,2014년 4월 15일 00시,화요일,대구광역시 수성구 사월동,경상사고,0,0,1,0,차대차 - 추돌 - 진행중,안전운전불이행,건조,맑음,단일로 - 기타,이륜,남,25세,상해없음,승합,남,54세,상해없음
2014041500100017,2014년 4월 15일 00시,화요일,대구광역시 달성군 가창면,경상사고,0,0,1,0,차대차 - 기타,차로위반,건조,맑음,단일로 - 기타,승용,기타불명,기타불명,기타불명,승용,남,49세,경상
2014041500100032,2014년 4월 15일 01시,화요일,대구광역시 남구 봉덕동,중상사고,0,1,0,0,차대차 - 측면직각충돌,교차로운행방법위반,건조,맑음,교차로 - 교차로안,승용,남,38세,상해없음,원동기,남,32세,중상
2014041500100045,2014년 4월 15일 03시,화요일,대구광역시 서구 평리동,중상사고,0,1,1,0,차대차 - 기타,안전운전불이행,건조,맑음,교차로 - 교차로부근,승용,남,45세,상해없음,승용,남,62세,중상
2014041500100056,2014년 4월 15일 04시,화요일,대구광역시 중구 삼덕동1가,경상사고,0,0,1,0,차대사람 - 길가장자리구역통행중,안전운전불이행,건조,맑음,단일로 - 기타,승용,남,25세,상해없음,보행자,남,20세,경상
2014041500100106,2014년 4월 15일 07시,화요일,대구광역시 동구 용계동,경상사고,0,0,1,0,차대사람 - 기타,안전운전불이행,건조,맑음,단일로 - 기타,기타불명,기타불명,기타불명,기타불명,보행자,남,17세,경상
2014041500100107,2014년 4월 15일 07시,화요일,대구광역시 수성구 수성동2가,중상사고,0,1,2,0,차대차 - 추돌 - 진행중,안전운전불이행,건조,맑음,단일로 - 기타,승용,남,46세,상해없음,승용,남,37세,중상
2014041500100108,2014년 4월 15일 07시,화요일,대구광역시 수성구 두산동,경상사고,0,0,3,0,차대차 - 추돌 - 주정차중,안전운전불이행,건조,맑음,단일로 - 기타,승용,남,75세,상해없음,승용,남,57세,경상
2014041500100109,2014년 4월 15일 07시,화요일,대구광역시 서구 비산동,중상사고,0,1,0,0,차대사람 - 기타,안전운전불이행,건조,맑음,단일로 - 기타,자전거,남,26세,상해없음,보행자,여,55세,중상
2014041500100166,2014년 4월 15일 08시,화요일,대구광역시 수성구 매호동,경상사고,0,0,1,0,차대차 - 기타,안전운전불이행,건조,맑음,단일로 - 기타,승용,남,41세,상해없음,자전거,남,13세,경상
2014041500100167,2014년 4월 15일 08시,화요일,대구광역시 수성구 욱수동,경상사고,0,0,1,0,차대차 - 추돌 - 진행중,안전운전불이행,건조,맑음,단일로 - 기타,승용,남,58세,상해없음,승용,여,35세,경상
2014041500100168,2014년 4월 15일 08시,화요일,대구광역시 서구 내당동,중상사고,0,1,0,0,차대차 - 측면직각충돌,안전운전불이행,습기,맑음,단일로 - 기타,자전거,남,16세,상해없음,자전거,남,49세,중상
2014041500100194,2014년 4월 15일 09시,화요일,대구광역시 달성군 논공읍,중상사고,0,1,0,0,차대차 - 측면직각충돌,차로위반,건조,맑음,단일로 - 기타,승용,여,45세,상해없음,이륜,남,72세,중상
2014041500100195,2014년 4월 15일 09시,화요일,대구광역시 달서구 호산동,중상사고,0,2,0,0,차대차 - 측면직각충돌,중앙선침범,건조,맑음,단일로 - 기타,승용,남,29세,중상,승용,여,32세,중상
2014041500100221,2014년 4월 15일 10시,화요일,대구광역시 수성구 두산동,중상사고,0,1,2,0,차대차 - 추돌 - 주정차중,안전운전불이행,건조,맑음,단일로 - 기타,승용,남,31세,상해없음,승용,남,64세,경상
2014041500100247,2014년 4월 15일 11시,화요일,대구광역시 수성구 만촌동,경상사고,0,0,1,0,차량단독 - 기타,안전운전불이행,건조,맑음,단일로 - 기타,승용,남,51세,경상,,,,
2014041500100248,2014년 4월 15일 11시,화요일,대구광역시 달서구 이곡동,경상사고,0,0,2,0,차대차 - 측면직각충돌,교차로운행방법위반,건조,맑음,교차로 - 교차로안,화물,남,28세,경상,화물,남,45세,경상
2014041500100299,2014년 4월 15일 13시,화요일,대구광역시 북구 침산동,중상사고,0,1,0,0,차대차 - 측면직각충돌,직진우회전진행방해,건조,맑음,교차로 - 교차로안,승용,남,65세,상해없음,원동기,남,34세,중상
2014041500100300,2014년 4월 15일 13시,화요일,대구광역시 달서구 성당동,부상신고사고,0,0,0,1,차대차 - 추돌 - 진행중,안전거리미확보,건조,맑음,단일로 - 기타,이륜,남,47세,부상신고,승용,남,54세,상해없음
2014041500100301,2014년 4월 15일 13시,화요일,대구광역시 달서구 성당동,경상사고,0,0,1,0,차대사람 - 기타,안전운전불이행,건조,맑음,단일로 - 기타,승용,여,60세,상해없음,보행자,여,62세,경상
2014041500100330,2014년 4월 15일 14시,화요일,대구광역시 수성구 범물동,경상사고,0,0,1,0,차대사람 - 기타,안전운전불이행,건조,맑음,교차로 - 교차로부근,승용,여,55세,상해없음,보행자,남,8세,경상
2014041500100331,2014년 4월 15일 14시,화요일,대구광역시 중구 봉산동,경상사고,0,0,1,0,차대사람 - 보도통행중,기타,건조,맑음,기타 - 기타,승용,남,60세,상해없음,보행자,여,31세,경상
2014041500100354,2014년 4월 15일 15시,화요일,대구광역시 달서구 상인동,경상사고,0,0,1,0,차대사람 - 기타,안전운전불이행,건조,맑음,교차로 - 교차로안,승용,여,37세,상해없음,보행자,남,48세,경상
2014041500100355,2014년 4월 15일 15시,화요일,대구광역시 달성군 옥포면,경상사고,0,0,1,0,차대차 - 추돌 - 진행중,안전운전불이행,건조,맑음,단일로 - 기타,승용,남,31세,상해없음,승용,남,43세,경상
2014041500100356,2014년 4월 15일 15시,화요일,대구광역시 북구 노원동3가,경상사고,0,0,1,0,차대차 - 기타,안전운전불이행,건조,맑음,단일로 - 기타,승용,남,44세,상해없음,승용,남,50세,경상
2014041500100385,2014년 4월 15일 16시,화요일,대구광역시 중구 남산동,중상사고,0,1,0,0,차대차 - 측면직각충돌,교차로운행방법위반,건조,맑음,교차로 - 교차로안,승용,남,32세,상해없음,자전거,남,23세,중상
2014041500100417,2014년 4월 15일 17시,화요일,대구광역시 수성구 만촌동,중상사고,0,1,0,0,차대사람 - 기타,기타,건조,맑음,단일로 - 기타,승용,여,56세,상해없음,보행자,여,6세,중상
2014041500100418,2014년 4월 15일 17시,화요일,대구광역시 달성군 논공읍,경상사고,0,0,1,0,차대차 - 측면직각충돌,안전운전불이행,건조,맑음,단일로 - 기타,이륜,남,24세,경상,승용,여,40세,상해없음
2014041500100452,2014년 4월 15일 18시,화요일,대구광역시 수성구 수성동2가,경상사고,0,0,2,0,차대차 - 추돌 - 진행중,안전거리미확보,건조,맑음,단일로 - 기타,승용,여,64세,상해없음,승용,남,44세,경상
2014041500100453,2014년 4월 15일 18시,화요일,대구광역시 남구 대명동,경상사고,0,0,1,0,차대차 - 추돌 - 주정차중,안전운전불이행,건조,맑음,단일로 - 기타,화물,남,70세,상해없음,승용,여,38세,경상
2014041500100454,2014년 4월 15일 18시,화요일,대구광역시 달성군 화원읍,경상사고,0,0,1,0,차대차 - 측면직각충돌,불법유턴,건조,맑음,교차로 - 교차로안,승합,남,57세,상해없음,화물,남,54세,경상
2014041500100455,2014년 4월 15일 18시,화요일,대구광역시 서구 원대동2가,중상사고,0,1,0,0,차대차 - 기타,안전거리미확보,건조,맑음,단일로 - 기타,자전거,남,71세,기타불명,승합,남,45세,상해없음
2014041500100456,2014년 4월 15일 18시,화요일,대구광역시 북구 동천동,중상사고,0,1,0,0,차대차 - 기타,안전운전불이행,건조,맑음,단일로 - 기타,승용,남,69세,상해없음,이륜,남,22세,중상
2014041500100483,2014년 4월 15일 19시,화요일,대구광역시 수성구 황금동,경상사고,0,0,1,0,차대차 - 측면직각충돌,안전거리미확보,건조,맑음,교차로 - 교차로부근,승용,남,56세,상해없음,승용,남,31세,상해없음
2014041500100484,2014년 4월 15일 19시,화요일,대구광역시 달서구 용산동,경상사고,0,0,1,0,차대차 - 측면직각충돌,신호위반,건조,맑음,교차로 - 교차로안,이륜,남,19세,상해없음,승용,남,58세,경상
2014041500100509,2014년 4월 15일 20시,화요일,대구광역시 남구 대명동,경상사고,0,0,1,0,차대차 - 기타,안전운전불이행,건조,맑음,교차로 - 교차로부근,승용,남,46세,상해없음,승용,남,45세,경상
2014041500100510,2014년 4월 15일 20시,화요일,대구광역시 동구 불로동,중상사고,0,1,0,0,차대차 - 기타,기타,건조,맑음,단일로 - 기타,화물,남,61세,상해없음,자전거,여,56세,중상
2014041500100511,2014년 4월 15일 20시,화요일,대구광역시 수성구 시지동,경상사고,0,0,1,0,차대사람 - 횡단중,보행자보호의무위반,건조,맑음,단일로 - 횡단보도상,기타불명,기타불명,기타불명,기타불명,보행자,남,42세,경상
2014041500100512,2014년 4월 15일 20시,화요일,대구광역시 달서구 유천동,경상사고,0,0,1,0,차대차 - 기타,안전운전불이행,건조,맑음,교차로 - 교차로부근,승용,여,26세,상해없음,승용,남,30세,경상
2014041500100571,2014년 4월 15일 22시,화요일,대구광역시 수성구 상동,중상사고,0,1,0,0,차대차 - 기타,불법유턴,건조,맑음,교차로 - 교차로부근,승용,남,45세,상해없음,이륜,남,31세,중상
2014041500100572,2014년 4월 15일 22시,화요일,대구광역시 달서구 본동,경상사고,0,0,1,0,차대차 - 추돌 - 진행중,안전거리미확보,건조,맑음,교차로 - 교차로부근,승용,남,30세,상해없음,승용,여,56세,경상
2014041500100573,2014년 4월 15일 22시,화요일,대구광역시 달서구 월성동,경상사고,0,0,1,0,차대사람 - 차도통행중,안전운전불이행,건조,맑음,교차로 - 교차로안,승용,여,33세,상해없음,보행자,남,50세,경상
2014041500100574,2014년 4월 15일 22시,화요일,대구광역시 달서구 유천동,경상사고,0,0,1,0,차대차 - 기타,안전운전불이행,건조,맑음,교차로 - 교차로안,승용,여,26세,상해없음,자전거,남,13세,경상
2014041600100012,2014년 4월 16일 00시,수요일,대구광역시 달서구 본리동,경상사고,0,0,1,0,차대차 - 기타,안전운전불이행,건조,맑음,교차로 - 교차로안,승용,남,22세,상해없음,승용,남,27세,경상
2014041600100040,2014년 4월 16일 03시,수요일,대구광역시 달서구 유천동,경상사고,0,0,1,0,차대차 - 기타,안전거리미확보,건조,맑음,단일로 - 기타,화물,기타불명,기타불명,기타불명,이륜,남,23세,경상
2014041600100049,2014년 4월 16일 04시,수요일,대구광역시 북구 노원동3가,중상사고,0,1,0,0,차대사람 - 횡단중,안전운전불이행,건조,맑음,단일로 - 기타,화물,남,61세,상해없음,보행자,남,67세,중상
2014041600100076,2014년 4월 16일 06시,수요일,대구광역시 달서구 상인동,경상사고,0,0,1,0,차대사람 - 기타,안전운전불이행,건조,맑음,단일로 - 기타,승용,여,53세,상해없음,보행자,남,26세,경상
2014041600100097,2014년 4월 16일 07시,수요일,대구광역시 동구 검사동,경상사고,0,0,1,0,차대차 - 측면직각충돌,교차로운행방법위반,건조,맑음,교차로 - 교차로안,승용,여,50세,상해없음,이륜,남,54세,경상
2014041600100098,2014년 4월 16일 07시,수요일,대구광역시 달서구 본리동,경상사고,0,0,1,0,차대차 - 기타,안전운전불이행,건조,맑음,단일로 - 기타,승용,남,62세,상해없음,자전거,여,44세,경상
2014041600100130,2014년 4월 16일 08시,수요일,대구광역시 서구 평리동,중상사고,0,1,0,0,차대차 - 기타,신호위반,건조,맑음,교차로 - 교차로안,화물,남,28세,상해없음,원동기,남,17세,중상
2014041600100131,2014년 4월 16일 08시,수요일,대구광역시 중구 남산동,경상사고,0,0,1,0,차대차 - 추돌 - 진행중,안전운전불이행,건조,맑음,교차로 - 교차로안,승용,남,73세,상해없음,자전거,남,22세,경상
2014041600100132,2014년 4월 16일 08시,수요일,대구광역시 달서구 성당동,부상신고사고,0,0,0,1,차대사람 - 보도통행중,보행자보호의무위반,건조,맑음,단일로 - 횡단보도상,승용,기타불명,기타불명,기타불명,보행자,여,8세,부상신고
2014041600100133,2014년 4월 16일 08시,수요일,대구광역시 북구 매천동,경상사고,0,0,1,0,차대차 - 측면직각충돌,안전운전불이행,건조,맑음,단일로 - 횡단보도부근,승용,남,64세,기타불명,자전거,남,14세,경상
2014041600100159,2014년 4월 16일 09시,수요일,대구광역시 남구 봉덕동,경상사고,0,0,1,0,차대사람 - 횡단중,보행자보호의무위반,건조,맑음,교차로 - 교차로안,승용,여,61세,상해없음,보행자,남,48세,경상
2014041600100190,2014년 4월 16일 10시,수요일,대구광역시 수성구 수성동2가,부상신고사고,0,0,0,1,차대차 - 측면직각충돌,안전운전불이행,건조,맑음,기타 - 기타,이륜,남,24세,부상신고,승용,남,36세,상해없음
2014041600100214,2014년 4월 16일 11시,수요일,대구광역시 중구 달성동,경상사고,0,0,1,0,차대차 - 기타,안전운전불이행,건조,맑음,단일로 - 기타,승용,남,51세,상해없음,이륜,남,48세,경상
2014041600100239,2014년 4월 16일 12시,수요일,대구광역시 달서구 송현동,부상신고사고,0,0,0,1,차대사람 - 기타,안전운전불이행,건조,맑음,교차로 - 교차로부근,화물,기타불명,기타불명,기타불명,보행자,여,28세,부상신고
2014041600100240,2014년 4월 16일 12시,수요일,대구광역시 중구 달성동,사망사고,1,0,0,0,차대사람 - 기타,안전운전불이행,건조,맑음,교차로 - 교차로안,화물,남,67세,상해없음,보행자,여,56세,사망
2014041600100241,2014년 4월 16일 12시,수요일,대구광역시 중구 동인동2가,중상사고,0,1,0,0,차대차 - 추돌 - 주정차중,안전운전불이행,건조,맑음,교차로 - 교차로부근,승용,남,28세,상해없음,승용,남,61세,중상
2014041600100263,2014년 4월 16일 13시,수요일,대구광역시 수성구 신매동,중상사고,0,1,0,0,차대사람 - 보도통행중,안전운전불이행,건조,맑음,교차로 - 교차로부근,기타불명,기타불명,기타불명,기타불명,보행자,여,70세,중상
2014041600100294,2014년 4월 16일 14시,수요일,대구광역시 달성군 현풍면,중상사고,0,1,0,0,차대차 - 측면직각충돌,안전운전불이행,건조,맑음,단일로 - 기타,화물,남,54세,상해없음,이륜,남,74세,중상
2014041600100321,2014년 4월 16일 15시,수요일,대구광역시 달성군 옥포면,경상사고,0,0,1,0,차대차 - 추돌 - 주정차중,안전운전불이행,건조,맑음,단일로 - 기타,화물,남,60세,상해없음,화물,남,45세,상해없음
2014041600100328,2014년 4월 16일 15시,수요일,대구광역시 동구 신천동,경상사고,0,0,1,0,차대차 - 측면직각충돌,안전운전불이행,건조,맑음,단일로 - 기타,승용,남,48세,상해없음,승용,남,21세,기타불명
2014041600100329,2014년 4월 16일 15시,수요일,대구광역시 수성구 두산동,경상사고,0,0,1,0,차대사람 - 보도통행중,안전운전불이행,건조,맑음,단일로 - 기타,승용,남,52세,상해없음,보행자,남,14세,경상
2014041600100330,2014년 4월 16일 15시,수요일,대구광역시 달성군 가창면,경상사고,0,0,1,0,차대사람 - 횡단중,안전운전불이행,건조,맑음,단일로 - 기타,화물,남,58세,상해없음,보행자,남,3세,경상
2014041600100331,2014년 4월 16일 15시,수요일,대구광역시 달서구 이곡동,중상사고,0,1,0,0,차대차 - 기타,안전거리미확보,건조,맑음,단일로 - 기타,승용,기타불명,기타불명,기타불명,이륜,남,37세,중상
2014041600100362,2014년 4월 16일 16시,수요일,대구광역시 수성구 두산동,중상사고,0,1,0,0,차대차 - 측면직각충돌,안전운전불이행,건조,맑음,단일로 - 횡단보도상,화물,남,51세,상해없음,자전거,여,57세,중상
2014041600100363,2014년 4월 16일 16시,수요일,대구광역시 북구 산격동,경상사고,0,0,2,0,차대차 - 추돌 - 진행중,기타,건조,맑음,단일로 - 기타,승용,남,32세,경상,승용,남,41세,경상
2014041600100399,2014년 4월 16일 17시,수요일,대구광역시 남구 대명동,중상사고,0,1,0,0,차대차 - 추돌 - 진행중,안전운전불이행,건조,맑음,단일로 - 횡단보도상,자전거,여,59세,중상,승용,여,43세,상해없음
2014041600100400,2014년 4월 16일 17시,수요일,대구광역시 동구 신기동,경상사고,0,0,1,0,차대차 - 추돌 - 주정차중,직진우회전진행방해,건조,맑음,교차로 - 교차로안,승용,여,33세,상해없음,화물,남,33세,경상
2014041600100401,2014년 4월 16일 17시,수요일,대구광역시 달성군 화원읍,중상사고,0,1,0,0,차대차 - 기타,안전운전불이행,건조,맑음,단일로 - 기타,화물,남,60세,상해없음,이륜,남,54세,중상
2014041600100402,2014년 4월 16일 17시,수요일,대구광역시 달성군 화원읍,경상사고,0,0,1,0,차대차 - 측면직각충돌,안전운전불이행,건조,맑음,단일로 - 기타,승용,남,68세,경상,승용,남,48세,상해없음
2014041600100403,2014년 4월 16일 17시,수요일,대구광역시 북구 서변동,경상사고,0,0,3,0,차대차 - 측면직각충돌,불법유턴,건조,맑음,교차로 - 교차로부근,승용,남,51세,상해없음,승용,남,30세,경상
2014041600100444,2014년 4월 16일 18시,수요일,대구광역시 수성구 범어동,중상사고,0,1,0,0,차대차 - 측면직각충돌,안전운전불이행,건조,맑음,단일로 - 기타,승용,여,41세,상해없음,자전거,남,13세,중상
2014041600100445,2014년 4월 16일 18시,수요일,대구광역시 달서구 진천동,경상사고,0,0,1,0,차대차 - 기타,기타,건조,맑음,교차로 - 교차로부근,승용,여,53세,상해없음,이륜,남,43세,경상
2014041600100483,2014년 4월 16일 19시,수요일,대구광역시 달서구 본동,경상사고,0,0,1,0,차대사람 - 기타,보행자보호의무위반,건조,맑음,교차로 - 교차로부근,화물,남,63세,상해없음,보행자,남,9세,경상
2014041600100484,2014년 4월 16일 19시,수요일,대구광역시 중구 대신동,중상사고,0,1,0,0,차대차 - 측면직각충돌,교차로운행방법위반,건조,맑음,교차로 - 교차로안,화물,남,48세,상해없음,이륜,남,49세,중상
2014041600100517,2014년 4월 16일 20시,수요일,대구광역시 동구 입석동,중상사고,0,1,0,0,차대차 - 측면직각충돌,안전거리미확보,건조,맑음,단일로 - 기타,승용,남,26세,상해없음,이륜,남,72세,중상
2014041600100518,2014년 4월 16일 20시,수요일,대구광역시 달서구 월성동,경상사고,0,0,1,0,차대차 - 추돌 - 주정차중,안전운전불이행,건조,맑음,단일로 - 기타,화물,남,43세,상해없음,승용,여,42세,경상
2014041600100519,2014년 4월 16일 20시,수요일,대구광역시 달서구 본리동,경상사고,0,0,1,0,차대사람 - 횡단중,보행자보호의무위반,건조,맑음,단일로 - 횡단보도상,승용,남,44세,상해없음,보행자,여,55세,경상
2014041600100520,2014년 4월 16일 20시,수요일,대구광역시 달서구 두류동,경상사고,0,0,1,0,차대사람 - 횡단중,안전운전불이행,건조,흐림,단일로 - 횡단보도상,승용,남,65세,상해없음,보행자,남,24세,경상
2014041600100550,2014년 4월 16일 21시,수요일,대구광역시 달성군 화원읍,사망사고,1,0,0,0,차대차 - 추돌 - 진행중,안전운전불이행,건조,맑음,단일로 - 기타,화물,남,38세,사망,화물,남,54세,상해없음
2014041600100554,2014년 4월 16일 21시,수요일,대구광역시 수성구 두산동,경상사고,0,0,1,0,차대차 - 측면직각충돌,안전운전불이행,건조,맑음,단일로 - 기타,승용,여,26세,상해없음,원동기,남,19세,경상
2014041600100555,2014년 4월 16일 21시,수요일,대구광역시 달성군 다사읍,중상사고,0,1,0,0,차대사람 - 기타,안전운전불이행,건조,맑음,단일로 - 기타,승합,남,55세,상해없음,보행자,여,30세,중상
2014041600100556,2014년 4월 16일 21시,수요일,대구광역시 달성군 구지면,경상사고,0,0,1,0,차대차 - 추돌 - 주정차중,안전운전불이행,건조,맑음,단일로 - 기타,승용,남,27세,상해없음,승용,남,36세,경상
2014041600100557,2014년 4월 16일 21시,수요일,대구광역시 서구 내당동,경상사고,0,0,2,0,차대차 - 기타,신호위반,건조,맑음,교차로 - 교차로안,승용,여,28세,상해없음,이륜,남,50세,경상
2014041600100558,2014년 4월 16일 21시,수요일,대구광역시 달서구 성당동,중상사고,0,1,0,0,차대차 - 측면직각충돌,신호위반,건조,맑음,교차로 - 교차로안,승합,남,32세,상해없음,이륜,남,43세,중상
2014041600100581,2014년 4월 16일 22시,수요일,대구광역시 동구 용계동,부상신고사고,0,0,0,1,차대차 - 기타,안전운전불이행,건조,맑음,단일로 - 기타,원동기,남,17세,부상신고,화물,남,46세,상해없음
2014041600100582,2014년 4월 16일 22시,수요일,대구광역시 동구 신천동,중상사고,0,1,0,0,차대차 - 추돌 - 진행중,안전운전불이행,건조,맑음,단일로 - 기타,이륜,남,31세,중상,승용,남,61세,상해없음
2014041600100583,2014년 4월 16일 22시,수요일,대구광역시 달서구 감삼동,중상사고,0,1,0,0,차대사람 - 기타,안전운전불이행,건조,맑음,단일로 - 기타,이륜,남,17세,상해없음,보행자,남,21세,중상
2014041600100608,2014년 4월 16일 23시,수요일,대구광역시 남구 대명동,중상사고,0,1,1,0,차대차 - 기타,안전운전불이행,건조,맑음,교차로 - 교차로안,승합,남,29세,상해없음,승용,남,64세,경상
2014041600100609,2014년 4월 16일 23시,수요일,대구광역시 중구 대봉동,경상사고,0,0,1,0,차대차 - 기타,안전운전불이행,건조,맑음,단일로 - 기타,화물,남,32세,상해없음,승용,남,27세,경상
2014041700100033,2014년 4월 17일 02시,목요일,대구광역시 북구 칠성동2가,중상사고,0,1,0,0,차대사람 - 횡단중,보행자보호의무위반,건조,맑음,교차로 - 교차로부근,승용,남,55세,상해없음,보행자,남,22세,중상
2014041700100050,2014년 4월 17일 04시,목요일,대구광역시 달서구 대곡동,경상사고,0,0,1,0,차대차 - 추돌 - 진행중,안전운전불이행,건조,맑음,교차로 - 교차로부근,승용,남,35세,상해없음,승용,남,48세,상해없음
2014041700100051,2014년 4월 17일 04시,목요일,대구광역시 달서구 성당동,경상사고,0,0,3,0,차대차 - 측면직각충돌,교차로운행방법위반,건조,흐림,교차로 - 교차로안,승용,여,56세,경상,승용,남,27세,경상
2014041700100059,2014년 4월 17일 05시,목요일,대구광역시 동구 신천동,중상사고,0,1,0,0,차대사람 - 기타,안전운전불이행,건조,맑음,단일로 - 기타,승용,남,26세,상해없음,보행자,남,58세,중상
2014041700100073,2014년 4월 17일 06시,목요일,대구광역시 서구 이현동,경상사고,0,0,1,0,차대사람 - 횡단중,안전운전불이행,건조,맑음,단일로 - 기타,화물,남,56세,상해없음,보행자,남,26세,경상
2014041700100074,2014년 4월 17일 06시,목요일,대구광역시 북구 조야동,사망사고,1,0,0,0,차량단독 - 도로외이탈 - 추락,안전운전불이행,건조,맑음,단일로 - 기타,승합,남,46세,사망,,,,
2014041700100132,2014년 4월 17일 08시,목요일,대구광역시 중구 동인동2가,경상사고,0,0,2,0,차대차 - 추돌 - 진행중,안전운전불이행,건조,맑음,단일로 - 기타,승합,남,50세,상해없음,화물,남,49세,경상
2014041700100133,2014년 4월 17일 08시,목요일,대구광역시 중구 봉산동,경상사고,0,0,1,0,차대차 - 추돌 - 주정차중,안전운전불이행,건조,맑음,단일로 - 기타,승용,남,53세,상해없음,승용,여,31세,경상
2014041700100134,2014년 4월 17일 08시,목요일,대구광역시 달서구 용산동,중상사고,0,1,0,0,차대사람 - 기타,안전운전불이행,건조,맑음,단일로 - 기타,화물,남,37세,상해없음,보행자,여,13세,중상
2014041700100135,2014년 4월 17일 08시,목요일,대구광역시 달서구 신당동,경상사고,0,0,1,0,차량단독 - 기타,기타,건조,맑음,단일로 - 기타,승합,남,44세,기타불명,,,,
2014041700100136,2014년 4월 17일 08시,목요일,대구광역시 북구 읍내동,중상사고,0,2,0,1,차대차 - 추돌 - 진행중,안전거리미확보,건조,맑음,단일로 - 기타,승용,여,54세,부상신고,원동기,남,22세,중상
2014041700100167,2014년 4월 17일 09시,목요일,대구광역시 달서구 상인동,경상사고,0,0,1,0,차대차 - 기타,교차로운행방법위반,건조,맑음,교차로 - 교차로안,승용,남,64세,상해없음,승용,남,62세,경상