사고번호,사고일시,요일,시군구,사고내용,사망자수,중상자수,경상자수,부상신고자수,사고유형,법규위반,노면상태,기상상태,도로형태,가해운전자 차종,가해운전자 성별,가해운전자 연령,가해운전자 상해정도,피해운전자 차종,피해운전자 성별,피해운전자 연령,피해운전자 상해정도
2014042300100255,2014년 4월 23일 12시,수요일,대구광역시 동구 신천동,경상사고,0,0,1,0,차대사람 - 기타,안전운전불이행,건조,맑음,단일로 - 기타,승용,남,69세,상해없음,보행자,남,13세,경상
2014042300100256,2014년 4월 23일 12시,수요일,대구광역시 달서구 진천동,경상사고,0,0,1,0,차대차 - 기타,안전운전불이행,건조,맑음,단일로 - 기타,화물,남,52세,상해없음,자전거,여,28세,경상
2014042300100257,2014년 4월 23일 12시,수요일,대구광역시 북구 구암동,경상사고,0,0,3,0,차대차 - 측면직각충돌,교차로운행방법위반,건조,맑음,교차로 - 교차로안,승용,남,54세,경상,승용,남,65세,경상
2014042300100279,2014년 4월 23일 13시,수요일,대구광역시 수성구 상동,경상사고,0,0,2,0,차대차 - 추돌 - 진행중,안전운전불이행,건조,맑음,단일로 - 기타,승합,남,72세,상해없음,승용,여,34세,경상
2014042300100298,2014년 4월 23일 14시,수요일,대구광역시 남구 대명동,중상사고,0,1,0,0,차대차 - 추돌 - 주정차중,안전거리미확보,건조,맑음,단일로 - 기타,승용,여,32세,상해없음,승용,여,57세,중상
2014042300100299,2014년 4월 23일 14시,수요일,대구광역시 달성군 다사읍,경상사고,0,0,3,0,차대차 - 측면직각충돌,차로위반,건조,맑음,단일로 - 기타,화물,남,57세,경상,승용,남,38세,경상
2014042300100353,2014년 4월 23일 16시,수요일,대구광역시 중구 덕산동,경상사고,0,0,1,0,차대차 - 측면직각충돌,안전거리미확보,건조,맑음,단일로 - 기타,승용,여,44세,상해없음,이륜,남,25세,경상
2014042300100354,2014년 4월 23일 16시,수요일,대구광역시 북구 읍내동,경상사고,0,0,1,0,차대차 - 기타,안전운전불이행,건조,맑음,단일로 - 기타,승용,남,63세,상해없음,자전거,남,74세,경상
2014042300100388,2014년 4월 23일 17시,수요일,대구광역시 수성구 시지동,중상사고,0,1,0,0,차대차 - 기타,안전운전불이행,건조,맑음,단일로 - 기타,승용,여,28세,상해없음,이륜,남,79세,중상
2014042300100389,2014년 4월 23일 17시,수요일,대구광역시 달서구 상인동,중상사고,0,1,0,0,차대차 - 기타,기타,건조,맑음,교차로 - 교차로부근,승용,여,40세,상해없음,자전거,남,11세,중상
2014042300100390,2014년 4월 23일 17시,수요일,대구광역시 달서구 본동,중상사고,0,1,0,0,차대차 - 기타,차로위반,건조,맑음,단일로 - 기타,승용,여,36세,상해없음,이륜,남,72세,중상
2014042300100391,2014년 4월 23일 17시,수요일,대구광역시 달서구 상인동,경상사고,0,0,1,0,차대차 - 기타,안전운전불이행,건조,맑음,교차로 - 교차로부근,이륜,남,32세,경상,화물,남,41세,상해없음
2014042300100392,2014년 4월 23일 17시,수요일,대구광역시 서구 비산동,중상사고,0,1,0,0,차대차 - 기타,안전운전불이행,건조,맑음,단일로 - 기타,승용,남,59세,상해없음,자전거,여,55세,중상
2014042300100414,2014년 4월 23일 18시,수요일,대구광역시 남구 대명동,경상사고,0,0,2,0,차대차 - 측면직각충돌,안전거리미확보,건조,맑음,교차로 - 교차로부근,승용,남,72세,상해없음,이륜,남,16세,경상
2014042300100416,2014년 4월 23일 18시,수요일,대구광역시 달성군 화원읍,경상사고,0,0,1,0,차대차 - 추돌 - 주정차중,안전운전불이행,건조,맑음,단일로 - 기타,화물,남,65세,상해없음,승용,남,42세,경상
2014042300100417,2014년 4월 23일 18시,수요일,대구광역시 달서구 두류동,경상사고,0,0,1,0,차대차 - 측면직각충돌,신호위반,건조,맑음,단일로 - 횡단보도상,승용,여,40세,상해없음,자전거,남,54세,경상
2014042300100448,2014년 4월 23일 19시,수요일,대구광역시 수성구 파동,중상사고,0,1,0,0,차대차 - 기타,교차로운행방법위반,건조,맑음,교차로 - 교차로안,승용,남,72세,상해없음,자전거,남,17세,중상
2014042300100449,2014년 4월 23일 19시,수요일,대구광역시 달서구 대곡동,경상사고,0,0,2,0,차대차 - 측면직각충돌,안전운전불이행,건조,맑음,교차로 - 교차로부근,승용,여,56세,상해없음,승용,남,51세,경상
2014042300100450,2014년 4월 23일 19시,수요일,대구광역시 북구 대현동,중상사고,0,1,0,0,차대차 - 추돌 - 진행중,안전운전불이행,건조,맑음,단일로 - 횡단보도부근,화물,남,63세,상해없음,승용,여,48세,중상
2014042300100451,2014년 4월 23일 19시,수요일,대구광역시 북구 동천동,경상사고,0,0,1,0,차대차 - 측면직각충돌,안전운전불이행,건조,맑음,단일로 - 기타,승용,남,27세,상해없음,승용,여,23세,경상
2014042300100452,2014년 4월 23일 19시,수요일,대구광역시 북구 읍내동,중상사고,0,1,1,0,차대차 - 추돌 - 진행중,안전운전불이행,건조,맑음,단일로 - 기타,화물,남,36세,상해없음,승용,여,35세,중상
2014042300100453,2014년 4월 23일 19시,수요일,대구광역시 북구 국우동,중상사고,0,1,0,0,차대차 - 기타,안전운전불이행,건조,맑음,교차로 - 교차로부근,승용,여,28세,상해없음,자전거,남,15세,중상
2014042300100480,2014년 4월 23일 20시,수요일,대구광역시 서구 평리동,중상사고,0,1,0,0,차대차 - 측면직각충돌,중앙선침범,건조,맑음,단일로 - 기타,자전거,남,40세,중상,승용,남,33세,상해없음
2014042300100481,2014년 4월 23일 20시,수요일,대구광역시 서구 평리동,중상사고,0,1,0,0,차대차 - 정면충돌,신호위반,건조,맑음,교차로 - 교차로안,화물,남,53세,상해없음,이륜,남,28세,중상
2014042300100482,2014년 4월 23일 20시,수요일,대구광역시 북구 관음동,경상사고,0,0,1,0,차대차 - 추돌 - 진행중,안전운전불이행,건조,맑음,단일로 - 기타,승용,여,48세,상해없음,이륜,남,17세,경상
2014042300100511,2014년 4월 23일 21시,수요일,대구광역시 남구 봉덕동,경상사고,0,0,1,1,차대차 - 추돌 - 주정차중,안전거리미확보,건조,맑음,교차로 - 교차로안,승용,여,30세,상해없음,승용,남,47세,경상
2014042300100541,2014년 4월 23일 22시,수요일,대구광역시 동구 율하동,중상사고,0,2,1,0,차대차 - 추돌 - 주정차중,안전운전불이행,건조,맑음,단일로 - 기타,승용,남,26세,상해없음,이륜,남,50세,중상
2014042300100542,2014년 4월 23일 22시,수요일,대구광역시 수성구 시지동,중상사고,0,1,3,0,차대차 - 기타,안전거리미확보,건조,맑음,교차로 - 교차로부근,승용,남,40세,상해없음,승용,여,46세,경상
2014042300100543,2014년 4월 23일 22시,수요일,대구광역시 북구 대현동,경상사고,0,0,1,0,차대사람 - 횡단중,보행자보호의무위반,건조,맑음,단일로 - 횡단보도상,이륜,남,19세,상해없음,보행자,여,15세,경상
2014042300100568,2014년 4월 23일 23시,수요일,대구광역시 달성군 옥포면,경상사고,0,0,1,0,차량단독 - 공작물충돌,안전운전불이행,건조,맑음,단일로 - 기타,승용,남,31세,경상,,,,
2014042300100572,2014년 4월 23일 23시,수요일,대구광역시 달서구 죽전동,경상사고,0,0,1,0,차대차 - 추돌 - 진행중,안전거리미확보,건조,맑음,단일로 - 기타,원동기,남,52세,경상,승용,남,44세,상해없음
2014042400100089,2014년 4월 24일 07시,목요일,대구광역시 동구 신기동,경상사고,0,0,1,0,차대차 - 기타,안전운전불이행,건조,맑음,단일로 - 기타,화물,남,36세,상해없음,자전거,여,24세,경상
2014042400100090,2014년 4월 24일 07시,목요일,대구광역시 달서구 호림동,중상사고,0,1,0,0,차대차 - 기타,안전운전불이행,건조,맑음,단일로 - 기타,승용,여,28세,상해없음,승용,남,62세,중상
2014042400100091,2014년 4월 24일 07시,목요일,대구광역시 달서구 죽전동,경상사고,0,0,1,0,차대차 - 측면직각충돌,교차로운행방법위반,건조,맑음,교차로 - 교차로안,승용,남,54세,상해없음,이륜,남,45세,경상
2014042400100128,2014년 4월 24일 08시,목요일,대구광역시 달서구 본동,경상사고,0,0,1,0,차대차 - 기타,안전거리미확보,건조,맑음,교차로 - 교차로부근,승용,남,50세,상해없음,승합,남,51세,상해없음
2014042400100151,2014년 4월 24일 09시,목요일,대구광역시 동구 방촌동,경상사고,0,0,1,0,차대차 - 측면직각충돌,직진우회전진행방해,건조,맑음,교차로 - 교차로안,승용,여,41세,상해없음,승용,여,55세,경상
2014042400100152,2014년 4월 24일 09시,목요일,대구광역시 수성구 수성동4가,경상사고,0,0,2,1,차대차 - 추돌 - 주정차중,안전운전불이행,건조,맑음,단일로 - 기타,승용,여,46세,상해없음,승용,남,43세,경상
2014042400100153,2014년 4월 24일 09시,목요일,대구광역시 달서구 대천동,경상사고,0,0,1,0,차대차 - 기타,직진우회전진행방해,건조,맑음,교차로 - 교차로안,승용,여,46세,상해없음,승용,여,44세,경상
2014042400100187,2014년 4월 24일 10시,목요일,대구광역시 남구 대명동,경상사고,0,0,3,0,차대차 - 추돌 - 주정차중,안전거리미확보,건조,맑음,단일로 - 기타,승용,남,33세,상해없음,승용,남,62세,경상
2014042400100188,2014년 4월 24일 10시,목요일,대구광역시 수성구 두산동,경상사고,0,0,2,0,차대차 - 추돌 - 주정차중,안전운전불이행,건조,맑음,교차로 - 교차로안,승용,남,48세,상해없음,승용,여,40세,경상
2014042400100189,2014년 4월 24일 10시,목요일,대구광역시 수성구 범어동,중상사고,0,1,0,0,차대차 - 추돌 - 주정차중,안전거리미확보,건조,맑음,단일로 - 기타,승용,여,43세,상해없음,이륜,남,49세,중상
2014042400100190,2014년 4월 24일 10시,목요일,대구광역시 북구 산격동,경상사고,0,0,1,0,차대차 - 추돌 - 진행중,안전운전불이행,건조,맑음,단일로 - 기타,승합,남,46세,상해없음,화물,남,36세,경상
2014042400100191,2014년 4월 24일 10시,목요일,대구광역시 서구 원대동3가,경상사고,0,0,1,0,차량단독 - 기타,기타,건조,맑음,교차로 - 교차로부근,승합,남,41세,상해없음,,,,
2014042400100223,2014년 4월 24일 11시,목요일,대구광역시 남구 대명동,중상사고,0,1,0,0,차대사람 - 횡단중,안전운전불이행,건조,맑음,단일로 - 횡단보도상,승용,여,51세,상해없음,보행자,남,87세,중상
2014042400100224,2014년 4월 24일 11시,목요일,대구광역시 수성구 범어동,경상사고,0,0,1,0,차대차 - 추돌 - 진행중,안전거리미확보,건조,맑음,교차로 - 교차로부근,승용,여,44세,상해없음,승용,여,57세,경상
2014042400100225,2014년 4월 24일 11시,목요일,대구광역시 북구 검단동,경상사고,0,0,1,0,차대차 - 추돌 - 주정차중,안전운전불이행,건조,맑음,교차로 - 교차로부근,승용,남,69세,상해없음,승용,남,40세,경상
2014042400100226,2014년 4월 24일 11시,목요일,대구광역시 중구 남성로,중상사고,0,1,0,0,차대차 - 측면직각충돌,신호위반,건조,맑음,교차로 - 교차로안,승용,남,57세,상해없음,이륜,여,61세,중상
2014042400100298,2014년 4월 24일 14시,목요일,대구광역시 남구 대명동,중상사고,0,1,0,0,차대사람 - 기타,안전운전불이행,건조,맑음,교차로 - 교차로안,승용,남,56세,상해없음,보행자,여,81세,중상
2014042400100299,2014년 4월 24일 14시,목요일,대구광역시 남구 대명동,경상사고,0,0,1,0,차대차 - 추돌 - 진행중,안전거리미확보,건조,맑음,단일로 - 터널,화물,남,36세,상해없음,승용,남,29세,상해없음
2014042400100300,2014년 4월 24일 14시,목요일,대구광역시 달성군 다사읍,중상사고,0,1,0,0,차대차 - 측면직각충돌,안전운전불이행,건조,맑음,단일로 - 기타,건설기계,남,59세,상해없음,승용,여,35세,중상
2014042400100301,2014년 4월 24일 14시,목요일,대구광역시 중구 대신동,중상사고,0,1,1,0,차대차 - 추돌 - 진행중,안전운전불이행,건조,맑음,단일로 - 기타,승용,여,48세,상해없음,이륜,남,54세,중상
2014042400100335,2014년 4월 24일 15시,목요일,대구광역시 남구 대명동,중상사고,0,1,0,0,차대차 - 측면직각충돌,안전운전불이행,건조,맑음,단일로 - 기타,승용,여,55세,상해없음,자전거,남,33세,중상
2014042400100371,2014년 4월 24일 16시,목요일,대구광역시 달서구 송현동,부상신고사고,0,0,0,1,차대차 - 측면직각충돌,불법유턴,건조,맑음,단일로 - 횡단보도상,이륜,남,53세,부상신고,승용,남,59세,상해없음
2014042400100372,2014년 4월 24일 16시,목요일,대구광역시 서구 평리동,경상사고,0,0,1,0,차대차 - 기타,안전운전불이행,건조,맑음,교차로 - 교차로부근,승용,남,51세,상해없음,승용,남,57세,경상
2014042400100373,2014년 4월 24일 16시,목요일,대구광역시 북구 태전동,경상사고,0,0,1,0,차대차 - 측면직각충돌,안전운전불이행,건조,맑음,교차로 - 교차로안,승용,남,58세,상해없음,승용,남,30세,경상
2014042400100374,2014년 4월 24일 16시,목요일,대구광역시 북구 관음동,부상신고사고,0,0,0,1,차대차 - 정면충돌,안전운전불이행,건조,맑음,단일로 - 기타,승용,기타불명,기타불명,기타불명,자전거,남,9세,부상신고
2014042400100413,2014년 4월 24일 17시,목요일,대구광역시 남구 대명동,중상사고,0,1,0,0,차대차 - 측면직각충돌,안전운전불이행,건조,맑음,단일로 - 기타,승용,남,64세,상해없음,자전거,남,75세,중상
2014042400100414,2014년 4월 24일 17시,목요일,대구광역시 수성구 지산동,중상사고,0,1,0,0,차대사람 - 횡단중,보행자보호의무위반,건조,맑음,단일로 - 횡단보도상,승용,여,35세,상해없음,보행자,남,65세,중상
2014042400100415,2014년 4월 24일 17시,목요일,대구광역시 수성구 범물동,중상사고,0,1,0,0,차대차 - 정면충돌,중앙선침범,건조,맑음,단일로 - 기타,승용,여,51세,상해없음,이륜,남,47세,중상
2014042400100460,2014년 4월 24일 18시,목요일,대구광역시 동구 방촌동,경상사고,0,0,1,0,차대차 - 추돌 - 주정차중,안전운전불이행,건조,맑음,단일로 - 기타,승용,여,57세,상해없음,승용,남,38세,경상
2014042400100461,2014년 4월 24일 18시,목요일,대구광역시 수성구 상동,경상사고,0,0,1,0,차대차 - 측면직각충돌,안전운전불이행,건조,맑음,교차로 - 교차로안,승용,여,34세,상해없음,승용,여,36세,경상
2014042400100462,2014년 4월 24일 18시,목요일,대구광역시 북구 고성동3가,중상사고,0,1,0,0,차대사람 - 기타,안전운전불이행,건조,맑음,단일로 - 기타,승용,여,36세,상해없음,보행자,여,71세,중상
2014042400100463,2014년 4월 24일 18시,목요일,대구광역시 서구 평리동,경상사고,0,0,1,0,차대사람 - 기타,안전운전불이행,건조,맑음,단일로 - 기타,기타불명,기타불명,기타불명,기타불명,보행자,여,55세,경상
2014042400100464,2014년 4월 24일 18시,목요일,대구광역시 서구 비산동,부상신고사고,0,0,0,1,차대사람 - 기타,안전운전불이행,건조,맑음,교차로 - 교차로안,기타불명,기타불명,기타불명,기타불명,보행자,여,13세,부상신고
2014042400100495,2014년 4월 24일 19시,목요일,대구광역시 남구 이천동,부상신고사고,0,0,0,1,차대차 - 기타,불법유턴,건조,맑음,교차로 - 교차로부근,자전거,남,69세,부상신고,승용,여,55세,상해없음
2014042400100496,2014년 4월 24일 19시,목요일,대구광역시 수성구 두산동,경상사고,0,0,2,0,차대차 - 기타,중앙선침범,건조,맑음,단일로 - 기타,승용,남,46세,상해없음,승용,남,40세,경상
2014042400100497,2014년 4월 24일 19시,목요일,대구광역시 달성군 현풍면,경상사고,0,0,1,0,차대차 - 기타,안전운전불이행,건조,맑음,교차로 - 교차로안,승용,여,42세,상해없음,승용,남,45세,경상
2014042400100498,2014년 4월 24일 19시,목요일,대구광역시 서구 비산동,중상사고,0,1,0,0,차대사람 - 횡단중,안전운전불이행,건조,맑음,기타 - 기타,화물,남,46세,상해없음,보행자,여,56세,중상
2014042400100526,2014년 4월 24일 20시,목요일,대구광역시 달서구 두류동,중상사고,0,1,0,0,차대사람 - 횡단중,보행자보호의무위반,건조,맑음,단일로 - 기타,승용,남,54세,상해없음,보행자,여,32세,중상
2014042400100559,2014년 4월 24일 21시,목요일,대구광역시 달서구 본동,부상신고사고,0,0,0,1,차대차 - 측면직각충돌,직진우회전진행방해,건조,맑음,교차로 - 교차로안,승용,남,53세,상해없음,원동기,남,18세,부상신고
2014042400100560,2014년 4월 24일 21시,목요일,대구광역시 서구 내당동,중상사고,0,1,0,0,차량단독 - 기타,기타,건조,맑음,단일로 - 기타,승합,남,68세,상해없음,,,,
2014042400100594,2014년 4월 24일 22시,목요일,대구광역시 수성구 신매동,중상사고,0,1,0,0,차대사람 - 기타,안전운전불이행,건조,맑음,단일로 - 기타,승용,남,49세,상해없음,보행자,여,71세,중상
2014042400100595,2014년 4월 24일 22시,목요일,대구광역시 달서구 본리동,중상사고,0,1,0,1,차대차 - 측면직각충돌,신호위반,건조,맑음,교차로 - 교차로안,화물,남,32세,부상신고,승용,남,61세,중상
2014042500100022,2014년 4월 25일 00시,금요일,대구광역시 동구 불로동,경상사고,0,0,1,0,차량단독 - 전도전복,안전운전불이행,건조,맑음,단일로 - 기타,원동기,남,24세,경상,,,,
2014042500100023,2014년 4월 25일 00시,금요일,대구광역시 수성구 범어동,경상사고,0,0,2,0,차량단독 - 공작물충돌,안전운전불이행,건조,맑음,교차로 - 교차로부근,승용,남,67세,상해없음,,,,
2014042500100024,2014년 4월 25일 00시,금요일,대구광역시 달서구 월성동,중상사고,0,1,0,0,차대차 - 측면직각충돌,신호위반,건조,맑음,교차로 - 교차로안,승용,남,37세,상해없음,화물,남,36세,중상
2014042500100032,2014년 4월 25일 01시,금요일,대구광역시 남구 이천동,중상사고,0,1,1,0,차대차 - 측면직각충돌,신호위반,건조,맑음,교차로 - 교차로안,승용,남,47세,상해없음,승용,남,64세,중상
2014042500100055,2014년 4월 25일 03시,금요일,대구광역시 서구 중리동,경상사고,0,0,1,0,차대차 - 추돌 - 주정차중,안전운전불이행,건조,맑음,교차로 - 교차로부근,승용,남,27세,상해없음,승용,남,59세,경상
2014042500100060,2014년 4월 25일 04시,금요일,대구광역시 서구 내당동,경상사고,0,0,1,0,차량단독 - 기타,안전운전불이행,건조,맑음,단일로 - 기타,승용,남,45세,상해없음,,,,
2014042500100101,2014년 4월 25일 07시,금요일,대구광역시 북구 산격동,부상신고사고,0,0,0,1,차대차 - 측면직각충돌,교차로운행방법위반,건조,맑음,교차로 - 교차로안,원동기,남,62세,부상신고,화물,남,25세,상해없음
2014042500100102,2014년 4월 25일 07시,금요일,대구광역시 북구 고성동3가,중상사고,0,1,0,0,차대차 - 추돌 - 진행중,안전운전불이행,건조,맑음,단일로 - 기타,승용,여,46세,상해없음,자전거,남,62세,중상
2014042500100103,2014년 4월 25일 07시,금요일,대구광역시 달서구 성당동,경상사고,0,0,1,0,차대사람 - 횡단중,안전운전불이행,건조,맑음,단일로 - 횡단보도상,자전거,남,55세,상해없음,보행자,여,40세,경상
2014042500100141,2014년 4월 25일 08시,금요일,대구광역시 동구 방촌동,경상사고,0,0,1,0,차대차 - 기타,신호위반,건조,맑음,단일로 - 횡단보도상,승용,남,56세,상해없음,자전거,여,53세,경상
2014042500100142,2014년 4월 25일 08시,금요일,대구광역시 달서구 죽전동,중상사고,0,1,0,0,차대차 - 측면직각충돌,안전거리미확보,건조,맑음,단일로 - 기타,승용,남,52세,상해없음,이륜,남,39세,중상
2014042500100143,2014년 4월 25일 08시,금요일,대구광역시 달서구 용산동,중상사고,0,1,0,0,차대사람 - 기타,안전운전불이행,건조,맑음,단일로 - 기타,승용,남,32세,기타불명,보행자,남,12세,중상
2014042500100144,2014년 4월 25일 08시,금요일,대구광역시 달서구 감삼동,경상사고,0,0,1,0,차대사람 - 기타,안전운전불이행,건조,맑음,단일로 - 기타,기타불명,기타불명,기타불명,기타불명,보행자,여,13세,경상
2014042500100173,2014년 4월 25일 09시,금요일,대구광역시 수성구 지산동,부상신고사고,0,0,0,1,차대차 - 측면직각충돌,교차로운행방법위반,건조,맑음,교차로 - 교차로안,승합,남,59세,상해없음,승용,여,37세,부상신고
2014042500100174,2014년 4월 25일 09시,금요일,대구광역시 달서구 도원동,경상사고,0,0,2,0,차대차 - 추돌 - 주정차중,안전운전불이행,건조,맑음,교차로 - 교차로부근,승용,남,42세,상해없음,승용,여,40세,경상
2014042500100249,2014년 4월 25일 12시,금요일,대구광역시 달서구 송현동,부상신고사고,0,0,0,1,차대차 - 기타,안전거리미확보,건조,맑음,단일로 - 기타,원동기,남,35세,부상신고,승용,남,51세,상해없음
2014042500100250,2014년 4월 25일 12시,금요일,대구광역시 중구 덕산동,중상사고,0,1,0,0,차대차 - 추돌 - 진행중,안전운전불이행,건조,맑음,교차로 - 교차로안,화물,남,23세,상해없음,화물,남,50세,중상
2014042500100268,2014년 4월 25일 13시,금요일,대구광역시 동구 율하동,경상사고,0,0,1,0,차대차 - 기타,교차로운행방법위반,건조,맑음,교차로 - 교차로안,승용,남,25세,상해없음,원동기,남,46세,경상
2014042500100269,2014년 4월 25일 13시,금요일,대구광역시 북구 구암동,부상신고사고,0,0,0,1,차대차 - 추돌 - 진행중,안전운전불이행,건조,맑음,교차로 - 교차로안,이륜,남,18세,부상신고,승용,남,55세,상해없음
2014042500100309,2014년 4월 25일 14시,금요일,대구광역시 남구 대명동,경상사고,0,0,1,0,차대차 - 측면직각충돌,교차로운행방법위반,건조,맑음,교차로 - 교차로안,승용,여,67세,상해없음,원동기,남,33세,경상
2014042500100343,2014년 4월 25일 15시,금요일,대구광역시 수성구 신매동,경상사고,0,0,1,0,차대차 - 추돌 - 진행중,안전운전불이행,건조,맑음,단일로 - 기타,승용,여,39세,경상,승용,여,24세,상해없음
2014042500100344,2014년 4월 25일 15시,금요일,대구광역시 중구 남산동,중상사고,0,1,0,0,차대차 - 측면직각충돌,안전운전불이행,건조,맑음,단일로 - 기타,승용,여,38세,상해없음,자전거,남,72세,중상
2014042500100345,2014년 4월 25일 15시,금요일,대구광역시 달서구 죽전동,경상사고,0,0,2,0,차대차 - 추돌 - 진행중,안전운전불이행,건조,맑음,단일로 - 기타,승용,남,53세,상해없음,화물,남,60세,경상
2014042500100346,2014년 4월 25일 15시,금요일,대구광역시 북구 태전동,부상신고사고,0,0,0,1,차대차 - 측면직각충돌,안전거리미확보,건조,맑음,단일로 - 기타,화물,남,65세,상해없음,원동기,남,22세,부상신고
2014042500100389,2014년 4월 25일 16시,금요일,대구광역시 서구 이현동,경상사고,0,0,1,0,차대차 - 추돌 - 진행중,안전운전불이행,건조,맑음,교차로 - 교차로부근,화물,남,40세,상해없음,승용,여,35세,경상
2014042500100390,2014년 4월 25일 16시,금요일,대구광역시 중구 봉산동,중상사고,0,1,0,0,차량단독 - 기타,안전운전불이행,건조,맑음,단일로 - 기타,승합,남,59세,상해없음,,,,
2014042500100435,2014년 4월 25일 17시,금요일,대구광역시 남구 봉덕동,경상사고,0,0,1,0,차대차 - 측면직각충돌,교차로운행방법위반,건조,맑음,교차로 - 교차로안,승합,남,51세,상해없음,이륜,남,31세,경상
2014042500100436,2014년 4월 25일 17시,금요일,대구광역시 수성구 수성동3가,중상사고,0,1,0,0,차대차 - 추돌 - 진행중,안전운전불이행,건조,맑음,단일로 - 기타,승용,남,22세,상해없음,자전거,남,12세,중상
2014042500100437,2014년 4월 25일 17시,금요일,대구광역시 달서구 상인동,부상신고사고,0,0,0,1,차대사람 - 횡단중,안전운전불이행,건조,맑음,단일로 - 기타,원동기,남,24세,부상신고,보행자,여,61세,상해없음
2014042500100438,2014년 4월 25일 17시,금요일,대구광역시 서구 비산동,중상사고,0,2,2,0,차대차 - 추돌 - 진행중,안전운전불이행,건조,맑음,단일로 - 기타,승용,남,45세,상해없음,승용,여,27세,중상
2014042500100481,2014년 4월 25일 18시,금요일,대구광역시 달서구 두류동,경상사고,0,0,1,0,차대사람 - 차도통행중,안전운전불이행,건조,흐림,단일로 - 기타,승합,남,60세,상해없음,보행자,남,59세,경상
2014042500100482,2014년 4월 25일 18시,금요일,대구광역시 북구 매천동,부상신고사고,0,0,0,1,차대차 - 추돌 - 주정차중,안전운전불이행,건조,맑음,단일로 - 기타,이륜,남,22세,부상신고,화물,남,52세,상해없음
2014042500100512,2014년 4월 25일 19시,금요일,대구광역시 동구 신천동,중상사고,0,1,0,0,차대사람 - 차도통행중,안전운전불이행,건조,맑음,단일로 - 기타,승용,여,47세,상해없음,보행자,여,21세,중상
2014042500100513,2014년 4월 25일 19시,금요일,대구광역시 북구 복현동,경상사고,0,0,1,0,차대차 - 기타,안전운전불이행,건조,맑음,교차로 - 교차로부근,승용,남,55세,상해없음,승용,여,28세,경상
2014042500100514,2014년 4월 25일 19시,금요일,대구광역시 달서구 진천동,부상신고사고,0,0,0,1,차대차 - 기타,안전운전불이행,건조,맑음,단일로 - 기타,이륜,남,42세,부상신고,승용,남,24세,상해없음
2014042500100515,2014년 4월 25일 19시,금요일,대구광역시 동구 신암동,중상사고,0,1,1,0,차대사람 - 횡단중,신호위반,건조,맑음,단일로 - 기타,이륜,남,18세,중상,보행자,남,27세,경상
2014042500100554,2014년 4월 25일 20시,금요일,대구광역시 수성구 신매동,중상사고,0,1,0,0,차대차 - 추돌 - 진행중,중앙선침범,건조,맑음,단일로 - 기타,승용,남,44세,상해없음,이륜,남,19세,중상
2014042500100555,2014년 4월 25일 20시,금요일,대구광역시 달서구 대곡동,중상사고,0,1,0,0,차대사람 - 기타,보행자보호의무위반,건조,맑음,단일로 - 횡단보도상,승용,남,31세,상해없음,보행자,남,59세,중상
2014042500100556,2014년 4월 25일 20시,금요일,대구광역시 달서구 송현동,경상사고,0,0,1,0,차대차 - 추돌 - 주정차중,안전운전불이행,습기,흐림,단일로 - 기타,화물,남,44세,기타불명,승용,남,30세,경상
2014042500100590,2014년 4월 25일 21시,금요일,대구광역시 남구 대명동,경상사고,0,0,1,0,차대차 - 측면직각충돌,신호위반,건조,맑음,교차로 - 교차로안,승용,남,58세,상해없음,승용,여,51세,경상
2014042500100591,2014년 4월 25일 21시,금요일,대구광역시 수성구 중동,경상사고,0,0,1,0,차대차 - 기타,신호위반,건조,맑음,단일로 - 기타,승용,남,55세,상해없음,자전거,여,51세,경상
2014042500100592,2014년 4월 25일 21시,금요일,대구광역시 수성구 상동,경상사고,0,0,2,0,차대차 - 추돌 - 진행중,안전거리미확보,건조,맑음,단일로 - 기타,승용,남,46세,상해없음,승용,남,61세,상해없음
2014042500100593,2014년 4월 25일 21시,금요일,대구광역시 수성구 만촌동,중상사고,0,1,0,0,차량단독 - 기타,안전운전불이행,건조,맑음,단일로 - 기타,승합,남,43세,상해없음,,,,
2014042500100594,2014년 4월 25일 21시,금요일,대구광역시 북구 산격동,경상사고,0,0,1,0,차대사람 - 횡단중,안전운전불이행,건조,맑음,교차로 - 교차로안,승용,남,48세,상해없음,보행자,여,44세,경상
2014042500100595,2014년 4월 25일 21시,금요일,대구광역시 북구 침산동,경상사고,0,0,2,0,차대차 - 기타,안전거리미확보,건조,맑음,단일로 - 기타,승용,남,68세,상해없음,승용,남,25세,경상
2014042500100596,2014년 4월 25일 21시,금요일,대구광역시 달서구 이곡동,부상신고사고,0,0,0,1,차대차 - 기타,안전운전불이행,건조,맑음,교차로 - 교차로부근,승용,기타불명,기타불명,기타불명,이륜,남,21세,부상신고
2014042500100597,2014년 4월 25일 21시,금요일,대구광역시 달서구 본리동,경상사고,0,0,1,0,차대차 - 추돌 - 주정차중,안전운전불이행,건조,맑음,단일로 - 기타,승용,남,27세,상해없음,승용,여,32세,경상
2014042500100630,2014년 4월 25일 22시,금요일,대구광역시 중구 남산동,경상사고,0,0,3,0,차대차 - 기타,안전거리미확보,건조,맑음,단일로 - 기타,승용,여,57세,상해없음,승용,남,55세,경상
2014042500100631,2014년 4월 25일 22시,금요일,대구광역시 달서구 본리동,경상사고,0,0,1,0,차대차 - 기타,기타,건조,맑음,단일로 - 기타,승용,남,43세,상해없음,이륜,남,20세,경상