사고번호,사고일시,요일,시군구,사고내용,사망자수,중상자수,경상자수,부상신고자수,사고유형,법규위반,노면상태,기상상태,도로형태,가해운전자 차종,가해운전자 성별,가해운전자 연령,가해운전자 상해정도,피해운전자 차종,피해운전자 성별,피해운전자 연령,피해운전자 상해정도
2014042500100655,2014년 4월 25일 23시,금요일,대구광역시 달서구 용산동,중상사고,0,1,0,0,차대사람 - 횡단중,안전운전불이행,건조,맑음,교차로 - 교차로안,승용,기타불명,기타불명,기타불명,보행자,남,62세,중상
2014042600100047,2014년 4월 26일 01시,토요일,대구광역시 서구 내당동,경상사고,0,0,1,0,차대차 - 기타,안전운전불이행,건조,맑음,기타 - 기타,승용,남,24세,상해없음,자전거,남,26세,경상
2014042600100059,2014년 4월 26일 02시,토요일,대구광역시 수성구 범물동,경상사고,0,0,2,0,차대차 - 기타,안전운전불이행,건조,맑음,교차로 - 교차로안,승용,여,59세,상해없음,승용,여,32세,경상
2014042600100073,2014년 4월 26일 03시,토요일,대구광역시 동구 용계동,경상사고,0,0,2,0,차대차 - 추돌 - 진행중,안전거리미확보,건조,맑음,단일로 - 기타,승용,남,22세,상해없음,승용,남,50세,경상
2014042600100084,2014년 4월 26일 04시,토요일,대구광역시 수성구 지산동,경상사고,0,0,1,0,차대차 - 추돌 - 주정차중,안전운전불이행,건조,맑음,단일로 - 기타,승용,남,29세,상해없음,승용,남,35세,경상
2014042600100085,2014년 4월 26일 04시,토요일,대구광역시 달서구 감삼동,경상사고,0,0,1,0,차대차 - 측면직각충돌,안전운전불이행,건조,맑음,단일로 - 기타,승용,남,50세,상해없음,승용,남,62세,경상
2014042600100122,2014년 4월 26일 07시,토요일,대구광역시 달서구 감삼동,경상사고,0,0,3,0,차대차 - 기타,안전운전불이행,건조,맑음,단일로 - 기타,승용,남,22세,상해없음,승용,남,27세,경상
2014042600100162,2014년 4월 26일 09시,토요일,대구광역시 동구 효목동,경상사고,0,0,2,0,차대차 - 추돌 - 진행중,안전운전불이행,건조,맑음,단일로 - 기타,승용,남,41세,상해없음,승용,남,38세,경상
2014042600100163,2014년 4월 26일 09시,토요일,대구광역시 동구 신서동,경상사고,0,0,1,0,차대차 - 기타,신호위반,건조,맑음,교차로 - 교차로안,이륜,남,60세,상해없음,승용,여,49세,경상
2014042600100164,2014년 4월 26일 09시,토요일,대구광역시 서구 비산동,경상사고,0,0,1,0,차대차 - 기타,안전운전불이행,건조,맑음,단일로 - 기타,승용,여,58세,상해없음,화물,남,43세,경상
2014042600100192,2014년 4월 26일 10시,토요일,대구광역시 동구 신암동,경상사고,0,0,1,0,차대차 - 기타,안전운전불이행,건조,맑음,단일로 - 기타,승용,남,26세,상해없음,승용,남,59세,경상
2014042600100193,2014년 4월 26일 10시,토요일,대구광역시 달서구 장기동,경상사고,0,0,1,0,차대차 - 기타,안전운전불이행,건조,맑음,단일로 - 기타,화물,남,43세,상해없음,자전거,남,11세,경상
2014042600100223,2014년 4월 26일 11시,토요일,대구광역시 달성군 논공읍,경상사고,0,0,1,0,차대사람 - 기타,안전운전불이행,건조,맑음,단일로 - 기타,승합,남,50세,상해없음,보행자,여,77세,경상
2014042600100252,2014년 4월 26일 12시,토요일,대구광역시 달서구 감삼동,중상사고,0,1,0,0,차대차 - 추돌 - 진행중,안전거리미확보,건조,맑음,단일로 - 기타,승용,여,32세,상해없음,승용,남,60세,상해없음
2014042600100253,2014년 4월 26일 12시,토요일,대구광역시 북구 구암동,중상사고,0,1,0,0,차대차 - 기타,불법유턴,건조,맑음,단일로 - 기타,승용,남,64세,상해없음,이륜,남,30세,중상
2014042600100289,2014년 4월 26일 13시,토요일,대구광역시 달서구 감삼동,부상신고사고,0,0,0,1,차대사람 - 보도통행중,기타,건조,맑음,단일로 - 기타,승용,남,39세,상해없음,보행자,남,35세,부상신고
2014042600100290,2014년 4월 26일 13시,토요일,대구광역시 북구 관음동,중상사고,0,1,0,0,차대차 - 측면직각충돌,교차로운행방법위반,건조,맑음,교차로 - 교차로안,승용,남,57세,상해없음,이륜,남,62세,중상
2014042600100322,2014년 4월 26일 14시,토요일,대구광역시 달서구 본동,경상사고,0,0,1,0,차대차 - 측면직각충돌,안전운전불이행,건조,맑음,단일로 - 기타,건설기계,남,49세,상해없음,자전거,남,14세,경상
2014042600100323,2014년 4월 26일 14시,토요일,대구광역시 달서구 상인동,경상사고,0,0,1,0,차대사람 - 차도통행중,안전운전불이행,건조,맑음,단일로 - 기타,화물,남,29세,상해없음,보행자,여,77세,경상
2014042600100324,2014년 4월 26일 14시,토요일,대구광역시 서구 중리동,경상사고,0,0,1,0,차대차 - 기타,안전거리미확보,건조,맑음,교차로 - 교차로부근,화물,남,51세,상해없음,승용,여,44세,경상
2014042600100325,2014년 4월 26일 14시,토요일,대구광역시 달서구 본리동,경상사고,0,0,2,0,차대차 - 측면직각충돌,안전운전불이행,건조,맑음,단일로 - 기타,화물,남,40세,경상,승용,여,46세,경상
2014042600100351,2014년 4월 26일 15시,토요일,대구광역시 남구 이천동,경상사고,0,0,1,0,차대차 - 기타,안전운전불이행,건조,맑음,단일로 - 횡단보도상,승용,여,54세,상해없음,자전거,여,6세,경상
2014042600100352,2014년 4월 26일 15시,토요일,대구광역시 동구 율하동,경상사고,0,0,1,0,차대차 - 측면직각충돌,안전운전불이행,건조,맑음,단일로 - 기타,승용,남,45세,상해없음,이륜,남,16세,경상
2014042600100353,2014년 4월 26일 15시,토요일,대구광역시 달서구 도원동,부상신고사고,0,0,0,1,차대차 - 기타,안전운전불이행,건조,맑음,기타 - 기타,승용,남,34세,상해없음,자전거,남,8세,부상신고
2014042600100354,2014년 4월 26일 15시,토요일,대구광역시 달성군 가창면,중상사고,0,1,0,0,차대차 - 측면직각충돌,신호위반,건조,맑음,교차로 - 교차로안,승용,남,31세,상해없음,자전거,남,64세,중상
2014042600100355,2014년 4월 26일 15시,토요일,대구광역시 중구 대신동,경상사고,0,0,1,0,차대차 - 측면직각충돌,안전운전불이행,건조,맑음,단일로 - 기타,승용,남,44세,상해없음,자전거,남,37세,경상
2014042600100356,2014년 4월 26일 15시,토요일,대구광역시 북구 학정동,경상사고,0,0,1,0,차대차 - 추돌 - 진행중,안전운전불이행,건조,맑음,단일로 - 기타,승용,남,54세,상해없음,승용,남,64세,상해없음
2014042600100396,2014년 4월 26일 16시,토요일,대구광역시 동구 신천동,중상사고,0,1,0,0,차대차 - 기타,기타,건조,맑음,교차로 - 교차로부근,화물,남,45세,상해없음,자전거,남,48세,중상
2014042600100397,2014년 4월 26일 16시,토요일,대구광역시 달성군 유가면,중상사고,0,1,0,0,차대차 - 추돌 - 진행중,안전운전불이행,건조,맑음,교차로 - 교차로안,건설기계,남,49세,상해없음,승용,남,37세,중상
2014042600100398,2014년 4월 26일 16시,토요일,대구광역시 서구 중리동,경상사고,0,0,1,0,차대차 - 측면직각충돌,안전운전불이행,건조,맑음,단일로 - 횡단보도부근,승용,여,45세,상해없음,자전거,남,64세,경상
2014042600100443,2014년 4월 26일 17시,토요일,대구광역시 달서구 월성동,경상사고,0,0,2,0,차대차 - 측면직각충돌,안전거리미확보,건조,맑음,단일로 - 기타,승용,남,50세,상해없음,이륜,남,16세,경상
2014042600100444,2014년 4월 26일 17시,토요일,대구광역시 달서구 장동,경상사고,0,0,1,0,차대차 - 추돌 - 진행중,교차로운행방법위반,건조,맑음,교차로 - 교차로안,승용,남,52세,상해없음,승용,남,63세,상해없음
2014042600100445,2014년 4월 26일 17시,토요일,대구광역시 달서구 용산동,경상사고,0,0,3,0,차대차 - 추돌 - 주정차중,안전거리미확보,건조,맑음,단일로 - 기타,화물,남,62세,상해없음,화물,남,52세,경상
2014042600100478,2014년 4월 26일 18시,토요일,대구광역시 수성구 수성동2가,중상사고,0,2,1,0,차대차 - 측면직각충돌,차로위반,건조,맑음,단일로 - 기타,승용,남,25세,상해없음,승용,남,54세,중상
2014042600100520,2014년 4월 26일 19시,토요일,대구광역시 동구 신암동,경상사고,0,0,2,0,차대차 - 추돌 - 주정차중,안전운전불이행,건조,맑음,단일로 - 기타,원동기,남,16세,경상,승합,남,57세,상해없음
2014042600100521,2014년 4월 26일 19시,토요일,대구광역시 서구 평리동,중상사고,0,1,0,0,차대사람 - 기타,안전운전불이행,건조,맑음,단일로 - 기타,승용,남,46세,상해없음,보행자,여,75세,중상
2014042600100552,2014년 4월 26일 20시,토요일,대구광역시 동구 신기동,중상사고,0,1,0,0,차대사람 - 기타,안전운전불이행,건조,맑음,단일로 - 기타,화물,남,62세,상해없음,보행자,남,50세,중상
2014042600100553,2014년 4월 26일 20시,토요일,대구광역시 북구 태전동,경상사고,0,0,2,0,차대차 - 측면직각충돌,안전운전불이행,건조,맑음,교차로 - 교차로안,승용,여,55세,상해없음,승용,남,28세,경상
2014042600100580,2014년 4월 26일 21시,토요일,대구광역시 서구 내당동,중상사고,0,1,0,0,차대차 - 측면직각충돌,신호위반,건조,맑음,단일로 - 횡단보도상,승용,여,49세,상해없음,이륜,남,42세,중상
2014042600100581,2014년 4월 26일 21시,토요일,대구광역시 서구 내당동,경상사고,0,0,3,0,차대차 - 측면직각충돌,안전거리미확보,건조,맑음,교차로 - 교차로부근,승용,남,23세,경상,승용,여,72세,경상
2014042600100582,2014년 4월 26일 21시,토요일,대구광역시 달서구 본리동,경상사고,0,0,3,0,차대차 - 측면직각충돌,안전거리미확보,건조,맑음,단일로 - 기타,승용,남,28세,상해없음,승용,남,47세,경상
2014042600100609,2014년 4월 26일 22시,토요일,대구광역시 수성구 중동,경상사고,0,0,2,0,차대차 - 추돌 - 주정차중,기타,건조,맑음,교차로 - 교차로부근,기타불명,기타불명,기타불명,기타불명,화물,여,44세,경상
2014042700100021,2014년 4월 27일 00시,일요일,대구광역시 수성구 만촌동,중상사고,0,3,1,0,차대차 - 측면직각충돌,교차로운행방법위반,건조,맑음,교차로 - 교차로안,승용,남,63세,상해없음,승용,남,27세,중상
2014042700100022,2014년 4월 27일 00시,일요일,대구광역시 중구 인교동,경상사고,0,0,1,0,차대차 - 측면직각충돌,안전운전불이행,건조,맑음,단일로 - 기타,승용,여,27세,상해없음,이륜,남,57세,경상
2014042700100041,2014년 4월 27일 01시,일요일,대구광역시 북구 구암동,중상사고,0,1,1,0,차대차 - 추돌 - 주정차중,안전운전불이행,건조,맑음,단일로 - 기타,원동기,남,42세,중상,승용,남,29세,경상
2014042700100058,2014년 4월 27일 02시,일요일,대구광역시 남구 대명동,경상사고,0,0,2,0,차대차 - 측면직각충돌,안전거리미확보,건조,맑음,단일로 - 기타,승용,남,22세,상해없음,승용,남,56세,경상
2014042700100059,2014년 4월 27일 02시,일요일,대구광역시 중구 삼덕동2가,중상사고,0,3,2,0,차대차 - 측면직각충돌,안전운전불이행,건조,맑음,단일로 - 기타,승용,남,52세,중상,승용,남,55세,중상
2014042700100081,2014년 4월 27일 03시,일요일,대구광역시 서구 평리동,경상사고,0,0,1,0,차대차 - 기타,안전운전불이행,건조,맑음,단일로 - 기타,원동기,남,49세,상해없음,자전거,여,22세,경상
2014042700100082,2014년 4월 27일 03시,일요일,대구광역시 중구 대봉동,중상사고,0,1,1,0,차대차 - 추돌 - 주정차중,안전운전불이행,건조,맑음,교차로 - 교차로부근,승용,남,34세,상해없음,승용,남,24세,중상
2014042700100106,2014년 4월 27일 05시,일요일,대구광역시 서구 평리동,중상사고,0,1,0,0,차대사람 - 기타,안전운전불이행,건조,맑음,교차로 - 교차로안,승용,남,60세,상해없음,보행자,남,39세,중상
2014042700100115,2014년 4월 27일 06시,일요일,대구광역시 달성군 옥포면,경상사고,0,0,1,0,차대차 - 측면직각충돌,중앙선침범,건조,맑음,단일로 - 기타,승용,남,26세,상해없음,화물,남,33세,경상
2014042700100116,2014년 4월 27일 06시,일요일,대구광역시 달서구 용산동,경상사고,0,0,3,0,차대차 - 측면직각충돌,교차로운행방법위반,건조,맑음,교차로 - 교차로안,승용,남,48세,상해없음,승용,남,54세,경상
2014042700100144,2014년 4월 27일 08시,일요일,대구광역시 서구 비산동,중상사고,0,1,0,0,차대차 - 측면직각충돌,안전운전불이행,건조,맑음,단일로 - 횡단보도부근,승용,남,23세,상해없음,자전거,남,75세,중상
2014042700100166,2014년 4월 27일 09시,일요일,대구광역시 달성군 화원읍,중상사고,0,1,0,0,차대차 - 측면직각충돌,안전거리미확보,건조,맑음,단일로 - 기타,승용,남,30세,상해없음,이륜,남,19세,중상
2014042700100167,2014년 4월 27일 09시,일요일,대구광역시 서구 내당동,중상사고,0,1,3,0,차대차 - 측면직각충돌,안전거리미확보,건조,맑음,단일로 - 기타,승용,남,59세,상해없음,승용,남,29세,경상
2014042700100186,2014년 4월 27일 10시,일요일,대구광역시 달성군 현풍면,경상사고,0,0,5,0,차대차 - 측면직각충돌,안전거리미확보,건조,맑음,단일로 - 기타,승용,남,49세,상해없음,승용,남,29세,경상
2014042700100223,2014년 4월 27일 12시,일요일,대구광역시 동구 검사동,부상신고사고,0,0,0,1,차대차 - 측면직각충돌,신호위반,건조,맑음,교차로 - 교차로안,이륜,남,17세,부상신고,승용,남,57세,상해없음
2014042700100258,2014년 4월 27일 13시,일요일,대구광역시 북구 서변동,경상사고,0,0,1,0,차대사람 - 기타,안전운전불이행,건조,맑음,단일로 - 기타,이륜,남,22세,상해없음,보행자,남,3세,경상
2014042700100295,2014년 4월 27일 14시,일요일,대구광역시 북구 고성동2가,경상사고,0,0,3,0,차대차 - 기타,안전운전불이행,건조,맑음,교차로 - 교차로안,승용,남,51세,경상,승용,남,52세,경상
2014042700100327,2014년 4월 27일 15시,일요일,대구광역시 수성구 수성동4가,중상사고,0,1,0,0,차대차 - 기타,안전운전불이행,건조,맑음,교차로 - 교차로부근,승용,남,22세,상해없음,승용,여,43세,중상
2014042700100356,2014년 4월 27일 16시,일요일,대구광역시 북구 태전동,경상사고,0,0,1,0,차대차 - 기타,안전운전불이행,건조,맑음,단일로 - 기타,승용,남,47세,상해없음,자전거,여,53세,경상
2014042700100376,2014년 4월 27일 17시,일요일,대구광역시 달성군 다사읍,경상사고,0,0,1,0,차대사람 - 기타,기타,건조,맑음,기타 - 기타,기타불명,기타불명,기타불명,기타불명,보행자,남,22세,경상
2014042700100377,2014년 4월 27일 17시,일요일,대구광역시 달서구 이곡동,중상사고,0,2,4,0,차대차 - 기타,안전운전불이행,습기,비,단일로 - 기타,승용,여,34세,경상,승합,남,45세,상해없음
2014042700100401,2014년 4월 27일 18시,일요일,대구광역시 수성구 매호동,중상사고,0,1,0,0,차대차 - 기타,교차로운행방법위반,습기,비,교차로 - 교차로안,승용,남,53세,상해없음,이륜,남,18세,중상
2014042700100402,2014년 4월 27일 18시,일요일,대구광역시 중구 대봉동,경상사고,0,0,1,0,차대차 - 기타,안전운전불이행,습기,비,단일로 - 기타,승합,남,45세,기타불명,자전거,남,67세,경상
2014042700100449,2014년 4월 27일 19시,일요일,대구광역시 서구 원대동3가,경상사고,0,0,1,0,차대차 - 기타,직진우회전진행방해,습기,비,교차로 - 교차로안,화물,기타불명,기타불명,기타불명,이륜,남,16세,경상
2014042700100450,2014년 4월 27일 19시,일요일,대구광역시 북구 구암동,경상사고,0,0,1,0,차대차 - 기타,기타,습기,비,단일로 - 기타,승용,남,54세,상해없음,이륜,남,19세,경상
2014042700100451,2014년 4월 27일 19시,일요일,대구광역시 북구 읍내동,경상사고,0,0,1,0,차대사람 - 횡단중,안전운전불이행,습기,비,단일로 - 기타,원동기,남,18세,상해없음,보행자,남,49세,경상
2014042700100452,2014년 4월 27일 19시,일요일,대구광역시 북구 연경동,중상사고,0,2,2,0,차량단독 - 도로외이탈 - 추락,안전운전불이행,건조,맑음,단일로 - 교량,승용,여,53세,경상,,,,
2014042700100495,2014년 4월 27일 20시,일요일,대구광역시 달서구 상인동,중상사고,0,1,0,0,차대차 - 기타,신호위반,습기,비,교차로 - 교차로안,승용,남,46세,기타불명,승용,여,30세,중상
2014042700100496,2014년 4월 27일 20시,일요일,대구광역시 달서구 진천동,중상사고,0,2,2,0,차대차 - 기타,안전거리미확보,습기,비,단일로 - 기타,승용,남,42세,기타불명,승용,남,28세,중상
2014042700100497,2014년 4월 27일 20시,일요일,대구광역시 북구 노원동3가,경상사고,0,0,1,0,차대차 - 측면직각충돌,안전거리미확보,습기,비,단일로 - 기타,승용,남,59세,상해없음,원동기,남,19세,경상
2014042700100498,2014년 4월 27일 20시,일요일,대구광역시 서구 평리동,경상사고,0,0,2,0,차대차 - 기타,신호위반,습기,비,교차로 - 교차로안,승용,남,54세,상해없음,승용,남,38세,경상
2014042700100499,2014년 4월 27일 20시,일요일,대구광역시 중구 삼덕동2가,경상사고,0,0,1,0,차대차 - 기타,안전운전불이행,습기,비,단일로 - 기타,승용,남,21세,상해없음,승용,남,32세,경상
2014042700100543,2014년 4월 27일 21시,일요일,대구광역시 달서구 대곡동,중상사고,0,1,0,0,차대차 - 추돌 - 진행중,안전운전불이행,습기,비,단일로 - 기타,승용,여,46세,상해없음,원동기,남,52세,중상
2014042700100544,2014년 4월 27일 21시,일요일,대구광역시 달서구 감삼동,중상사고,0,1,0,0,차대차 - 추돌 - 진행중,안전거리미확보,습기,비,교차로 - 교차로안,승용,남,40세,상해없음,승용,여,50세,중상
2014042700100545,2014년 4월 27일 21시,일요일,대구광역시 달서구 본리동,중상사고,0,1,0,0,차대사람 - 차도통행중,안전운전불이행,습기,비,단일로 - 기타,승용,남,52세,상해없음,보행자,남,44세,중상
2014042700100588,2014년 4월 27일 22시,일요일,대구광역시 동구 신천동,중상사고,0,2,2,0,차대차 - 추돌 - 주정차중,안전운전불이행,건조,맑음,단일로 - 기타,승용,남,60세,상해없음,승용,남,28세,경상
2014042700100589,2014년 4월 27일 22시,일요일,대구광역시 수성구 황금동,부상신고사고,0,0,0,1,차대차 - 기타,신호위반,습기,비,교차로 - 교차로안,승용,여,41세,상해없음,승합,남,38세,상해없음
2014042700100590,2014년 4월 27일 22시,일요일,대구광역시 달서구 송현동,경상사고,0,0,1,0,차대사람 - 횡단중,보행자보호의무위반,습기,비,교차로 - 교차로안,승용,남,37세,상해없음,보행자,남,69세,경상
2014042700100627,2014년 4월 27일 23시,일요일,대구광역시 동구 효목동,경상사고,0,0,2,0,차대차 - 측면직각충돌,안전운전불이행,건조,맑음,단일로 - 기타,승용,남,26세,기타불명,승용,남,64세,경상
2014042700100628,2014년 4월 27일 23시,일요일,대구광역시 수성구 중동,중상사고,0,1,1,0,차대차 - 측면직각충돌,안전운전불이행,습기,비,단일로 - 기타,승용,남,38세,상해없음,승용,여,55세,중상
2014042700100629,2014년 4월 27일 23시,일요일,대구광역시 북구 산격동,경상사고,0,0,2,0,차대차 - 기타,안전거리미확보,습기,비,단일로 - 기타,화물,남,31세,상해없음,승용,남,58세,경상
2014042700100630,2014년 4월 27일 23시,일요일,대구광역시 중구 동인동1가,경상사고,0,0,1,0,차대차 - 측면직각충돌,신호위반,습기,비,교차로 - 교차로안,화물,남,56세,상해없음,승용,남,43세,경상
2014042800100013,2014년 4월 28일 00시,월요일,대구광역시 서구 상리동,경상사고,0,0,2,0,차대차 - 추돌 - 진행중,안전운전불이행,습기,비,단일로 - 기타,승용,여,30세,경상,승용,남,26세,경상
2014042800100031,2014년 4월 28일 01시,월요일,대구광역시 수성구 황금동,경상사고,0,0,1,0,차대사람 - 횡단중,보행자보호의무위반,습기,비,단일로 - 기타,승용,여,40세,상해없음,보행자,남,49세,경상
2014042800100046,2014년 4월 28일 02시,월요일,대구광역시 북구 산격동,사망사고,1,0,0,0,차대사람 - 기타,보행자보호의무위반,습기,비,단일로 - 기타,승용,남,32세,상해없음,보행자,여,52세,사망
2014042800100056,2014년 4월 28일 03시,월요일,대구광역시 달성군 화원읍,경상사고,0,0,2,0,차대차 - 추돌 - 주정차중,안전운전불이행,습기,비,단일로 - 기타,승용,남,24세,경상,화물,남,43세,경상
2014042800100063,2014년 4월 28일 04시,월요일,대구광역시 달서구 신당동,경상사고,0,0,3,0,차대차 - 추돌 - 주정차중,안전운전불이행,습기,비,교차로 - 교차로부근,승용,남,22세,상해없음,승용,남,61세,경상
2014042800100115,2014년 4월 28일 07시,월요일,대구광역시 수성구 만촌동,중상사고,0,1,0,0,차대차 - 측면직각충돌,안전운전불이행,습기,비,교차로 - 교차로안,승용,여,45세,상해없음,승합,남,44세,중상
2014042800100158,2014년 4월 28일 08시,월요일,대구광역시 수성구 범어동,중상사고,0,2,0,0,차대차 - 추돌 - 주정차중,안전운전불이행,습기,비,단일로 - 기타,승용,여,36세,상해없음,승용,여,50세,중상
2014042800100159,2014년 4월 28일 08시,월요일,대구광역시 달서구 송현동,경상사고,0,0,2,0,차대차 - 측면직각충돌,안전거리미확보,건조,맑음,단일로 - 기타,승용,여,51세,경상,승용,남,66세,경상
2014042800100160,2014년 4월 28일 08시,월요일,대구광역시 북구 복현동,경상사고,0,0,1,0,차대차 - 기타,안전운전불이행,습기,비,단일로 - 기타,승용,여,55세,상해없음,승용,여,27세,경상
2014042800100161,2014년 4월 28일 08시,월요일,대구광역시 중구 동인동2가,경상사고,0,0,2,0,차대차 - 추돌 - 주정차중,안전운전불이행,건조,맑음,단일로 - 기타,화물,남,45세,상해없음,승용,남,69세,경상
2014042800100224,2014년 4월 28일 10시,월요일,대구광역시 달서구 이곡동,중상사고,0,1,0,0,차대사람 - 횡단중,안전운전불이행,습기,비,교차로 - 교차로부근,화물,남,56세,상해없음,보행자,여,70세,중상
2014042800100288,2014년 4월 28일 12시,월요일,대구광역시 남구 대명동,경상사고,0,0,1,0,차대사람 - 기타,안전운전불이행,습기,비,단일로 - 기타,화물,기타불명,기타불명,기타불명,보행자,남,72세,경상
2014042800100289,2014년 4월 28일 12시,월요일,대구광역시 동구 불로동,경상사고,0,0,2,0,차대차 - 추돌 - 주정차중,안전거리미확보,습기,비,단일로 - 기타,화물,남,26세,상해없음,승용,남,42세,경상
2014042800100290,2014년 4월 28일 12시,월요일,대구광역시 수성구 시지동,중상사고,0,1,0,0,차대사람 - 보도통행중,기타,습기,비,기타 - 기타,이륜,남,26세,상해없음,보행자,남,37세,중상
2014042800100291,2014년 4월 28일 12시,월요일,대구광역시 수성구 두산동,중상사고,0,1,0,0,차대사람 - 보도통행중,안전운전불이행,습기,비,교차로 - 교차로안,승용,여,43세,상해없음,보행자,여,67세,중상
2014042800100292,2014년 4월 28일 12시,월요일,대구광역시 달서구 본동,경상사고,0,0,1,0,차대차 - 추돌 - 주정차중,안전운전불이행,습기,비,단일로 - 기타,승용,여,21세,상해없음,승용,남,42세,경상
2014042800100320,2014년 4월 28일 13시,월요일,대구광역시 수성구 파동,중상사고,0,1,0,0,차대차 - 기타,안전운전불이행,습기,비,교차로 - 교차로안,승용,남,36세,상해없음,승용,남,51세,중상
2014042800100321,2014년 4월 28일 13시,월요일,대구광역시 달서구 월성동,경상사고,0,0,1,0,차대차 - 측면직각충돌,교차로운행방법위반,습기,비,교차로 - 교차로안,화물,남,36세,상해없음,화물,남,44세,경상
2014042800100358,2014년 4월 28일 14시,월요일,대구광역시 서구 비산동,중상사고,0,1,3,0,차대차 - 측면직각충돌,교차로운행방법위반,습기,흐림,교차로 - 교차로안,승용,남,54세,상해없음,승용,남,50세,경상
2014042800100359,2014년 4월 28일 14시,월요일,대구광역시 달서구 이곡동,중상사고,0,1,1,0,차대차 - 정면충돌,중앙선침범,습기,비,단일로 - 기타,승용,여,35세,상해없음,승용,여,36세,중상
2014042800100360,2014년 4월 28일 14시,월요일,대구광역시 달서구 신당동,중상사고,0,1,0,0,차대사람 - 횡단중,안전운전불이행,습기,비,교차로 - 교차로부근,승용,여,38세,상해없음,보행자,여,22세,중상
2014042800100393,2014년 4월 28일 15시,월요일,대구광역시 수성구 만촌동,경상사고,0,0,3,0,차대차 - 추돌 - 주정차중,안전운전불이행,건조,흐림,단일로 - 기타,화물,남,46세,상해없음,승용,남,28세,경상
2014042800100394,2014년 4월 28일 15시,월요일,대구광역시 수성구 지산동,경상사고,0,0,1,0,차대사람 - 기타,안전운전불이행,건조,맑음,단일로 - 기타,승용,여,38세,상해없음,보행자,남,53세,경상
2014042800100395,2014년 4월 28일 15시,월요일,대구광역시 수성구 연호동,중상사고,0,1,0,0,차량단독 - 기타,안전운전불이행,건조,맑음,단일로 - 기타,승합,남,53세,상해없음,,,,
2014042800100396,2014년 4월 28일 15시,월요일,대구광역시 달서구 본동,중상사고,0,1,0,0,차대사람 - 횡단중,안전운전불이행,습기,비,단일로 - 기타,화물,남,51세,상해없음,보행자,여,6세,중상
2014042800100397,2014년 4월 28일 15시,월요일,대구광역시 북구 금호동,중상사고,0,1,1,0,차대차 - 기타,차로위반,건조,맑음,단일로 - 기타,화물,남,54세,상해없음,화물,남,72세,경상
2014042800100398,2014년 4월 28일 15시,월요일,대구광역시 중구 남산동,경상사고,0,0,1,0,차대사람 - 기타,안전운전불이행,건조,맑음,단일로 - 기타,승용,여,40세,상해없음,보행자,여,71세,경상
2014042800100399,2014년 4월 28일 15시,월요일,대구광역시 달서구 신당동,경상사고,0,0,2,0,차대차 - 추돌 - 주정차중,안전운전불이행,건조,맑음,교차로 - 교차로부근,승용,남,54세,상해없음,승용,남,54세,상해없음
2014042800100433,2014년 4월 28일 16시,월요일,대구광역시 동구 신천동,경상사고,0,0,1,0,차대차 - 측면직각충돌,안전운전불이행,건조,맑음,단일로 - 횡단보도상,승합,남,61세,상해없음,자전거,남,13세,경상
2014042800100466,2014년 4월 28일 17시,월요일,대구광역시 북구 검단동,경상사고,0,0,1,1,차대차 - 측면직각충돌,직진우회전진행방해,건조,흐림,교차로 - 교차로안,승용,남,64세,부상신고,화물,남,38세,경상
2014042800100467,2014년 4월 28일 17시,월요일,대구광역시 달서구 성당동,경상사고,0,0,1,0,차대차 - 추돌 - 진행중,안전운전불이행,건조,맑음,단일로 - 기타,승용,남,42세,상해없음,승용,남,47세,경상
2014042800100493,2014년 4월 28일 18시,월요일,대구광역시 북구 산격동,경상사고,0,0,1,0,차대차 - 기타,안전운전불이행,건조,맑음,단일로 - 기타,화물,남,55세,상해없음,승용,남,31세,경상
2014042800100494,2014년 4월 28일 18시,월요일,대구광역시 달서구 이곡동,중상사고,0,1,0,0,차대차 - 측면직각충돌,신호위반,건조,맑음,단일로 - 기타,승용,남,69세,상해없음,이륜,남,41세,중상
2014042800100495,2014년 4월 28일 18시,월요일,대구광역시 달서구 죽전동,경상사고,0,0,1,0,차대차 - 기타,교차로운행방법위반,건조,맑음,교차로 - 교차로안,승용,여,49세,기타불명,승용,남,51세,경상
2014042800100528,2014년 4월 28일 19시,월요일,대구광역시 서구 내당동,경상사고,0,0,1,0,차대차 - 측면직각충돌,안전운전불이행,습기,비,교차로 - 교차로안,승용,여,52세,상해없음,이륜,남,23세,경상
2014042800100529,2014년 4월 28일 19시,월요일,대구광역시 북구 동천동,경상사고,0,0,2,0,차대차 - 기타,안전운전불이행,습기,비,기타 - 기타,이륜,남,21세,경상,승용,여,32세,경상
2014042800100530,2014년 4월 28일 19시,월요일,대구광역시 북구 태전동,경상사고,0,0,1,0,차대사람 - 차도통행중,안전운전불이행,건조,맑음,단일로 - 기타,승용,남,21세,상해없음,보행자,남,15세,경상
2014042800100531,2014년 4월 28일 19시,월요일,대구광역시 북구 구암동,경상사고,0,0,1,0,차대사람 - 횡단중,신호위반,건조,맑음,단일로 - 횡단보도상,기타불명,기타불명,기타불명,기타불명,보행자,남,19세,경상