사고번호,사고일시,요일,시군구,사고내용,사망자수,중상자수,경상자수,부상신고자수,사고유형,법규위반,노면상태,기상상태,도로형태,가해운전자 차종,가해운전자 성별,가해운전자 연령,가해운전자 상해정도,피해운전자 차종,피해운전자 성별,피해운전자 연령,피해운전자 상해정도
2014042800100570,2014년 4월 28일 20시,월요일,대구광역시 남구 대명동,경상사고,0,0,1,0,차대사람 - 기타,보행자보호의무위반,습기,흐림,교차로 - 교차로부근,승용,남,72세,상해없음,보행자,여,61세,경상
2014042800100571,2014년 4월 28일 20시,월요일,대구광역시 남구 대명동,경상사고,0,0,3,0,차대차 - 기타,안전거리미확보,건조,맑음,교차로 - 교차로부근,승용,남,25세,상해없음,승용,여,38세,경상
2014042800100572,2014년 4월 28일 20시,월요일,대구광역시 수성구 황금동,중상사고,0,1,0,0,차대사람 - 횡단중,안전운전불이행,습기,비,단일로 - 횡단보도상,승용,여,67세,상해없음,보행자,여,66세,중상
2014042800100573,2014년 4월 28일 20시,월요일,대구광역시 북구 대현동,경상사고,0,0,1,0,차대차 - 기타,안전운전불이행,건조,맑음,교차로 - 교차로부근,기타불명,기타불명,기타불명,기타불명,화물,여,61세,경상
2014042800100574,2014년 4월 28일 20시,월요일,대구광역시 북구 산격동,부상신고사고,0,0,0,1,차대차 - 기타,안전운전불이행,건조,맑음,단일로 - 기타,승용,남,60세,상해없음,승용,남,41세,부상신고
2014042800100615,2014년 4월 28일 21시,월요일,대구광역시 수성구 노변동,경상사고,0,0,1,0,차대사람 - 횡단중,안전운전불이행,습기,비,교차로 - 교차로부근,승용,여,47세,상해없음,보행자,여,56세,경상
2014042800100616,2014년 4월 28일 21시,월요일,대구광역시 수성구 지산동,경상사고,0,0,1,0,차대차 - 추돌 - 진행중,안전운전불이행,습기,비,교차로 - 교차로부근,승용,남,57세,상해없음,승용,남,60세,경상
2014042800100658,2014년 4월 28일 22시,월요일,대구광역시 수성구 지산동,경상사고,0,0,1,0,차대차 - 기타,교차로운행방법위반,건조,맑음,교차로 - 교차로안,승용,여,55세,상해없음,이륜,남,19세,경상
2014042800100659,2014년 4월 28일 22시,월요일,대구광역시 서구 상리동,중상사고,0,2,0,0,차대차 - 측면직각충돌,교차로운행방법위반,습기,흐림,교차로 - 교차로안,승용,남,58세,중상,승용,남,43세,중상
2014042900100021,2014년 4월 29일 00시,화요일,대구광역시 동구 방촌동,중상사고,0,1,1,0,차대차 - 추돌 - 주정차중,안전운전불이행,습기,비,단일로 - 기타,승용,남,23세,중상,화물,남,63세,경상
2014042900100022,2014년 4월 29일 00시,화요일,대구광역시 달서구 대천동,경상사고,0,0,1,0,차대차 - 측면직각충돌,신호위반,습기,흐림,교차로 - 교차로안,승용,여,49세,상해없음,승용,남,22세,경상
2014042900100023,2014년 4월 29일 00시,화요일,대구광역시 북구 침산동,중상사고,0,1,0,0,차대사람 - 횡단중,안전운전불이행,습기,비,교차로 - 교차로부근,승용,남,51세,상해없음,보행자,남,63세,중상
2014042900100047,2014년 4월 29일 01시,화요일,대구광역시 달서구 갈산동,중상사고,0,1,0,0,차대차 - 기타,중앙선침범,습기,비,교차로 - 교차로안,승용,남,24세,상해없음,승용,남,21세,중상
2014042900100048,2014년 4월 29일 01시,화요일,대구광역시 동구 신암동,경상사고,0,0,1,1,차대차 - 정면충돌,중앙선침범,습기,비,교차로 - 교차로부근,승용,남,34세,부상신고,승용,여,39세,경상
2014042900100086,2014년 4월 29일 04시,화요일,대구광역시 북구 태전동,경상사고,0,0,1,0,차대사람 - 기타,안전운전불이행,기타,기타,단일로 - 횡단보도상,승합,남,57세,상해없음,보행자,남,57세,경상
2014042900100137,2014년 4월 29일 07시,화요일,대구광역시 동구 신암동,경상사고,0,0,2,1,차대차 - 측면직각충돌,불법유턴,습기,비,단일로 - 기타,건설기계,남,48세,상해없음,승합,남,54세,상해없음
2014042900100138,2014년 4월 29일 07시,화요일,대구광역시 달서구 송현동,중상사고,0,1,0,0,차대차 - 기타,교차로운행방법위반,습기,비,교차로 - 교차로안,승용,남,36세,상해없음,승용,여,46세,중상
2014042900100185,2014년 4월 29일 08시,화요일,대구광역시 남구 봉덕동,경상사고,0,0,1,0,차대차 - 추돌 - 주정차중,안전거리미확보,습기,비,단일로 - 기타,승용,남,56세,상해없음,승용,남,73세,상해없음
2014042900100187,2014년 4월 29일 08시,화요일,대구광역시 달서구 송현동,경상사고,0,0,1,0,차대차 - 추돌 - 진행중,안전운전불이행,습기,비,단일로 - 기타,승용,남,28세,상해없음,승용,남,39세,상해없음
2014042900100188,2014년 4월 29일 08시,화요일,대구광역시 달서구 상인동,부상신고사고,0,0,0,1,차량단독 - 공작물충돌,안전운전불이행,습기,비,미분류 - 미분류,승용,남,41세,부상신고,,,,
2014042900100189,2014년 4월 29일 08시,화요일,대구광역시 달성군 가창면,중상사고,0,1,1,0,차대차 - 정면충돌,안전운전불이행,습기,비,단일로 - 기타,승용,남,66세,경상,화물,남,43세,중상
2014042900100190,2014년 4월 29일 08시,화요일,대구광역시 북구 노원동1가,중상사고,0,1,0,0,차대차 - 기타,안전거리미확보,적설,비,단일로 - 기타,승용,남,62세,상해없음,원동기,남,22세,중상
2014042900100227,2014년 4월 29일 09시,화요일,대구광역시 남구 대명동,경상사고,0,0,1,0,차대사람 - 길가장자리구역통행중,안전운전불이행,습기,비,단일로 - 기타,승용,남,71세,상해없음,보행자,여,36세,경상
2014042900100228,2014년 4월 29일 09시,화요일,대구광역시 남구 봉덕동,중상사고,0,1,0,0,차대사람 - 횡단중,교차로운행방법위반,습기,비,교차로 - 교차로안,승용,남,51세,상해없음,보행자,여,46세,중상
2014042900100229,2014년 4월 29일 09시,화요일,대구광역시 달서구 갈산동,중상사고,0,1,0,0,차대차 - 측면직각충돌,교차로운행방법위반,습기,비,교차로 - 교차로안,승용,남,40세,상해없음,승용,남,28세,중상
2014042900100230,2014년 4월 29일 09시,화요일,대구광역시 서구 내당동,중상사고,0,1,0,0,차대차 - 추돌 - 주정차중,안전운전불이행,건조,맑음,단일로 - 기타,승용,남,26세,상해없음,승용,여,58세,중상
2014042900100268,2014년 4월 29일 11시,화요일,대구광역시 북구 산격동,중상사고,0,2,0,0,차대차 - 정면충돌,중앙선침범,습기,비,단일로 - 기타,승용,여,50세,상해없음,승용,남,38세,중상
2014042900100269,2014년 4월 29일 11시,화요일,대구광역시 서구 내당동,경상사고,0,0,1,0,차대차 - 측면직각충돌,안전거리미확보,습기,비,단일로 - 기타,승용,남,25세,상해없음,이륜,남,18세,경상
2014042900100295,2014년 4월 29일 12시,화요일,대구광역시 달성군 화원읍,경상사고,0,0,2,0,차대차 - 기타,안전운전불이행,습기,비,단일로 - 기타,승용,여,56세,경상,승용,남,34세,경상
2014042900100349,2014년 4월 29일 14시,화요일,대구광역시 남구 대명동,중상사고,0,1,0,0,차대차 - 추돌 - 주정차중,안전운전불이행,습기,비,단일로 - 기타,승용,남,62세,상해없음,화물,남,40세,기타불명
2014042900100350,2014년 4월 29일 14시,화요일,대구광역시 수성구 만촌동,경상사고,0,0,1,0,차대차 - 측면직각충돌,교차로운행방법위반,습기,비,교차로 - 교차로안,화물,남,52세,상해없음,원동기,남,60세,경상
2014042900100351,2014년 4월 29일 14시,화요일,대구광역시 달서구 월성동,경상사고,0,0,2,0,차대차 - 측면직각충돌,차로위반,습기,비,단일로 - 기타,화물,남,48세,기타불명,승용,남,25세,경상
2014042900100382,2014년 4월 29일 15시,화요일,대구광역시 수성구 범어동,경상사고,0,0,1,0,차대차 - 측면직각충돌,안전거리미확보,건조,맑음,단일로 - 기타,승용,남,69세,상해없음,승용,여,30세,경상
2014042900100383,2014년 4월 29일 15시,화요일,대구광역시 수성구 두산동,중상사고,0,1,1,0,차대차 - 기타,불법유턴,습기,비,단일로 - 횡단보도상,이륜,남,35세,중상,승용,남,44세,경상
2014042900100420,2014년 4월 29일 16시,화요일,대구광역시 북구 국우동,경상사고,0,0,2,0,차대차 - 추돌 - 진행중,안전운전불이행,습기,비,단일로 - 기타,화물,남,41세,상해없음,승합,남,31세,경상
2014042900100486,2014년 4월 29일 18시,화요일,대구광역시 북구 침산동,중상사고,0,1,0,0,차대사람 - 기타,보행자보호의무위반,건조,맑음,단일로 - 횡단보도상,승용,남,27세,상해없음,보행자,남,6세,중상
2014042900100530,2014년 4월 29일 19시,화요일,대구광역시 남구 대명동,경상사고,0,0,2,0,차대차 - 측면직각충돌,교차로운행방법위반,습기,흐림,교차로 - 교차로안,승용,여,37세,상해없음,승용,남,41세,경상
2014042900100531,2014년 4월 29일 19시,화요일,대구광역시 달서구 장기동,부상신고사고,0,0,0,1,차대사람 - 기타,기타,습기,흐림,단일로 - 기타,승용,남,59세,기타불명,보행자,여,11세,부상신고
2014042900100532,2014년 4월 29일 19시,화요일,대구광역시 북구 동변동,경상사고,0,0,1,0,차대사람 - 횡단중,안전운전불이행,습기,비,교차로 - 교차로안,승용,여,28세,상해없음,보행자,여,38세,경상
2014042900100583,2014년 4월 29일 21시,화요일,대구광역시 달서구 송현동,사망사고,1,0,0,0,차대사람 - 길가장자리구역통행중,안전운전불이행,습기,비,교차로 - 교차로안,승용,여,43세,상해없음,보행자,남,34세,사망
2014042900100584,2014년 4월 29일 21시,화요일,대구광역시 중구 봉산동,경상사고,0,0,1,0,차대사람 - 기타,안전운전불이행,습기,비,교차로 - 교차로안,승용,여,21세,상해없음,보행자,여,16세,경상
2014042900100619,2014년 4월 29일 22시,화요일,대구광역시 달서구 본리동,경상사고,0,0,1,0,차대차 - 측면직각충돌,중앙선침범,습기,비,단일로 - 기타,승용,남,34세,상해없음,이륜,남,50세,경상
2014042900100643,2014년 4월 29일 23시,화요일,대구광역시 달서구 대천동,중상사고,0,1,0,0,차대사람 - 기타,신호위반,습기,비,교차로 - 교차로부근,승용,남,46세,상해없음,보행자,여,57세,중상
2014042900100644,2014년 4월 29일 23시,화요일,대구광역시 달성군 논공읍,경상사고,0,0,2,0,차대차 - 측면직각충돌,안전운전불이행,습기,흐림,교차로 - 교차로안,이륜,남,17세,경상,원동기,남,44세,경상
2014042900100645,2014년 4월 29일 23시,화요일,대구광역시 달서구 신당동,경상사고,0,0,1,0,차대차 - 측면직각충돌,안전운전불이행,습기,비,교차로 - 교차로안,화물,남,57세,상해없음,이륜,남,17세,경상
2014043000100018,2014년 4월 30일 00시,수요일,대구광역시 남구 대명동,부상신고사고,0,0,0,1,차대사람 - 횡단중,보행자보호의무위반,습기,비,교차로 - 교차로안,승용,남,43세,상해없음,보행자,남,45세,부상신고
2014043000100019,2014년 4월 30일 00시,수요일,대구광역시 수성구 지산동,경상사고,0,0,1,0,차대차 - 추돌 - 주정차중,안전운전불이행,습기,비,교차로 - 교차로부근,승용,남,59세,상해없음,승용,남,47세,상해없음
2014043000100020,2014년 4월 30일 00시,수요일,대구광역시 중구 덕산동,경상사고,0,0,1,0,차대차 - 기타,안전운전불이행,건조,기타,단일로 - 기타,기타불명,기타불명,기타불명,기타불명,승용,남,44세,경상
2014043000100035,2014년 4월 30일 01시,수요일,대구광역시 달서구 이곡동,부상신고사고,0,0,0,1,차대사람 - 기타,안전운전불이행,습기,비,단일로 - 횡단보도상,승용,남,53세,상해없음,보행자,남,39세,부상신고
2014043000100044,2014년 4월 30일 02시,수요일,대구광역시 달서구 용산동,중상사고,0,1,0,0,차대사람 - 기타,안전운전불이행,습기,비,단일로 - 기타,승용,남,24세,상해없음,보행자,남,66세,중상
2014043000100063,2014년 4월 30일 04시,수요일,대구광역시 달서구 상인동,중상사고,0,1,0,0,차대사람 - 기타,안전운전불이행,건조,맑음,단일로 - 기타,승용,남,57세,상해없음,보행자,남,25세,중상
2014043000100064,2014년 4월 30일 04시,수요일,대구광역시 중구 동인동1가,중상사고,0,4,1,1,차대차 - 기타,안전운전불이행,습기,비,교차로 - 교차로부근,승용,남,41세,중상,승용,남,34세,경상
2014043000100065,2014년 4월 30일 04시,수요일,대구광역시 북구 태전동,경상사고,0,0,1,0,차대차 - 추돌 - 진행중,안전운전불이행,건조,맑음,단일로 - 기타,승용,남,43세,상해없음,승용,남,71세,경상
2014043000100076,2014년 4월 30일 05시,수요일,대구광역시 북구 복현동,경상사고,0,0,1,0,차대차 - 추돌 - 진행중,안전운전불이행,건조,맑음,단일로 - 횡단보도부근,승용,남,23세,상해없음,승용,남,61세,경상
2014043000100118,2014년 4월 30일 07시,수요일,대구광역시 중구 대봉동,경상사고,0,0,2,0,차대차 - 측면직각충돌,안전거리미확보,건조,맑음,단일로 - 기타,승용,여,41세,상해없음,화물,남,40세,경상
2014043000100161,2014년 4월 30일 08시,수요일,대구광역시 수성구 두산동,중상사고,0,1,0,0,차대사람 - 길가장자리구역통행중,안전운전불이행,건조,맑음,교차로 - 교차로안,승용,여,49세,상해없음,보행자,여,7세,중상
2014043000100162,2014년 4월 30일 08시,수요일,대구광역시 수성구 황금동,경상사고,0,0,1,0,차대차 - 추돌 - 진행중,안전거리미확보,습기,비,미분류 - 미분류,승용,남,56세,상해없음,승용,여,44세,경상
2014043000100193,2014년 4월 30일 09시,수요일,대구광역시 동구 신서동,경상사고,0,0,2,0,차대차 - 기타,교차로운행방법위반,습기,흐림,교차로 - 교차로안,승용,여,57세,경상,승용,여,32세,경상
2014043000100194,2014년 4월 30일 09시,수요일,대구광역시 수성구 시지동,중상사고,0,1,0,0,차대사람 - 기타,보행자보호의무위반,건조,맑음,단일로 - 기타,승용,남,58세,상해없음,보행자,여,86세,중상
2014043000100195,2014년 4월 30일 09시,수요일,대구광역시 북구 검단동,경상사고,0,0,1,0,차대차 - 측면직각충돌,직진우회전진행방해,건조,맑음,교차로 - 교차로안,승용,남,43세,상해없음,원동기,여,59세,경상
2014043000100217,2014년 4월 30일 10시,수요일,대구광역시 중구 삼덕동3가,경상사고,0,0,1,1,차대차 - 추돌 - 주정차중,안전운전불이행,건조,맑음,단일로 - 기타,승용,남,56세,부상신고,승용,남,32세,경상
2014043000100244,2014년 4월 30일 11시,수요일,대구광역시 수성구 두산동,경상사고,0,0,1,0,차대차 - 측면직각충돌,안전거리미확보,건조,맑음,단일로 - 기타,승용,남,66세,상해없음,승용,여,52세,경상
2014043000100245,2014년 4월 30일 11시,수요일,대구광역시 달서구 상인동,경상사고,0,0,1,0,차대차 - 측면직각충돌,신호위반,건조,맑음,교차로 - 교차로안,승용,여,45세,상해없음,승용,남,33세,경상
2014043000100246,2014년 4월 30일 11시,수요일,대구광역시 서구 내당동,부상신고사고,0,0,0,2,차대차 - 기타,안전거리미확보,건조,맑음,단일로 - 기타,승용,남,58세,상해없음,승용,남,38세,부상신고
2014043000100247,2014년 4월 30일 11시,수요일,대구광역시 달서구 두류동,중상사고,0,2,0,0,차대차 - 기타,불법유턴,건조,맑음,단일로 - 기타,승용,남,55세,상해없음,승용,기타불명,기타불명,기타불명
2014043000100270,2014년 4월 30일 12시,수요일,대구광역시 수성구 수성동4가,중상사고,0,3,0,0,차대차 - 측면직각충돌,신호위반,건조,맑음,교차로 - 교차로안,승용,여,33세,상해없음,승용,여,43세,중상
2014043000100271,2014년 4월 30일 12시,수요일,대구광역시 수성구 노변동,부상신고사고,0,0,0,1,차대차 - 기타,중앙선침범,습기,흐림,단일로 - 기타,자전거,남,17세,부상신고,이륜,남,39세,상해없음
2014043000100272,2014년 4월 30일 12시,수요일,대구광역시 북구 침산동,경상사고,0,0,1,0,차대차 - 기타,안전거리미확보,습기,비,단일로 - 기타,승용,여,24세,상해없음,이륜,남,44세,경상
2014043000100303,2014년 4월 30일 13시,수요일,대구광역시 수성구 범어동,중상사고,0,1,0,0,차대차 - 기타,안전운전불이행,건조,맑음,단일로 - 기타,이륜,남,33세,상해없음,자전거,여,44세,중상
2014043000100304,2014년 4월 30일 13시,수요일,대구광역시 달서구 월성동,경상사고,0,0,1,0,차대사람 - 횡단중,보행자보호의무위반,건조,맑음,교차로 - 교차로안,승용,남,46세,상해없음,보행자,남,75세,경상
2014043000100305,2014년 4월 30일 13시,수요일,대구광역시 달성군 화원읍,경상사고,0,0,1,0,차대사람 - 기타,안전운전불이행,건조,흐림,단일로 - 기타,화물,남,62세,상해없음,보행자,남,15세,경상
2014043000100343,2014년 4월 30일 14시,수요일,대구광역시 북구 검단동,중상사고,0,1,0,0,차대사람 - 횡단중,보행자보호의무위반,건조,맑음,단일로 - 횡단보도상,화물,남,40세,상해없음,보행자,여,65세,중상
2014043000100344,2014년 4월 30일 14시,수요일,대구광역시 북구 산격동,중상사고,0,1,0,0,차대차 - 기타,안전운전불이행,건조,맑음,단일로 - 기타,승용,여,26세,상해없음,승용,여,39세,중상
2014043000100345,2014년 4월 30일 14시,수요일,대구광역시 달서구 장기동,중상사고,0,1,0,0,차대사람 - 보도통행중,기타,건조,맑음,기타 - 기타,승용,남,57세,상해없음,보행자,여,67세,중상
2014043000100346,2014년 4월 30일 14시,수요일,대구광역시 달서구 이곡동,중상사고,0,1,0,0,차대차 - 기타,직진우회전진행방해,건조,흐림,교차로 - 교차로안,건설기계,남,66세,상해없음,원동기,남,55세,중상
2014043000100432,2014년 4월 30일 17시,수요일,대구광역시 수성구 고모동,중상사고,0,2,0,0,차대차 - 기타,중앙선침범,습기,비,단일로 - 기타,승용,여,56세,상해없음,승용,남,38세,중상
2014043000100433,2014년 4월 30일 17시,수요일,대구광역시 달서구 대곡동,중상사고,0,1,0,0,차대차 - 기타,안전운전불이행,건조,맑음,교차로 - 교차로안,화물,남,48세,상해없음,자전거,남,27세,중상
2014043000100434,2014년 4월 30일 17시,수요일,대구광역시 중구 동인동4가,경상사고,0,0,1,0,차대차 - 추돌 - 진행중,안전거리미확보,건조,맑음,단일로 - 기타,승용,여,48세,상해없음,승용,여,39세,경상
2014043000100435,2014년 4월 30일 17시,수요일,대구광역시 북구 구암동,경상사고,0,0,1,0,차대차 - 측면직각충돌,안전운전불이행,건조,맑음,교차로 - 교차로부근,승용,여,40세,상해없음,승용,남,62세,경상
2014043000100468,2014년 4월 30일 18시,수요일,대구광역시 달서구 본동,부상신고사고,0,0,0,1,차량단독 - 공작물충돌,안전운전불이행,습기,비,교차로 - 교차로부근,승용,남,30세,부상신고,,,,
2014043000100469,2014년 4월 30일 18시,수요일,대구광역시 북구 복현동,중상사고,0,1,0,0,차대차 - 측면직각충돌,신호위반,건조,맑음,교차로 - 교차로안,승용,남,24세,상해없음,원동기,남,24세,중상
2014043000100506,2014년 4월 30일 19시,수요일,대구광역시 수성구 신매동,경상사고,0,0,1,0,차대차 - 추돌 - 진행중,안전운전불이행,건조,맑음,단일로 - 기타,승용,남,59세,상해없음,원동기,남,28세,경상
2014043000100507,2014년 4월 30일 19시,수요일,대구광역시 북구 칠성동2가,중상사고,0,1,0,0,차대사람 - 횡단중,안전운전불이행,건조,맑음,단일로 - 기타,승용,남,50세,상해없음,보행자,여,64세,중상
2014043000100508,2014년 4월 30일 19시,수요일,대구광역시 서구 비산동,중상사고,0,1,0,0,차대사람 - 횡단중,안전운전불이행,습기,비,교차로 - 교차로안,승용,남,58세,상해없음,보행자,남,58세,중상
2014043000100509,2014년 4월 30일 19시,수요일,대구광역시 중구 대봉동,경상사고,0,0,1,0,차대사람 - 횡단중,안전운전불이행,습기,비,교차로 - 교차로부근,승용,남,59세,기타불명,보행자,남,53세,경상
2014043000100510,2014년 4월 30일 19시,수요일,대구광역시 중구 포정동,경상사고,0,0,2,0,차대차 - 기타,안전거리미확보,습기,비,교차로 - 교차로부근,승용,남,53세,상해없음,승용,남,41세,경상
2014043000100511,2014년 4월 30일 19시,수요일,대구광역시 달서구 성당동,중상사고,0,1,0,0,차대차 - 기타,신호위반,습기,비,교차로 - 교차로안,승용,남,33세,상해없음,원동기,남,28세,중상
2014043000100542,2014년 4월 30일 20시,수요일,대구광역시 남구 봉덕동,경상사고,0,0,2,0,차대차 - 측면직각충돌,불법유턴,습기,비,단일로 - 기타,승용,남,53세,상해없음,승용,남,34세,경상
2014043000100543,2014년 4월 30일 20시,수요일,대구광역시 동구 입석동,중상사고,0,1,1,0,차대사람 - 횡단중,보행자보호의무위반,습기,비,단일로 - 횡단보도상,승용,남,27세,상해없음,보행자,남,58세,중상
2014043000100544,2014년 4월 30일 20시,수요일,대구광역시 달서구 본동,중상사고,0,1,0,0,차대사람 - 횡단중,보행자보호의무위반,습기,비,단일로 - 횡단보도상,승용,남,59세,상해없음,보행자,여,23세,중상
2014043000100545,2014년 4월 30일 20시,수요일,대구광역시 달서구 진천동,중상사고,0,1,0,0,차대사람 - 기타,안전운전불이행,건조,맑음,교차로 - 교차로안,승용,남,62세,상해없음,보행자,여,80세,중상
2014043000100546,2014년 4월 30일 20시,수요일,대구광역시 달성군 논공읍,부상신고사고,0,0,0,1,차대차 - 기타,안전운전불이행,건조,맑음,교차로 - 교차로부근,자전거,여,54세,부상신고,승용,남,56세,상해없음
2014043000100547,2014년 4월 30일 20시,수요일,대구광역시 북구 태전동,중상사고,0,1,0,0,차대사람 - 보도통행중,안전운전불이행,습기,비,단일로 - 기타,승용,여,27세,상해없음,보행자,남,68세,중상
2014043000100548,2014년 4월 30일 20시,수요일,대구광역시 북구 서변동,부상신고사고,0,0,0,1,차대사람 - 횡단중,안전운전불이행,건조,맑음,교차로 - 교차로부근,승용,남,57세,상해없음,보행자,남,32세,부상신고
2014043000100590,2014년 4월 30일 21시,수요일,대구광역시 서구 내당동,중상사고,0,1,0,0,차대사람 - 횡단중,안전운전불이행,습기,비,단일로 - 기타,화물,남,52세,상해없음,보행자,남,43세,중상
2014043000100591,2014년 4월 30일 21시,수요일,대구광역시 서구 평리동,중상사고,0,1,0,0,차대차 - 측면직각충돌,중앙선침범,습기,비,단일로 - 기타,승용,남,55세,상해없음,화물,남,31세,중상
2014043000100592,2014년 4월 30일 21시,수요일,대구광역시 달서구 성당동,경상사고,0,0,1,1,차대차 - 추돌 - 진행중,안전거리미확보,습기,비,단일로 - 기타,승용,남,65세,상해없음,승용,남,54세,경상
2014043000100593,2014년 4월 30일 21시,수요일,대구광역시 북구 구암동,중상사고,0,1,0,0,차대사람 - 횡단중,보행자보호의무위반,습기,비,교차로 - 교차로부근,승용,남,45세,상해없음,보행자,여,57세,중상
2014043000100594,2014년 4월 30일 21시,수요일,대구광역시 북구 태전동,경상사고,0,0,1,0,차대사람 - 횡단중,신호위반,습기,비,단일로 - 횡단보도상,승용,남,30세,상해없음,보행자,남,29세,경상
2014043000100630,2014년 4월 30일 22시,수요일,대구광역시 수성구 황금동,경상사고,0,0,1,0,차대차 - 추돌 - 주정차중,안전운전불이행,습기,비,교차로 - 교차로부근,승용,남,45세,상해없음,승용,남,47세,경상
2014043000100631,2014년 4월 30일 22시,수요일,대구광역시 달서구 송현동,중상사고,0,1,0,0,차대사람 - 횡단중,기타,습기,비,교차로 - 교차로부근,화물,남,43세,상해없음,보행자,여,24세,중상
2014043000100632,2014년 4월 30일 22시,수요일,대구광역시 달서구 신당동,중상사고,0,1,4,0,차대차 - 추돌 - 진행중,안전거리미확보,습기,비,교차로 - 교차로부근,승용,남,35세,상해없음,승용,남,64세,경상
2014043000100633,2014년 4월 30일 22시,수요일,대구광역시 북구 매천동,중상사고,0,1,1,0,차대차 - 추돌 - 진행중,안전거리미확보,습기,비,교차로 - 교차로안,승용,여,40세,상해없음,화물,남,25세,경상
2014043000100666,2014년 4월 30일 23시,수요일,대구광역시 동구 효목동,경상사고,0,0,1,0,차대사람 - 기타,기타,건조,맑음,단일로 - 기타,이륜,남,49세,상해없음,보행자,남,41세,경상
2014043000100667,2014년 4월 30일 23시,수요일,대구광역시 서구 비산동,경상사고,0,0,1,0,차대차 - 기타,안전거리미확보,습기,비,단일로 - 기타,승용,남,39세,상해없음,원동기,남,23세,경상
2014043000100668,2014년 4월 30일 23시,수요일,대구광역시 서구 내당동,부상신고사고,0,0,0,1,차대사람 - 횡단중,안전운전불이행,습기,비,단일로 - 횡단보도상,화물,남,25세,상해없음,보행자,남,29세,부상신고
2014043000100669,2014년 4월 30일 23시,수요일,대구광역시 달서구 신당동,경상사고,0,0,2,0,차대차 - 추돌 - 진행중,안전운전불이행,습기,비,단일로 - 횡단보도부근,승용,남,36세,상해없음,승용,남,56세,경상
2014043000100670,2014년 4월 30일 23시,수요일,대구광역시 북구 태전동,경상사고,0,0,1,0,차대차 - 정면충돌,안전운전불이행,습기,비,단일로 - 기타,승용,남,45세,상해없음,승용,여,28세,경상
2014050100100018,2014년 5월 1일 00시,목요일,대구광역시 서구 내당동,중상사고,0,1,0,0,차대차 - 측면직각충돌,신호위반,건조,맑음,교차로 - 교차로안,승용,남,57세,상해없음,승용,남,59세,중상
2014050100100019,2014년 5월 1일 00시,목요일,대구광역시 북구 태전동,경상사고,0,0,1,0,차대차 - 측면직각충돌,안전운전불이행,건조,맑음,교차로 - 교차로안,승용,기타불명,기타불명,기타불명,승용,남,41세,경상
2014050100100033,2014년 5월 1일 01시,목요일,대구광역시 달서구 신당동,경상사고,0,0,1,0,차대차 - 측면직각충돌,신호위반,습기,비,교차로 - 교차로안,이륜,남,33세,상해없음,승용,남,52세,경상
2014050100100074,2014년 5월 1일 04시,목요일,대구광역시 수성구 황금동,경상사고,0,0,1,1,차대차 - 추돌 - 주정차중,안전운전불이행,건조,맑음,기타 - 기타,승용,남,43세,부상신고,화물,남,36세,경상
2014050100100086,2014년 5월 1일 05시,목요일,대구광역시 북구 읍내동,경상사고,0,0,1,0,차대차 - 측면직각충돌,안전운전불이행,건조,맑음,단일로 - 횡단보도상,화물,남,57세,상해없음,자전거,남,46세,경상
2014050100100115,2014년 5월 1일 07시,목요일,대구광역시 북구 태전동,경상사고,0,0,1,0,차대차 - 측면직각충돌,안전운전불이행,건조,맑음,단일로 - 기타,승용,남,28세,상해없음,자전거,남,65세,경상
2014050100100150,2014년 5월 1일 08시,목요일,대구광역시 동구 효목동,부상신고사고,0,0,0,1,차대차 - 측면직각충돌,안전운전불이행,건조,맑음,단일로 - 기타,이륜,남,35세,부상신고,승용,남,33세,상해없음
2014050100100151,2014년 5월 1일 08시,목요일,대구광역시 달서구 두류동,경상사고,0,0,1,0,차대차 - 측면직각충돌,안전운전불이행,건조,맑음,단일로 - 기타,승용,남,73세,상해없음,이륜,남,39세,경상
2014050100100173,2014년 5월 1일 09시,목요일,대구광역시 북구 산격동,중상사고,0,1,0,0,차대차 - 기타,기타,건조,맑음,단일로 - 기타,승합,남,54세,상해없음,원동기,남,80세,중상
2014050100100197,2014년 5월 1일 10시,목요일,대구광역시 북구 칠성동2가,경상사고,0,0,1,0,차대차 - 기타,교차로운행방법위반,건조,맑음,교차로 - 교차로안,승용,남,69세,상해없음,이륜,남,51세,경상
2014050100100218,2014년 5월 1일 11시,목요일,대구광역시 서구 평리동,부상신고사고,0,0,0,1,차대차 - 기타,불법유턴,건조,맑음,단일로 - 기타,자전거,남,59세,부상신고,화물,남,61세,상해없음
2014050100100248,2014년 5월 1일 12시,목요일,대구광역시 남구 봉덕동,중상사고,0,1,0,0,차대사람 - 기타,보행자보호의무위반,건조,맑음,단일로 - 횡단보도상,승용,여,56세,상해없음,보행자,여,72세,중상
2014050100100249,2014년 5월 1일 12시,목요일,대구광역시 달서구 대곡동,중상사고,0,1,0,0,차대사람 - 횡단중,보행자보호의무위반,건조,맑음,교차로 - 교차로부근,화물,남,42세,상해없음,보행자,남,17세,중상
2014050100100274,2014년 5월 1일 13시,목요일,대구광역시 동구 신서동,경상사고,0,0,2,0,차대차 - 기타,안전거리미확보,건조,맑음,단일로 - 기타,승용,남,64세,경상,원동기,남,19세,경상