사고번호,사고일시,요일,시군구,사고내용,사망자수,중상자수,경상자수,부상신고자수,사고유형,법규위반,노면상태,기상상태,도로형태,가해운전자 차종,가해운전자 성별,가해운전자 연령,가해운전자 상해정도,피해운전자 차종,피해운전자 성별,피해운전자 연령,피해운전자 상해정도
2014050100100275,2014년 5월 1일 13시,목요일,대구광역시 달성군 가창면,중상사고,0,1,1,0,차대차 - 측면직각충돌,안전운전불이행,건조,맑음,교차로 - 교차로안,승용,남,48세,중상,화물,남,62세,경상
2014050100100311,2014년 5월 1일 14시,목요일,대구광역시 남구 대명동,경상사고,0,0,1,0,차대차 - 측면직각충돌,안전운전불이행,건조,맑음,단일로 - 기타,승용,남,40세,상해없음,이륜,남,42세,경상
2014050100100312,2014년 5월 1일 14시,목요일,대구광역시 수성구 신매동,중상사고,0,1,1,0,차대차 - 기타,중앙선침범,건조,맑음,단일로 - 기타,승용,남,42세,경상,승용,여,21세,중상
2014050100100313,2014년 5월 1일 14시,목요일,대구광역시 중구 동인동2가,중상사고,0,1,0,0,차대차 - 측면직각충돌,안전운전불이행,건조,맑음,교차로 - 교차로안,화물,남,37세,상해없음,자전거,남,61세,중상
2014050100100341,2014년 5월 1일 15시,목요일,대구광역시 달서구 송현동,부상신고사고,0,0,0,1,차대차 - 기타,안전운전불이행,건조,맑음,교차로 - 교차로부근,자전거,남,13세,부상신고,승용,여,40세,상해없음
2014050100100342,2014년 5월 1일 15시,목요일,대구광역시 북구 복현동,경상사고,0,0,1,0,차대차 - 기타,안전거리미확보,건조,맑음,교차로 - 교차로안,승용,남,41세,상해없음,승용,남,28세,상해없음
2014050100100343,2014년 5월 1일 15시,목요일,대구광역시 중구 태평로2가,경상사고,0,0,1,0,차량단독 - 기타,기타,건조,맑음,단일로 - 기타,승합,남,65세,상해없음,,,,
2014050100100388,2014년 5월 1일 16시,목요일,대구광역시 남구 대명동,경상사고,0,0,2,0,차량단독 - 기타,안전운전불이행,건조,맑음,교차로 - 교차로안,승용,남,62세,상해없음,,,,
2014050100100389,2014년 5월 1일 16시,목요일,대구광역시 달서구 상인동,중상사고,0,1,0,0,차대차 - 기타,교차로운행방법위반,건조,맑음,교차로 - 교차로안,승용,남,34세,상해없음,자전거,남,69세,중상
2014050100100390,2014년 5월 1일 16시,목요일,대구광역시 달서구 송현동,경상사고,0,0,1,0,차량단독 - 기타,기타,건조,맑음,단일로 - 기타,승합,남,50세,상해없음,,,,
2014050100100391,2014년 5월 1일 16시,목요일,대구광역시 달성군 다사읍,경상사고,0,0,1,0,차대사람 - 기타,안전운전불이행,건조,맑음,교차로 - 교차로안,화물,남,47세,상해없음,보행자,여,40세,경상
2014050100100392,2014년 5월 1일 16시,목요일,대구광역시 북구 산격동,경상사고,0,0,1,0,차대사람 - 기타,안전운전불이행,건조,맑음,기타 - 기타,승용,남,34세,상해없음,보행자,여,53세,경상
2014050100100433,2014년 5월 1일 17시,목요일,대구광역시 남구 이천동,경상사고,0,0,1,0,차대차 - 기타,안전운전불이행,건조,맑음,단일로 - 기타,승용,남,55세,경상,승용,여,61세,상해없음
2014050100100467,2014년 5월 1일 18시,목요일,대구광역시 동구 신천동,중상사고,0,1,2,0,차대차 - 추돌 - 주정차중,안전거리미확보,건조,맑음,단일로 - 기타,승용,여,32세,상해없음,승용,남,32세,중상
2014050100100468,2014년 5월 1일 18시,목요일,대구광역시 달서구 송현동,중상사고,0,1,0,0,차대사람 - 기타,안전운전불이행,건조,맑음,단일로 - 기타,이륜,남,39세,상해없음,보행자,여,28세,중상
2014050100100469,2014년 5월 1일 18시,목요일,대구광역시 북구 침산동,부상신고사고,0,0,0,1,차대차 - 기타,불법유턴,건조,맑음,단일로 - 기타,자전거,남,74세,부상신고,승용,남,61세,상해없음
2014050100100509,2014년 5월 1일 19시,목요일,대구광역시 달서구 본동,부상신고사고,0,0,0,2,차대차 - 추돌 - 주정차중,안전운전불이행,건조,맑음,교차로 - 교차로부근,승용,남,49세,상해없음,승용,남,62세,부상신고
2014050100100510,2014년 5월 1일 19시,목요일,대구광역시 북구 조야동,중상사고,0,1,1,0,차대차 - 측면직각충돌,안전운전불이행,건조,맑음,기타 - 기타,승합,여,54세,상해없음,승용,남,29세,중상
2014050100100543,2014년 5월 1일 20시,목요일,대구광역시 수성구 지산동,중상사고,0,1,0,0,차대사람 - 횡단중,안전운전불이행,건조,맑음,단일로 - 기타,승용,남,60세,기타불명,보행자,남,8세,중상
2014050100100544,2014년 5월 1일 20시,목요일,대구광역시 달성군 화원읍,부상신고사고,0,0,0,1,차대차 - 측면직각충돌,안전운전불이행,건조,맑음,교차로 - 교차로안,이륜,남,17세,부상신고,승용,남,53세,상해없음
2014050100100545,2014년 5월 1일 20시,목요일,대구광역시 달성군 구지면,중상사고,0,1,1,0,차대차 - 추돌 - 진행중,안전운전불이행,건조,맑음,교차로 - 교차로부근,화물,남,50세,기타불명,승합,남,66세,경상
2014050100100546,2014년 5월 1일 20시,목요일,대구광역시 달서구 장동,경상사고,0,0,2,0,차대차 - 측면직각충돌,불법유턴,건조,흐림,단일로 - 기타,화물,남,27세,상해없음,승용,남,34세,경상
2014050100100569,2014년 5월 1일 21시,목요일,대구광역시 동구 신천동,중상사고,0,1,1,0,차대차 - 기타,안전거리미확보,건조,흐림,단일로 - 기타,승용,남,52세,경상,승용,여,60세,중상
2014050100100570,2014년 5월 1일 21시,목요일,대구광역시 달서구 본리동,경상사고,0,0,1,0,차대사람 - 횡단중,보행자보호의무위반,건조,맑음,단일로 - 횡단보도상,승용,남,65세,상해없음,보행자,여,49세,경상
2014050100100633,2014년 5월 1일 23시,목요일,대구광역시 북구 서변동,중상사고,0,1,0,0,차대차 - 추돌 - 진행중,안전운전불이행,건조,맑음,단일로 - 기타,승합,남,27세,상해없음,화물,남,53세,중상
2014050100100634,2014년 5월 1일 23시,목요일,대구광역시 북구 서변동,중상사고,0,1,0,0,차대차 - 측면직각충돌,신호위반,건조,맑음,교차로 - 교차로안,승용,여,38세,상해없음,승용,여,44세,중상
2014050200100021,2014년 5월 2일 00시,금요일,대구광역시 서구 평리동,경상사고,0,0,1,0,차대차 - 추돌 - 주정차중,안전거리미확보,건조,맑음,교차로 - 교차로안,승용,남,38세,상해없음,승용,남,22세,경상
2014050200100034,2014년 5월 2일 01시,금요일,대구광역시 서구 평리동,경상사고,0,0,1,0,차대차 - 측면직각충돌,교차로운행방법위반,건조,맑음,교차로 - 교차로안,이륜,남,17세,상해없음,이륜,남,19세,경상
2014050200100053,2014년 5월 2일 03시,금요일,대구광역시 북구 산격동,중상사고,0,1,0,0,차량단독 - 공작물충돌,안전운전불이행,건조,맑음,교차로 - 교차로안,승용,남,63세,상해없음,,,,
2014050200100069,2014년 5월 2일 05시,금요일,대구광역시 동구 각산동,중상사고,0,1,0,0,차대차 - 추돌 - 진행중,안전운전불이행,건조,맑음,단일로 - 기타,승용,남,31세,상해없음,자전거,남,74세,중상
2014050200100086,2014년 5월 2일 06시,금요일,대구광역시 북구 칠성동1가,중상사고,0,1,0,0,차량단독 - 기타,안전운전불이행,건조,맑음,교차로 - 교차로안,승합,남,42세,상해없음,,,,
2014050200100109,2014년 5월 2일 07시,금요일,대구광역시 동구 용계동,중상사고,0,1,0,0,차대차 - 측면직각충돌,중앙선침범,건조,맑음,단일로 - 기타,화물,남,36세,상해없음,자전거,남,37세,중상
2014050200100110,2014년 5월 2일 07시,금요일,대구광역시 수성구 황금동,중상사고,0,1,0,0,차대사람 - 보도통행중,기타,건조,맑음,기타 - 기타,승용,기타불명,기타불명,기타불명,보행자,여,41세,중상
2014050200100111,2014년 5월 2일 07시,금요일,대구광역시 수성구 범물동,경상사고,0,0,1,0,차대차 - 추돌 - 진행중,안전운전불이행,건조,맑음,교차로 - 교차로안,이륜,남,71세,경상,화물,남,52세,상해없음
2014050200100112,2014년 5월 2일 07시,금요일,대구광역시 달성군 옥포면,경상사고,0,0,1,0,차대사람 - 기타,안전운전불이행,건조,맑음,단일로 - 기타,승용,남,25세,상해없음,보행자,남,27세,경상
2014050200100113,2014년 5월 2일 07시,금요일,대구광역시 북구 노원동3가,중상사고,0,1,0,0,차대차 - 기타,교차로운행방법위반,건조,맑음,교차로 - 교차로부근,원동기,남,41세,중상,화물,남,38세,상해없음
2014050200100143,2014년 5월 2일 08시,금요일,대구광역시 수성구 연호동,경상사고,0,0,1,0,차대차 - 측면직각충돌,안전운전불이행,건조,맑음,단일로 - 기타,승용,여,38세,상해없음,승용,남,56세,경상
2014050200100144,2014년 5월 2일 08시,금요일,대구광역시 달성군 다사읍,경상사고,0,0,1,0,차대차 - 기타,안전운전불이행,건조,맑음,단일로 - 기타,승용,여,22세,상해없음,승용,남,45세,경상
2014050200100177,2014년 5월 2일 09시,금요일,대구광역시 수성구 두산동,중상사고,0,1,0,0,차대사람 - 보도통행중,보행자보호의무위반,건조,맑음,교차로 - 교차로안,승용,여,41세,상해없음,보행자,여,65세,중상
2014050200100178,2014년 5월 2일 09시,금요일,대구광역시 달서구 본동,중상사고,0,1,0,0,차대차 - 기타,교차로운행방법위반,건조,맑음,교차로 - 교차로안,승합,남,59세,상해없음,이륜,남,52세,중상
2014050200100179,2014년 5월 2일 09시,금요일,대구광역시 달성군 논공읍,중상사고,0,2,2,0,차대차 - 측면직각충돌,안전운전불이행,건조,맑음,교차로 - 교차로안,승용,남,47세,중상,승용,남,25세,중상
2014050200100180,2014년 5월 2일 09시,금요일,대구광역시 북구 노원동1가,경상사고,0,0,1,0,차대차 - 기타,안전거리미확보,건조,맑음,교차로 - 교차로안,승용,남,70세,상해없음,승용,남,50세,상해없음
2014050200100210,2014년 5월 2일 10시,금요일,대구광역시 달서구 진천동,부상신고사고,0,0,0,1,차대차 - 측면직각충돌,안전거리미확보,건조,맑음,교차로 - 교차로부근,이륜,남,48세,부상신고,승합,남,44세,상해없음
2014050200100211,2014년 5월 2일 10시,금요일,대구광역시 서구 이현동,경상사고,0,0,4,0,차대차 - 측면직각충돌,안전운전불이행,건조,맑음,단일로 - 기타,승용,남,47세,경상,승용,남,35세,경상
2014050200100212,2014년 5월 2일 10시,금요일,대구광역시 서구 내당동,경상사고,0,0,1,0,차대사람 - 보도통행중,기타,건조,맑음,기타 - 기타,승용,남,46세,상해없음,보행자,여,29세,경상
2014050200100245,2014년 5월 2일 11시,금요일,대구광역시 중구 문화동,경상사고,0,0,1,0,차량단독 - 기타,기타,건조,맑음,단일로 - 기타,승합,남,35세,상해없음,,,,
2014050200100246,2014년 5월 2일 11시,금요일,대구광역시 달서구 감삼동,중상사고,0,1,0,0,차대차 - 측면직각충돌,신호위반,건조,맑음,단일로 - 횡단보도상,승용,남,58세,상해없음,이륜,남,48세,중상
2014050200100273,2014년 5월 2일 12시,금요일,대구광역시 북구 노원동2가,경상사고,0,0,1,0,차대사람 - 차도통행중,안전운전불이행,건조,맑음,단일로 - 기타,승용,여,22세,상해없음,보행자,남,58세,경상
2014050200100308,2014년 5월 2일 13시,금요일,대구광역시 달서구 상인동,경상사고,0,0,1,0,차대차 - 측면직각충돌,직진우회전진행방해,건조,맑음,교차로 - 교차로안,승용,남,57세,상해없음,승용,여,37세,경상
2014050200100351,2014년 5월 2일 14시,금요일,대구광역시 달성군 다사읍,중상사고,0,2,1,0,차대차 - 측면직각충돌,안전운전불이행,건조,맑음,단일로 - 기타,건설기계,남,57세,경상,승용,여,59세,중상
2014050200100393,2014년 5월 2일 15시,금요일,대구광역시 동구 미대동,경상사고,0,0,1,0,차대차 - 기타,안전거리미확보,건조,맑음,단일로 - 기타,승용,여,42세,상해없음,이륜,남,53세,경상
2014050200100394,2014년 5월 2일 15시,금요일,대구광역시 수성구 수성동1가,경상사고,0,0,1,0,차대차 - 측면직각충돌,안전거리미확보,건조,맑음,단일로 - 기타,화물,남,54세,상해없음,승용,남,53세,경상
2014050200100395,2014년 5월 2일 15시,금요일,대구광역시 달서구 상인동,중상사고,0,1,0,0,차대차 - 기타,차로위반,건조,맑음,교차로 - 교차로안,승용,남,39세,중상,승용,남,42세,상해없음
2014050200100396,2014년 5월 2일 15시,금요일,대구광역시 중구 봉산동,중상사고,0,1,0,0,차대사람 - 기타,안전운전불이행,건조,맑음,단일로 - 기타,승용,여,34세,상해없음,보행자,남,18세,중상
2014050200100397,2014년 5월 2일 15시,금요일,대구광역시 북구 학정동,중상사고,0,1,0,0,차대사람 - 횡단중,안전운전불이행,건조,맑음,단일로 - 기타,화물,남,49세,상해없음,보행자,남,7세,중상
2014050200100398,2014년 5월 2일 15시,금요일,대구광역시 북구 읍내동,부상신고사고,0,0,0,1,차대차 - 추돌 - 주정차중,안전운전불이행,건조,맑음,단일로 - 기타,승용,남,64세,상해없음,승용,여,31세,상해없음
2014050200100444,2014년 5월 2일 16시,금요일,대구광역시 동구 서호동,경상사고,0,0,3,0,차대차 - 기타,안전운전불이행,건조,맑음,단일로 - 기타,승용,여,36세,상해없음,승용,여,32세,경상
2014050200100445,2014년 5월 2일 16시,금요일,대구광역시 수성구 수성동1가,경상사고,0,0,2,0,차대차 - 측면직각충돌,안전운전불이행,건조,맑음,교차로 - 교차로안,승용,여,36세,경상,승용,여,22세,경상
2014050200100446,2014년 5월 2일 16시,금요일,대구광역시 달서구 상인동,경상사고,0,0,1,0,차대사람 - 횡단중,보행자보호의무위반,건조,맑음,교차로 - 교차로안,화물,남,50세,기타불명,보행자,여,38세,경상
2014050200100447,2014년 5월 2일 16시,금요일,대구광역시 서구 평리동,중상사고,0,1,0,0,차대사람 - 기타,기타,건조,맑음,단일로 - 기타,화물,남,45세,상해없음,보행자,여,77세,중상
2014050200100497,2014년 5월 2일 17시,금요일,대구광역시 달성군 화원읍,경상사고,0,0,1,0,차대차 - 기타,안전운전불이행,건조,맑음,교차로 - 교차로안,승용,남,35세,기타불명,화물,남,33세,경상
2014050200100498,2014년 5월 2일 17시,금요일,대구광역시 서구 내당동,경상사고,0,0,1,0,차대차 - 기타,신호위반,건조,맑음,교차로 - 교차로안,원동기,남,46세,상해없음,자전거,남,19세,경상
2014050200100541,2014년 5월 2일 18시,금요일,대구광역시 수성구 두산동,중상사고,0,1,0,0,차대차 - 추돌 - 진행중,안전거리미확보,건조,맑음,단일로 - 기타,승용,남,25세,상해없음,이륜,남,15세,중상
2014050200100542,2014년 5월 2일 18시,금요일,대구광역시 달서구 상인동,경상사고,0,0,1,0,차대차 - 기타,안전운전불이행,건조,맑음,단일로 - 기타,승용,여,34세,상해없음,자전거,남,72세,경상
2014050200100543,2014년 5월 2일 18시,금요일,대구광역시 서구 평리동,경상사고,0,0,1,0,차량단독 - 기타,기타,건조,맑음,단일로 - 기타,승합,남,58세,상해없음,,,,
2014050200100544,2014년 5월 2일 18시,금요일,대구광역시 북구 읍내동,중상사고,0,1,0,0,차대차 - 정면충돌,중앙선침범,건조,맑음,단일로 - 기타,승용,남,28세,상해없음,이륜,남,78세,중상
2014050200100575,2014년 5월 2일 19시,금요일,대구광역시 수성구 범어동,중상사고,0,1,0,0,차대차 - 측면직각충돌,안전운전불이행,건조,맑음,단일로 - 횡단보도상,승용,여,50세,상해없음,자전거,여,19세,중상
2014050200100576,2014년 5월 2일 19시,금요일,대구광역시 수성구 황금동,중상사고,0,1,2,0,차대차 - 측면직각충돌,안전운전불이행,건조,맑음,단일로 - 기타,승용,남,30세,상해없음,승용,남,66세,경상
2014050200100577,2014년 5월 2일 19시,금요일,대구광역시 중구 남산동,중상사고,0,1,0,0,차대사람 - 기타,안전운전불이행,건조,맑음,단일로 - 기타,화물,남,37세,상해없음,보행자,여,58세,중상
2014050200100613,2014년 5월 2일 20시,금요일,대구광역시 동구 율하동,경상사고,0,0,3,0,차대차 - 기타,안전거리미확보,건조,맑음,단일로 - 기타,승용,여,52세,상해없음,승용,남,19세,상해없음
2014050200100614,2014년 5월 2일 20시,금요일,대구광역시 수성구 범어동,중상사고,0,1,0,0,차대차 - 기타,안전운전불이행,건조,맑음,단일로 - 기타,자전거,남,62세,중상,이륜,남,36세,기타불명
2014050200100615,2014년 5월 2일 20시,금요일,대구광역시 서구 내당동,경상사고,0,0,1,0,차대차 - 추돌 - 주정차중,안전운전불이행,건조,맑음,단일로 - 기타,승용,남,42세,상해없음,승용,남,50세,경상
2014050200100642,2014년 5월 2일 21시,금요일,대구광역시 남구 대명동,경상사고,0,0,1,0,차대사람 - 기타,보행자보호의무위반,건조,맑음,기타 - 기타,승용,남,45세,상해없음,보행자,남,57세,경상
2014050200100643,2014년 5월 2일 21시,금요일,대구광역시 중구 교동,중상사고,0,1,0,0,차대차 - 측면직각충돌,안전거리미확보,건조,맑음,단일로 - 기타,승용,여,57세,상해없음,이륜,여,24세,중상
2014050200100668,2014년 5월 2일 22시,금요일,대구광역시 달성군 논공읍,부상신고사고,0,0,0,1,차대차 - 측면직각충돌,직진우회전진행방해,건조,맑음,교차로 - 교차로안,이륜,남,17세,부상신고,승용,남,54세,상해없음
2014050200100669,2014년 5월 2일 22시,금요일,대구광역시 서구 평리동,부상신고사고,0,0,0,1,차대차 - 측면직각충돌,교차로운행방법위반,건조,맑음,단일로 - 기타,이륜,남,16세,부상신고,이륜,남,17세,상해없음
2014050200100670,2014년 5월 2일 22시,금요일,대구광역시 서구 내당동,부상신고사고,0,0,0,1,차대차 - 측면직각충돌,기타,건조,맑음,단일로 - 기타,이륜,남,17세,부상신고,승용,남,25세,상해없음
2014050200100700,2014년 5월 2일 23시,금요일,대구광역시 달서구 월성동,경상사고,0,0,4,0,차대차 - 추돌 - 진행중,안전운전불이행,건조,맑음,단일로 - 기타,승용,남,49세,상해없음,승용,여,46세,경상
2014050300100019,2014년 5월 3일 00시,토요일,대구광역시 달성군 다사읍,부상신고사고,0,0,0,1,차대사람 - 횡단중,안전운전불이행,건조,맑음,교차로 - 교차로안,기타불명,기타불명,기타불명,기타불명,보행자,남,33세,부상신고
2014050300100038,2014년 5월 3일 01시,토요일,대구광역시 서구 비산동,경상사고,0,0,2,0,차대차 - 측면직각충돌,교차로운행방법위반,건조,맑음,교차로 - 교차로안,화물,남,30세,상해없음,승용,남,72세,경상
2014050300100039,2014년 5월 3일 01시,토요일,대구광역시 서구 내당동,경상사고,0,0,1,3,차대차 - 측면직각충돌,교차로운행방법위반,건조,맑음,교차로 - 교차로안,승용,남,41세,부상신고,승용,남,41세,경상
2014050300100058,2014년 5월 3일 02시,토요일,대구광역시 수성구 중동,경상사고,0,0,1,0,차대차 - 추돌 - 진행중,안전거리미확보,건조,맑음,단일로 - 기타,승용,여,21세,상해없음,승용,남,66세,경상
2014050300100076,2014년 5월 3일 03시,토요일,대구광역시 중구 동인동1가,중상사고,0,1,0,0,차대사람 - 기타,안전운전불이행,건조,맑음,단일로 - 기타,승용,남,25세,상해없음,보행자,여,25세,중상
2014050300100077,2014년 5월 3일 03시,토요일,대구광역시 달서구 본리동,경상사고,0,0,1,0,차대차 - 측면직각충돌,신호위반,건조,맑음,교차로 - 교차로부근,승용,남,50세,상해없음,이륜,남,14세,경상
2014050300100150,2014년 5월 3일 08시,토요일,대구광역시 달성군 논공읍,부상신고사고,0,0,0,1,차대차 - 측면직각충돌,안전운전불이행,건조,맑음,단일로 - 기타,원동기,남,43세,부상신고,승용,남,56세,상해없음
2014050300100151,2014년 5월 3일 08시,토요일,대구광역시 북구 노원동1가,경상사고,0,0,1,0,차대차 - 기타,안전운전불이행,건조,맑음,기타 - 기타,원동기,남,53세,상해없음,자전거,여,45세,경상
2014050300100152,2014년 5월 3일 08시,토요일,대구광역시 서구 비산동,중상사고,0,1,0,0,차대사람 - 횡단중,안전운전불이행,건조,맑음,단일로 - 횡단보도상,승용,남,60세,상해없음,보행자,여,84세,중상
2014050300100180,2014년 5월 3일 09시,토요일,대구광역시 동구 율하동,중상사고,0,1,1,0,차대차 - 기타,안전운전불이행,건조,맑음,단일로 - 기타,승용,남,61세,상해없음,이륜,남,32세,중상
2014050300100181,2014년 5월 3일 09시,토요일,대구광역시 서구 비산동,중상사고,0,1,0,0,차대사람 - 기타,안전운전불이행,건조,맑음,교차로 - 교차로안,승용,남,65세,상해없음,보행자,남,63세,중상
2014050300100182,2014년 5월 3일 09시,토요일,대구광역시 중구 수동,경상사고,0,0,2,0,차대차 - 측면직각충돌,불법유턴,건조,맑음,교차로 - 교차로안,승용,남,53세,기타불명,승용,남,36세,경상
2014050300100218,2014년 5월 3일 10시,토요일,대구광역시 달서구 본동,경상사고,0,0,1,0,차대차 - 측면직각충돌,교차로운행방법위반,건조,맑음,교차로 - 교차로안,승용,여,44세,상해없음,자전거,남,13세,경상
2014050300100219,2014년 5월 3일 10시,토요일,대구광역시 달서구 상인동,경상사고,0,0,1,0,차대차 - 기타,안전운전불이행,건조,맑음,단일로 - 기타,승용,남,59세,상해없음,자전거,남,14세,경상
2014050300100258,2014년 5월 3일 11시,토요일,대구광역시 수성구 파동,경상사고,0,0,1,0,차대사람 - 횡단중,신호위반,건조,맑음,단일로 - 기타,화물,남,61세,상해없음,보행자,남,7세,경상
2014050300100259,2014년 5월 3일 11시,토요일,대구광역시 수성구 지산동,경상사고,0,0,1,0,차대차 - 기타,안전운전불이행,건조,맑음,교차로 - 교차로부근,화물,남,43세,상해없음,자전거,남,12세,경상
2014050300100260,2014년 5월 3일 11시,토요일,대구광역시 북구 노원동1가,경상사고,0,0,1,0,차대차 - 기타,안전운전불이행,건조,맑음,기타 - 기타,화물,남,43세,상해없음,원동기,남,62세,경상
2014050300100261,2014년 5월 3일 11시,토요일,대구광역시 서구 내당동,경상사고,0,0,1,0,차대사람 - 기타,안전운전불이행,건조,맑음,단일로 - 기타,승용,남,28세,상해없음,보행자,남,71세,경상
2014050300100262,2014년 5월 3일 11시,토요일,대구광역시 달서구 신당동,경상사고,0,0,1,0,차대사람 - 기타,안전운전불이행,건조,맑음,단일로 - 기타,승용,여,53세,상해없음,보행자,남,22세,경상
2014050300100302,2014년 5월 3일 12시,토요일,대구광역시 수성구 만촌동,경상사고,0,0,1,0,차대차 - 기타,안전운전불이행,건조,맑음,단일로 - 기타,승용,여,46세,상해없음,승용,남,51세,경상
2014050300100303,2014년 5월 3일 12시,토요일,대구광역시 달성군 화원읍,중상사고,0,1,1,0,차대차 - 추돌 - 주정차중,안전운전불이행,건조,맑음,단일로 - 기타,승용,남,50세,상해없음,승용,남,26세,중상
2014050300100304,2014년 5월 3일 12시,토요일,대구광역시 북구 팔달동,중상사고,0,1,0,0,차량단독 - 기타,안전운전불이행,건조,맑음,단일로 - 기타,승합,남,47세,상해없음,,,,
2014050300100348,2014년 5월 3일 13시,토요일,대구광역시 북구 노원동2가,중상사고,0,1,0,0,차대차 - 기타,기타,건조,맑음,단일로 - 기타,화물,남,54세,상해없음,원동기,남,34세,중상
2014050300100349,2014년 5월 3일 13시,토요일,대구광역시 달서구 장기동,부상신고사고,0,0,0,1,차대차 - 추돌 - 진행중,안전운전불이행,건조,맑음,교차로 - 교차로부근,원동기,남,65세,부상신고,승용,여,37세,상해없음
2014050300100389,2014년 5월 3일 14시,토요일,대구광역시 남구 대명동,경상사고,0,0,2,0,차대차 - 측면직각충돌,교차로운행방법위반,건조,맑음,교차로 - 교차로부근,승용,남,60세,상해없음,승용,여,33세,경상
2014050300100390,2014년 5월 3일 14시,토요일,대구광역시 북구 대현동,중상사고,0,1,0,0,차대차 - 측면직각충돌,직진우회전진행방해,건조,맑음,교차로 - 교차로안,원동기,남,46세,중상,승용,남,53세,상해없음
2014050300100391,2014년 5월 3일 14시,토요일,대구광역시 달서구 신당동,부상신고사고,0,0,0,1,차대차 - 기타,안전운전불이행,건조,맑음,교차로 - 교차로안,기타불명,기타불명,기타불명,기타불명,자전거,남,6세,부상신고
2014050300100433,2014년 5월 3일 15시,토요일,대구광역시 수성구 범물동,경상사고,0,0,1,0,차대차 - 추돌 - 주정차중,안전운전불이행,건조,맑음,교차로 - 교차로부근,승용,남,38세,상해없음,승용,남,53세,경상
2014050300100479,2014년 5월 3일 16시,토요일,대구광역시 달서구 상인동,경상사고,0,0,1,0,차대차 - 기타,안전운전불이행,건조,맑음,단일로 - 횡단보도상,승용,남,44세,상해없음,자전거,남,74세,경상
2014050300100480,2014년 5월 3일 16시,토요일,대구광역시 달성군 유가면,경상사고,0,0,1,0,차대차 - 기타,중앙선침범,건조,맑음,단일로 - 기타,승용,남,35세,상해없음,승용,남,38세,경상
2014050300100481,2014년 5월 3일 16시,토요일,대구광역시 서구 평리동,중상사고,0,1,2,0,차대차 - 기타,안전거리미확보,건조,맑음,단일로 - 기타,승용,남,64세,상해없음,승용,남,39세,경상
2014050300100483,2014년 5월 3일 16시,토요일,대구광역시 북구 팔달동,경상사고,0,0,1,0,차대사람 - 횡단중,안전운전불이행,건조,맑음,단일로 - 기타,승용,남,45세,상해없음,보행자,여,64세,경상
2014050300100523,2014년 5월 3일 17시,토요일,대구광역시 동구 지저동,중상사고,0,1,0,0,차대사람 - 기타,안전운전불이행,건조,맑음,단일로 - 기타,승합,남,57세,상해없음,보행자,여,79세,중상
2014050300100524,2014년 5월 3일 17시,토요일,대구광역시 수성구 파동,중상사고,0,1,0,0,차대사람 - 기타,안전운전불이행,건조,맑음,기타 - 기타,승용,남,44세,상해없음,보행자,남,91세,중상
2014050300100525,2014년 5월 3일 17시,토요일,대구광역시 달성군 가창면,경상사고,0,0,1,0,차대차 - 기타,중앙선침범,건조,맑음,단일로 - 기타,승용,남,24세,상해없음,승용,남,33세,경상
2014050300100526,2014년 5월 3일 17시,토요일,대구광역시 달성군 논공읍,경상사고,0,0,1,0,차대차 - 기타,안전운전불이행,건조,맑음,단일로 - 기타,승용,여,25세,상해없음,화물,여,53세,경상
2014050300100527,2014년 5월 3일 17시,토요일,대구광역시 중구 태평로1가,경상사고,0,0,1,0,차대차 - 측면직각충돌,안전운전불이행,건조,맑음,단일로 - 기타,화물,남,43세,상해없음,승용,여,26세,경상
2014050300100568,2014년 5월 3일 18시,토요일,대구광역시 동구 효목동,중상사고,0,1,0,0,차대사람 - 기타,안전운전불이행,건조,맑음,교차로 - 교차로부근,승용,남,58세,상해없음,보행자,남,72세,중상
2014050300100569,2014년 5월 3일 18시,토요일,대구광역시 수성구 범어동,중상사고,0,1,0,0,차대사람 - 기타,안전운전불이행,건조,맑음,단일로 - 기타,승용,여,65세,상해없음,보행자,여,74세,중상
2014050300100570,2014년 5월 3일 18시,토요일,대구광역시 북구 침산동,경상사고,0,0,5,0,차대차 - 기타,기타,건조,맑음,단일로 - 기타,승합,남,52세,상해없음,승용,여,28세,경상
2014050300100571,2014년 5월 3일 18시,토요일,대구광역시 서구 비산동,경상사고,0,0,1,0,차대차 - 기타,안전운전불이행,건조,맑음,교차로 - 교차로부근,자전거,남,55세,경상,승용,여,57세,상해없음
2014050300100572,2014년 5월 3일 18시,토요일,대구광역시 달서구 두류동,경상사고,0,0,6,0,차대차 - 추돌 - 주정차중,안전운전불이행,건조,맑음,단일로 - 기타,승합,남,47세,상해없음,승용,남,72세,경상
2014050300100573,2014년 5월 3일 18시,토요일,대구광역시 북구 태전동,경상사고,0,0,1,0,차대사람 - 횡단중,안전운전불이행,건조,맑음,교차로 - 교차로안,화물,남,54세,상해없음,보행자,여,49세,경상
2014050300100611,2014년 5월 3일 19시,토요일,대구광역시 서구 평리동,중상사고,0,2,0,0,차대차 - 기타,안전운전불이행,건조,맑음,단일로 - 기타,승용,여,64세,상해없음,이륜,남,39세,중상
2014050300100643,2014년 5월 3일 20시,토요일,대구광역시 남구 대명동,경상사고,0,0,2,0,차대차 - 기타,안전운전불이행,건조,맑음,단일로 - 기타,승용,여,33세,상해없음,승용,남,26세,경상
2014050300100644,2014년 5월 3일 20시,토요일,대구광역시 달서구 장기동,중상사고,0,1,0,0,차대차 - 측면직각충돌,안전운전불이행,건조,맑음,단일로 - 횡단보도상,화물,남,62세,상해없음,자전거,남,14세,중상