사고번호,사고일시,요일,시군구,사고내용,사망자수,중상자수,경상자수,부상신고자수,사고유형,법규위반,노면상태,기상상태,도로형태,가해운전자 차종,가해운전자 성별,가해운전자 연령,가해운전자 상해정도,피해운전자 차종,피해운전자 성별,피해운전자 연령,피해운전자 상해정도
2014050300100645,2014년 5월 3일 20시,토요일,대구광역시 달서구 장기동,경상사고,0,0,1,0,차대차 - 기타,안전운전불이행,건조,맑음,단일로 - 기타,승용,남,45세,상해없음,승용,남,46세,상해없음
2014050300100693,2014년 5월 3일 22시,토요일,대구광역시 중구 동인동4가,경상사고,0,0,1,0,차대차 - 기타,안전운전불이행,건조,맑음,교차로 - 교차로부근,이륜,여,45세,경상,승용,남,51세,상해없음
2014050300100719,2014년 5월 3일 23시,토요일,대구광역시 북구 침산동,경상사고,0,0,1,0,차대차 - 측면직각충돌,중앙선침범,건조,맑음,단일로 - 기타,승용,남,29세,상해없음,승용,남,52세,경상
2014050400100048,2014년 5월 4일 02시,일요일,대구광역시 남구 봉덕동,경상사고,0,0,1,0,차대사람 - 횡단중,안전운전불이행,건조,맑음,단일로 - 기타,승용,남,39세,상해없음,보행자,남,22세,경상
2014050400100049,2014년 5월 4일 02시,일요일,대구광역시 수성구 중동,경상사고,0,0,1,0,차대차 - 추돌 - 진행중,신호위반,건조,맑음,교차로 - 교차로안,기타불명,기타불명,기타불명,기타불명,승용,남,39세,경상
2014050400100059,2014년 5월 4일 03시,일요일,대구광역시 서구 내당동,경상사고,0,0,8,0,차대차 - 기타,안전거리미확보,건조,맑음,단일로 - 기타,승합,남,18세,경상,승용,남,36세,상해없음
2014050400100060,2014년 5월 4일 03시,일요일,대구광역시 북구 읍내동,경상사고,0,0,1,1,차량단독 - 공작물충돌,안전운전불이행,건조,맑음,기타 - 기타,승용,남,46세,상해없음,,,,
2014050400100079,2014년 5월 4일 05시,일요일,대구광역시 달서구 장동,경상사고,0,0,1,0,차대차 - 측면직각충돌,신호위반,건조,맑음,교차로 - 교차로안,승용,남,25세,상해없음,승용,남,66세,경상
2014050400100122,2014년 5월 4일 08시,일요일,대구광역시 달성군 유가면,중상사고,0,1,2,0,차대차 - 추돌 - 진행중,안전운전불이행,건조,맑음,교차로 - 교차로안,승용,여,45세,기타불명,승용,남,34세,경상
2014050400100123,2014년 5월 4일 08시,일요일,대구광역시 달서구 죽전동,부상신고사고,0,0,0,1,차대차 - 추돌 - 진행중,안전운전불이행,건조,맑음,단일로 - 기타,원동기,남,36세,부상신고,승용,남,55세,상해없음
2014050400100124,2014년 5월 4일 08시,일요일,대구광역시 북구 조야동,경상사고,0,0,1,0,차대차 - 기타,안전운전불이행,건조,맑음,단일로 - 기타,승용,여,53세,기타불명,승용,남,50세,경상
2014050400100171,2014년 5월 4일 11시,일요일,대구광역시 수성구 범물동,중상사고,0,1,0,0,차대사람 - 횡단중,안전운전불이행,건조,맑음,교차로 - 교차로부근,화물,남,61세,상해없음,보행자,남,66세,중상
2014050400100194,2014년 5월 4일 12시,일요일,대구광역시 북구 칠성동1가,부상신고사고,0,0,0,1,차대차 - 기타,안전운전불이행,건조,맑음,단일로 - 기타,자전거,남,62세,부상신고,승용,남,57세,상해없음
2014050400100237,2014년 5월 4일 14시,일요일,대구광역시 달성군 다사읍,경상사고,0,0,1,0,차대차 - 측면직각충돌,안전운전불이행,건조,맑음,교차로 - 교차로부근,승용,남,57세,상해없음,승용,남,32세,경상
2014050400100238,2014년 5월 4일 14시,일요일,대구광역시 중구 공평동,경상사고,0,0,1,0,차대차 - 측면직각충돌,안전거리미확보,건조,맑음,단일로 - 기타,승용,여,37세,상해없음,원동기,남,21세,경상
2014050400100265,2014년 5월 4일 15시,일요일,대구광역시 수성구 신매동,중상사고,0,1,0,0,차대사람 - 횡단중,안전운전불이행,건조,흐림,단일로 - 기타,승용,여,44세,상해없음,보행자,남,9세,중상
2014050400100266,2014년 5월 4일 15시,일요일,대구광역시 달서구 상인동,경상사고,0,0,1,0,차대차 - 기타,안전운전불이행,건조,맑음,교차로 - 교차로부근,승용,남,53세,상해없음,화물,남,35세,경상
2014050400100267,2014년 5월 4일 15시,일요일,대구광역시 서구 내당동,경상사고,0,0,2,0,차대차 - 기타,안전거리미확보,건조,맑음,단일로 - 기타,승용,남,70세,상해없음,이륜,남,65세,경상
2014050400100323,2014년 5월 4일 17시,일요일,대구광역시 중구 동인동2가,중상사고,0,1,0,0,차대사람 - 기타,안전운전불이행,건조,맑음,단일로 - 기타,화물,남,46세,상해없음,보행자,남,85세,중상
2014050400100324,2014년 5월 4일 17시,일요일,대구광역시 북구 구암동,중상사고,0,1,0,0,차대차 - 정면충돌,신호위반,건조,맑음,교차로 - 교차로안,승용,남,40세,상해없음,이륜,남,18세,중상
2014050400100325,2014년 5월 4일 17시,일요일,대구광역시 북구 구암동,경상사고,0,0,1,0,차대사람 - 보도통행중,안전운전불이행,건조,맑음,기타 - 기타,자전거,남,10세,상해없음,보행자,여,44세,경상
2014050400100347,2014년 5월 4일 18시,일요일,대구광역시 동구 효목동,경상사고,0,0,1,0,차대사람 - 차도통행중,안전운전불이행,건조,맑음,단일로 - 기타,승용,남,43세,상해없음,보행자,남,44세,경상
2014050400100380,2014년 5월 4일 19시,일요일,대구광역시 동구 효목동,경상사고,0,0,1,0,차대차 - 기타,안전운전불이행,건조,맑음,단일로 - 기타,승용,남,51세,상해없음,승용,남,55세,경상
2014050400100381,2014년 5월 4일 19시,일요일,대구광역시 북구 학정동,부상신고사고,0,0,0,1,차대차 - 측면직각충돌,차로위반,건조,맑음,단일로 - 기타,자전거,남,14세,부상신고,이륜,남,17세,상해없음
2014050400100424,2014년 5월 4일 20시,일요일,대구광역시 서구 비산동,중상사고,0,1,0,0,차대차 - 정면충돌,중앙선침범,습기,비,교차로 - 교차로안,화물,남,33세,상해없음,승합,남,64세,중상
2014050400100462,2014년 5월 4일 21시,일요일,대구광역시 동구 신기동,중상사고,0,1,0,0,차대사람 - 횡단중,안전운전불이행,건조,맑음,단일로 - 기타,승용,여,44세,상해없음,보행자,남,33세,중상
2014050400100463,2014년 5월 4일 21시,일요일,대구광역시 달성군 화원읍,경상사고,0,0,1,0,차대차 - 추돌 - 주정차중,안전거리미확보,건조,맑음,단일로 - 기타,승용,남,44세,상해없음,승용,남,60세,경상
2014050400100464,2014년 5월 4일 21시,일요일,대구광역시 중구 공평동,경상사고,0,0,1,0,차대사람 - 기타,안전운전불이행,건조,맑음,단일로 - 기타,승용,남,29세,상해없음,보행자,여,12세,경상
2014050400100493,2014년 5월 4일 22시,일요일,대구광역시 중구 대봉동,경상사고,0,0,1,1,차대차 - 추돌 - 진행중,안전운전불이행,건조,맑음,단일로 - 기타,승용,기타불명,기타불명,기타불명,승용,여,27세,부상신고
2014050400100516,2014년 5월 4일 23시,일요일,대구광역시 중구 삼덕동1가,경상사고,0,0,1,0,차대차 - 측면직각충돌,안전운전불이행,습기,비,단일로 - 기타,승용,남,18세,상해없음,승용,여,21세,경상
2014050400100517,2014년 5월 4일 23시,일요일,대구광역시 달서구 장기동,경상사고,0,0,1,0,차대사람 - 횡단중,안전운전불이행,건조,맑음,교차로 - 교차로부근,승용,남,50세,상해없음,보행자,남,39세,경상
2014050500100013,2014년 5월 5일 00시,월요일,대구광역시 달서구 본동,중상사고,0,1,0,0,차대차 - 추돌 - 주정차중,안전운전불이행,습기,비,교차로 - 교차로부근,승용,여,46세,상해없음,승용,남,28세,중상
2014050500100014,2014년 5월 5일 00시,월요일,대구광역시 달서구 송현동,부상신고사고,0,0,0,1,차대차 - 기타,신호위반,습기,비,교차로 - 교차로부근,원동기,남,43세,부상신고,승용,남,28세,상해없음
2014050500100015,2014년 5월 5일 00시,월요일,대구광역시 달성군 화원읍,경상사고,0,0,1,0,차대사람 - 기타,안전운전불이행,습기,비,단일로 - 기타,원동기,남,16세,상해없음,보행자,남,13세,경상
2014050500100032,2014년 5월 5일 01시,월요일,대구광역시 동구 신암동,중상사고,0,1,0,0,차대차 - 기타,안전거리미확보,건조,맑음,단일로 - 기타,승용,남,21세,상해없음,승용,남,58세,중상
2014050500100033,2014년 5월 5일 01시,월요일,대구광역시 동구 효목동,경상사고,0,0,1,0,차대차 - 기타,불법유턴,건조,맑음,단일로 - 기타,승용,기타불명,기타불명,기타불명,승용,남,46세,경상
2014050500100044,2014년 5월 5일 02시,월요일,대구광역시 수성구 지산동,중상사고,0,1,0,0,차대차 - 추돌 - 주정차중,불법유턴,건조,맑음,단일로 - 기타,승용,여,21세,상해없음,승용,남,34세,중상
2014050500100058,2014년 5월 5일 03시,월요일,대구광역시 달서구 성당동,경상사고,0,0,2,0,차대차 - 기타,안전운전불이행,습기,흐림,단일로 - 기타,승용,남,31세,상해없음,승용,남,59세,경상
2014050500100102,2014년 5월 5일 07시,월요일,대구광역시 수성구 범어동,중상사고,0,1,0,0,차대차 - 추돌 - 진행중,안전운전불이행,건조,맑음,단일로 - 기타,승합,남,33세,상해없음,자전거,남,77세,중상
2014050500100113,2014년 5월 5일 08시,월요일,대구광역시 수성구 수성동2가,경상사고,0,0,2,0,차대차 - 측면직각충돌,신호위반,건조,맑음,교차로 - 교차로안,승용,여,58세,경상,승용,남,45세,경상
2014050500100114,2014년 5월 5일 08시,월요일,대구광역시 북구 구암동,중상사고,0,1,0,0,차대사람 - 기타,안전운전불이행,건조,맑음,교차로 - 교차로부근,승용,남,39세,상해없음,보행자,여,76세,중상
2014050500100135,2014년 5월 5일 09시,월요일,대구광역시 북구 대현동,경상사고,0,0,2,0,차대차 - 추돌 - 주정차중,안전운전불이행,건조,맑음,단일로 - 기타,승용,남,51세,상해없음,승용,여,41세,경상
2014050500100157,2014년 5월 5일 10시,월요일,대구광역시 동구 신암동,경상사고,0,0,2,0,차대차 - 추돌 - 주정차중,안전운전불이행,건조,맑음,교차로 - 교차로부근,승용,남,35세,상해없음,승용,남,47세,경상
2014050500100188,2014년 5월 5일 11시,월요일,대구광역시 수성구 만촌동,부상신고사고,0,0,0,3,차대차 - 추돌 - 진행중,안전운전불이행,건조,맑음,단일로 - 기타,승용,남,23세,상해없음,승용,남,32세,부상신고
2014050500100189,2014년 5월 5일 11시,월요일,대구광역시 달성군 다사읍,경상사고,0,0,1,0,차량단독 - 공작물충돌,안전운전불이행,건조,맑음,단일로 - 기타,승용,여,46세,상해없음,,,,
2014050500100214,2014년 5월 5일 12시,월요일,대구광역시 달서구 송현동,경상사고,0,0,1,0,차대차 - 추돌 - 주정차중,안전운전불이행,건조,맑음,교차로 - 교차로부근,승용,남,42세,상해없음,승용,남,56세,경상
2014050500100295,2014년 5월 5일 14시,월요일,대구광역시 남구 봉덕동,경상사고,0,0,1,0,차대차 - 추돌 - 진행중,안전거리미확보,건조,맑음,단일로 - 교량,승용,남,46세,상해없음,승용,여,50세,경상
2014050500100296,2014년 5월 5일 14시,월요일,대구광역시 동구 방촌동,경상사고,0,0,1,0,차대차 - 추돌 - 진행중,안전운전불이행,건조,맑음,단일로 - 기타,승용,남,42세,상해없음,승용,여,34세,경상
2014050500100323,2014년 5월 5일 15시,월요일,대구광역시 수성구 범어동,중상사고,0,1,0,0,차대차 - 기타,안전운전불이행,건조,맑음,교차로 - 교차로부근,승용,여,39세,상해없음,이륜,남,55세,중상
2014050500100324,2014년 5월 5일 15시,월요일,대구광역시 중구 서문로1가,경상사고,0,0,2,1,차대차 - 측면직각충돌,안전운전불이행,건조,맑음,단일로 - 기타,승용,여,25세,부상신고,승용,남,58세,경상
2014050500100325,2014년 5월 5일 15시,월요일,대구광역시 중구 남산동,경상사고,0,0,2,0,차대차 - 추돌 - 주정차중,안전운전불이행,건조,맑음,단일로 - 기타,승용,여,44세,상해없음,승용,남,31세,경상
2014050500100360,2014년 5월 5일 16시,월요일,대구광역시 동구 각산동,경상사고,0,0,3,0,차대차 - 기타,안전거리미확보,건조,맑음,단일로 - 기타,승용,남,42세,상해없음,승용,여,31세,경상
2014050500100361,2014년 5월 5일 16시,월요일,대구광역시 중구 대신동,경상사고,0,0,1,0,차대사람 - 기타,안전운전불이행,건조,흐림,단일로 - 기타,승용,남,57세,기타불명,보행자,여,34세,경상
2014050500100393,2014년 5월 5일 17시,월요일,대구광역시 동구 신평동,경상사고,0,0,1,0,차대차 - 측면직각충돌,교차로운행방법위반,건조,맑음,교차로 - 교차로안,이륜,남,31세,경상,승용,남,31세,상해없음
2014050500100394,2014년 5월 5일 17시,월요일,대구광역시 달서구 본동,경상사고,0,0,1,0,차대사람 - 횡단중,안전운전불이행,건조,맑음,단일로 - 횡단보도상,승용,남,34세,상해없음,보행자,여,46세,경상
2014050500100432,2014년 5월 5일 18시,월요일,대구광역시 수성구 범어동,중상사고,0,1,0,0,차대차 - 기타,교차로운행방법위반,건조,맑음,교차로 - 교차로안,승용,여,39세,상해없음,승용,남,57세,중상
2014050500100510,2014년 5월 5일 21시,월요일,대구광역시 동구 신암동,부상신고사고,0,0,0,1,차대차 - 기타,안전운전불이행,건조,맑음,단일로 - 기타,승용,남,43세,상해없음,이륜,남,19세,부상신고
2014050500100541,2014년 5월 5일 22시,월요일,대구광역시 서구 내당동,중상사고,0,2,0,0,차대사람 - 횡단중,신호위반,건조,맑음,단일로 - 횡단보도상,승용,여,35세,상해없음,보행자,여,30세,중상
2014050500100565,2014년 5월 5일 23시,월요일,대구광역시 수성구 상동,경상사고,0,0,1,0,차대차 - 추돌 - 주정차중,안전운전불이행,건조,맑음,교차로 - 교차로안,승용,남,54세,상해없음,승용,여,26세,경상
2014050500100566,2014년 5월 5일 23시,월요일,대구광역시 북구 대현동,경상사고,0,0,2,0,차대사람 - 기타,안전운전불이행,건조,맑음,단일로 - 기타,승용,남,34세,상해없음,보행자,남,22세,경상
2014050500100567,2014년 5월 5일 23시,월요일,대구광역시 달서구 이곡동,부상신고사고,0,0,0,1,차량단독 - 기타,안전운전불이행,건조,맑음,단일로 - 기타,승용,남,60세,상해없음,,,,
2014050600100012,2014년 5월 6일 00시,화요일,대구광역시 남구 봉덕동,경상사고,0,0,1,0,차대차 - 기타,안전운전불이행,건조,맑음,단일로 - 기타,승용,남,54세,상해없음,이륜,남,25세,경상
2014050600100013,2014년 5월 6일 00시,화요일,대구광역시 수성구 범어동,경상사고,0,0,2,0,차대차 - 기타,안전거리미확보,건조,맑음,단일로 - 기타,승용,남,46세,상해없음,승용,남,54세,경상
2014050600100027,2014년 5월 6일 01시,화요일,대구광역시 동구 신천동,중상사고,0,1,0,0,차대사람 - 횡단중,안전운전불이행,건조,맑음,교차로 - 교차로부근,승용,남,56세,상해없음,보행자,남,59세,중상
2014050600100028,2014년 5월 6일 01시,화요일,대구광역시 동구 신서동,중상사고,0,1,0,0,차대차 - 측면직각충돌,안전운전불이행,건조,맑음,교차로 - 교차로안,승용,남,31세,상해없음,승용,남,64세,중상
2014050600100029,2014년 5월 6일 01시,화요일,대구광역시 수성구 중동,경상사고,0,0,1,2,차대차 - 기타,교차로운행방법위반,건조,맑음,교차로 - 교차로안,승용,남,34세,부상신고,승용,남,56세,경상
2014050600100046,2014년 5월 6일 02시,화요일,대구광역시 동구 효목동,경상사고,0,0,1,0,차대차 - 측면직각충돌,안전운전불이행,건조,맑음,단일로 - 기타,승용,남,25세,경상,승용,여,53세,상해없음
2014050600100047,2014년 5월 6일 02시,화요일,대구광역시 중구 삼덕동2가,경상사고,0,0,2,1,차대차 - 정면충돌,중앙선침범,건조,맑음,교차로 - 교차로부근,승용,남,28세,상해없음,승용,남,57세,경상
2014050600100052,2014년 5월 6일 03시,화요일,대구광역시 동구 신천동,경상사고,0,0,1,0,차대사람 - 길가장자리구역통행중,안전운전불이행,건조,맑음,단일로 - 기타,승합,남,46세,상해없음,보행자,남,23세,경상
2014050600100058,2014년 5월 6일 04시,화요일,대구광역시 동구 신천동,부상신고사고,0,0,0,1,차량단독 - 기타,안전운전불이행,건조,맑음,단일로 - 기타,이륜,남,53세,부상신고,,,,
2014050600100065,2014년 5월 6일 05시,화요일,대구광역시 북구 태전동,중상사고,0,2,0,0,차대차 - 정면충돌,중앙선침범,건조,맑음,교차로 - 교차로안,승합,남,48세,상해없음,승용,남,62세,중상
2014050600100079,2014년 5월 6일 06시,화요일,대구광역시 중구 달성동,부상신고사고,0,0,0,1,차대사람 - 기타,안전운전불이행,건조,맑음,단일로 - 기타,자전거,여,71세,부상신고,보행자,남,82세,상해없음
2014050600100095,2014년 5월 6일 07시,화요일,대구광역시 달서구 진천동,경상사고,0,0,1,0,차대차 - 기타,안전운전불이행,건조,맑음,교차로 - 교차로안,승용,남,28세,상해없음,이륜,남,38세,경상
2014050600100096,2014년 5월 6일 07시,화요일,대구광역시 달서구 월암동,경상사고,0,0,1,0,차대차 - 기타,안전거리미확보,건조,맑음,교차로 - 교차로부근,승용,남,58세,상해없음,승용,남,46세,경상
2014050600100137,2014년 5월 6일 10시,화요일,대구광역시 수성구 범어동,경상사고,0,0,4,0,차대차 - 정면충돌,교차로운행방법위반,건조,맑음,단일로 - 기타,승용,여,52세,상해없음,승용,남,21세,경상
2014050600100168,2014년 5월 6일 11시,화요일,대구광역시 달서구 성당동,경상사고,0,0,1,0,차대사람 - 기타,안전운전불이행,건조,맑음,단일로 - 기타,승용,남,63세,상해없음,보행자,남,44세,경상
2014050600100191,2014년 5월 6일 12시,화요일,대구광역시 남구 대명동,부상신고사고,0,0,0,1,차대사람 - 기타,안전운전불이행,건조,맑음,단일로 - 기타,승용,기타불명,기타불명,기타불명,보행자,남,49세,부상신고
2014050600100192,2014년 5월 6일 12시,화요일,대구광역시 수성구 만촌동,경상사고,0,0,1,0,차대차 - 추돌 - 진행중,안전운전불이행,건조,맑음,단일로 - 기타,승용,남,53세,상해없음,이륜,남,31세,경상
2014050600100193,2014년 5월 6일 12시,화요일,대구광역시 달성군 화원읍,부상신고사고,0,0,0,1,차대차 - 정면충돌,안전운전불이행,건조,맑음,단일로 - 기타,화물,여,62세,상해없음,승용,남,31세,상해없음
2014050600100194,2014년 5월 6일 12시,화요일,대구광역시 달서구 두류동,부상신고사고,0,0,0,1,차대차 - 기타,기타,건조,맑음,교차로 - 교차로안,이륜,남,18세,부상신고,승용,남,29세,상해없음
2014050600100195,2014년 5월 6일 12시,화요일,대구광역시 북구 태전동,경상사고,0,0,2,0,차대차 - 측면직각충돌,안전운전불이행,건조,맑음,단일로 - 기타,승용,남,64세,기타불명,승용,남,38세,경상
2014050600100224,2014년 5월 6일 13시,화요일,대구광역시 동구 효목동,중상사고,0,1,2,0,차대차 - 측면직각충돌,안전운전불이행,건조,맑음,교차로 - 교차로부근,승용,여,19세,상해없음,승용,남,28세,중상
2014050600100225,2014년 5월 6일 13시,화요일,대구광역시 달서구 본동,경상사고,0,0,2,1,차대차 - 추돌 - 주정차중,안전거리미확보,건조,맑음,단일로 - 기타,승용,여,33세,부상신고,승용,여,50세,경상
2014050600100227,2014년 5월 6일 13시,화요일,대구광역시 달서구 용산동,경상사고,0,0,1,0,차대차 - 기타,안전운전불이행,건조,맑음,단일로 - 기타,승용,남,52세,상해없음,자전거,남,7세,경상
2014050600100255,2014년 5월 6일 14시,화요일,대구광역시 수성구 두산동,중상사고,0,1,0,0,차대차 - 기타,신호위반,건조,맑음,단일로 - 기타,승용,남,27세,상해없음,자전거,여,33세,중상
2014050600100256,2014년 5월 6일 14시,화요일,대구광역시 달성군 가창면,중상사고,0,1,0,0,차대차 - 측면직각충돌,신호위반,건조,맑음,교차로 - 교차로안,승합,남,51세,상해없음,승용,여,64세,중상
2014050600100291,2014년 5월 6일 15시,화요일,대구광역시 달서구 진천동,경상사고,0,0,1,0,차대사람 - 횡단중,보행자보호의무위반,건조,맑음,교차로 - 교차로안,승용,남,56세,상해없음,보행자,남,15세,경상
2014050600100292,2014년 5월 6일 15시,화요일,대구광역시 북구 팔달동,경상사고,0,0,1,0,차대차 - 정면충돌,신호위반,건조,맑음,교차로 - 교차로안,승용,남,53세,상해없음,승용,남,34세,경상
2014050600100326,2014년 5월 6일 16시,화요일,대구광역시 서구 비산동,경상사고,0,0,1,0,차대차 - 기타,신호위반,건조,맑음,단일로 - 횡단보도상,승용,남,61세,상해없음,원동기,남,50세,경상
2014050600100368,2014년 5월 6일 17시,화요일,대구광역시 달서구 신당동,중상사고,0,1,0,0,차대차 - 측면직각충돌,불법유턴,건조,맑음,교차로 - 교차로부근,승용,남,55세,상해없음,이륜,남,16세,중상
2014050600100394,2014년 5월 6일 18시,화요일,대구광역시 수성구 상동,경상사고,0,0,5,0,차대차 - 추돌 - 진행중,안전운전불이행,건조,맑음,단일로 - 기타,승용,남,57세,상해없음,승용,남,35세,경상
2014050600100395,2014년 5월 6일 18시,화요일,대구광역시 서구 평리동,중상사고,0,1,0,0,차대사람 - 기타,안전운전불이행,건조,맑음,교차로 - 교차로안,승용,남,61세,상해없음,보행자,여,66세,중상
2014050600100422,2014년 5월 6일 19시,화요일,대구광역시 중구 삼덕동3가,부상신고사고,0,0,0,1,차대사람 - 기타,보행자보호의무위반,건조,흐림,단일로 - 기타,승용,여,38세,상해없음,보행자,남,59세,부상신고
2014050600100442,2014년 5월 6일 20시,화요일,대구광역시 수성구 범어동,중상사고,0,1,0,0,차대차 - 기타,안전거리미확보,건조,맑음,단일로 - 기타,승용,남,55세,상해없음,승용,남,46세,기타불명
2014050600100443,2014년 5월 6일 20시,화요일,대구광역시 북구 칠성동2가,사망사고,1,0,0,0,차대사람 - 횡단중,보행자보호의무위반,건조,맑음,교차로 - 교차로부근,화물,남,67세,상해없음,보행자,남,56세,사망
2014050600100470,2014년 5월 6일 21시,화요일,대구광역시 달서구 대곡동,경상사고,0,0,2,0,차량단독 - 공작물충돌,안전운전불이행,건조,맑음,단일로 - 기타,승용,남,62세,상해없음,,,,
2014050600100471,2014년 5월 6일 21시,화요일,대구광역시 중구 서문로1가,경상사고,0,0,2,0,차대차 - 측면직각충돌,신호위반,건조,맑음,교차로 - 교차로안,승합,남,39세,상해없음,승용,남,59세,상해없음
2014050600100496,2014년 5월 6일 22시,화요일,대구광역시 달서구 두류동,경상사고,0,0,1,0,차대차 - 측면직각충돌,안전거리미확보,건조,맑음,단일로 - 기타,승용,남,56세,상해없음,승합,남,56세,경상
2014050600100516,2014년 5월 6일 23시,화요일,대구광역시 중구 남산동,중상사고,0,1,0,0,차대사람 - 기타,안전운전불이행,건조,맑음,교차로 - 교차로부근,승용,남,58세,상해없음,보행자,여,71세,중상
2014050600100517,2014년 5월 6일 23시,화요일,대구광역시 중구 문화동,경상사고,0,0,1,0,차대사람 - 기타,안전운전불이행,건조,맑음,단일로 - 기타,승용,남,48세,상해없음,보행자,남,26세,경상
2014050600100518,2014년 5월 6일 23시,화요일,대구광역시 중구 대봉동,경상사고,0,0,3,0,차대차 - 측면직각충돌,안전거리미확보,건조,맑음,단일로 - 기타,승용,남,53세,상해없음,승용,남,41세,경상
2014050700100034,2014년 5월 7일 04시,수요일,대구광역시 달서구 상인동,중상사고,0,1,0,0,차대차 - 기타,중앙선침범,건조,맑음,단일로 - 기타,승용,남,52세,상해없음,이륜,남,61세,중상
2014050700100039,2014년 5월 7일 05시,수요일,대구광역시 중구 달성동,중상사고,0,4,0,0,차대차 - 추돌 - 주정차중,안전운전불이행,건조,맑음,교차로 - 교차로안,승용,남,26세,중상,승용,남,61세,중상
2014050700100087,2014년 5월 7일 07시,수요일,대구광역시 동구 방촌동,중상사고,0,1,0,0,차대차 - 측면직각충돌,신호위반,건조,맑음,단일로 - 기타,화물,남,68세,상해없음,원동기,남,57세,중상
2014050700100088,2014년 5월 7일 07시,수요일,대구광역시 북구 구암동,경상사고,0,0,1,0,차대차 - 기타,안전운전불이행,건조,맑음,기타 - 기타,자전거,남,15세,경상,승용,남,40세,상해없음
2014050700100089,2014년 5월 7일 07시,수요일,대구광역시 북구 태전동,중상사고,0,1,0,0,차대사람 - 기타,기타,건조,맑음,기타 - 기타,자전거,남,15세,상해없음,보행자,여,55세,중상
2014050700100125,2014년 5월 7일 08시,수요일,대구광역시 남구 대명동,경상사고,0,0,1,0,차대사람 - 길가장자리구역통행중,안전운전불이행,건조,맑음,단일로 - 기타,승용,기타불명,기타불명,기타불명,보행자,여,19세,경상
2014050700100162,2014년 5월 7일 09시,수요일,대구광역시 북구 산격동,중상사고,0,1,0,0,차대차 - 추돌 - 주정차중,안전운전불이행,건조,맑음,교차로 - 교차로안,화물,남,46세,상해없음,승용,여,54세,중상
2014050700100163,2014년 5월 7일 09시,수요일,대구광역시 북구 고성동1가,중상사고,0,1,0,0,차대사람 - 기타,교차로운행방법위반,건조,맑음,교차로 - 교차로안,승용,남,41세,상해없음,보행자,남,74세,중상
2014050700100196,2014년 5월 7일 10시,수요일,대구광역시 북구 태전동,경상사고,0,0,4,1,차대차 - 측면직각충돌,차로위반,건조,맑음,단일로 - 기타,화물,남,71세,상해없음,승합,남,47세,상해없음
2014050700100216,2014년 5월 7일 11시,수요일,대구광역시 남구 봉덕동,경상사고,0,0,5,0,차대차 - 추돌 - 주정차중,안전거리미확보,건조,맑음,단일로 - 기타,승용,남,62세,경상,승용,남,32세,경상
2014050700100217,2014년 5월 7일 11시,수요일,대구광역시 남구 봉덕동,경상사고,0,0,1,0,차대차 - 추돌 - 주정차중,안전거리미확보,건조,맑음,단일로 - 기타,승용,남,65세,상해없음,승용,여,44세,경상
2014050700100218,2014년 5월 7일 11시,수요일,대구광역시 남구 봉덕동,경상사고,0,0,2,0,차대차 - 추돌 - 주정차중,안전거리미확보,건조,맑음,단일로 - 기타,화물,남,41세,상해없음,승용,남,58세,경상
2014050700100219,2014년 5월 7일 11시,수요일,대구광역시 동구 불로동,중상사고,0,1,0,0,차대차 - 추돌 - 진행중,안전운전불이행,건조,맑음,단일로 - 기타,기타불명,기타불명,기타불명,기타불명,자전거,남,71세,중상
2014050700100220,2014년 5월 7일 11시,수요일,대구광역시 수성구 황금동,경상사고,0,0,1,0,차대사람 - 보도통행중,안전운전불이행,건조,맑음,단일로 - 기타,화물,남,34세,상해없음,보행자,여,61세,경상
2014050700100222,2014년 5월 7일 11시,수요일,대구광역시 서구 비산동,중상사고,0,1,0,0,차대차 - 기타,직진우회전진행방해,건조,맑음,교차로 - 교차로부근,승용,남,32세,상해없음,이륜,남,36세,중상
2014050700100283,2014년 5월 7일 13시,수요일,대구광역시 수성구 두산동,경상사고,0,0,1,0,차대차 - 측면직각충돌,안전거리미확보,건조,맑음,단일로 - 기타,승용,남,76세,상해없음,승용,남,52세,경상
2014050700100284,2014년 5월 7일 13시,수요일,대구광역시 서구 내당동,중상사고,0,1,0,0,차대사람 - 기타,기타,건조,맑음,단일로 - 기타,이륜,남,59세,상해없음,보행자,여,56세,중상
2014050700100321,2014년 5월 7일 14시,수요일,대구광역시 수성구 황금동,중상사고,0,2,0,0,차대차 - 측면직각충돌,안전운전불이행,건조,맑음,교차로 - 교차로부근,승용,여,41세,상해없음,승용,남,61세,중상
2014050700100322,2014년 5월 7일 14시,수요일,대구광역시 수성구 범어동,경상사고,0,0,1,0,차대차 - 측면직각충돌,안전운전불이행,건조,맑음,교차로 - 교차로부근,승용,여,36세,상해없음,승용,여,49세,경상
2014050700100323,2014년 5월 7일 14시,수요일,대구광역시 달서구 송현동,중상사고,0,1,0,0,차대차 - 추돌 - 주정차중,안전거리미확보,건조,맑음,단일로 - 기타,승합,남,51세,상해없음,승용,여,65세,중상
2014050700100324,2014년 5월 7일 14시,수요일,대구광역시 중구 달성동,경상사고,0,0,1,0,차대차 - 측면직각충돌,안전운전불이행,건조,맑음,단일로 - 기타,화물,남,41세,상해없음,이륜,남,73세,경상
2014050700100325,2014년 5월 7일 14시,수요일,대구광역시 달서구 두류동,중상사고,0,1,0,0,차대차 - 기타,신호위반,건조,맑음,교차로 - 교차로부근,승용,남,23세,상해없음,이륜,남,45세,중상