사고번호,사고일시,요일,시군구,사고내용,사망자수,중상자수,경상자수,부상신고자수,사고유형,법규위반,노면상태,기상상태,도로형태,가해운전자 차종,가해운전자 성별,가해운전자 연령,가해운전자 상해정도,피해운전자 차종,피해운전자 성별,피해운전자 연령,피해운전자 상해정도
2014051300100051,2014년 5월 13일 05시,화요일,대구광역시 북구 침산동,경상사고,0,0,1,0,차대사람 - 보도통행중,보행자보호의무위반,건조,맑음,교차로 - 교차로안,승용,남,28세,상해없음,보행자,여,64세,경상
2014051300100064,2014년 5월 13일 06시,화요일,대구광역시 달서구 용산동,부상신고사고,0,0,0,1,차대차 - 정면충돌,안전운전불이행,건조,맑음,단일로 - 기타,이륜,남,26세,부상신고,승용,남,63세,상해없음
2014051300100096,2014년 5월 13일 07시,화요일,대구광역시 달성군 화원읍,경상사고,0,0,1,0,차대차 - 측면직각충돌,신호위반,건조,맑음,교차로 - 교차로안,승용,남,47세,상해없음,화물,남,38세,경상
2014051300100097,2014년 5월 13일 07시,화요일,대구광역시 북구 노원동2가,사망사고,1,0,3,0,차대차 - 기타,안전운전불이행,건조,맑음,교차로 - 교차로부근,승용,남,28세,상해없음,원동기,남,56세,사망
2014051300100098,2014년 5월 13일 07시,화요일,대구광역시 서구 비산동,경상사고,0,0,1,1,차대차 - 추돌 - 주정차중,안전거리미확보,건조,맑음,교차로 - 교차로부근,화물,남,72세,부상신고,승용,여,56세,경상
2014051300100140,2014년 5월 13일 08시,화요일,대구광역시 달서구 도원동,경상사고,0,0,2,0,차대차 - 기타,차로위반,건조,맑음,단일로 - 기타,화물,남,30세,상해없음,승용,남,64세,경상
2014051300100141,2014년 5월 13일 08시,화요일,대구광역시 북구 노원동3가,경상사고,0,0,1,0,차대차 - 추돌 - 진행중,안전운전불이행,건조,맑음,기타 - 기타,승용,남,34세,상해없음,화물,남,37세,경상
2014051300100177,2014년 5월 13일 09시,화요일,대구광역시 서구 중리동,경상사고,0,0,1,0,차대차 - 측면직각충돌,안전운전불이행,건조,맑음,단일로 - 기타,화물,남,31세,상해없음,자전거,남,14세,경상
2014051300100208,2014년 5월 13일 10시,화요일,대구광역시 수성구 신매동,경상사고,0,0,1,0,차대사람 - 기타,안전운전불이행,건조,맑음,단일로 - 기타,승용,남,58세,상해없음,보행자,여,40세,경상
2014051300100263,2014년 5월 13일 12시,화요일,대구광역시 북구 복현동,경상사고,0,0,1,0,차대차 - 추돌 - 진행중,안전운전불이행,건조,맑음,단일로 - 기타,승용,여,25세,상해없음,화물,남,47세,경상
2014051300100264,2014년 5월 13일 12시,화요일,대구광역시 서구 내당동,부상신고사고,0,0,0,1,차대차 - 측면직각충돌,안전운전불이행,건조,맑음,단일로 - 기타,이륜,남,56세,부상신고,승용,남,55세,상해없음
2014051300100325,2014년 5월 13일 14시,화요일,대구광역시 남구 봉덕동,중상사고,0,1,0,0,차대사람 - 횡단중,보행자보호의무위반,건조,맑음,단일로 - 횡단보도상,승합,남,45세,상해없음,보행자,남,53세,중상
2014051300100326,2014년 5월 13일 14시,화요일,대구광역시 북구 관음동,부상신고사고,0,0,0,1,차대사람 - 기타,안전운전불이행,건조,맑음,기타 - 기타,기타불명,기타불명,기타불명,기타불명,보행자,여,10세,부상신고
2014051300100366,2014년 5월 13일 15시,화요일,대구광역시 동구 효목동,경상사고,0,0,1,0,차대차 - 측면직각충돌,중앙선침범,건조,맑음,단일로 - 기타,승용,남,69세,상해없음,승용,남,64세,경상
2014051300100410,2014년 5월 13일 16시,화요일,대구광역시 달성군 논공읍,중상사고,0,1,0,0,차대차 - 추돌 - 주정차중,안전운전불이행,건조,맑음,단일로 - 기타,승용,남,31세,중상,화물,남,53세,상해없음
2014051300100480,2014년 5월 13일 18시,화요일,대구광역시 수성구 황금동,경상사고,0,0,1,0,차대차 - 추돌 - 주정차중,안전운전불이행,건조,맑음,단일로 - 기타,승용,여,25세,상해없음,승용,남,54세,경상
2014051300100481,2014년 5월 13일 18시,화요일,대구광역시 수성구 두산동,경상사고,0,0,1,0,차대차 - 기타,안전운전불이행,건조,맑음,단일로 - 기타,승용,여,53세,상해없음,승용,남,43세,상해없음
2014051300100482,2014년 5월 13일 18시,화요일,대구광역시 수성구 가천동,중상사고,0,2,0,0,차대차 - 추돌 - 주정차중,안전운전불이행,건조,맑음,단일로 - 기타,승용,남,44세,상해없음,화물,남,52세,중상
2014051300100483,2014년 5월 13일 18시,화요일,대구광역시 북구 복현동,경상사고,0,0,3,0,차대차 - 추돌 - 주정차중,안전운전불이행,건조,맑음,단일로 - 기타,승용,남,52세,상해없음,승용,여,30세,경상
2014051300100484,2014년 5월 13일 18시,화요일,대구광역시 서구 내당동,중상사고,0,1,1,0,차대차 - 측면직각충돌,안전거리미확보,건조,맑음,단일로 - 기타,이륜,남,54세,중상,승용,여,51세,상해없음
2014051300100485,2014년 5월 13일 18시,화요일,대구광역시 중구 대신동,부상신고사고,0,0,0,1,차대차 - 측면직각충돌,안전운전불이행,건조,맑음,단일로 - 기타,이륜,남,27세,부상신고,승용,여,67세,상해없음
2014051300100486,2014년 5월 13일 18시,화요일,대구광역시 북구 구암동,경상사고,0,0,1,0,차대차 - 추돌 - 주정차중,안전운전불이행,건조,맑음,단일로 - 기타,원동기,남,21세,상해없음,승용,남,42세,경상
2014051300100516,2014년 5월 13일 19시,화요일,대구광역시 남구 봉덕동,경상사고,0,0,1,0,차대사람 - 횡단중,안전운전불이행,건조,맑음,교차로 - 교차로부근,승용,여,58세,상해없음,보행자,남,47세,경상
2014051300100517,2014년 5월 13일 19시,화요일,대구광역시 달서구 송현동,경상사고,0,0,1,0,차대사람 - 기타,안전운전불이행,건조,맑음,단일로 - 기타,승용,여,75세,상해없음,보행자,남,18세,경상
2014051300100548,2014년 5월 13일 20시,화요일,대구광역시 달서구 장동,중상사고,0,1,0,0,차대차 - 기타,안전운전불이행,건조,흐림,교차로 - 교차로부근,화물,남,29세,상해없음,이륜,남,42세,중상
2014051300100577,2014년 5월 13일 21시,화요일,대구광역시 달서구 상인동,경상사고,0,0,1,0,차대차 - 기타,안전운전불이행,건조,맑음,단일로 - 기타,승용,여,51세,상해없음,승용,남,58세,경상
2014051300100578,2014년 5월 13일 21시,화요일,대구광역시 달서구 성당동,경상사고,0,0,2,0,차대차 - 추돌 - 진행중,안전거리미확보,건조,맑음,단일로 - 기타,승용,남,53세,상해없음,승용,남,27세,경상
2014051300100607,2014년 5월 13일 22시,화요일,대구광역시 달서구 상인동,부상신고사고,0,0,0,1,차대사람 - 길가장자리구역통행중,안전운전불이행,건조,맑음,단일로 - 기타,승용,기타불명,기타불명,기타불명,보행자,여,22세,부상신고
2014051300100608,2014년 5월 13일 22시,화요일,대구광역시 달서구 진천동,경상사고,0,0,1,0,차대사람 - 횡단중,안전운전불이행,건조,맑음,단일로 - 횡단보도부근,승용,남,25세,상해없음,보행자,남,18세,경상
2014051300100633,2014년 5월 13일 23시,화요일,대구광역시 서구 비산동,경상사고,0,0,1,0,차대사람 - 횡단중,안전운전불이행,건조,맑음,단일로 - 기타,승용,남,23세,상해없음,보행자,여,72세,경상
2014051400100017,2014년 5월 14일 00시,수요일,대구광역시 중구 동성로3가,부상신고사고,0,0,0,1,차대차 - 측면직각충돌,교차로운행방법위반,건조,맑음,교차로 - 교차로안,자전거,남,20세,부상신고,승용,남,47세,상해없음
2014051400100018,2014년 5월 14일 00시,수요일,대구광역시 달서구 성당동,중상사고,0,1,2,0,차대차 - 기타,중앙선침범,건조,흐림,교차로 - 교차로부근,승용,남,29세,상해없음,승용,남,55세,중상
2014051400100036,2014년 5월 14일 01시,수요일,대구광역시 북구 산격동,경상사고,0,0,1,0,차대사람 - 기타,안전운전불이행,건조,맑음,단일로 - 기타,승용,남,36세,상해없음,보행자,남,41세,경상
2014051400100044,2014년 5월 14일 02시,수요일,대구광역시 북구 칠성동1가,경상사고,0,0,1,0,차량단독 - 기타,안전운전불이행,건조,맑음,단일로 - 기타,승용,남,50세,상해없음,,,,
2014051400100045,2014년 5월 14일 02시,수요일,대구광역시 서구 내당동,경상사고,0,0,3,0,차대차 - 추돌 - 주정차중,안전운전불이행,건조,맑음,단일로 - 기타,승용,남,49세,상해없음,승용,남,36세,경상
2014051400100052,2014년 5월 14일 03시,수요일,대구광역시 달서구 본동,경상사고,0,0,1,1,차대차 - 측면직각충돌,안전운전불이행,건조,맑음,교차로 - 교차로안,원동기,남,58세,부상신고,승용,여,51세,경상
2014051400100075,2014년 5월 14일 05시,수요일,대구광역시 동구 검사동,중상사고,0,1,1,0,차대차 - 측면직각충돌,안전운전불이행,건조,맑음,단일로 - 기타,이륜,남,57세,중상,승용,여,42세,경상
2014051400100076,2014년 5월 14일 05시,수요일,대구광역시 북구 산격동,경상사고,0,0,1,0,차대차 - 측면직각충돌,안전운전불이행,건조,맑음,교차로 - 교차로안,승용,남,28세,상해없음,승용,남,45세,경상
2014051400100105,2014년 5월 14일 07시,수요일,대구광역시 남구 대명동,경상사고,0,0,1,0,차대차 - 추돌 - 주정차중,안전거리미확보,건조,맑음,단일로 - 기타,화물,남,50세,상해없음,승용,남,58세,경상
2014051400100106,2014년 5월 14일 07시,수요일,대구광역시 동구 신암동,중상사고,0,2,2,0,차대차 - 측면직각충돌,안전거리미확보,건조,맑음,단일로 - 기타,승합,남,55세,상해없음,승용,여,26세,중상
2014051400100107,2014년 5월 14일 07시,수요일,대구광역시 북구 산격동,중상사고,0,1,0,0,차대차 - 측면직각충돌,신호위반,건조,맑음,단일로 - 횡단보도상,승용,여,46세,상해없음,자전거,여,56세,중상
2014051400100108,2014년 5월 14일 07시,수요일,대구광역시 북구 팔달동,경상사고,0,0,1,0,차대차 - 측면직각충돌,교차로운행방법위반,건조,맑음,교차로 - 교차로안,승용,남,34세,상해없음,자전거,남,53세,경상
2014051400100143,2014년 5월 14일 08시,수요일,대구광역시 동구 봉무동,경상사고,0,0,1,0,차대차 - 측면직각충돌,안전거리미확보,건조,맑음,단일로 - 기타,승용,여,73세,상해없음,승용,여,46세,경상
2014051400100144,2014년 5월 14일 08시,수요일,대구광역시 북구 복현동,경상사고,0,0,1,0,차대사람 - 기타,안전운전불이행,건조,맑음,단일로 - 기타,자전거,남,70세,상해없음,보행자,여,62세,경상
2014051400100200,2014년 5월 14일 10시,수요일,대구광역시 동구 각산동,중상사고,0,1,0,0,차대사람 - 횡단중,보행자보호의무위반,건조,맑음,교차로 - 교차로안,화물,남,65세,상해없음,보행자,여,45세,중상
2014051400100201,2014년 5월 14일 10시,수요일,대구광역시 달서구 상인동,경상사고,0,0,1,0,차대차 - 추돌 - 주정차중,안전운전불이행,건조,맑음,교차로 - 교차로안,승용,여,40세,상해없음,승용,남,61세,경상
2014051400100237,2014년 5월 14일 11시,수요일,대구광역시 동구 신암동,부상신고사고,0,0,0,1,차대차 - 측면직각충돌,안전운전불이행,건조,맑음,단일로 - 기타,승용,남,65세,상해없음,승용,남,52세,부상신고
2014051400100238,2014년 5월 14일 11시,수요일,대구광역시 서구 원대동3가,부상신고사고,0,0,0,1,차대차 - 측면직각충돌,안전거리미확보,기타,맑음,단일로 - 기타,이륜,남,72세,부상신고,승합,남,59세,상해없음
2014051400100272,2014년 5월 14일 12시,수요일,대구광역시 남구 대명동,경상사고,0,0,1,0,차대사람 - 차도통행중,안전운전불이행,건조,맑음,단일로 - 기타,승용,여,44세,상해없음,보행자,남,23세,경상
2014051400100273,2014년 5월 14일 12시,수요일,대구광역시 수성구 중동,부상신고사고,0,0,0,1,차대차 - 측면직각충돌,신호위반,건조,맑음,교차로 - 교차로안,이륜,남,38세,부상신고,승용,남,43세,상해없음
2014051400100274,2014년 5월 14일 12시,수요일,대구광역시 수성구 가천동,경상사고,0,0,1,0,차대차 - 기타,안전운전불이행,건조,맑음,단일로 - 기타,자전거,여,74세,경상,승용,남,53세,상해없음
2014051400100275,2014년 5월 14일 12시,수요일,대구광역시 중구 남산동,경상사고,0,0,2,0,차대차 - 추돌 - 주정차중,안전운전불이행,건조,맑음,교차로 - 교차로부근,승용,남,53세,상해없음,승용,남,55세,경상
2014051400100276,2014년 5월 14일 12시,수요일,대구광역시 달서구 신당동,경상사고,0,0,2,0,차대차 - 측면직각충돌,안전거리미확보,건조,맑음,단일로 - 기타,승용,남,63세,경상,승용,여,39세,경상
2014051400100277,2014년 5월 14일 12시,수요일,대구광역시 달서구 성당동,경상사고,0,0,1,0,차대차 - 기타,교차로운행방법위반,건조,맑음,교차로 - 교차로안,승용,여,67세,상해없음,이륜,남,61세,경상
2014051400100309,2014년 5월 14일 13시,수요일,대구광역시 달서구 본동,경상사고,0,0,1,0,차대사람 - 기타,안전운전불이행,건조,맑음,교차로 - 교차로안,승용,여,37세,상해없음,보행자,여,52세,경상
2014051400100310,2014년 5월 14일 13시,수요일,대구광역시 달서구 두류동,경상사고,0,0,2,0,차대차 - 기타,안전거리미확보,건조,맑음,단일로 - 기타,승용,여,63세,상해없음,승용,남,39세,경상
2014051400100311,2014년 5월 14일 13시,수요일,대구광역시 달서구 감삼동,경상사고,0,0,2,0,차대차 - 추돌 - 주정차중,안전운전불이행,건조,맑음,단일로 - 기타,승용,남,50세,상해없음,승용,남,50세,경상
2014051400100350,2014년 5월 14일 14시,수요일,대구광역시 동구 동호동,경상사고,0,0,1,0,차대차 - 기타,기타,건조,맑음,단일로 - 기타,승용,남,53세,상해없음,자전거,남,61세,경상
2014051400100351,2014년 5월 14일 14시,수요일,대구광역시 달서구 성당동,중상사고,0,1,0,0,차대사람 - 기타,안전운전불이행,건조,맑음,단일로 - 기타,승용,여,29세,상해없음,보행자,여,66세,중상
2014051400100389,2014년 5월 14일 15시,수요일,대구광역시 남구 봉덕동,경상사고,0,0,1,0,차대차 - 측면직각충돌,직진우회전진행방해,건조,맑음,교차로 - 교차로안,승용,남,58세,상해없음,원동기,남,17세,경상
2014051400100390,2014년 5월 14일 15시,수요일,대구광역시 남구 대명동,경상사고,0,0,2,0,차대사람 - 기타,안전운전불이행,건조,맑음,단일로 - 기타,이륜,남,24세,경상,보행자,남,53세,경상
2014051400100391,2014년 5월 14일 15시,수요일,대구광역시 달서구 본동,중상사고,0,1,0,0,차대차 - 기타,안전운전불이행,건조,맑음,교차로 - 교차로부근,승용,남,51세,상해없음,자전거,남,15세,중상
2014051400100392,2014년 5월 14일 15시,수요일,대구광역시 중구 동인동2가,경상사고,0,0,1,0,차대차 - 기타,안전운전불이행,건조,맑음,단일로 - 기타,승용,여,52세,상해없음,승용,남,31세,경상
2014051400100465,2014년 5월 14일 17시,수요일,대구광역시 동구 방촌동,경상사고,0,0,3,0,차대차 - 측면직각충돌,안전운전불이행,건조,맑음,교차로 - 교차로안,화물,남,31세,상해없음,화물,남,51세,경상
2014051400100466,2014년 5월 14일 17시,수요일,대구광역시 달서구 대천동,경상사고,0,0,1,0,차대차 - 기타,불법유턴,건조,맑음,단일로 - 기타,자전거,남,6세,경상,승용,여,43세,상해없음
2014051400100467,2014년 5월 14일 17시,수요일,대구광역시 달성군 가창면,경상사고,0,0,1,0,차대차 - 측면직각충돌,신호위반,건조,맑음,교차로 - 교차로안,승용,남,31세,상해없음,화물,남,78세,경상
2014051400100468,2014년 5월 14일 17시,수요일,대구광역시 달성군 하빈면,중상사고,0,1,1,0,차대차 - 기타,안전운전불이행,건조,맑음,단일로 - 기타,승용,여,59세,상해없음,자전거,남,76세,중상
2014051400100469,2014년 5월 14일 17시,수요일,대구광역시 서구 평리동,경상사고,0,0,2,0,차대차 - 측면직각충돌,안전거리미확보,건조,맑음,단일로 - 기타,승용,남,53세,상해없음,이륜,남,20세,경상
2014051400100507,2014년 5월 14일 18시,수요일,대구광역시 서구 평리동,중상사고,0,1,0,0,차대사람 - 보도통행중,안전운전불이행,건조,맑음,단일로 - 기타,기타불명,기타불명,기타불명,기타불명,보행자,여,70세,중상
2014051400100539,2014년 5월 14일 19시,수요일,대구광역시 동구 율하동,중상사고,0,1,1,0,차대차 - 측면직각충돌,신호위반,건조,맑음,교차로 - 교차로안,승용,남,55세,상해없음,승용,남,28세,중상
2014051400100582,2014년 5월 14일 20시,수요일,대구광역시 수성구 신매동,중상사고,0,1,0,0,차대차 - 추돌 - 진행중,안전운전불이행,건조,맑음,단일로 - 기타,승용,여,47세,상해없음,원동기,남,18세,중상
2014051400100583,2014년 5월 14일 20시,수요일,대구광역시 달성군 구지면,경상사고,0,0,1,0,차대차 - 측면직각충돌,직진우회전진행방해,건조,맑음,교차로 - 교차로안,승용,남,40세,상해없음,승용,남,29세,경상
2014051400100584,2014년 5월 14일 20시,수요일,대구광역시 달성군 화원읍,경상사고,0,0,1,0,차대차 - 기타,안전운전불이행,건조,맑음,교차로 - 교차로안,자전거,남,13세,경상,승용,남,59세,상해없음
2014051400100585,2014년 5월 14일 20시,수요일,대구광역시 달성군 유가면,중상사고,0,1,0,0,차대차 - 기타,신호위반,건조,맑음,교차로 - 교차로안,승합,남,50세,상해없음,승용,여,45세,중상
2014051400100586,2014년 5월 14일 20시,수요일,대구광역시 달서구 신당동,중상사고,0,1,0,0,차대차 - 측면직각충돌,신호위반,건조,맑음,교차로 - 교차로안,승용,여,26세,상해없음,이륜,남,26세,중상
2014051400100587,2014년 5월 14일 20시,수요일,대구광역시 달서구 용산동,경상사고,0,0,1,0,차대사람 - 길가장자리구역통행중,안전운전불이행,건조,맑음,교차로 - 교차로안,승용,남,35세,상해없음,보행자,남,46세,경상
2014051400100588,2014년 5월 14일 20시,수요일,대구광역시 달서구 성당동,경상사고,0,0,2,0,차대차 - 기타,안전운전불이행,건조,맑음,단일로 - 기타,승용,여,38세,상해없음,승용,남,28세,경상
2014051400100630,2014년 5월 14일 21시,수요일,대구광역시 동구 신천동,중상사고,0,1,1,0,차대차 - 기타,안전운전불이행,건조,맑음,단일로 - 기타,승용,여,43세,상해없음,승용,남,66세,경상
2014051400100631,2014년 5월 14일 21시,수요일,대구광역시 달서구 두류동,경상사고,0,0,4,0,차대차 - 추돌 - 진행중,안전운전불이행,건조,흐림,단일로 - 기타,승용,남,30세,경상,승용,남,64세,경상
2014051400100662,2014년 5월 14일 22시,수요일,대구광역시 달서구 용산동,중상사고,0,1,0,0,차대차 - 추돌 - 진행중,안전운전불이행,건조,맑음,단일로 - 기타,자전거,남,16세,중상,화물,남,51세,기타불명
2014051500100015,2014년 5월 15일 00시,목요일,대구광역시 달성군 현풍면,사망사고,1,0,0,0,차대차 - 추돌 - 주정차중,안전운전불이행,건조,맑음,단일로 - 기타,승용,여,33세,사망,건설기계,남,67세,기타불명
2014051500100059,2014년 5월 15일 02시,목요일,대구광역시 남구 봉덕동,경상사고,0,0,2,0,차대차 - 측면직각충돌,안전거리미확보,건조,맑음,교차로 - 교차로안,이륜,남,18세,경상,승용,남,21세,상해없음
2014051500100060,2014년 5월 15일 02시,목요일,대구광역시 달서구 월암동,중상사고,0,1,0,0,차대차 - 기타,안전운전불이행,건조,맑음,단일로 - 기타,건설기계,남,46세,상해없음,화물,남,38세,중상
2014051500100081,2014년 5월 15일 05시,목요일,대구광역시 달서구 두류동,경상사고,0,0,1,0,차대차 - 추돌 - 주정차중,안전운전불이행,건조,맑음,단일로 - 기타,화물,남,48세,상해없음,승용,남,30세,경상
2014051500100097,2014년 5월 15일 06시,목요일,대구광역시 달성군 유가면,중상사고,0,1,0,0,차대차 - 측면직각충돌,안전운전불이행,건조,맑음,교차로 - 교차로안,화물,남,44세,중상,특수,남,44세,상해없음
2014051500100098,2014년 5월 15일 06시,목요일,대구광역시 북구 매천동,경상사고,0,0,1,0,차대차 - 기타,안전운전불이행,건조,맑음,단일로 - 기타,화물,남,39세,상해없음,승용,남,51세,경상
2014051500100196,2014년 5월 15일 09시,목요일,대구광역시 동구 신서동,중상사고,0,1,0,0,차대사람 - 기타,신호위반,건조,맑음,교차로 - 교차로부근,건설기계,남,57세,상해없음,보행자,남,73세,중상
2014051500100197,2014년 5월 15일 09시,목요일,대구광역시 북구 동천동,중상사고,0,1,0,0,차대차 - 측면직각충돌,안전운전불이행,건조,맑음,교차로 - 교차로안,승용,남,20세,상해없음,이륜,남,36세,중상
2014051500100235,2014년 5월 15일 10시,목요일,대구광역시 남구 봉덕동,경상사고,0,0,1,0,차대사람 - 차도통행중,교차로운행방법위반,건조,맑음,교차로 - 교차로안,승용,남,54세,상해없음,보행자,여,24세,경상
2014051500100261,2014년 5월 15일 11시,목요일,대구광역시 북구 고성동1가,경상사고,0,0,1,0,차대차 - 추돌 - 진행중,안전운전불이행,건조,맑음,단일로 - 기타,승용,여,43세,상해없음,이륜,여,57세,경상
2014051500100292,2014년 5월 15일 12시,목요일,대구광역시 서구 내당동,부상신고사고,0,0,0,1,차대차 - 기타,안전거리미확보,건조,맑음,단일로 - 기타,이륜,남,56세,부상신고,승용,남,42세,상해없음
2014051500100293,2014년 5월 15일 12시,목요일,대구광역시 서구 내당동,경상사고,0,0,1,0,차대차 - 기타,안전운전불이행,건조,맑음,교차로 - 교차로부근,이륜,남,52세,상해없음,승용,남,49세,상해없음
2014051500100294,2014년 5월 15일 12시,목요일,대구광역시 서구 내당동,중상사고,0,1,0,0,차대차 - 기타,교차로운행방법위반,건조,맑음,교차로 - 교차로안,승용,여,29세,상해없음,이륜,남,77세,중상
2014051500100329,2014년 5월 15일 13시,목요일,대구광역시 수성구 상동,경상사고,0,0,1,0,차대차 - 기타,안전운전불이행,건조,맑음,단일로 - 기타,승용,남,53세,상해없음,자전거,남,18세,경상
2014051500100330,2014년 5월 15일 13시,목요일,대구광역시 수성구 범어동,중상사고,0,1,0,0,차대사람 - 횡단중,안전운전불이행,건조,맑음,단일로 - 횡단보도부근,승용,여,43세,상해없음,보행자,남,13세,중상
2014051500100356,2014년 5월 15일 14시,목요일,대구광역시 남구 대명동,중상사고,0,1,0,0,차대차 - 측면직각충돌,교차로운행방법위반,건조,맑음,교차로 - 교차로안,승용,남,30세,상해없음,원동기,여,55세,중상
2014051500100357,2014년 5월 15일 14시,목요일,대구광역시 북구 노원동1가,중상사고,0,1,0,0,차대차 - 측면직각충돌,안전운전불이행,건조,맑음,교차로 - 교차로부근,승용,남,71세,상해없음,승용,남,46세,상해없음
2014051500100358,2014년 5월 15일 14시,목요일,대구광역시 북구 고성동1가,경상사고,0,0,1,0,차대차 - 측면직각충돌,직진우회전진행방해,건조,맑음,교차로 - 교차로안,승용,남,33세,상해없음,승용,남,30세,경상
2014051500100359,2014년 5월 15일 14시,목요일,대구광역시 서구 원대동1가,경상사고,0,0,1,0,차대차 - 기타,안전거리미확보,건조,맑음,단일로 - 기타,승용,여,50세,상해없음,이륜,남,52세,경상
2014051500100360,2014년 5월 15일 14시,목요일,대구광역시 달서구 호림동,경상사고,0,0,1,0,차대차 - 측면직각충돌,안전운전불이행,건조,맑음,단일로 - 기타,승용,남,25세,상해없음,승용,여,44세,경상
2014051500100403,2014년 5월 15일 15시,목요일,대구광역시 달성군 옥포면,경상사고,0,0,1,0,차대차 - 추돌 - 주정차중,안전운전불이행,건조,맑음,단일로 - 기타,화물,남,48세,상해없음,화물,남,38세,경상
2014051500100406,2014년 5월 15일 15시,목요일,대구광역시 달서구 상인동,경상사고,0,0,1,0,차대차 - 측면직각충돌,교차로운행방법위반,건조,맑음,단일로 - 기타,승용,남,46세,상해없음,승용,남,21세,경상
2014051500100407,2014년 5월 15일 15시,목요일,대구광역시 달서구 월성동,경상사고,0,0,1,0,차대차 - 기타,안전운전불이행,건조,맑음,교차로 - 교차로안,승용,여,35세,상해없음,승용,남,58세,경상
2014051500100408,2014년 5월 15일 15시,목요일,대구광역시 북구 매천동,부상신고사고,0,0,0,1,차대차 - 측면직각충돌,안전운전불이행,건조,맑음,단일로 - 기타,화물,남,57세,부상신고,화물,남,55세,기타불명
2014051500100460,2014년 5월 15일 16시,목요일,대구광역시 동구 백안동,경상사고,0,0,2,0,차대차 - 기타,중앙선침범,건조,맑음,단일로 - 기타,승용,남,74세,상해없음,승용,남,30세,경상
2014051500100461,2014년 5월 15일 16시,목요일,대구광역시 달성군 다사읍,중상사고,0,1,0,0,차대차 - 추돌 - 주정차중,안전운전불이행,건조,맑음,단일로 - 기타,승용,여,51세,상해없음,승용,남,27세,중상
2014051500100462,2014년 5월 15일 16시,목요일,대구광역시 중구 달성동,중상사고,0,1,0,0,차대차 - 측면직각충돌,안전운전불이행,건조,맑음,단일로 - 기타,승용,남,45세,상해없음,이륜,남,54세,중상
2014051500100463,2014년 5월 15일 16시,목요일,대구광역시 중구 남산동,경상사고,0,0,1,0,차대차 - 추돌 - 진행중,안전거리미확보,건조,맑음,교차로 - 교차로부근,승용,여,30세,상해없음,승용,여,44세,경상
2014051500100524,2014년 5월 15일 17시,목요일,대구광역시 수성구 만촌동,경상사고,0,0,4,0,차대차 - 측면직각충돌,신호위반,건조,맑음,교차로 - 교차로부근,승용,여,51세,상해없음,승용,남,34세,경상
2014051500100525,2014년 5월 15일 17시,목요일,대구광역시 수성구 신매동,부상신고사고,0,0,0,1,차대차 - 추돌 - 진행중,안전운전불이행,건조,맑음,교차로 - 교차로안,승용,남,49세,상해없음,승용,여,33세,부상신고
2014051500100526,2014년 5월 15일 17시,목요일,대구광역시 서구 평리동,중상사고,0,1,0,0,차대사람 - 기타,안전운전불이행,건조,맑음,단일로 - 기타,자전거,남,11세,상해없음,보행자,여,54세,중상
2014051500100527,2014년 5월 15일 17시,목요일,대구광역시 북구 태전동,중상사고,0,1,0,0,차대차 - 측면직각충돌,직진우회전진행방해,건조,맑음,교차로 - 교차로부근,승용,남,22세,상해없음,자전거,남,58세,중상
2014051500100576,2014년 5월 15일 18시,목요일,대구광역시 남구 대명동,경상사고,0,0,1,0,차대사람 - 기타,안전운전불이행,건조,맑음,단일로 - 기타,원동기,남,18세,상해없음,보행자,남,3세,경상
2014051500100577,2014년 5월 15일 18시,목요일,대구광역시 남구 봉덕동,경상사고,0,0,1,0,차대차 - 추돌 - 진행중,안전거리미확보,건조,맑음,단일로 - 기타,승용,남,61세,상해없음,승용,여,57세,경상
2014051500100578,2014년 5월 15일 18시,목요일,대구광역시 달서구 본동,경상사고,0,0,2,0,차대차 - 측면직각충돌,안전운전불이행,건조,맑음,단일로 - 기타,승용,남,21세,상해없음,승용,여,27세,경상
2014051500100579,2014년 5월 15일 18시,목요일,대구광역시 북구 복현동,중상사고,0,2,2,0,차대차 - 추돌 - 진행중,안전운전불이행,건조,맑음,단일로 - 교량,승용,남,22세,상해없음,승용,남,43세,중상
2014051500100580,2014년 5월 15일 18시,목요일,대구광역시 서구 비산동,경상사고,0,0,1,0,차대차 - 기타,안전운전불이행,건조,맑음,교차로 - 교차로안,승합,남,49세,상해없음,승용,여,41세,경상
2014051500100581,2014년 5월 15일 18시,목요일,대구광역시 달서구 두류동,경상사고,0,0,1,0,차대사람 - 기타,안전운전불이행,건조,맑음,단일로 - 기타,이륜,남,29세,상해없음,보행자,여,54세,경상
2014051500100616,2014년 5월 15일 19시,목요일,대구광역시 수성구 만촌동,경상사고,0,0,2,0,차대차 - 측면직각충돌,직진우회전진행방해,건조,맑음,교차로 - 교차로안,화물,남,74세,경상,승용,남,35세,경상
2014051500100617,2014년 5월 15일 19시,목요일,대구광역시 서구 평리동,부상신고사고,0,0,0,1,차대차 - 기타,차로위반,건조,맑음,단일로 - 기타,승용,남,62세,상해없음,승용,남,57세,부상신고
2014051500100618,2014년 5월 15일 19시,목요일,대구광역시 달서구 용산동,경상사고,0,0,1,0,차대사람 - 길가장자리구역통행중,안전운전불이행,건조,맑음,단일로 - 기타,승용,남,40세,상해없음,보행자,남,42세,경상