사고번호,사고일시,요일,시군구,사고내용,사망자수,중상자수,경상자수,부상신고자수,사고유형,법규위반,노면상태,기상상태,도로형태,가해운전자 차종,가해운전자 성별,가해운전자 연령,가해운전자 상해정도,피해운전자 차종,피해운전자 성별,피해운전자 연령,피해운전자 상해정도
2014051500100650,2014년 5월 15일 20시,목요일,대구광역시 수성구 두산동,경상사고,0,0,1,0,차대사람 - 횡단중,보행자보호의무위반,건조,맑음,단일로 - 횡단보도상,승용,여,41세,상해없음,보행자,여,31세,경상
2014051500100688,2014년 5월 15일 21시,목요일,대구광역시 남구 대명동,중상사고,0,1,0,0,차량단독 - 기타,안전운전불이행,건조,맑음,단일로 - 기타,원동기,남,67세,중상,,,,
2014051500100689,2014년 5월 15일 21시,목요일,대구광역시 북구 구암동,경상사고,0,0,1,0,차대차 - 추돌 - 주정차중,안전운전불이행,건조,맑음,단일로 - 교량,승용,남,45세,상해없음,승용,여,40세,경상
2014051500100725,2014년 5월 15일 22시,목요일,대구광역시 달서구 장기동,부상신고사고,0,0,0,1,차대차 - 기타,안전운전불이행,건조,맑음,단일로 - 기타,자전거,남,19세,부상신고,승용,여,30세,상해없음
2014051500100759,2014년 5월 15일 23시,목요일,대구광역시 달서구 두류동,부상신고사고,0,0,0,1,차대차 - 기타,안전운전불이행,건조,맑음,단일로 - 기타,승용,기타불명,기타불명,기타불명,자전거,남,39세,부상신고
2014051600100019,2014년 5월 16일 00시,금요일,대구광역시 서구 평리동,중상사고,0,1,3,1,차대차 - 측면직각충돌,신호위반,건조,맑음,교차로 - 교차로안,승용,남,40세,부상신고,승용,남,63세,중상
2014051600100038,2014년 5월 16일 01시,금요일,대구광역시 동구 율하동,경상사고,0,0,3,0,차대차 - 추돌 - 주정차중,안전운전불이행,건조,맑음,교차로 - 교차로부근,승용,남,40세,경상,승용,남,26세,경상
2014051600100057,2014년 5월 16일 03시,금요일,대구광역시 달서구 장기동,중상사고,0,1,0,0,차대사람 - 차도통행중,안전운전불이행,건조,맑음,단일로 - 기타,승용,여,48세,상해없음,보행자,남,44세,중상
2014051600100087,2014년 5월 16일 06시,금요일,대구광역시 서구 내당동,경상사고,0,0,1,0,차대차 - 기타,안전운전불이행,건조,맑음,단일로 - 기타,승용,남,24세,상해없음,승합,남,28세,경상
2014051600100108,2014년 5월 16일 07시,금요일,대구광역시 남구 대명동,경상사고,0,0,2,0,차대차 - 추돌 - 주정차중,안전거리미확보,건조,맑음,교차로 - 교차로안,승합,남,65세,상해없음,승용,남,54세,경상
2014051600100109,2014년 5월 16일 07시,금요일,대구광역시 동구 각산동,중상사고,0,1,0,0,차대사람 - 횡단중,보행자보호의무위반,건조,맑음,교차로 - 교차로부근,승용,여,42세,상해없음,보행자,여,8세,중상
2014051600100110,2014년 5월 16일 07시,금요일,대구광역시 북구 태전동,경상사고,0,0,1,0,차대차 - 측면직각충돌,안전운전불이행,건조,맑음,교차로 - 교차로부근,승용,여,66세,상해없음,자전거,남,22세,경상
2014051600100141,2014년 5월 16일 08시,금요일,대구광역시 북구 산격동,경상사고,0,0,1,0,차대차 - 추돌 - 주정차중,안전운전불이행,건조,맑음,단일로 - 기타,승용,여,27세,상해없음,승용,여,34세,경상
2014051600100179,2014년 5월 16일 09시,금요일,대구광역시 동구 효목동,경상사고,0,0,1,0,차대사람 - 기타,안전운전불이행,건조,맑음,교차로 - 교차로부근,승용,남,52세,상해없음,보행자,여,36세,경상
2014051600100180,2014년 5월 16일 09시,금요일,대구광역시 달서구 상인동,경상사고,0,0,1,0,차대사람 - 기타,안전운전불이행,건조,맑음,단일로 - 기타,승합,남,43세,상해없음,보행자,여,68세,경상
2014051600100181,2014년 5월 16일 09시,금요일,대구광역시 달성군 다사읍,경상사고,0,0,1,0,차대차 - 추돌 - 진행중,안전운전불이행,건조,맑음,교차로 - 교차로부근,특수,남,48세,상해없음,승용,여,49세,경상
2014051600100182,2014년 5월 16일 09시,금요일,대구광역시 북구 침산동,경상사고,0,0,1,0,차대사람 - 기타,보행자보호의무위반,건조,맑음,교차로 - 교차로안,승용,여,50세,상해없음,보행자,남,81세,경상
2014051600100183,2014년 5월 16일 09시,금요일,대구광역시 달서구 두류동,중상사고,0,1,2,0,차대차 - 추돌 - 주정차중,안전운전불이행,건조,맑음,단일로 - 기타,승용,여,47세,상해없음,승용,남,28세,경상
2014051600100203,2014년 5월 16일 10시,금요일,대구광역시 남구 봉덕동,경상사고,0,0,2,0,차대차 - 기타,안전운전불이행,건조,맑음,단일로 - 기타,승용,여,51세,경상,승용,남,64세,경상
2014051600100204,2014년 5월 16일 10시,금요일,대구광역시 달성군 화원읍,중상사고,0,1,0,0,차대차 - 기타,신호위반,건조,맑음,교차로 - 교차로안,승용,남,39세,상해없음,자전거,남,62세,중상
2014051600100231,2014년 5월 16일 11시,금요일,대구광역시 수성구 고모동,경상사고,0,0,1,0,차대차 - 기타,안전운전불이행,건조,맑음,교차로 - 교차로안,승용,남,49세,기타불명,승용,남,50세,경상
2014051600100269,2014년 5월 16일 12시,금요일,대구광역시 달서구 두류동,경상사고,0,0,1,0,차대사람 - 보도통행중,안전운전불이행,건조,맑음,단일로 - 기타,승용,여,63세,상해없음,보행자,남,51세,경상
2014051600100303,2014년 5월 16일 13시,금요일,대구광역시 동구 신천동,경상사고,0,0,2,0,차대차 - 추돌 - 주정차중,안전운전불이행,건조,맑음,교차로 - 교차로안,승용,남,56세,상해없음,승용,남,51세,경상
2014051600100304,2014년 5월 16일 13시,금요일,대구광역시 북구 침산동,중상사고,0,1,0,0,차대차 - 측면직각충돌,안전운전불이행,건조,맑음,단일로 - 기타,화물,남,36세,상해없음,자전거,여,69세,중상
2014051600100337,2014년 5월 16일 14시,금요일,대구광역시 중구 서문로2가,경상사고,0,0,1,0,차대차 - 측면직각충돌,안전운전불이행,건조,맑음,단일로 - 기타,승용,남,62세,상해없음,원동기,남,48세,경상
2014051600100372,2014년 5월 16일 15시,금요일,대구광역시 서구 평리동,경상사고,0,0,4,0,차대차 - 추돌 - 진행중,안전거리미확보,건조,맑음,단일로 - 기타,승용,여,33세,상해없음,승용,남,44세,경상
2014051600100373,2014년 5월 16일 15시,금요일,대구광역시 북구 태전동,중상사고,0,1,0,0,차대차 - 추돌 - 주정차중,안전운전불이행,건조,맑음,단일로 - 기타,이륜,남,84세,중상,화물,남,40세,기타불명
2014051600100415,2014년 5월 16일 16시,금요일,대구광역시 수성구 황금동,중상사고,0,3,0,0,차대차 - 기타,안전거리미확보,건조,맑음,단일로 - 기타,승용,남,71세,상해없음,승용,여,38세,중상
2014051600100416,2014년 5월 16일 16시,금요일,대구광역시 달성군 다사읍,경상사고,0,0,1,0,차대사람 - 보도통행중,보행자보호의무위반,건조,맑음,교차로 - 교차로안,승용,여,53세,상해없음,보행자,여,76세,경상
2014051600100417,2014년 5월 16일 16시,금요일,대구광역시 서구 내당동,경상사고,0,0,1,0,차대차 - 측면직각충돌,안전운전불이행,건조,맑음,교차로 - 교차로안,이륜,남,18세,경상,승합,남,59세,상해없음
2014051600100468,2014년 5월 16일 17시,금요일,대구광역시 중구 동인동1가,사망사고,1,0,0,0,차대사람 - 횡단중,안전운전불이행,건조,맑음,교차로 - 교차로부근,승합,남,46세,상해없음,보행자,남,60세,사망
2014051600100469,2014년 5월 16일 17시,금요일,대구광역시 북구 동천동,경상사고,0,0,2,0,차대차 - 기타,안전운전불이행,건조,맑음,단일로 - 기타,화물,남,42세,상해없음,승용,남,64세,상해없음
2014051600100470,2014년 5월 16일 17시,금요일,대구광역시 북구 태전동,중상사고,0,1,0,0,차대사람 - 기타,안전운전불이행,건조,맑음,교차로 - 교차로부근,화물,남,47세,상해없음,보행자,남,38세,중상
2014051600100522,2014년 5월 16일 18시,금요일,대구광역시 북구 구암동,경상사고,0,0,1,0,차대차 - 측면직각충돌,안전운전불이행,건조,맑음,교차로 - 교차로안,승용,여,47세,상해없음,승용,남,61세,경상
2014051600100523,2014년 5월 16일 18시,금요일,대구광역시 북구 구암동,경상사고,0,0,1,0,차대사람 - 횡단중,안전운전불이행,건조,맑음,단일로 - 횡단보도상,승용,남,70세,상해없음,보행자,남,16세,경상
2014051600100556,2014년 5월 16일 19시,금요일,대구광역시 동구 신암동,중상사고,0,1,0,0,차대사람 - 보도통행중,보행자보호의무위반,건조,맑음,단일로 - 기타,승용,남,63세,상해없음,보행자,여,10세,중상
2014051600100557,2014년 5월 16일 19시,금요일,대구광역시 달서구 월성동,경상사고,0,0,2,0,차대차 - 추돌 - 주정차중,안전운전불이행,건조,맑음,단일로 - 기타,화물,남,47세,상해없음,승용,여,38세,경상
2014051600100558,2014년 5월 16일 19시,금요일,대구광역시 달성군 논공읍,중상사고,0,1,1,0,차대차 - 추돌 - 주정차중,안전운전불이행,건조,맑음,교차로 - 교차로안,승용,남,59세,상해없음,승합,남,32세,중상
2014051600100559,2014년 5월 16일 19시,금요일,대구광역시 달서구 본리동,부상신고사고,0,0,0,1,차대차 - 기타,안전운전불이행,건조,맑음,교차로 - 교차로안,승용,여,37세,상해없음,원동기,남,30세,부상신고
2014051600100597,2014년 5월 16일 20시,금요일,대구광역시 남구 대명동,부상신고사고,0,0,0,1,차대차 - 추돌 - 주정차중,안전운전불이행,건조,맑음,단일로 - 기타,승용,여,39세,부상신고,승용,남,32세,상해없음
2014051600100638,2014년 5월 16일 21시,금요일,대구광역시 수성구 욱수동,중상사고,0,2,0,0,차대차 - 기타,안전운전불이행,건조,맑음,단일로 - 기타,자전거,남,21세,중상,승합,여,53세,상해없음
2014051600100639,2014년 5월 16일 21시,금요일,대구광역시 서구 내당동,경상사고,0,0,1,0,차대차 - 기타,안전거리미확보,건조,맑음,교차로 - 교차로부근,승용,남,53세,상해없음,원동기,남,30세,경상
2014051600100640,2014년 5월 16일 21시,금요일,대구광역시 달서구 죽전동,경상사고,0,0,4,0,차대차 - 추돌 - 주정차중,안전거리미확보,건조,맑음,단일로 - 기타,승용,남,46세,상해없음,승용,남,51세,경상
2014051600100641,2014년 5월 16일 21시,금요일,대구광역시 북구 관음동,중상사고,0,3,4,1,차대차 - 기타,안전운전불이행,건조,맑음,교차로 - 교차로부근,승용,여,41세,부상신고,승용,여,56세,경상
2014051600100642,2014년 5월 16일 21시,금요일,대구광역시 북구 국우동,중상사고,0,1,0,0,차대차 - 측면직각충돌,안전운전불이행,건조,맑음,단일로 - 기타,승용,남,51세,상해없음,자전거,남,39세,중상
2014051600100682,2014년 5월 16일 22시,금요일,대구광역시 달서구 본동,중상사고,0,1,0,0,차대사람 - 횡단중,안전운전불이행,건조,맑음,교차로 - 교차로부근,승용,남,35세,상해없음,보행자,남,16세,중상
2014051600100683,2014년 5월 16일 22시,금요일,대구광역시 달서구 상인동,경상사고,0,0,1,0,차대차 - 측면직각충돌,차로위반,건조,맑음,교차로 - 교차로부근,승용,남,53세,상해없음,승용,남,28세,경상
2014051600100684,2014년 5월 16일 22시,금요일,대구광역시 달성군 다사읍,중상사고,0,1,0,0,차대차 - 기타,신호위반,건조,맑음,교차로 - 교차로안,승용,여,53세,상해없음,원동기,남,18세,중상
2014051600100685,2014년 5월 16일 22시,금요일,대구광역시 서구 이현동,경상사고,0,0,1,0,차대차 - 기타,신호위반,건조,맑음,교차로 - 교차로안,화물,남,55세,상해없음,승용,남,54세,경상
2014051600100716,2014년 5월 16일 23시,금요일,대구광역시 동구 신암동,경상사고,0,0,1,0,차대차 - 측면직각충돌,신호위반,건조,맑음,교차로 - 교차로안,승용,여,62세,상해없음,승용,남,31세,경상
2014051600100717,2014년 5월 16일 23시,금요일,대구광역시 달서구 대곡동,경상사고,0,0,1,0,차대사람 - 기타,안전운전불이행,건조,맑음,단일로 - 기타,원동기,남,50세,상해없음,보행자,남,20세,경상
2014051600100718,2014년 5월 16일 23시,금요일,대구광역시 중구 남산동,경상사고,0,0,2,0,차대차 - 추돌 - 주정차중,안전운전불이행,건조,맑음,교차로 - 교차로부근,승용,남,53세,상해없음,승용,남,40세,경상
2014051600100719,2014년 5월 16일 23시,금요일,대구광역시 북구 구암동,경상사고,0,0,1,0,차대차 - 추돌 - 주정차중,안전운전불이행,건조,맑음,교차로 - 교차로부근,승용,남,51세,상해없음,승용,남,60세,경상
2014051700100023,2014년 5월 17일 00시,토요일,대구광역시 달서구 신당동,경상사고,0,0,1,0,차대차 - 측면직각충돌,교차로운행방법위반,건조,맑음,교차로 - 교차로안,승용,남,30세,상해없음,승용,남,24세,경상
2014051700100049,2014년 5월 17일 01시,토요일,대구광역시 수성구 두산동,경상사고,0,0,1,0,차대차 - 추돌 - 주정차중,안전운전불이행,건조,맑음,단일로 - 기타,화물,남,43세,상해없음,승용,여,64세,경상
2014051700100050,2014년 5월 17일 01시,토요일,대구광역시 중구 동인동2가,경상사고,0,0,2,2,차대차 - 추돌 - 진행중,안전운전불이행,건조,맑음,교차로 - 교차로부근,승용,남,62세,상해없음,승용,남,18세,경상
2014051700100110,2014년 5월 17일 05시,토요일,대구광역시 수성구 범어동,부상신고사고,0,0,0,1,차대차 - 기타,안전운전불이행,건조,맑음,교차로 - 교차로부근,이륜,남,25세,부상신고,승용,남,64세,상해없음
2014051700100111,2014년 5월 17일 05시,토요일,대구광역시 중구 삼덕동1가,중상사고,0,1,0,0,차대사람 - 차도통행중,안전운전불이행,건조,맑음,단일로 - 기타,승용,남,26세,상해없음,보행자,남,63세,중상
2014051700100112,2014년 5월 17일 05시,토요일,대구광역시 달서구 성당동,경상사고,0,0,1,0,차대사람 - 횡단중,안전운전불이행,건조,맑음,교차로 - 교차로안,승용,남,34세,상해없음,보행자,남,51세,경상
2014051700100119,2014년 5월 17일 06시,토요일,대구광역시 동구 신기동,중상사고,0,2,5,1,차대차 - 기타,안전운전불이행,건조,맑음,단일로 - 기타,화물,남,31세,부상신고,승합,남,33세,중상
2014051700100136,2014년 5월 17일 07시,토요일,대구광역시 동구 신암동,경상사고,0,0,1,0,차대차 - 기타,신호위반,건조,맑음,교차로 - 교차로안,화물,남,46세,상해없음,승용,남,54세,경상
2014051700100168,2014년 5월 17일 08시,토요일,대구광역시 수성구 범어동,중상사고,0,1,0,0,차대차 - 추돌 - 주정차중,안전운전불이행,건조,맑음,교차로 - 교차로부근,승용,여,44세,상해없음,승용,여,38세,중상
2014051700100169,2014년 5월 17일 08시,토요일,대구광역시 달서구 호림동,경상사고,0,0,1,1,차대차 - 측면직각충돌,교차로운행방법위반,건조,맑음,교차로 - 교차로안,승용,남,57세,부상신고,화물,남,49세,경상
2014051700100192,2014년 5월 17일 09시,토요일,대구광역시 수성구 만촌동,중상사고,0,1,0,1,차대차 - 기타,안전운전불이행,건조,맑음,단일로 - 기타,이륜,남,81세,부상신고,자전거,남,44세,중상
2014051700100193,2014년 5월 17일 09시,토요일,대구광역시 중구 공평동,경상사고,0,0,2,0,차대차 - 기타,안전운전불이행,건조,기타,단일로 - 기타,승용,여,23세,기타불명,승용,남,59세,경상
2014051700100211,2014년 5월 17일 10시,토요일,대구광역시 달성군 현풍면,경상사고,0,0,2,1,차대차 - 측면직각충돌,안전운전불이행,건조,맑음,교차로 - 교차로부근,승용,남,42세,부상신고,화물,남,46세,경상
2014051700100254,2014년 5월 17일 11시,토요일,대구광역시 북구 복현동,경상사고,0,0,1,0,차대사람 - 기타,안전운전불이행,건조,맑음,단일로 - 기타,승용,남,57세,상해없음,보행자,남,49세,경상
2014051700100285,2014년 5월 17일 12시,토요일,대구광역시 중구 태평로3가,중상사고,0,1,0,0,차대차 - 측면직각충돌,중앙선침범,건조,맑음,교차로 - 교차로부근,이륜,여,38세,중상,승용,남,57세,상해없음
2014051700100286,2014년 5월 17일 12시,토요일,대구광역시 북구 태전동,경상사고,0,0,4,0,차대차 - 측면직각충돌,안전거리미확보,건조,맑음,단일로 - 기타,승용,남,32세,경상,승용,여,46세,경상
2014051700100317,2014년 5월 17일 13시,토요일,대구광역시 수성구 범어동,경상사고,0,0,3,0,차대차 - 추돌 - 진행중,안전운전불이행,건조,맑음,교차로 - 교차로부근,승용,남,24세,기타불명,승용,남,26세,경상
2014051700100318,2014년 5월 17일 13시,토요일,대구광역시 수성구 범어동,중상사고,0,1,8,1,차대차 - 추돌 - 주정차중,안전운전불이행,건조,맑음,단일로 - 기타,승용,여,45세,상해없음,승합,남,54세,상해없음
2014051700100319,2014년 5월 17일 13시,토요일,대구광역시 중구 태평로1가,경상사고,0,0,1,0,차대차 - 기타,안전운전불이행,건조,맑음,단일로 - 횡단보도상,승용,남,57세,상해없음,이륜,남,76세,경상
2014051700100370,2014년 5월 17일 14시,토요일,대구광역시 달서구 이곡동,중상사고,0,1,0,0,차대차 - 기타,신호위반,건조,맑음,교차로 - 교차로안,원동기,남,45세,중상,승용,남,64세,상해없음
2014051700100413,2014년 5월 17일 15시,토요일,대구광역시 남구 대명동,경상사고,0,0,2,0,차대차 - 추돌 - 진행중,안전거리미확보,건조,맑음,단일로 - 기타,승용,남,41세,상해없음,승용,여,24세,경상
2014051700100482,2014년 5월 17일 17시,토요일,대구광역시 남구 대명동,경상사고,0,0,1,0,차대차 - 기타,안전운전불이행,건조,맑음,단일로 - 기타,승용,남,57세,상해없음,자전거,남,14세,경상
2014051700100483,2014년 5월 17일 17시,토요일,대구광역시 달서구 진천동,중상사고,0,1,0,0,차대차 - 기타,중앙선침범,건조,맑음,단일로 - 기타,승용,남,72세,상해없음,이륜,남,30세,중상
2014051700100484,2014년 5월 17일 17시,토요일,대구광역시 달성군 화원읍,중상사고,0,1,2,0,차대차 - 추돌 - 주정차중,안전운전불이행,건조,맑음,단일로 - 기타,승용,남,58세,상해없음,승용,남,60세,중상
2014051700100565,2014년 5월 17일 19시,토요일,대구광역시 동구 신암동,중상사고,0,1,0,0,차대차 - 추돌 - 진행중,안전운전불이행,건조,맑음,단일로 - 기타,승용,남,49세,상해없음,자전거,여,24세,중상
2014051700100566,2014년 5월 17일 19시,토요일,대구광역시 서구 비산동,중상사고,0,1,0,0,차대사람 - 횡단중,안전운전불이행,건조,맑음,단일로 - 기타,승용,남,73세,상해없음,보행자,여,73세,중상
2014051700100567,2014년 5월 17일 19시,토요일,대구광역시 북구 관음동,경상사고,0,0,1,0,차대차 - 기타,안전운전불이행,건조,맑음,단일로 - 기타,승용,여,49세,상해없음,이륜,남,23세,경상
2014051700100599,2014년 5월 17일 20시,토요일,대구광역시 수성구 수성동3가,경상사고,0,0,1,0,차대차 - 기타,안전운전불이행,건조,맑음,단일로 - 기타,화물,남,46세,상해없음,승용,남,58세,경상
2014051700100600,2014년 5월 17일 20시,토요일,대구광역시 수성구 만촌동,경상사고,0,0,2,0,차대차 - 기타,신호위반,건조,맑음,교차로 - 교차로안,승용,남,25세,상해없음,승용,여,41세,경상
2014051700100601,2014년 5월 17일 20시,토요일,대구광역시 수성구 범물동,경상사고,0,0,1,0,차대차 - 기타,기타,건조,맑음,단일로 - 기타,승용,남,54세,상해없음,원동기,남,46세,경상
2014051700100602,2014년 5월 17일 20시,토요일,대구광역시 중구 동성로3가,경상사고,0,0,2,0,차대사람 - 차도통행중,안전운전불이행,건조,맑음,단일로 - 기타,승용,여,35세,기타불명,보행자,여,17세,경상
2014051700100603,2014년 5월 17일 20시,토요일,대구광역시 달서구 죽전동,경상사고,0,0,1,0,차대차 - 기타,교차로운행방법위반,건조,맑음,교차로 - 교차로안,이륜,남,17세,상해없음,이륜,남,62세,경상
2014051700100632,2014년 5월 17일 21시,토요일,대구광역시 동구 신천동,경상사고,0,0,2,0,차대차 - 측면직각충돌,안전거리미확보,건조,맑음,교차로 - 교차로부근,승용,남,41세,상해없음,승용,남,42세,경상
2014051700100633,2014년 5월 17일 21시,토요일,대구광역시 수성구 황금동,부상신고사고,0,0,0,1,차대차 - 추돌 - 진행중,안전운전불이행,건조,맑음,교차로 - 교차로안,이륜,남,32세,부상신고,이륜,남,23세,상해없음
2014051700100634,2014년 5월 17일 21시,토요일,대구광역시 북구 구암동,경상사고,0,0,2,0,차대차 - 추돌 - 주정차중,안전거리미확보,건조,맑음,단일로 - 기타,승용,남,58세,상해없음,승용,남,24세,경상
2014051700100671,2014년 5월 17일 22시,토요일,대구광역시 동구 동호동,중상사고,0,1,3,0,차대차 - 추돌 - 주정차중,안전운전불이행,건조,맑음,교차로 - 교차로부근,승합,남,50세,경상,승용,남,48세,중상
2014051700100672,2014년 5월 17일 22시,토요일,대구광역시 수성구 삼덕동,경상사고,0,0,3,0,차대차 - 측면직각충돌,안전운전불이행,건조,맑음,기타 - 기타,화물,남,37세,상해없음,승용,여,62세,경상
2014051700100708,2014년 5월 17일 23시,토요일,대구광역시 중구 수창동,부상신고사고,0,0,0,1,차대차 - 기타,중앙선침범,건조,맑음,단일로 - 기타,자전거,남,62세,부상신고,승용,남,64세,상해없음
2014051800100018,2014년 5월 18일 00시,일요일,대구광역시 북구 대현동,경상사고,0,0,2,1,차대차 - 측면직각충돌,안전거리미확보,건조,맑음,교차로 - 교차로부근,승용,남,57세,부상신고,승용,남,55세,경상
2014051800100019,2014년 5월 18일 00시,일요일,대구광역시 중구 삼덕동3가,중상사고,0,2,2,1,차량단독 - 공작물충돌,안전운전불이행,건조,맑음,미분류 - 미분류,승용,여,19세,부상신고,,,,
2014051800100020,2014년 5월 18일 00시,일요일,대구광역시 북구 매천동,경상사고,0,0,1,0,차대차 - 추돌 - 주정차중,안전거리미확보,건조,맑음,단일로 - 기타,승용,남,21세,상해없음,원동기,남,16세,경상
2014051800100069,2014년 5월 18일 02시,일요일,대구광역시 수성구 지산동,경상사고,0,0,2,0,차대차 - 기타,안전운전불이행,건조,맑음,단일로 - 기타,승용,남,50세,상해없음,승용,남,57세,경상
2014051800100117,2014년 5월 18일 06시,일요일,대구광역시 달성군 유가면,중상사고,0,1,0,0,차대차 - 측면직각충돌,안전운전불이행,건조,맑음,교차로 - 교차로안,화물,남,58세,상해없음,승용,남,34세,중상
2014051800100118,2014년 5월 18일 06시,일요일,대구광역시 달서구 감삼동,경상사고,0,0,2,0,차대차 - 기타,신호위반,건조,맑음,교차로 - 교차로안,승용,남,25세,상해없음,승용,남,37세,경상
2014051800100133,2014년 5월 18일 07시,일요일,대구광역시 북구 복현동,경상사고,0,0,5,0,차대차 - 추돌 - 주정차중,안전거리미확보,건조,맑음,교차로 - 교차로안,승용,남,23세,상해없음,승용,남,28세,경상
2014051800100152,2014년 5월 18일 08시,일요일,대구광역시 서구 원대동3가,경상사고,0,0,1,0,차대차 - 기타,안전운전불이행,건조,맑음,단일로 - 기타,이륜,남,69세,경상,승용,여,47세,상해없음
2014051800100153,2014년 5월 18일 08시,일요일,대구광역시 달서구 감삼동,부상신고사고,0,0,0,1,차대차 - 측면직각충돌,안전운전불이행,건조,맑음,교차로 - 교차로안,이륜,여,50세,부상신고,승용,남,57세,상해없음
2014051800100197,2014년 5월 18일 10시,일요일,대구광역시 달서구 장기동,경상사고,0,0,4,0,차대차 - 측면직각충돌,안전거리미확보,건조,맑음,단일로 - 기타,승용,남,27세,상해없음,승용,남,59세,경상
2014051800100226,2014년 5월 18일 11시,일요일,대구광역시 동구 방촌동,중상사고,0,1,1,0,차대차 - 기타,안전거리미확보,건조,맑음,교차로 - 교차로부근,승용,남,42세,상해없음,승용,여,45세,중상
2014051800100227,2014년 5월 18일 11시,일요일,대구광역시 수성구 황금동,중상사고,0,1,1,0,차대차 - 측면직각충돌,신호위반,건조,맑음,교차로 - 교차로안,승용,여,22세,상해없음,승용,남,67세,경상
2014051800100228,2014년 5월 18일 11시,일요일,대구광역시 달서구 용산동,중상사고,0,1,0,0,차대차 - 기타,안전운전불이행,건조,맑음,교차로 - 교차로안,자전거,여,76세,중상,화물,남,61세,상해없음
2014051800100289,2014년 5월 18일 13시,일요일,대구광역시 달서구 본동,경상사고,0,0,1,0,차대사람 - 기타,안전운전불이행,건조,맑음,단일로 - 기타,승용,남,47세,상해없음,보행자,남,55세,경상
2014051800100290,2014년 5월 18일 13시,일요일,대구광역시 중구 달성동,경상사고,0,0,1,0,차대차 - 기타,교차로운행방법위반,건조,맑음,교차로 - 교차로안,승용,여,58세,상해없음,승용,남,46세,경상
2014051800100291,2014년 5월 18일 13시,일요일,대구광역시 북구 읍내동,중상사고,0,1,0,0,차대차 - 추돌 - 주정차중,안전운전불이행,건조,맑음,교차로 - 교차로부근,이륜,남,68세,중상,승용,여,26세,상해없음
2014051800100317,2014년 5월 18일 14시,일요일,대구광역시 동구 신천동,경상사고,0,0,1,0,차대차 - 기타,안전거리미확보,건조,맑음,단일로 - 기타,승용,여,27세,상해없음,승용,남,57세,경상
2014051800100318,2014년 5월 18일 14시,일요일,대구광역시 수성구 지산동,경상사고,0,0,1,0,차대차 - 기타,안전운전불이행,건조,맑음,교차로 - 교차로안,승용,남,51세,상해없음,이륜,남,23세,경상
2014051800100319,2014년 5월 18일 14시,일요일,대구광역시 달성군 논공읍,중상사고,0,3,0,0,차대차 - 측면직각충돌,안전운전불이행,건조,맑음,교차로 - 교차로안,승용,남,38세,상해없음,승용,남,56세,중상
2014051800100320,2014년 5월 18일 14시,일요일,대구광역시 중구 달성동,사망사고,1,0,0,0,차대차 - 기타,신호위반,건조,맑음,교차로 - 교차로안,자전거,남,82세,사망,승용,남,55세,상해없음
2014051800100390,2014년 5월 18일 16시,일요일,대구광역시 동구 신서동,중상사고,0,1,0,0,차대차 - 추돌 - 진행중,안전운전불이행,건조,맑음,단일로 - 기타,승합,남,34세,상해없음,승용,남,77세,상해없음
2014051800100391,2014년 5월 18일 16시,일요일,대구광역시 수성구 수성동4가,중상사고,0,1,1,0,차대차 - 측면직각충돌,신호위반,건조,맑음,교차로 - 교차로안,승용,여,29세,경상,이륜,남,21세,중상
2014051800100392,2014년 5월 18일 16시,일요일,대구광역시 달서구 대곡동,중상사고,0,1,2,0,차대차 - 추돌 - 진행중,안전운전불이행,건조,맑음,교차로 - 교차로안,승용,남,60세,상해없음,승용,남,45세,경상
2014051800100393,2014년 5월 18일 16시,일요일,대구광역시 달성군 화원읍,경상사고,0,0,2,0,차대차 - 기타,중앙선침범,건조,맑음,교차로 - 교차로부근,이륜,남,17세,경상,승용,남,56세,상해없음
2014051800100419,2014년 5월 18일 17시,일요일,대구광역시 수성구 두산동,중상사고,0,1,0,0,차대차 - 기타,안전운전불이행,건조,맑음,교차로 - 교차로안,승용,남,63세,상해없음,자전거,여,53세,중상
2014051800100420,2014년 5월 18일 17시,일요일,대구광역시 달서구 송현동,경상사고,0,0,2,0,차대차 - 측면직각충돌,안전거리미확보,건조,맑음,단일로 - 기타,승용,남,70세,상해없음,승용,여,40세,경상
2014051800100421,2014년 5월 18일 17시,일요일,대구광역시 달성군 다사읍,경상사고,0,0,1,1,차대차 - 정면충돌,중앙선침범,건조,맑음,단일로 - 기타,자전거,남,69세,부상신고,자전거,남,32세,경상
2014051800100451,2014년 5월 18일 18시,일요일,대구광역시 동구 신기동,경상사고,0,0,1,0,차대차 - 추돌 - 진행중,안전운전불이행,건조,맑음,교차로 - 교차로안,승용,남,59세,상해없음,이륜,남,39세,경상
2014051800100452,2014년 5월 18일 18시,일요일,대구광역시 달서구 송현동,경상사고,0,0,1,0,차량단독 - 공작물충돌,안전운전불이행,건조,맑음,단일로 - 기타,화물,남,21세,경상,,,,
2014051800100453,2014년 5월 18일 18시,일요일,대구광역시 달서구 호산동,경상사고,0,0,1,0,차대차 - 기타,안전운전불이행,건조,맑음,단일로 - 기타,이륜,남,22세,상해없음,이륜,남,32세,경상
2014051800100484,2014년 5월 18일 19시,일요일,대구광역시 달서구 대곡동,경상사고,0,0,2,0,차대차 - 기타,안전거리미확보,건조,맑음,단일로 - 기타,승용,남,44세,상해없음,승용,남,27세,경상