사고번호,사고일시,요일,시군구,사고내용,사망자수,중상자수,경상자수,부상신고자수,사고유형,법규위반,노면상태,기상상태,도로형태,가해운전자 차종,가해운전자 성별,가해운전자 연령,가해운전자 상해정도,피해운전자 차종,피해운전자 성별,피해운전자 연령,피해운전자 상해정도
2014051800100521,2014년 5월 18일 20시,일요일,대구광역시 북구 태전동,중상사고,0,2,0,0,차대사람 - 기타,보행자보호의무위반,건조,맑음,단일로 - 횡단보도상,승용,남,40세,상해없음,보행자,여,56세,중상
2014051800100557,2014년 5월 18일 21시,일요일,대구광역시 동구 신기동,경상사고,0,0,1,0,차대차 - 추돌 - 주정차중,안전운전불이행,건조,맑음,단일로 - 기타,승용,남,46세,상해없음,승용,남,57세,상해없음
2014051800100558,2014년 5월 18일 21시,일요일,대구광역시 수성구 황금동,경상사고,0,0,1,0,차대차 - 기타,안전거리미확보,건조,맑음,단일로 - 기타,승용,남,65세,상해없음,승용,남,51세,경상
2014051800100559,2014년 5월 18일 21시,일요일,대구광역시 달서구 본동,부상신고사고,0,0,0,1,차대차 - 기타,신호위반,건조,맑음,교차로 - 교차로안,이륜,남,37세,부상신고,승용,남,53세,상해없음
2014051800100560,2014년 5월 18일 21시,일요일,대구광역시 북구 산격동,부상신고사고,0,0,0,1,차대차 - 추돌 - 진행중,안전운전불이행,건조,맑음,교차로 - 교차로부근,이륜,남,17세,부상신고,승용,남,62세,상해없음
2014051800100561,2014년 5월 18일 21시,일요일,대구광역시 중구 인교동,경상사고,0,0,1,1,차대차 - 기타,교차로운행방법위반,건조,맑음,교차로 - 교차로안,승용,남,56세,상해없음,승용,남,54세,상해없음
2014051800100586,2014년 5월 18일 22시,일요일,대구광역시 동구 효목동,경상사고,0,0,1,0,차대차 - 추돌 - 진행중,신호위반,건조,맑음,교차로 - 교차로안,기타불명,기타불명,기타불명,기타불명,승용,여,55세,경상
2014051800100607,2014년 5월 18일 23시,일요일,대구광역시 남구 봉덕동,중상사고,0,1,0,0,차대사람 - 기타,안전운전불이행,건조,맑음,단일로 - 횡단보도상,승용,남,52세,상해없음,보행자,남,56세,중상
2014051900100039,2014년 5월 19일 05시,월요일,대구광역시 서구 내당동,경상사고,0,0,2,0,차대차 - 측면직각충돌,안전운전불이행,건조,맑음,단일로 - 기타,승용,여,39세,경상,승용,여,51세,경상
2014051900100046,2014년 5월 19일 06시,월요일,대구광역시 중구 남산동,경상사고,0,0,7,1,차대차 - 기타,안전운전불이행,건조,맑음,단일로 - 기타,승합,남,29세,상해없음,승합,남,62세,경상
2014051900100068,2014년 5월 19일 07시,월요일,대구광역시 서구 비산동,경상사고,0,0,1,0,차대차 - 추돌 - 주정차중,안전거리미확보,건조,맑음,교차로 - 교차로안,승용,남,54세,상해없음,승용,남,42세,경상
2014051900100112,2014년 5월 19일 08시,월요일,대구광역시 수성구 지산동,경상사고,0,0,1,0,차대차 - 측면직각충돌,안전운전불이행,건조,맑음,교차로 - 교차로안,승용,여,40세,상해없음,이륜,여,49세,경상
2014051900100142,2014년 5월 19일 09시,월요일,대구광역시 달서구 성당동,경상사고,0,0,1,0,차대차 - 기타,안전거리미확보,건조,맑음,단일로 - 기타,승용,남,30세,기타불명,승용,여,55세,경상
2014051900100143,2014년 5월 19일 09시,월요일,대구광역시 달서구 장기동,경상사고,0,0,1,0,차대사람 - 횡단중,안전운전불이행,건조,맑음,교차로 - 교차로안,승용,남,68세,상해없음,보행자,여,65세,경상
2014051900100177,2014년 5월 19일 10시,월요일,대구광역시 동구 신암동,경상사고,0,0,2,0,차대사람 - 기타,교차로운행방법위반,건조,맑음,교차로 - 교차로안,승용,여,64세,상해없음,보행자,남,89세,경상
2014051900100178,2014년 5월 19일 10시,월요일,대구광역시 북구 침산동,중상사고,0,1,1,0,차대차 - 측면직각충돌,신호위반,건조,맑음,교차로 - 교차로안,화물,남,25세,경상,승용,남,71세,상해없음
2014051900100179,2014년 5월 19일 10시,월요일,대구광역시 서구 내당동,경상사고,0,0,1,0,차대차 - 기타,안전거리미확보,건조,맑음,교차로 - 교차로부근,승용,남,32세,상해없음,승용,남,65세,경상
2014051900100216,2014년 5월 19일 11시,월요일,대구광역시 동구 신기동,사망사고,1,0,0,0,차대차 - 기타,신호위반,건조,맑음,교차로 - 교차로안,승합,남,53세,상해없음,원동기,남,82세,사망
2014051900100217,2014년 5월 19일 11시,월요일,대구광역시 동구 신암동,중상사고,0,1,0,0,차대차 - 측면직각충돌,안전운전불이행,건조,맑음,교차로 - 교차로안,승용,남,56세,상해없음,자전거,여,64세,중상
2014051900100243,2014년 5월 19일 12시,월요일,대구광역시 서구 내당동,경상사고,0,0,2,0,차대차 - 추돌 - 진행중,안전거리미확보,건조,맑음,단일로 - 기타,승용,남,34세,상해없음,승용,여,69세,경상
2014051900100271,2014년 5월 19일 13시,월요일,대구광역시 수성구 만촌동,중상사고,0,1,0,0,차대차 - 기타,안전운전불이행,건조,맑음,단일로 - 기타,화물,남,55세,상해없음,원동기,남,25세,중상
2014051900100272,2014년 5월 19일 13시,월요일,대구광역시 달성군 구지면,중상사고,0,1,4,0,차대차 - 추돌 - 주정차중,안전운전불이행,건조,맑음,교차로 - 교차로부근,화물,여,53세,상해없음,화물,남,44세,중상
2014051900100273,2014년 5월 19일 13시,월요일,대구광역시 달서구 신당동,중상사고,0,1,0,0,차대차 - 측면직각충돌,안전운전불이행,건조,흐림,단일로 - 횡단보도상,승용,남,52세,상해없음,자전거,여,42세,중상
2014051900100274,2014년 5월 19일 13시,월요일,대구광역시 북구 매천동,중상사고,0,1,0,0,차대차 - 측면직각충돌,안전운전불이행,건조,맑음,단일로 - 기타,화물,남,48세,상해없음,원동기,남,40세,중상
2014051900100336,2014년 5월 19일 15시,월요일,대구광역시 서구 중리동,경상사고,0,0,1,0,차대차 - 추돌 - 주정차중,안전운전불이행,건조,맑음,교차로 - 교차로부근,승용,남,54세,상해없음,화물,남,63세,경상
2014051900100370,2014년 5월 19일 16시,월요일,대구광역시 남구 봉덕동,경상사고,0,0,1,0,차대사람 - 길가장자리구역통행중,안전운전불이행,건조,맑음,단일로 - 기타,승용,여,46세,상해없음,보행자,남,50세,경상
2014051900100371,2014년 5월 19일 16시,월요일,대구광역시 달서구 상인동,경상사고,0,0,1,0,차대사람 - 기타,안전운전불이행,건조,맑음,단일로 - 기타,승용,남,54세,상해없음,보행자,여,43세,경상
2014051900100372,2014년 5월 19일 16시,월요일,대구광역시 중구 남산동,경상사고,0,0,1,0,차대차 - 측면직각충돌,안전운전불이행,건조,맑음,단일로 - 기타,승용,여,67세,상해없음,자전거,여,40세,경상
2014051900100373,2014년 5월 19일 16시,월요일,대구광역시 중구 남산동,중상사고,0,1,0,0,차대차 - 측면직각충돌,기타,건조,맑음,기타 - 기타,화물,남,31세,상해없음,화물,남,66세,상해없음
2014051900100409,2014년 5월 19일 17시,월요일,대구광역시 달성군 논공읍,중상사고,0,2,0,0,차대차 - 측면직각충돌,신호위반,건조,맑음,교차로 - 교차로안,승용,남,57세,상해없음,승용,남,26세,중상
2014051900100410,2014년 5월 19일 17시,월요일,대구광역시 북구 복현동,중상사고,0,1,0,0,차대차 - 기타,안전운전불이행,건조,맑음,단일로 - 횡단보도상,화물,남,47세,상해없음,자전거,남,22세,중상
2014051900100411,2014년 5월 19일 17시,월요일,대구광역시 서구 비산동,경상사고,0,0,1,0,차대사람 - 기타,기타,건조,맑음,단일로 - 기타,승합,남,49세,상해없음,보행자,남,75세,경상
2014051900100412,2014년 5월 19일 17시,월요일,대구광역시 달서구 본리동,경상사고,0,0,1,0,차대사람 - 횡단중,안전운전불이행,건조,맑음,단일로 - 횡단보도부근,승용,남,42세,상해없음,보행자,여,8세,경상
2014051900100454,2014년 5월 19일 18시,월요일,대구광역시 동구 입석동,경상사고,0,0,1,0,차대차 - 측면직각충돌,안전운전불이행,건조,맑음,단일로 - 기타,승용,여,54세,상해없음,화물,남,52세,경상
2014051900100455,2014년 5월 19일 18시,월요일,대구광역시 수성구 수성동2가,경상사고,0,0,1,0,차대차 - 추돌 - 주정차중,안전운전불이행,건조,맑음,교차로 - 교차로부근,승용,여,57세,상해없음,승용,남,29세,경상
2014051900100456,2014년 5월 19일 18시,월요일,대구광역시 북구 산격동,중상사고,0,1,0,0,차대차 - 기타,불법유턴,건조,맑음,단일로 - 기타,승용,남,51세,상해없음,원동기,남,29세,중상
2014051900100457,2014년 5월 19일 18시,월요일,대구광역시 달서구 감삼동,경상사고,0,0,1,0,차대차 - 측면직각충돌,안전운전불이행,건조,맑음,단일로 - 기타,승용,남,29세,상해없음,자전거,남,71세,경상
2014051900100490,2014년 5월 19일 19시,월요일,대구광역시 북구 침산동,경상사고,0,0,3,0,차대차 - 기타,기타,건조,맑음,단일로 - 기타,승용,여,29세,기타불명,승용,여,31세,경상
2014051900100491,2014년 5월 19일 19시,월요일,대구광역시 북구 태전동,경상사고,0,0,1,0,차대차 - 기타,기타,건조,맑음,교차로 - 교차로부근,승용,남,59세,상해없음,이륜,남,17세,경상
2014051900100529,2014년 5월 19일 20시,월요일,대구광역시 달서구 상인동,중상사고,0,1,0,0,차대차 - 기타,기타,건조,맑음,교차로 - 교차로부근,승용,남,53세,상해없음,이륜,남,69세,중상
2014051900100530,2014년 5월 19일 20시,월요일,대구광역시 달성군 화원읍,사망사고,1,0,0,0,차대사람 - 횡단중,안전운전불이행,건조,맑음,단일로 - 기타,승합,여,52세,상해없음,보행자,여,80세,사망
2014051900100531,2014년 5월 19일 20시,월요일,대구광역시 달서구 이곡동,중상사고,0,2,0,0,차대차 - 측면직각충돌,불법유턴,건조,맑음,교차로 - 교차로안,화물,남,46세,상해없음,승용,여,45세,중상
2014051900100532,2014년 5월 19일 20시,월요일,대구광역시 달서구 본리동,경상사고,0,0,1,0,차대차 - 측면직각충돌,안전거리미확보,건조,맑음,단일로 - 기타,특수,남,35세,상해없음,이륜,남,18세,경상
2014051900100565,2014년 5월 19일 21시,월요일,대구광역시 남구 대명동,경상사고,0,0,2,0,차대차 - 기타,안전운전불이행,건조,맑음,단일로 - 기타,승용,남,57세,상해없음,승용,남,24세,경상
2014051900100596,2014년 5월 19일 22시,월요일,대구광역시 동구 신천동,경상사고,0,0,1,0,차대차 - 기타,안전운전불이행,건조,맑음,단일로 - 기타,승용,남,52세,상해없음,승용,남,47세,경상
2014051900100597,2014년 5월 19일 22시,월요일,대구광역시 서구 비산동,경상사고,0,0,2,0,차대사람 - 기타,안전운전불이행,건조,맑음,단일로 - 횡단보도부근,승용,남,58세,상해없음,보행자,남,16세,경상
2014051900100618,2014년 5월 19일 23시,월요일,대구광역시 남구 대명동,부상신고사고,0,0,0,1,차대차 - 측면직각충돌,기타,건조,맑음,단일로 - 기타,승용,기타불명,기타불명,기타불명,자전거,남,26세,부상신고
2014051900100619,2014년 5월 19일 23시,월요일,대구광역시 서구 평리동,중상사고,0,1,0,0,차대사람 - 기타,안전운전불이행,건조,맑음,기타 - 기타,승용,남,41세,상해없음,보행자,남,64세,중상
2014051900100620,2014년 5월 19일 23시,월요일,대구광역시 달서구 감삼동,경상사고,0,0,1,1,차대차 - 추돌 - 진행중,안전운전불이행,건조,맑음,단일로 - 기타,승용,남,28세,상해없음,승용,남,44세,경상
2014052000100020,2014년 5월 20일 00시,화요일,대구광역시 수성구 상동,경상사고,0,0,2,0,차대차 - 측면직각충돌,안전운전불이행,건조,맑음,단일로 - 기타,승용,남,66세,상해없음,승용,남,26세,경상
2014052000100021,2014년 5월 20일 00시,화요일,대구광역시 달서구 송현동,중상사고,0,1,4,0,차대차 - 추돌 - 진행중,안전운전불이행,건조,맑음,단일로 - 기타,승용,남,54세,상해없음,화물,남,49세,중상
2014052000100022,2014년 5월 20일 00시,화요일,대구광역시 달성군 논공읍,경상사고,0,0,1,1,차대차 - 측면직각충돌,직진우회전진행방해,건조,맑음,교차로 - 교차로안,승용,여,47세,부상신고,승용,여,43세,경상
2014052000100023,2014년 5월 20일 00시,화요일,대구광역시 달서구 두류동,경상사고,0,0,2,0,차대차 - 기타,안전운전불이행,건조,맑음,기타 - 기타,승용,남,62세,상해없음,승용,남,25세,경상
2014052000100042,2014년 5월 20일 02시,화요일,대구광역시 북구 태전동,경상사고,0,0,2,0,차대차 - 정면충돌,신호위반,건조,맑음,단일로 - 기타,승용,남,39세,상해없음,원동기,남,18세,경상
2014052000100043,2014년 5월 20일 02시,화요일,대구광역시 북구 서변동,경상사고,0,0,1,0,차대차 - 정면충돌,신호위반,건조,맑음,교차로 - 교차로안,승용,남,53세,상해없음,승용,남,44세,경상
2014052000100061,2014년 5월 20일 05시,화요일,대구광역시 달성군 구지면,부상신고사고,0,0,0,1,차량단독 - 공작물충돌,안전운전불이행,건조,맑음,단일로 - 기타,승용,여,38세,부상신고,,,,
2014052000100075,2014년 5월 20일 06시,화요일,대구광역시 동구 신서동,중상사고,0,1,0,0,차대사람 - 기타,안전운전불이행,건조,맑음,단일로 - 기타,승용,여,53세,상해없음,보행자,여,54세,중상
2014052000100091,2014년 5월 20일 07시,화요일,대구광역시 달서구 월성동,중상사고,0,1,0,0,차대사람 - 횡단중,신호위반,건조,맑음,교차로 - 교차로안,승용,남,49세,상해없음,보행자,여,19세,중상
2014052000100137,2014년 5월 20일 08시,화요일,대구광역시 남구 이천동,경상사고,0,0,1,0,차대차 - 측면직각충돌,중앙선침범,건조,맑음,단일로 - 기타,자전거,남,77세,경상,승용,남,57세,상해없음
2014052000100138,2014년 5월 20일 08시,화요일,대구광역시 서구 평리동,경상사고,0,0,1,0,차대사람 - 기타,안전운전불이행,건조,맑음,단일로 - 기타,승용,남,70세,상해없음,보행자,여,14세,경상
2014052000100162,2014년 5월 20일 09시,화요일,대구광역시 달서구 본동,경상사고,0,0,1,0,차대차 - 측면직각충돌,안전운전불이행,건조,맑음,단일로 - 횡단보도상,승용,남,42세,상해없음,자전거,여,53세,경상
2014052000100212,2014년 5월 20일 11시,화요일,대구광역시 동구 방촌동,중상사고,0,1,0,0,차대사람 - 보도통행중,보행자보호의무위반,건조,맑음,단일로 - 기타,승용,여,49세,상해없음,보행자,여,73세,중상
2014052000100250,2014년 5월 20일 12시,화요일,대구광역시 남구 봉덕동,경상사고,0,0,1,0,차대차 - 기타,안전운전불이행,건조,맑음,단일로 - 기타,승용,여,64세,상해없음,승용,여,32세,경상
2014052000100251,2014년 5월 20일 12시,화요일,대구광역시 중구 삼덕동2가,부상신고사고,0,0,0,1,차대차 - 추돌 - 주정차중,안전거리미확보,건조,맑음,단일로 - 기타,승용,여,40세,상해없음,승용,남,29세,부상신고
2014052000100275,2014년 5월 20일 13시,화요일,대구광역시 수성구 연호동,경상사고,0,0,1,0,차대차 - 추돌 - 진행중,안전운전불이행,건조,맑음,교차로 - 교차로부근,화물,남,42세,기타불명,승용,남,45세,경상
2014052000100276,2014년 5월 20일 13시,화요일,대구광역시 북구 검단동,경상사고,0,0,1,0,차대사람 - 횡단중,안전운전불이행,건조,맑음,단일로 - 기타,원동기,남,56세,상해없음,보행자,여,64세,경상
2014052000100277,2014년 5월 20일 13시,화요일,대구광역시 중구 동일동,경상사고,0,0,1,0,차대사람 - 횡단중,보행자보호의무위반,건조,맑음,단일로 - 횡단보도상,이륜,남,43세,상해없음,보행자,여,47세,경상
2014052000100317,2014년 5월 20일 14시,화요일,대구광역시 중구 서성로2가,경상사고,0,0,2,0,차대차 - 추돌 - 진행중,교차로운행방법위반,건조,맑음,교차로 - 교차로안,화물,남,66세,상해없음,승용,남,33세,경상
2014052000100356,2014년 5월 20일 15시,화요일,대구광역시 중구 동산동,경상사고,0,0,1,0,차대차 - 측면직각충돌,교차로운행방법위반,건조,맑음,교차로 - 교차로안,화물,남,39세,상해없음,승용,남,68세,경상
2014052000100397,2014년 5월 20일 16시,화요일,대구광역시 동구 신천동,부상신고사고,0,0,0,1,차대차 - 측면직각충돌,안전운전불이행,건조,맑음,교차로 - 교차로안,이륜,남,66세,부상신고,승합,남,52세,상해없음
2014052000100398,2014년 5월 20일 16시,화요일,대구광역시 북구 침산동,중상사고,0,1,0,0,차대차 - 추돌 - 진행중,신호위반,건조,맑음,단일로 - 횡단보도상,승용,여,56세,상해없음,이륜,남,45세,중상
2014052000100465,2014년 5월 20일 18시,화요일,대구광역시 달서구 진천동,경상사고,0,0,3,0,차대차 - 측면직각충돌,안전운전불이행,건조,맑음,단일로 - 기타,승용,여,62세,상해없음,승용,여,34세,경상
2014052000100466,2014년 5월 20일 18시,화요일,대구광역시 중구 서문로1가,경상사고,0,0,1,0,차대차 - 기타,안전운전불이행,건조,맑음,단일로 - 기타,이륜,남,58세,경상,승용,여,58세,상해없음
2014052000100467,2014년 5월 20일 18시,화요일,대구광역시 달서구 본리동,경상사고,0,0,1,0,차대차 - 추돌 - 주정차중,안전운전불이행,건조,맑음,단일로 - 기타,승용,남,47세,상해없음,승용,남,59세,경상
2014052000100493,2014년 5월 20일 19시,화요일,대구광역시 수성구 황금동,중상사고,0,1,1,0,차대사람 - 기타,신호위반,건조,맑음,단일로 - 횡단보도상,자전거,남,16세,중상,보행자,남,11세,경상
2014052000100525,2014년 5월 20일 20시,화요일,대구광역시 남구 대명동,중상사고,0,1,0,0,차대사람 - 횡단중,신호위반,건조,맑음,단일로 - 횡단보도상,승용,남,56세,상해없음,보행자,여,70세,중상
2014052000100526,2014년 5월 20일 20시,화요일,대구광역시 서구 이현동,경상사고,0,0,5,0,차대차 - 기타,안전운전불이행,건조,맑음,교차로 - 교차로부근,승용,남,51세,상해없음,승용,여,46세,경상
2014052000100527,2014년 5월 20일 20시,화요일,대구광역시 달서구 이곡동,경상사고,0,0,1,1,차대차 - 측면직각충돌,신호위반,건조,맑음,교차로 - 교차로안,승용,남,43세,부상신고,승용,남,42세,경상
2014052000100549,2014년 5월 20일 21시,화요일,대구광역시 동구 방촌동,부상신고사고,0,0,0,1,차대차 - 측면직각충돌,안전운전불이행,건조,맑음,단일로 - 기타,승용,남,36세,부상신고,화물,남,54세,상해없음
2014052000100550,2014년 5월 20일 21시,화요일,대구광역시 달서구 이곡동,부상신고사고,0,0,0,1,차대차 - 추돌 - 주정차중,안전운전불이행,건조,맑음,단일로 - 기타,이륜,남,15세,부상신고,승용,남,29세,기타불명
2014052000100615,2014년 5월 20일 23시,화요일,대구광역시 남구 봉덕동,경상사고,0,0,1,0,차대차 - 추돌 - 주정차중,안전운전불이행,건조,맑음,단일로 - 기타,원동기,남,46세,경상,승용,여,41세,상해없음
2014052100100016,2014년 5월 21일 00시,수요일,대구광역시 동구 신암동,경상사고,0,0,1,0,차대차 - 기타,안전운전불이행,건조,맑음,단일로 - 기타,승용,남,54세,상해없음,승용,남,58세,경상
2014052100100051,2014년 5월 21일 03시,수요일,대구광역시 남구 대명동,중상사고,0,1,2,0,차대차 - 기타,신호위반,건조,맑음,교차로 - 교차로안,원동기,남,22세,중상,승용,남,62세,경상
2014052100100068,2014년 5월 21일 05시,수요일,대구광역시 달서구 이곡동,중상사고,0,4,0,0,차대차 - 추돌 - 주정차중,안전운전불이행,습기,맑음,교차로 - 교차로부근,화물,남,50세,상해없음,승합,남,58세,상해없음
2014052100100076,2014년 5월 21일 06시,수요일,대구광역시 달서구 월성동,경상사고,0,0,2,0,차대차 - 기타,안전운전불이행,건조,맑음,교차로 - 교차로부근,승용,남,58세,상해없음,승용,남,49세,경상
2014052100100105,2014년 5월 21일 07시,수요일,대구광역시 달성군 옥포면,부상신고사고,0,0,0,1,차대차 - 추돌 - 진행중,안전거리미확보,건조,맑음,단일로 - 기타,화물,남,54세,상해없음,화물,남,43세,상해없음
2014052100100150,2014년 5월 21일 08시,수요일,대구광역시 북구 칠성동1가,중상사고,0,1,0,0,차대사람 - 기타,안전운전불이행,건조,맑음,단일로 - 기타,화물,남,45세,상해없음,보행자,여,86세,중상
2014052100100180,2014년 5월 21일 09시,수요일,대구광역시 북구 복현동,경상사고,0,0,2,0,차대차 - 추돌 - 주정차중,안전운전불이행,건조,맑음,단일로 - 기타,화물,남,36세,상해없음,승용,남,70세,경상
2014052100100236,2014년 5월 21일 11시,수요일,대구광역시 북구 읍내동,경상사고,0,0,1,0,차대차 - 기타,신호위반,건조,맑음,교차로 - 교차로안,이륜,남,48세,상해없음,승용,여,49세,경상
2014052100100263,2014년 5월 21일 12시,수요일,대구광역시 달서구 송현동,경상사고,0,0,1,0,차대차 - 추돌 - 주정차중,안전거리미확보,건조,맑음,단일로 - 기타,화물,남,59세,상해없음,승용,여,33세,경상
2014052100100264,2014년 5월 21일 12시,수요일,대구광역시 달성군 가창면,중상사고,0,1,0,0,차대사람 - 횡단중,안전운전불이행,건조,맑음,단일로 - 기타,승용,여,26세,기타불명,보행자,여,91세,중상
2014052100100265,2014년 5월 21일 12시,수요일,대구광역시 달성군 화원읍,경상사고,0,0,1,0,차대차 - 정면충돌,안전운전불이행,건조,맑음,단일로 - 기타,승용,남,63세,상해없음,승용,여,57세,경상
2014052100100323,2014년 5월 21일 14시,수요일,대구광역시 남구 봉덕동,중상사고,0,1,0,0,차대차 - 기타,중앙선침범,건조,맑음,단일로 - 기타,승용,남,73세,상해없음,승용,기타불명,기타불명,기타불명
2014052100100324,2014년 5월 21일 14시,수요일,대구광역시 동구 신암동,부상신고사고,0,0,0,1,차대차 - 추돌 - 진행중,안전운전불이행,건조,맑음,단일로 - 기타,기타불명,기타불명,기타불명,기타불명,자전거,여,56세,부상신고
2014052100100325,2014년 5월 21일 14시,수요일,대구광역시 수성구 삼덕동,경상사고,0,0,1,0,차대차 - 추돌 - 진행중,안전운전불이행,건조,맑음,단일로 - 기타,승용,남,39세,상해없음,승용,남,44세,경상
2014052100100326,2014년 5월 21일 14시,수요일,대구광역시 중구 대봉동,경상사고,0,0,1,0,차대차 - 추돌 - 진행중,안전운전불이행,건조,맑음,단일로 - 기타,승용,남,51세,상해없음,승용,남,64세,경상
2014052100100365,2014년 5월 21일 15시,수요일,대구광역시 서구 내당동,경상사고,0,0,2,0,차대차 - 측면직각충돌,안전거리미확보,건조,맑음,단일로 - 기타,승용,남,38세,경상,승용,남,34세,경상
2014052100100366,2014년 5월 21일 15시,수요일,대구광역시 서구 중리동,경상사고,0,0,1,0,차대차 - 측면직각충돌,교차로운행방법위반,건조,맑음,교차로 - 교차로안,승용,여,39세,상해없음,승용,여,65세,경상
2014052100100367,2014년 5월 21일 15시,수요일,대구광역시 중구 포정동,경상사고,0,0,1,0,차대사람 - 기타,안전운전불이행,건조,맑음,단일로 - 기타,화물,남,54세,상해없음,보행자,남,60세,경상
2014052100100368,2014년 5월 21일 15시,수요일,대구광역시 달서구 이곡동,부상신고사고,0,0,0,1,차대차 - 추돌 - 진행중,안전운전불이행,건조,맑음,단일로 - 기타,이륜,남,23세,부상신고,승용,여,47세,상해없음
2014052100100406,2014년 5월 21일 16시,수요일,대구광역시 동구 신암동,경상사고,0,0,2,0,차대차 - 측면직각충돌,신호위반,건조,맑음,교차로 - 교차로안,승용,여,58세,상해없음,승용,여,51세,경상
2014052100100407,2014년 5월 21일 16시,수요일,대구광역시 달서구 송현동,경상사고,0,0,1,0,차대차 - 측면직각충돌,직진우회전진행방해,건조,맑음,교차로 - 교차로안,승용,남,32세,상해없음,이륜,남,20세,경상
2014052100100408,2014년 5월 21일 16시,수요일,대구광역시 달성군 다사읍,경상사고,0,0,1,0,차대차 - 기타,안전운전불이행,건조,맑음,단일로 - 기타,승용,여,39세,상해없음,자전거,여,6세,경상
2014052100100409,2014년 5월 21일 16시,수요일,대구광역시 중구 공평동,경상사고,0,0,1,0,차대사람 - 기타,안전운전불이행,건조,맑음,단일로 - 기타,승용,여,27세,상해없음,보행자,여,47세,경상
2014052100100410,2014년 5월 21일 16시,수요일,대구광역시 중구 남산동,경상사고,0,0,1,0,차대차 - 기타,안전운전불이행,건조,맑음,단일로 - 기타,승용,남,42세,상해없음,승용,남,34세,경상
2014052100100460,2014년 5월 21일 17시,수요일,대구광역시 동구 신암동,부상신고사고,0,0,0,1,차대사람 - 기타,신호위반,건조,맑음,단일로 - 횡단보도상,원동기,남,17세,상해없음,보행자,남,47세,부상신고
2014052100100461,2014년 5월 21일 17시,수요일,대구광역시 수성구 매호동,경상사고,0,0,1,0,차대차 - 기타,안전거리미확보,건조,맑음,단일로 - 기타,이륜,남,66세,경상,승용,남,28세,상해없음
2014052100100512,2014년 5월 21일 18시,수요일,대구광역시 동구 효목동,경상사고,0,0,1,0,차대사람 - 기타,안전운전불이행,건조,맑음,단일로 - 기타,승용,여,35세,상해없음,보행자,여,9세,경상
2014052100100513,2014년 5월 21일 18시,수요일,대구광역시 수성구 범어동,경상사고,0,0,1,0,차대차 - 기타,안전운전불이행,건조,맑음,단일로 - 기타,승용,남,37세,상해없음,승용,여,32세,경상
2014052100100535,2014년 5월 21일 19시,수요일,대구광역시 달서구 상인동,경상사고,0,0,1,0,차대차 - 측면직각충돌,차로위반,건조,맑음,단일로 - 기타,승용,남,40세,상해없음,승용,남,66세,상해없음
2014052100100536,2014년 5월 21일 19시,수요일,대구광역시 달서구 상인동,경상사고,0,0,1,0,차대차 - 기타,안전운전불이행,건조,맑음,단일로 - 기타,승용,남,30세,상해없음,자전거,남,27세,경상
2014052100100537,2014년 5월 21일 19시,수요일,대구광역시 달서구 월성동,경상사고,0,0,1,0,차대사람 - 횡단중,안전운전불이행,건조,맑음,교차로 - 교차로부근,화물,남,41세,상해없음,보행자,여,9세,경상
2014052100100538,2014년 5월 21일 19시,수요일,대구광역시 달성군 논공읍,중상사고,0,1,0,0,차대사람 - 기타,안전운전불이행,건조,맑음,단일로 - 기타,화물,남,41세,상해없음,보행자,남,69세,중상
2014052100100539,2014년 5월 21일 19시,수요일,대구광역시 서구 내당동,중상사고,0,1,0,0,차대사람 - 보도통행중,기타,건조,맑음,단일로 - 기타,승용,남,34세,상해없음,보행자,여,83세,중상
2014052100100579,2014년 5월 21일 20시,수요일,대구광역시 수성구 신매동,부상신고사고,0,0,0,1,차량단독 - 기타,안전운전불이행,건조,맑음,단일로 - 기타,이륜,남,41세,부상신고,,,,
2014052100100610,2014년 5월 21일 21시,수요일,대구광역시 수성구 수성동2가,중상사고,0,1,0,0,차대차 - 기타,신호위반,건조,맑음,교차로 - 교차로부근,승용,남,53세,상해없음,원동기,남,22세,중상
2014052100100611,2014년 5월 21일 21시,수요일,대구광역시 달서구 신당동,경상사고,0,0,1,0,차대차 - 측면직각충돌,불법유턴,건조,흐림,교차로 - 교차로안,이륜,남,15세,경상,승용,남,51세,상해없음
2014052100100674,2014년 5월 21일 23시,수요일,대구광역시 수성구 범어동,경상사고,0,0,1,0,차대차 - 기타,안전운전불이행,건조,맑음,단일로 - 기타,승용,여,27세,상해없음,승용,남,21세,경상
2014052100100675,2014년 5월 21일 23시,수요일,대구광역시 달서구 본동,사망사고,1,0,0,0,차대사람 - 차도통행중,안전운전불이행,건조,맑음,교차로 - 교차로안,승용,여,50세,상해없음,보행자,남,46세,사망
2014052200100016,2014년 5월 22일 00시,목요일,대구광역시 달서구 성당동,부상신고사고,0,0,0,1,차대차 - 추돌 - 진행중,신호위반,건조,맑음,교차로 - 교차로안,원동기,남,19세,부상신고,승용,남,43세,상해없음
2014052200100025,2014년 5월 22일 01시,목요일,대구광역시 북구 노원동1가,경상사고,0,0,1,0,차대차 - 기타,안전운전불이행,건조,맑음,단일로 - 기타,승용,남,33세,상해없음,승용,여,44세,경상