사고번호,사고일시,요일,시군구,사고내용,사망자수,중상자수,경상자수,부상신고자수,사고유형,법규위반,노면상태,기상상태,도로형태,가해운전자 차종,가해운전자 성별,가해운전자 연령,가해운전자 상해정도,피해운전자 차종,피해운전자 성별,피해운전자 연령,피해운전자 상해정도
2014052400100493,2014년 5월 24일 17시,토요일,대구광역시 달서구 도원동,경상사고,0,0,1,0,차대차 - 측면직각충돌,직진우회전진행방해,건조,맑음,교차로 - 교차로안,승용,여,49세,상해없음,자전거,남,9세,경상
2014052400100494,2014년 5월 24일 17시,토요일,대구광역시 서구 비산동,경상사고,0,0,2,0,차대차 - 측면직각충돌,교차로운행방법위반,건조,맑음,교차로 - 교차로안,승용,남,26세,경상,승용,남,53세,경상
2014052400100536,2014년 5월 24일 18시,토요일,대구광역시 동구 신천동,경상사고,0,0,1,0,차대차 - 측면직각충돌,직진우회전진행방해,건조,맑음,교차로 - 교차로안,승용,남,53세,상해없음,이륜,남,58세,경상
2014052400100575,2014년 5월 24일 19시,토요일,대구광역시 북구 동천동,중상사고,0,1,0,0,차량단독 - 전도전복,안전운전불이행,건조,맑음,단일로 - 기타,자전거,남,14세,중상,,,,
2014052400100603,2014년 5월 24일 20시,토요일,대구광역시 동구 도동,경상사고,0,0,1,0,차대차 - 추돌 - 진행중,안전거리미확보,건조,맑음,단일로 - 기타,승용,남,42세,상해없음,승용,남,52세,상해없음
2014052400100605,2014년 5월 24일 20시,토요일,대구광역시 남구 이천동,중상사고,0,1,0,0,차대사람 - 횡단중,안전운전불이행,건조,맑음,단일로 - 기타,이륜,남,20세,상해없음,보행자,남,69세,중상
2014052400100606,2014년 5월 24일 20시,토요일,대구광역시 북구 노원동2가,경상사고,0,0,1,0,차대차 - 추돌 - 진행중,안전거리미확보,건조,맑음,단일로 - 교량,승용,남,24세,상해없음,승용,남,76세,경상
2014052400100637,2014년 5월 24일 21시,토요일,대구광역시 동구 신암동,경상사고,0,0,2,0,차대차 - 기타,안전운전불이행,건조,맑음,단일로 - 기타,승용,남,50세,상해없음,승용,남,62세,경상
2014052400100662,2014년 5월 24일 22시,토요일,대구광역시 동구 율하동,경상사고,0,0,1,0,차대차 - 기타,안전운전불이행,건조,맑음,단일로 - 기타,이륜,남,19세,경상,승용,남,44세,상해없음
2014052400100663,2014년 5월 24일 22시,토요일,대구광역시 동구 율하동,경상사고,0,0,1,0,차대차 - 기타,교차로운행방법위반,건조,맑음,교차로 - 교차로안,이륜,남,17세,경상,승용,남,35세,상해없음
2014052400100664,2014년 5월 24일 22시,토요일,대구광역시 동구 신천동,경상사고,0,0,1,0,차량단독 - 기타,기타,건조,맑음,단일로 - 기타,승합,남,46세,상해없음,,,,
2014052400100665,2014년 5월 24일 22시,토요일,대구광역시 달서구 송현동,경상사고,0,0,1,0,차대차 - 기타,안전운전불이행,건조,맑음,교차로 - 교차로안,원동기,남,21세,경상,승용,남,25세,상해없음
2014052400100666,2014년 5월 24일 22시,토요일,대구광역시 서구 내당동,경상사고,0,0,1,0,차대차 - 추돌 - 주정차중,안전운전불이행,건조,맑음,단일로 - 기타,승용,남,33세,상해없음,승용,남,24세,경상
2014052400100667,2014년 5월 24일 22시,토요일,대구광역시 중구 남일동,경상사고,0,0,1,0,차대차 - 추돌 - 주정차중,안전운전불이행,건조,맑음,단일로 - 기타,이륜,남,17세,상해없음,승용,남,52세,상해없음
2014052400100690,2014년 5월 24일 23시,토요일,대구광역시 수성구 수성동2가,경상사고,0,0,2,0,차대차 - 추돌 - 진행중,안전운전불이행,건조,맑음,교차로 - 교차로부근,화물,남,65세,상해없음,승합,남,56세,경상
2014052400100691,2014년 5월 24일 23시,토요일,대구광역시 서구 비산동,중상사고,0,2,0,0,차대차 - 기타,안전운전불이행,건조,맑음,단일로 - 기타,승용,남,48세,상해없음,원동기,남,54세,중상
2014052500100040,2014년 5월 25일 01시,일요일,대구광역시 동구 불로동,중상사고,0,3,0,0,차대차 - 추돌 - 진행중,안전운전불이행,건조,맑음,단일로 - 기타,승용,남,28세,상해없음,승용,남,42세,상해없음
2014052500100044,2014년 5월 25일 01시,일요일,대구광역시 달서구 호산동,경상사고,0,0,2,3,차대차 - 기타,교차로운행방법위반,습기,비,교차로 - 교차로안,승용,남,41세,상해없음,화물,남,40세,경상
2014052500100102,2014년 5월 25일 06시,일요일,대구광역시 달성군 화원읍,중상사고,0,1,1,0,차대차 - 측면직각충돌,안전운전불이행,건조,맑음,교차로 - 교차로안,승용,남,37세,중상,건설기계,남,55세,경상
2014052500100103,2014년 5월 25일 06시,일요일,대구광역시 서구 내당동,경상사고,0,0,1,0,차대차 - 추돌 - 진행중,안전거리미확보,건조,흐림,교차로 - 교차로부근,승용,남,29세,상해없음,승용,여,52세,경상
2014052500100104,2014년 5월 25일 06시,일요일,대구광역시 서구 내당동,중상사고,0,1,0,0,차대차 - 기타,기타,건조,맑음,단일로 - 기타,승용,남,38세,상해없음,이륜,여,49세,중상
2014052500100117,2014년 5월 25일 07시,일요일,대구광역시 남구 봉덕동,경상사고,0,0,1,0,차대사람 - 길가장자리구역통행중,안전운전불이행,건조,맑음,단일로 - 기타,승용,남,70세,상해없음,보행자,남,56세,경상
2014052500100169,2014년 5월 25일 10시,일요일,대구광역시 수성구 수성동1가,중상사고,0,1,1,0,차대차 - 기타,신호위반,건조,맑음,교차로 - 교차로안,승용,여,42세,상해없음,승용,여,57세,중상
2014052500100170,2014년 5월 25일 10시,일요일,대구광역시 북구 관음동,중상사고,0,1,0,0,차대차 - 기타,신호위반,건조,맑음,교차로 - 교차로안,승용,남,64세,상해없음,승용,남,41세,상해없음
2014052500100190,2014년 5월 25일 11시,일요일,대구광역시 동구 검사동,경상사고,0,0,1,0,차대차 - 기타,안전운전불이행,건조,맑음,단일로 - 기타,승용,남,30세,상해없음,자전거,남,9세,경상
2014052500100191,2014년 5월 25일 11시,일요일,대구광역시 북구 태전동,경상사고,0,0,1,0,차대차 - 기타,안전운전불이행,건조,맑음,단일로 - 기타,이륜,남,21세,상해없음,승용,여,60세,상해없음
2014052500100227,2014년 5월 25일 12시,일요일,대구광역시 달성군 옥포면,경상사고,0,0,2,0,차대차 - 측면직각충돌,안전거리미확보,건조,맑음,교차로 - 교차로부근,승용,남,49세,상해없음,화물,남,58세,상해없음
2014052500100228,2014년 5월 25일 12시,일요일,대구광역시 서구 중리동,중상사고,0,1,0,0,차대사람 - 기타,안전운전불이행,건조,맑음,단일로 - 기타,승용,여,42세,상해없음,보행자,여,74세,중상
2014052500100229,2014년 5월 25일 12시,일요일,대구광역시 서구 내당동,경상사고,0,0,2,0,차대차 - 추돌 - 주정차중,안전운전불이행,건조,맑음,단일로 - 기타,승용,남,27세,상해없음,승용,여,31세,경상
2014052500100261,2014년 5월 25일 13시,일요일,대구광역시 수성구 범어동,경상사고,0,0,1,0,차대사람 - 기타,안전운전불이행,건조,맑음,단일로 - 기타,승합,남,51세,상해없음,보행자,남,11세,경상
2014052500100262,2014년 5월 25일 13시,일요일,대구광역시 달성군 다사읍,중상사고,0,1,0,0,차량단독 - 기타,안전운전불이행,건조,맑음,단일로 - 기타,자전거,남,51세,중상,,,,
2014052500100263,2014년 5월 25일 13시,일요일,대구광역시 서구 이현동,경상사고,0,0,1,0,차대차 - 측면직각충돌,신호위반,건조,맑음,교차로 - 교차로안,자전거,남,80세,경상,승용,남,38세,상해없음
2014052500100264,2014년 5월 25일 13시,일요일,대구광역시 달서구 이곡동,중상사고,0,1,1,0,차대차 - 기타,교차로운행방법위반,건조,맑음,기타 - 기타,이륜,남,36세,중상,승용,여,44세,경상
2014052500100265,2014년 5월 25일 13시,일요일,대구광역시 달서구 호산동,부상신고사고,0,0,0,1,차량단독 - 기타,안전운전불이행,건조,맑음,단일로 - 횡단보도상,자전거,남,11세,부상신고,,,,
2014052500100289,2014년 5월 25일 14시,일요일,대구광역시 동구 불로동,경상사고,0,0,2,0,차대차 - 추돌 - 주정차중,안전운전불이행,건조,맑음,단일로 - 기타,화물,남,44세,상해없음,승용,여,39세,경상
2014052500100290,2014년 5월 25일 14시,일요일,대구광역시 달서구 대곡동,경상사고,0,0,2,0,차대차 - 추돌 - 주정차중,안전운전불이행,건조,맑음,단일로 - 기타,원동기,남,42세,경상,승용,남,58세,상해없음
2014052500100291,2014년 5월 25일 14시,일요일,대구광역시 서구 내당동,중상사고,0,1,0,0,차대차 - 기타,신호위반,건조,흐림,단일로 - 횡단보도상,승용,여,39세,상해없음,자전거,남,62세,중상
2014052500100321,2014년 5월 25일 15시,일요일,대구광역시 북구 관음동,중상사고,0,1,0,0,차대사람 - 기타,안전운전불이행,건조,맑음,기타 - 기타,승용,남,44세,상해없음,보행자,남,76세,중상
2014052500100402,2014년 5월 25일 17시,일요일,대구광역시 달서구 월성동,중상사고,0,1,2,0,차대차 - 측면직각충돌,직진우회전진행방해,건조,맑음,교차로 - 교차로안,승용,남,52세,상해없음,승용,남,34세,중상
2014052500100403,2014년 5월 25일 17시,일요일,대구광역시 달서구 장기동,경상사고,0,0,1,0,차대사람 - 횡단중,보행자보호의무위반,습기,비,교차로 - 교차로부근,승용,남,27세,상해없음,보행자,남,25세,경상
2014052500100404,2014년 5월 25일 17시,일요일,대구광역시 북구 태전동,경상사고,0,0,2,0,차대차 - 기타,안전운전불이행,습기,비,단일로 - 기타,승용,남,52세,상해없음,이륜,남,32세,경상
2014052500100437,2014년 5월 25일 18시,일요일,대구광역시 달성군 현풍면,경상사고,0,0,2,0,차대차 - 기타,안전운전불이행,건조,맑음,교차로 - 교차로안,승용,남,28세,기타불명,승용,남,25세,상해없음
2014052500100470,2014년 5월 25일 19시,일요일,대구광역시 동구 지묘동,경상사고,0,0,1,1,차대차 - 측면직각충돌,안전운전불이행,습기,비,교차로 - 교차로안,승용,남,32세,상해없음,승용,남,22세,경상
2014052500100471,2014년 5월 25일 19시,일요일,대구광역시 동구 율하동,경상사고,0,0,1,0,차대차 - 추돌 - 진행중,안전운전불이행,습기,비,교차로 - 교차로안,화물,남,39세,상해없음,원동기,남,25세,경상
2014052500100472,2014년 5월 25일 19시,일요일,대구광역시 동구 효목동,중상사고,0,1,0,1,차대차 - 기타,안전거리미확보,습기,맑음,단일로 - 기타,승용,남,57세,부상신고,승용,남,28세,중상
2014052500100473,2014년 5월 25일 19시,일요일,대구광역시 북구 노원동2가,중상사고,0,1,0,0,차대사람 - 기타,안전운전불이행,습기,비,단일로 - 기타,승용,여,65세,상해없음,보행자,남,82세,중상
2014052500100474,2014년 5월 25일 19시,일요일,대구광역시 서구 평리동,경상사고,0,0,1,0,차대차 - 기타,안전거리미확보,습기,비,단일로 - 기타,승용,남,60세,상해없음,승용,남,62세,경상
2014052500100475,2014년 5월 25일 19시,일요일,대구광역시 북구 읍내동,경상사고,0,0,2,0,차대차 - 추돌 - 진행중,안전운전불이행,습기,비,교차로 - 교차로부근,승용,여,46세,상해없음,승용,남,31세,경상
2014052500100532,2014년 5월 25일 20시,일요일,대구광역시 동구 방촌동,경상사고,0,0,1,0,차대사람 - 기타,안전운전불이행,습기,비,단일로 - 기타,승용,남,52세,상해없음,보행자,남,68세,경상
2014052500100533,2014년 5월 25일 20시,일요일,대구광역시 동구 지묘동,중상사고,0,3,2,0,차대차 - 추돌 - 진행중,안전운전불이행,습기,비,단일로 - 기타,승용,남,41세,상해없음,화물,남,52세,경상
2014052500100534,2014년 5월 25일 20시,일요일,대구광역시 수성구 신매동,중상사고,0,1,1,0,차대차 - 측면직각충돌,안전운전불이행,습기,비,단일로 - 기타,승용,남,47세,상해없음,승용,남,41세,중상
2014052500100535,2014년 5월 25일 20시,일요일,대구광역시 서구 내당동,경상사고,0,0,2,0,차대차 - 추돌 - 주정차중,불법유턴,건조,맑음,교차로 - 교차로안,승용,여,23세,상해없음,승용,남,67세,경상
2014052500100536,2014년 5월 25일 20시,일요일,대구광역시 달서구 용산동,중상사고,0,1,0,0,차대차 - 기타,불법유턴,습기,비,단일로 - 기타,승용,남,55세,상해없음,이륜,남,16세,중상
2014052500100537,2014년 5월 25일 20시,일요일,대구광역시 달서구 두류동,부상신고사고,0,0,0,1,차대차 - 추돌 - 진행중,교차로운행방법위반,습기,비,교차로 - 교차로안,원동기,남,26세,부상신고,승용,남,56세,상해없음
2014052500100538,2014년 5월 25일 20시,일요일,대구광역시 북구 태전동,중상사고,0,1,1,0,차대차 - 추돌 - 주정차중,안전운전불이행,습기,비,교차로 - 교차로부근,승용,남,52세,상해없음,승용,여,50세,경상
2014052500100583,2014년 5월 25일 21시,일요일,대구광역시 남구 대명동,부상신고사고,0,0,0,1,차대차 - 기타,신호위반,습기,비,교차로 - 교차로안,이륜,남,38세,부상신고,승용,남,34세,상해없음
2014052500100584,2014년 5월 25일 21시,일요일,대구광역시 달서구 진천동,경상사고,0,0,1,0,차대차 - 측면직각충돌,안전운전불이행,습기,비,단일로 - 기타,승용,남,52세,상해없음,원동기,남,61세,경상
2014052500100623,2014년 5월 25일 22시,일요일,대구광역시 북구 산격동,경상사고,0,0,2,0,차대차 - 추돌 - 진행중,안전운전불이행,건조,맑음,교차로 - 교차로부근,승용,남,19세,상해없음,승용,남,37세,경상
2014052500100624,2014년 5월 25일 22시,일요일,대구광역시 남구 대명동,경상사고,0,0,1,0,차대사람 - 횡단중,안전운전불이행,건조,맑음,교차로 - 교차로부근,승용,기타불명,기타불명,기타불명,보행자,여,17세,경상
2014052500100650,2014년 5월 25일 23시,일요일,대구광역시 북구 읍내동,중상사고,0,1,2,0,차대차 - 추돌 - 주정차중,안전운전불이행,건조,맑음,교차로 - 교차로부근,승용,남,32세,중상,승용,여,46세,경상
2014052600100016,2014년 5월 26일 00시,월요일,대구광역시 수성구 신매동,경상사고,0,0,2,0,차대차 - 추돌 - 주정차중,안전거리미확보,습기,비,교차로 - 교차로부근,승용,남,62세,상해없음,승용,남,39세,경상
2014052600100017,2014년 5월 26일 00시,월요일,대구광역시 달성군 다사읍,경상사고,0,0,1,0,차대차 - 추돌 - 주정차중,안전운전불이행,건조,맑음,교차로 - 교차로안,승용,남,31세,상해없음,승용,남,50세,경상
2014052600100030,2014년 5월 26일 01시,월요일,대구광역시 북구 산격동,경상사고,0,0,1,0,차대사람 - 횡단중,신호위반,습기,비,교차로 - 교차로부근,화물,남,60세,상해없음,보행자,여,51세,경상
2014052600100039,2014년 5월 26일 02시,월요일,대구광역시 달성군 논공읍,중상사고,0,1,1,0,차대차 - 측면직각충돌,안전운전불이행,건조,맑음,교차로 - 교차로안,승용,여,50세,중상,승용,남,21세,경상
2014052600100040,2014년 5월 26일 02시,월요일,대구광역시 달서구 두류동,중상사고,0,1,0,0,차대사람 - 횡단중,안전운전불이행,습기,비,교차로 - 교차로안,승용,남,25세,상해없음,보행자,남,41세,중상
2014052600100068,2014년 5월 26일 05시,월요일,대구광역시 북구 산격동,경상사고,0,0,1,0,차대차 - 기타,안전거리미확보,건조,맑음,단일로 - 기타,승용,남,31세,상해없음,자전거,남,28세,경상
2014052600100069,2014년 5월 26일 05시,월요일,대구광역시 서구 평리동,중상사고,0,1,0,0,차대차 - 측면직각충돌,신호위반,건조,맑음,교차로 - 교차로안,승용,남,64세,상해없음,승용,남,59세,중상
2014052600100144,2014년 5월 26일 08시,월요일,대구광역시 남구 봉덕동,중상사고,0,1,6,0,차대차 - 추돌 - 진행중,안전거리미확보,건조,맑음,교차로 - 교차로부근,승합,남,56세,상해없음,승용,남,42세,경상
2014052600100145,2014년 5월 26일 08시,월요일,대구광역시 중구 남일동,부상신고사고,0,0,0,1,차량단독 - 기타,안전운전불이행,건조,맑음,단일로 - 기타,이륜,남,17세,부상신고,,,,
2014052600100146,2014년 5월 26일 08시,월요일,대구광역시 달서구 이곡동,경상사고,0,0,3,0,차대차 - 기타,교차로운행방법위반,건조,맑음,교차로 - 교차로안,승용,여,31세,경상,승용,남,71세,경상
2014052600100204,2014년 5월 26일 10시,월요일,대구광역시 중구 대신동,경상사고,0,0,1,0,차대차 - 기타,안전운전불이행,건조,맑음,단일로 - 기타,이륜,남,75세,상해없음,승용,남,54세,경상
2014052600100205,2014년 5월 26일 10시,월요일,대구광역시 달서구 두류동,경상사고,0,0,1,0,차대사람 - 기타,안전운전불이행,건조,맑음,단일로 - 기타,승합,남,48세,기타불명,보행자,여,58세,경상
2014052600100235,2014년 5월 26일 11시,월요일,대구광역시 달서구 월성동,중상사고,0,1,0,0,차대차 - 측면직각충돌,안전운전불이행,건조,맑음,단일로 - 기타,화물,남,43세,상해없음,이륜,남,58세,중상
2014052600100236,2014년 5월 26일 11시,월요일,대구광역시 달서구 감삼동,경상사고,0,0,1,0,차대차 - 기타,안전운전불이행,건조,맑음,교차로 - 교차로부근,승용,여,50세,상해없음,승용,남,64세,상해없음
2014052600100292,2014년 5월 26일 13시,월요일,대구광역시 남구 대명동,경상사고,0,0,1,0,차대차 - 측면직각충돌,기타,건조,맑음,교차로 - 교차로안,승용,여,53세,상해없음,원동기,남,61세,경상
2014052600100293,2014년 5월 26일 13시,월요일,대구광역시 북구 구암동,경상사고,0,0,1,0,차대차 - 정면충돌,안전운전불이행,건조,맑음,교차로 - 교차로안,승용,남,38세,상해없음,승용,여,41세,경상
2014052600100357,2014년 5월 26일 15시,월요일,대구광역시 수성구 황금동,중상사고,0,1,0,0,차대사람 - 기타,안전운전불이행,건조,맑음,교차로 - 교차로부근,승합,남,58세,상해없음,보행자,여,71세,중상
2014052600100358,2014년 5월 26일 15시,월요일,대구광역시 달서구 송현동,경상사고,0,0,1,0,차대차 - 추돌 - 주정차중,안전운전불이행,건조,맑음,교차로 - 교차로부근,화물,남,55세,상해없음,승용,남,37세,경상
2014052600100402,2014년 5월 26일 16시,월요일,대구광역시 달성군 가창면,중상사고,0,2,0,1,차대차 - 기타,안전거리미확보,건조,맑음,교차로 - 교차로부근,화물,남,27세,부상신고,승용,여,62세,중상
2014052600100439,2014년 5월 26일 17시,월요일,대구광역시 수성구 가천동,중상사고,0,1,0,0,차대사람 - 횡단중,보행자보호의무위반,건조,맑음,단일로 - 횡단보도상,승용,남,67세,상해없음,보행자,여,58세,중상
2014052600100440,2014년 5월 26일 17시,월요일,대구광역시 북구 동천동,경상사고,0,0,1,0,차대차 - 측면직각충돌,안전운전불이행,건조,맑음,교차로 - 교차로안,이륜,남,16세,상해없음,승용,남,51세,상해없음
2014052600100490,2014년 5월 26일 18시,월요일,대구광역시 동구 효목동,경상사고,0,0,3,0,차대차 - 기타,안전운전불이행,건조,맑음,단일로 - 기타,승용,남,61세,상해없음,승용,여,50세,경상
2014052600100491,2014년 5월 26일 18시,월요일,대구광역시 수성구 대흥동,중상사고,0,2,1,0,차대차 - 기타,교차로운행방법위반,건조,맑음,교차로 - 교차로안,승용,여,27세,경상,승용,여,57세,중상
2014052600100492,2014년 5월 26일 18시,월요일,대구광역시 북구 노원동1가,중상사고,0,1,0,0,차대사람 - 횡단중,보행자보호의무위반,건조,맑음,단일로 - 횡단보도상,승용,여,48세,상해없음,보행자,남,59세,중상
2014052600100493,2014년 5월 26일 18시,월요일,대구광역시 북구 관음동,중상사고,0,1,0,0,차대차 - 측면직각충돌,안전운전불이행,건조,맑음,교차로 - 교차로부근,원동기,여,47세,중상,승용,남,50세,상해없음
2014052600100534,2014년 5월 26일 19시,월요일,대구광역시 중구 북성로1가,경상사고,0,0,1,0,차대차 - 기타,안전운전불이행,기타,맑음,단일로 - 기타,승용,여,57세,상해없음,승용,남,57세,경상
2014052600100535,2014년 5월 26일 19시,월요일,대구광역시 중구 남산동,중상사고,0,1,0,0,차대차 - 추돌 - 진행중,안전운전불이행,건조,맑음,단일로 - 기타,이륜,기타불명,기타불명,기타불명,승용,남,45세,중상
2014052600100536,2014년 5월 26일 19시,월요일,대구광역시 달서구 용산동,부상신고사고,0,0,0,1,차대차 - 기타,안전운전불이행,건조,맑음,단일로 - 기타,이륜,남,17세,부상신고,승용,여,37세,상해없음
2014052600100559,2014년 5월 26일 20시,월요일,대구광역시 남구 대명동,경상사고,0,0,1,0,차대차 - 추돌 - 진행중,안전거리미확보,건조,맑음,교차로 - 교차로부근,승용,남,60세,상해없음,승용,남,43세,상해없음
2014052600100560,2014년 5월 26일 20시,월요일,대구광역시 서구 내당동,경상사고,0,0,3,0,차대차 - 추돌 - 진행중,안전거리미확보,건조,맑음,교차로 - 교차로안,승용,남,58세,상해없음,승용,여,43세,경상
2014052600100593,2014년 5월 26일 21시,월요일,대구광역시 달서구 진천동,중상사고,0,1,0,0,차대차 - 측면직각충돌,교차로운행방법위반,건조,맑음,교차로 - 교차로안,승용,남,57세,상해없음,원동기,남,19세,중상
2014052600100594,2014년 5월 26일 21시,월요일,대구광역시 달성군 논공읍,중상사고,0,1,0,1,차대차 - 기타,신호위반,건조,맑음,교차로 - 교차로안,이륜,남,16세,부상신고,승용,남,37세,상해없음
2014052600100595,2014년 5월 26일 21시,월요일,대구광역시 북구 대현동,경상사고,0,0,1,0,차대사람 - 횡단중,안전운전불이행,건조,맑음,단일로 - 횡단보도상,이륜,남,15세,상해없음,보행자,여,48세,경상
2014052600100622,2014년 5월 26일 22시,월요일,대구광역시 서구 내당동,중상사고,0,2,0,0,차대차 - 추돌 - 주정차중,안전운전불이행,건조,맑음,단일로 - 기타,이륜,남,48세,중상,승용,여,32세,중상
2014052600100623,2014년 5월 26일 22시,월요일,대구광역시 북구 태전동,중상사고,0,1,5,4,차대차 - 측면직각충돌,안전운전불이행,건조,맑음,교차로 - 교차로안,승용,남,52세,상해없음,승합,남,45세,부상신고
2014052700100009,2014년 5월 27일 00시,화요일,대구광역시 북구 칠성동1가,경상사고,0,0,2,0,차대차 - 추돌 - 주정차중,안전운전불이행,건조,맑음,단일로 - 기타,승용,남,27세,상해없음,승용,남,54세,경상
2014052700100024,2014년 5월 27일 01시,화요일,대구광역시 수성구 범어동,경상사고,0,0,1,0,차대차 - 기타,안전운전불이행,건조,맑음,단일로 - 기타,승용,남,65세,상해없음,이륜,남,22세,경상
2014052700100025,2014년 5월 27일 01시,화요일,대구광역시 북구 고성동2가,중상사고,0,1,0,0,차대사람 - 횡단중,안전운전불이행,건조,맑음,단일로 - 기타,승용,남,47세,상해없음,보행자,남,34세,중상
2014052700100031,2014년 5월 27일 02시,화요일,대구광역시 수성구 황금동,경상사고,0,0,1,0,차대차 - 추돌 - 주정차중,안전운전불이행,건조,맑음,교차로 - 교차로부근,승용,남,65세,상해없음,승용,여,53세,경상
2014052700100038,2014년 5월 27일 03시,화요일,대구광역시 동구 진인동,경상사고,0,0,1,0,차대차 - 추돌 - 진행중,안전운전불이행,건조,맑음,단일로 - 기타,승용,남,25세,상해없음,화물,남,36세,경상
2014052700100079,2014년 5월 27일 06시,화요일,대구광역시 북구 구암동,경상사고,0,0,1,0,차대차 - 기타,안전운전불이행,건조,맑음,기타 - 기타,승용,남,43세,상해없음,승용,남,36세,경상
2014052700100108,2014년 5월 27일 07시,화요일,대구광역시 북구 검단동,경상사고,0,0,1,0,차대사람 - 기타,신호위반,건조,맑음,교차로 - 교차로부근,승용,남,32세,상해없음,보행자,여,20세,경상
2014052700100159,2014년 5월 27일 08시,화요일,대구광역시 동구 신서동,중상사고,0,1,0,0,차대차 - 기타,안전운전불이행,건조,맑음,교차로 - 교차로부근,화물,남,54세,상해없음,승용,남,52세,상해없음
2014052700100160,2014년 5월 27일 08시,화요일,대구광역시 수성구 수성동4가,중상사고,0,1,0,0,차량단독 - 기타,안전운전불이행,건조,맑음,교차로 - 교차로안,승합,남,56세,상해없음,,,,
2014052700100161,2014년 5월 27일 08시,화요일,대구광역시 북구 침산동,경상사고,0,0,1,0,차대차 - 측면직각충돌,안전운전불이행,건조,맑음,교차로 - 교차로부근,승용,여,40세,상해없음,자전거,여,13세,경상
2014052700100162,2014년 5월 27일 08시,화요일,대구광역시 중구 달성동,경상사고,0,0,1,0,차대사람 - 기타,안전운전불이행,건조,맑음,단일로 - 기타,승용,남,56세,상해없음,보행자,여,53세,경상
2014052700100208,2014년 5월 27일 09시,화요일,대구광역시 달성군 옥포면,중상사고,0,1,0,0,차량단독 - 전도전복,안전운전불이행,건조,맑음,단일로 - 기타,승용,여,48세,중상,,,,
2014052700100209,2014년 5월 27일 09시,화요일,대구광역시 북구 칠성동1가,경상사고,0,0,1,0,차대차 - 측면직각충돌,안전운전불이행,건조,맑음,교차로 - 교차로안,승용,남,60세,상해없음,자전거,여,44세,경상
2014052700100210,2014년 5월 27일 09시,화요일,대구광역시 북구 노원동1가,경상사고,0,0,1,0,차대차 - 기타,직진우회전진행방해,건조,맑음,교차로 - 교차로안,원동기,남,55세,상해없음,원동기,여,64세,경상
2014052700100211,2014년 5월 27일 09시,화요일,대구광역시 중구 달성동,사망사고,1,0,0,0,차대사람 - 기타,안전운전불이행,건조,맑음,단일로 - 기타,화물,남,59세,상해없음,보행자,남,59세,사망
2014052700100230,2014년 5월 27일 10시,화요일,대구광역시 북구 관음동,경상사고,0,0,1,0,차대사람 - 길가장자리구역통행중,기타,건조,맑음,단일로 - 기타,승용,남,48세,상해없음,보행자,여,62세,경상
2014052700100257,2014년 5월 27일 11시,화요일,대구광역시 동구 효목동,경상사고,0,0,1,0,차대사람 - 기타,안전운전불이행,건조,맑음,단일로 - 기타,승용,남,42세,상해없음,보행자,남,74세,경상
2014052700100286,2014년 5월 27일 12시,화요일,대구광역시 남구 대명동,경상사고,0,0,1,0,차대차 - 기타,안전운전불이행,건조,맑음,기타 - 기타,자전거,여,57세,경상,화물,남,46세,상해없음
2014052700100287,2014년 5월 27일 12시,화요일,대구광역시 동구 신천동,경상사고,0,0,1,0,차대차 - 측면직각충돌,안전운전불이행,건조,맑음,단일로 - 기타,이륜,남,42세,경상,승용,여,44세,상해없음
2014052700100315,2014년 5월 27일 13시,화요일,대구광역시 중구 삼덕동3가,중상사고,0,1,0,0,차대차 - 측면직각충돌,안전운전불이행,건조,맑음,단일로 - 기타,승용,여,47세,상해없음,이륜,남,77세,중상
2014052700100316,2014년 5월 27일 13시,화요일,대구광역시 중구 계산동2가,중상사고,0,1,0,0,차대차 - 기타,안전운전불이행,건조,맑음,단일로 - 기타,기타불명,기타불명,기타불명,기타불명,자전거,남,72세,중상
2014052700100347,2014년 5월 27일 14시,화요일,대구광역시 중구 동인동2가,경상사고,0,0,6,0,차대차 - 추돌 - 주정차중,안전운전불이행,건조,맑음,단일로 - 기타,승용,여,46세,상해없음,승용,남,25세,경상
2014052700100387,2014년 5월 27일 15시,화요일,대구광역시 동구 각산동,중상사고,0,1,0,0,차대사람 - 기타,안전운전불이행,건조,맑음,단일로 - 기타,승용,남,38세,상해없음,보행자,남,6세,중상
2014052700100389,2014년 5월 27일 15시,화요일,대구광역시 중구 달성동,경상사고,0,0,1,0,차대차 - 측면직각충돌,안전운전불이행,건조,맑음,단일로 - 기타,자전거,남,68세,경상,이륜,남,46세,상해없음
2014052700100432,2014년 5월 27일 16시,화요일,대구광역시 수성구 상동,중상사고,0,1,0,0,차대차 - 기타,안전운전불이행,건조,맑음,교차로 - 교차로안,승용,남,68세,상해없음,원동기,남,79세,중상
2014052700100433,2014년 5월 27일 16시,화요일,대구광역시 수성구 범어동,중상사고,0,1,0,0,차대차 - 기타,안전운전불이행,기타,맑음,기타 - 기타,자전거,남,40세,중상,자전거,남,15세,기타불명
2014052700100434,2014년 5월 27일 16시,화요일,대구광역시 달성군 화원읍,중상사고,0,1,0,0,차대차 - 측면직각충돌,안전운전불이행,건조,맑음,단일로 - 기타,화물,남,59세,상해없음,이륜,남,63세,중상