사고번호,사고일시,요일,시군구,사고내용,사망자수,중상자수,경상자수,부상신고자수,사고유형,법규위반,노면상태,기상상태,도로형태,가해운전자 차종,가해운전자 성별,가해운전자 연령,가해운전자 상해정도,피해운전자 차종,피해운전자 성별,피해운전자 연령,피해운전자 상해정도
2014060200100142,2014년 6월 2일 09시,월요일,대구광역시 동구 신암동,중상사고,0,2,0,0,차대차 - 측면직각충돌,교차로운행방법위반,건조,맑음,교차로 - 교차로안,승용,여,52세,상해없음,원동기,남,55세,중상
2014060200100143,2014년 6월 2일 09시,월요일,대구광역시 서구 내당동,중상사고,0,1,0,0,차대사람 - 기타,안전운전불이행,건조,맑음,단일로 - 기타,승용,여,41세,상해없음,보행자,남,70세,중상
2014060200100235,2014년 6월 2일 12시,월요일,대구광역시 남구 대명동,경상사고,0,0,1,0,차대차 - 기타,안전운전불이행,건조,맑음,교차로 - 교차로부근,승용,남,41세,상해없음,승용,남,44세,경상
2014060200100236,2014년 6월 2일 12시,월요일,대구광역시 동구 불로동,경상사고,0,0,1,0,차대사람 - 차도통행중,안전운전불이행,건조,맑음,단일로 - 기타,특수,남,61세,상해없음,보행자,남,78세,경상
2014060200100237,2014년 6월 2일 12시,월요일,대구광역시 달성군 다사읍,경상사고,0,0,1,0,차대차 - 기타,안전운전불이행,건조,맑음,단일로 - 기타,승용,남,43세,상해없음,승용,남,47세,경상
2014060200100267,2014년 6월 2일 13시,월요일,대구광역시 서구 내당동,부상신고사고,0,0,0,5,차대차 - 추돌 - 주정차중,안전운전불이행,습기,맑음,단일로 - 기타,이륜,남,16세,부상신고,승용,여,39세,부상신고
2014060200100294,2014년 6월 2일 14시,월요일,대구광역시 남구 대명동,경상사고,0,0,1,0,차대차 - 추돌 - 주정차중,안전거리미확보,건조,맑음,교차로 - 교차로부근,승용,남,52세,상해없음,승용,남,28세,경상
2014060200100295,2014년 6월 2일 14시,월요일,대구광역시 수성구 범어동,경상사고,0,0,1,1,차대차 - 기타,안전운전불이행,건조,흐림,단일로 - 기타,승용,여,53세,부상신고,승용,여,40세,경상
2014060200100346,2014년 6월 2일 15시,월요일,대구광역시 중구 태평로2가,경상사고,0,0,1,0,차대차 - 기타,안전운전불이행,건조,맑음,교차로 - 교차로부근,승용,기타불명,14세,기타불명,승용,여,58세,경상
2014060200100378,2014년 6월 2일 16시,월요일,대구광역시 북구 침산동,중상사고,0,1,0,0,차대사람 - 횡단중,안전운전불이행,건조,맑음,교차로 - 교차로부근,승용,여,46세,상해없음,보행자,남,14세,중상
2014060200100379,2014년 6월 2일 16시,월요일,대구광역시 중구 동인동1가,경상사고,0,0,2,0,차대차 - 측면직각충돌,안전운전불이행,건조,맑음,단일로 - 기타,승용,남,37세,경상,승용,여,39세,경상
2014060200100409,2014년 6월 2일 17시,월요일,대구광역시 달서구 대곡동,경상사고,0,0,1,0,차대차 - 기타,안전운전불이행,건조,맑음,단일로 - 횡단보도상,자전거,남,14세,상해없음,자전거,여,47세,경상
2014060200100410,2014년 6월 2일 17시,월요일,대구광역시 서구 내당동,경상사고,0,0,1,0,차대차 - 기타,신호위반,건조,맑음,단일로 - 기타,승용,남,52세,상해없음,이륜,남,58세,경상
2014060200100411,2014년 6월 2일 17시,월요일,대구광역시 북구 읍내동,경상사고,0,0,1,0,차대차 - 기타,안전운전불이행,건조,맑음,단일로 - 기타,승용,남,30세,상해없음,자전거,남,19세,경상
2014060200100475,2014년 6월 2일 19시,월요일,대구광역시 북구 태전동,중상사고,0,1,0,0,차대사람 - 보도통행중,안전운전불이행,습기,비,단일로 - 기타,승합,남,67세,상해없음,보행자,남,55세,중상
2014060200100518,2014년 6월 2일 20시,월요일,대구광역시 달성군 가창면,중상사고,0,1,2,0,차대차 - 추돌 - 진행중,안전운전불이행,습기,비,단일로 - 기타,승용,남,25세,상해없음,승용,남,58세,중상
2014060200100560,2014년 6월 2일 21시,월요일,대구광역시 수성구 만촌동,중상사고,0,1,1,0,차대사람 - 횡단중,안전운전불이행,습기,비,교차로 - 교차로부근,이륜,남,66세,상해없음,보행자,여,40세,중상
2014060200100561,2014년 6월 2일 21시,월요일,대구광역시 수성구 상동,경상사고,0,0,2,0,차대차 - 측면직각충돌,교차로운행방법위반,습기,비,교차로 - 교차로안,승용,남,41세,상해없음,승용,여,34세,경상
2014060200100562,2014년 6월 2일 21시,월요일,대구광역시 북구 복현동,중상사고,0,1,2,0,차대차 - 측면직각충돌,안전거리미확보,습기,비,단일로 - 기타,승용,여,53세,상해없음,승용,남,28세,경상
2014060200100564,2014년 6월 2일 21시,월요일,대구광역시 달서구 용산동,경상사고,0,0,1,0,차대사람 - 기타,안전운전불이행,습기,비,단일로 - 기타,승용,남,55세,상해없음,보행자,여,11세,경상
2014060200100610,2014년 6월 2일 22시,월요일,대구광역시 달서구 상인동,중상사고,0,2,2,0,차대차 - 추돌 - 주정차중,안전운전불이행,습기,비,단일로 - 기타,승용,남,49세,경상,화물,남,35세,기타불명
2014060200100611,2014년 6월 2일 22시,월요일,대구광역시 달서구 본동,중상사고,0,1,0,0,차대차 - 기타,안전운전불이행,습기,비,단일로 - 기타,승용,남,50세,상해없음,승용,남,38세,중상
2014060200100612,2014년 6월 2일 22시,월요일,대구광역시 달서구 본동,경상사고,0,0,1,0,차대사람 - 기타,안전운전불이행,건조,맑음,단일로 - 기타,승용,남,57세,상해없음,보행자,남,16세,경상
2014060200100613,2014년 6월 2일 22시,월요일,대구광역시 달성군 화원읍,경상사고,0,0,1,0,차대사람 - 기타,안전운전불이행,건조,맑음,교차로 - 교차로부근,화물,남,24세,상해없음,보행자,남,17세,경상
2014060200100614,2014년 6월 2일 22시,월요일,대구광역시 달서구 신당동,부상신고사고,0,0,0,1,차대차 - 기타,안전운전불이행,습기,비,교차로 - 교차로부근,원동기,남,21세,부상신고,승용,남,31세,상해없음
2014060200100651,2014년 6월 2일 23시,월요일,대구광역시 동구 용계동,경상사고,0,0,1,0,차대차 - 정면충돌,중앙선침범,습기,흐림,단일로 - 기타,화물,남,32세,상해없음,화물,남,48세,상해없음
2014060200100659,2014년 6월 2일 23시,월요일,대구광역시 남구 대명동,경상사고,0,0,4,0,차대차 - 추돌 - 진행중,안전거리미확보,습기,비,교차로 - 교차로부근,승합,남,62세,경상,승용,남,52세,경상
2014060200100660,2014년 6월 2일 23시,월요일,대구광역시 동구 신암동,중상사고,0,1,0,0,차대사람 - 횡단중,보행자보호의무위반,건조,맑음,교차로 - 교차로부근,승용,남,41세,상해없음,보행자,남,41세,중상
2014060200100661,2014년 6월 2일 23시,월요일,대구광역시 달서구 본동,경상사고,0,0,1,0,차대차 - 추돌 - 주정차중,안전운전불이행,건조,맑음,교차로 - 교차로안,승용,남,59세,상해없음,승용,남,53세,경상
2014060200100662,2014년 6월 2일 23시,월요일,대구광역시 북구 침산동,경상사고,0,0,1,0,차대사람 - 기타,안전운전불이행,습기,비,기타 - 기타,승용,남,56세,상해없음,보행자,남,32세,경상
2014060200100663,2014년 6월 2일 23시,월요일,대구광역시 달서구 본리동,경상사고,0,0,1,0,차대차 - 측면직각충돌,신호위반,습기,비,교차로 - 교차로안,승용,남,57세,기타불명,승용,여,57세,경상
2014060300100015,2014년 6월 3일 00시,화요일,대구광역시 남구 대명동,경상사고,0,0,3,0,차대차 - 기타,안전운전불이행,습기,비,단일로 - 기타,승용,남,37세,상해없음,승용,남,62세,경상
2014060300100016,2014년 6월 3일 00시,화요일,대구광역시 수성구 범어동,중상사고,0,1,2,0,차대차 - 추돌 - 주정차중,안전운전불이행,습기,비,교차로 - 교차로부근,승용,남,51세,상해없음,승용,여,38세,경상
2014060300100017,2014년 6월 3일 00시,화요일,대구광역시 북구 복현동,중상사고,0,1,0,0,차대사람 - 횡단중,안전운전불이행,습기,비,교차로 - 교차로부근,승용,여,42세,상해없음,보행자,남,51세,중상
2014060300100018,2014년 6월 3일 00시,화요일,대구광역시 서구 평리동,중상사고,0,1,0,0,차대사람 - 기타,신호위반,습기,비,단일로 - 기타,이륜,남,17세,상해없음,보행자,남,55세,중상
2014060300100019,2014년 6월 3일 00시,화요일,대구광역시 중구 동인동3가,중상사고,0,1,1,1,차대차 - 추돌 - 주정차중,안전운전불이행,습기,비,교차로 - 교차로부근,승용,남,34세,부상신고,승용,남,51세,중상
2014060300100020,2014년 6월 3일 00시,화요일,대구광역시 중구 태평로3가,경상사고,0,0,1,0,차대차 - 측면직각충돌,안전운전불이행,습기,비,교차로 - 교차로안,승용,남,32세,상해없음,승용,남,69세,경상
2014060300100021,2014년 6월 3일 00시,화요일,대구광역시 북구 국우동,경상사고,0,0,3,0,차대차 - 추돌 - 주정차중,안전거리미확보,습기,비,단일로 - 기타,승용,남,38세,상해없음,승용,남,42세,경상
2014060300100037,2014년 6월 3일 01시,화요일,대구광역시 수성구 노변동,경상사고,0,0,2,0,차대차 - 기타,안전거리미확보,습기,비,단일로 - 기타,승용,남,37세,상해없음,승용,남,58세,경상
2014060300100038,2014년 6월 3일 01시,화요일,대구광역시 서구 내당동,경상사고,0,0,1,0,차대차 - 측면직각충돌,직진우회전진행방해,습기,비,교차로 - 교차로안,승용,남,32세,상해없음,승용,남,54세,경상
2014060300100078,2014년 6월 3일 04시,화요일,대구광역시 남구 대명동,중상사고,0,1,0,0,차대사람 - 횡단중,안전운전불이행,습기,흐림,단일로 - 기타,승용,남,39세,상해없음,보행자,남,22세,중상
2014060300100133,2014년 6월 3일 07시,화요일,대구광역시 동구 각산동,중상사고,0,1,0,0,차량단독 - 공작물충돌,안전운전불이행,습기,비,단일로 - 기타,승용,남,53세,중상,,,,
2014060300100134,2014년 6월 3일 07시,화요일,대구광역시 수성구 파동,중상사고,0,1,0,0,차대사람 - 횡단중,안전운전불이행,습기,비,단일로 - 기타,승합,남,46세,상해없음,보행자,여,61세,중상
2014060300100135,2014년 6월 3일 07시,화요일,대구광역시 달성군 논공읍,경상사고,0,0,1,0,차대사람 - 횡단중,안전운전불이행,습기,비,단일로 - 기타,승용,남,52세,상해없음,보행자,여,5세,경상
2014060300100136,2014년 6월 3일 07시,화요일,대구광역시 북구 침산동,부상신고사고,0,0,0,1,차대차 - 기타,신호위반,습기,비,교차로 - 교차로안,이륜,여,48세,부상신고,승용,여,45세,상해없음
2014060300100177,2014년 6월 3일 08시,화요일,대구광역시 남구 이천동,경상사고,0,0,1,0,차대차 - 추돌 - 진행중,안전거리미확보,습기,비,교차로 - 교차로안,승용,여,41세,상해없음,승용,남,35세,경상
2014060300100178,2014년 6월 3일 08시,화요일,대구광역시 수성구 범어동,중상사고,0,1,0,0,차대차 - 측면직각충돌,기타,건조,맑음,단일로 - 기타,승용,남,35세,상해없음,이륜,남,66세,중상
2014060300100179,2014년 6월 3일 08시,화요일,대구광역시 북구 산격동,중상사고,0,1,0,0,차대차 - 기타,교차로운행방법위반,건조,맑음,교차로 - 교차로부근,화물,남,46세,상해없음,자전거,여,64세,중상
2014060300100180,2014년 6월 3일 08시,화요일,대구광역시 달서구 이곡동,경상사고,0,0,1,0,차대사람 - 횡단중,안전운전불이행,건조,맑음,교차로 - 교차로안,승용,남,42세,상해없음,보행자,여,16세,경상
2014060300100215,2014년 6월 3일 09시,화요일,대구광역시 동구 입석동,중상사고,0,1,0,0,차대차 - 측면직각충돌,교차로운행방법위반,건조,맑음,교차로 - 교차로안,승합,남,65세,상해없음,승용,여,59세,중상
2014060300100273,2014년 6월 3일 11시,화요일,대구광역시 북구 구암동,경상사고,0,0,1,0,차대차 - 추돌 - 주정차중,안전운전불이행,건조,맑음,단일로 - 횡단보도부근,승합,남,40세,상해없음,화물,여,53세,경상
2014060300100299,2014년 6월 3일 12시,화요일,대구광역시 수성구 만촌동,경상사고,0,0,1,0,차대차 - 측면직각충돌,안전거리미확보,건조,맑음,단일로 - 기타,승용,남,30세,기타불명,승합,남,53세,상해없음
2014060300100330,2014년 6월 3일 13시,화요일,대구광역시 남구 대명동,경상사고,0,0,1,0,차대사람 - 기타,안전운전불이행,건조,맑음,단일로 - 기타,승용,여,47세,기타불명,보행자,여,27세,경상
2014060300100331,2014년 6월 3일 13시,화요일,대구광역시 수성구 만촌동,중상사고,0,1,0,0,차대차 - 정면충돌,안전운전불이행,건조,맑음,기타 - 기타,승용,남,70세,상해없음,이륜,남,19세,중상
2014060300100332,2014년 6월 3일 13시,화요일,대구광역시 달성군 화원읍,경상사고,0,0,1,0,차대차 - 기타,안전운전불이행,건조,맑음,단일로 - 기타,화물,남,25세,상해없음,자전거,여,69세,경상
2014060300100333,2014년 6월 3일 13시,화요일,대구광역시 서구 평리동,중상사고,0,1,0,0,차대차 - 기타,안전운전불이행,건조,맑음,단일로 - 횡단보도부근,승용,남,52세,상해없음,자전거,여,52세,중상
2014060300100334,2014년 6월 3일 13시,화요일,대구광역시 달서구 두류동,경상사고,0,0,1,1,차대차 - 추돌 - 진행중,안전운전불이행,건조,맑음,단일로 - 기타,승용,남,56세,상해없음,승용,여,53세,경상
2014060300100362,2014년 6월 3일 14시,화요일,대구광역시 동구 효목동,중상사고,0,1,0,0,차대차 - 측면직각충돌,안전운전불이행,건조,맑음,교차로 - 교차로안,승용,남,51세,상해없음,이륜,남,53세,중상
2014060300100397,2014년 6월 3일 15시,화요일,대구광역시 수성구 범어동,경상사고,0,0,1,0,차대차 - 기타,안전거리미확보,건조,맑음,단일로 - 기타,승용,여,50세,상해없음,승용,남,47세,경상
2014060300100398,2014년 6월 3일 15시,화요일,대구광역시 중구 동성로3가,중상사고,0,1,0,0,차대사람 - 기타,안전운전불이행,건조,흐림,단일로 - 기타,승용,남,27세,상해없음,보행자,여,44세,중상
2014060300100399,2014년 6월 3일 15시,화요일,대구광역시 달서구 장기동,부상신고사고,0,0,0,1,차대차 - 추돌 - 주정차중,안전운전불이행,건조,맑음,단일로 - 기타,승용,여,36세,상해없음,승용,남,34세,부상신고
2014060300100474,2014년 6월 3일 17시,화요일,대구광역시 동구 신암동,경상사고,0,0,1,0,차대사람 - 기타,기타,건조,맑음,단일로 - 기타,승용,남,49세,상해없음,보행자,여,6세,경상
2014060300100475,2014년 6월 3일 17시,화요일,대구광역시 달성군 현풍면,경상사고,0,0,3,0,차대차 - 추돌 - 진행중,안전운전불이행,건조,맑음,교차로 - 교차로안,승용,남,61세,상해없음,승용,남,27세,경상
2014060300100476,2014년 6월 3일 17시,화요일,대구광역시 달서구 이곡동,중상사고,0,1,0,0,차대차 - 기타,안전운전불이행,건조,맑음,단일로 - 기타,화물,남,44세,상해없음,화물,남,67세,상해없음
2014060300100477,2014년 6월 3일 17시,화요일,대구광역시 달서구 용산동,중상사고,0,1,0,0,차대차 - 추돌 - 진행중,안전운전불이행,건조,맑음,단일로 - 기타,승용,남,57세,상해없음,이륜,남,43세,중상
2014060300100478,2014년 6월 3일 17시,화요일,대구광역시 북구 구암동,경상사고,0,0,1,0,차대차 - 기타,안전운전불이행,건조,맑음,기타 - 기타,자전거,남,9세,경상,승용,남,58세,상해없음
2014060300100518,2014년 6월 3일 18시,화요일,대구광역시 남구 대명동,경상사고,0,0,2,0,차대차 - 기타,안전운전불이행,건조,흐림,교차로 - 교차로부근,승용,여,53세,상해없음,승용,남,24세,경상
2014060300100519,2014년 6월 3일 18시,화요일,대구광역시 수성구 지산동,경상사고,0,0,1,0,차대차 - 기타,안전운전불이행,건조,맑음,교차로 - 교차로부근,승용,여,41세,상해없음,자전거,남,15세,경상
2014060300100520,2014년 6월 3일 18시,화요일,대구광역시 북구 산격동,경상사고,0,0,1,1,차대차 - 추돌 - 진행중,교차로운행방법위반,건조,맑음,교차로 - 교차로안,이륜,남,18세,부상신고,이륜,남,25세,경상
2014060300100540,2014년 6월 3일 19시,화요일,대구광역시 동구 율하동,경상사고,0,0,1,0,차대사람 - 기타,안전운전불이행,건조,맑음,단일로 - 기타,이륜,남,48세,상해없음,보행자,남,19세,경상
2014060300100541,2014년 6월 3일 19시,화요일,대구광역시 달서구 상인동,중상사고,0,1,0,0,차대사람 - 기타,신호위반,건조,맑음,교차로 - 교차로안,승합,남,68세,상해없음,보행자,여,12세,중상
2014060300100542,2014년 6월 3일 19시,화요일,대구광역시 달서구 대곡동,중상사고,0,1,0,0,차대차 - 측면직각충돌,차로위반,건조,맑음,단일로 - 기타,승용,남,51세,상해없음,승용,남,50세,중상
2014060300100576,2014년 6월 3일 20시,화요일,대구광역시 북구 복현동,중상사고,0,1,0,0,차대사람 - 횡단중,안전운전불이행,건조,맑음,단일로 - 기타,승용,남,47세,상해없음,보행자,남,46세,중상
2014060300100619,2014년 6월 3일 21시,화요일,대구광역시 수성구 중동,부상신고사고,0,0,0,1,차대차 - 기타,안전운전불이행,건조,맑음,단일로 - 기타,승용,남,53세,상해없음,자전거,남,21세,부상신고
2014060300100620,2014년 6월 3일 21시,화요일,대구광역시 북구 산격동,경상사고,0,0,1,0,차대차 - 기타,안전운전불이행,건조,맑음,단일로 - 기타,승합,남,45세,상해없음,승용,남,53세,경상
2014060300100658,2014년 6월 3일 22시,화요일,대구광역시 북구 대현동,중상사고,0,1,0,0,차대사람 - 횡단중,안전운전불이행,건조,맑음,단일로 - 기타,승용,남,58세,상해없음,보행자,여,79세,중상
2014060300100659,2014년 6월 3일 22시,화요일,대구광역시 달서구 장기동,중상사고,0,1,0,0,차대차 - 기타,안전운전불이행,건조,맑음,교차로 - 교차로안,이륜,남,32세,상해없음,자전거,남,14세,중상
2014060300100699,2014년 6월 3일 23시,화요일,대구광역시 달서구 상인동,사망사고,1,0,0,0,차대사람 - 기타,안전운전불이행,건조,맑음,단일로 - 기타,승용,남,46세,상해없음,보행자,여,65세,사망
2014060400100019,2014년 6월 4일 00시,수요일,대구광역시 달서구 상인동,경상사고,0,0,1,0,차대사람 - 길가장자리구역통행중,안전운전불이행,건조,맑음,교차로 - 교차로부근,승용,남,20세,상해없음,보행자,남,37세,경상
2014060400100020,2014년 6월 4일 00시,수요일,대구광역시 달서구 용산동,경상사고,0,0,4,0,차대차 - 기타,안전운전불이행,건조,맑음,단일로 - 기타,승용,남,30세,경상,승용,남,48세,경상
2014060400100045,2014년 6월 4일 01시,수요일,대구광역시 달서구 갈산동,경상사고,0,0,1,0,차대차 - 측면직각충돌,교차로운행방법위반,건조,맑음,교차로 - 교차로안,승용,남,62세,상해없음,화물,남,32세,상해없음
2014060400100075,2014년 6월 4일 03시,수요일,대구광역시 중구 삼덕동1가,경상사고,0,0,1,0,차대차 - 기타,안전운전불이행,건조,맑음,단일로 - 기타,승용,남,21세,상해없음,승용,남,56세,경상
2014060400100076,2014년 6월 4일 03시,수요일,대구광역시 북구 동천동,경상사고,0,0,3,0,차대차 - 기타,안전운전불이행,건조,맑음,단일로 - 기타,승용,여,56세,상해없음,승용,남,49세,경상
2014060400100117,2014년 6월 4일 06시,수요일,대구광역시 동구 효목동,중상사고,0,1,0,0,차대사람 - 차도통행중,안전운전불이행,건조,맑음,교차로 - 교차로안,화물,남,43세,상해없음,보행자,남,57세,중상
2014060400100118,2014년 6월 4일 06시,수요일,대구광역시 서구 비산동,중상사고,0,1,0,0,차대차 - 측면직각충돌,신호위반,건조,맑음,교차로 - 교차로안,승합,남,57세,상해없음,승용,남,42세,중상
2014060400100156,2014년 6월 4일 08시,수요일,대구광역시 달서구 두류동,중상사고,0,1,0,0,차대사람 - 횡단중,안전운전불이행,건조,맑음,단일로 - 기타,승용,남,47세,상해없음,보행자,여,64세,중상
2014060400100183,2014년 6월 4일 09시,수요일,대구광역시 동구 신암동,경상사고,0,0,1,0,차대차 - 기타,안전운전불이행,건조,맑음,교차로 - 교차로부근,승용,남,32세,상해없음,이륜,남,53세,경상
2014060400100184,2014년 6월 4일 09시,수요일,대구광역시 달서구 장동,부상신고사고,0,0,0,1,차대차 - 기타,기타,건조,맑음,단일로 - 기타,화물,남,52세,상해없음,자전거,남,35세,부상신고
2014060400100214,2014년 6월 4일 10시,수요일,대구광역시 남구 대명동,경상사고,0,0,1,0,차대차 - 추돌 - 진행중,안전운전불이행,건조,맑음,단일로 - 기타,승용,남,70세,상해없음,승용,여,46세,경상
2014060400100215,2014년 6월 4일 10시,수요일,대구광역시 달서구 감삼동,경상사고,0,0,1,0,차대차 - 측면직각충돌,안전운전불이행,건조,맑음,교차로 - 교차로안,승용,여,61세,상해없음,자전거,남,7세,경상
2014060400100246,2014년 6월 4일 11시,수요일,대구광역시 달성군 화원읍,중상사고,0,1,0,0,차대차 - 측면직각충돌,안전운전불이행,건조,맑음,교차로 - 교차로부근,승용,남,66세,상해없음,자전거,남,28세,중상
2014060400100247,2014년 6월 4일 11시,수요일,대구광역시 서구 비산동,부상신고사고,0,0,0,1,차대차 - 기타,보행자보호의무위반,건조,맑음,교차로 - 교차로부근,자전거,남,80세,부상신고,화물,남,34세,상해없음
2014060400100309,2014년 6월 4일 13시,수요일,대구광역시 수성구 파동,경상사고,0,0,2,0,차대차 - 기타,안전운전불이행,건조,맑음,단일로 - 기타,승용,여,44세,상해없음,승용,여,58세,경상
2014060400100310,2014년 6월 4일 13시,수요일,대구광역시 중구 삼덕동2가,경상사고,0,0,2,0,차대차 - 측면직각충돌,안전거리미확보,건조,맑음,교차로 - 교차로부근,승용,여,45세,상해없음,승용,남,74세,상해없음
2014060400100311,2014년 6월 4일 13시,수요일,대구광역시 달서구 감삼동,중상사고,0,1,0,0,차대차 - 측면직각충돌,신호위반,습기,흐림,단일로 - 횡단보도상,승용,남,57세,상해없음,이륜,남,51세,중상
2014060400100312,2014년 6월 4일 13시,수요일,대구광역시 달서구 호산동,경상사고,0,0,1,0,차대차 - 추돌 - 진행중,안전운전불이행,건조,흐림,교차로 - 교차로부근,화물,남,41세,상해없음,화물,남,31세,경상
2014060400100342,2014년 6월 4일 14시,수요일,대구광역시 달서구 이곡동,경상사고,0,0,1,0,차대차 - 측면직각충돌,안전운전불이행,습기,흐림,단일로 - 기타,이륜,남,50세,경상,승용,남,36세,상해없음
2014060400100371,2014년 6월 4일 15시,수요일,대구광역시 동구 둔산동,경상사고,0,0,1,0,차대차 - 기타,안전운전불이행,건조,맑음,단일로 - 기타,승용,남,38세,상해없음,승용,여,31세,경상
2014060400100375,2014년 6월 4일 15시,수요일,대구광역시 수성구 파동,중상사고,0,1,0,0,차대사람 - 기타,안전운전불이행,건조,맑음,단일로 - 기타,승용,여,52세,상해없음,보행자,여,66세,중상
2014060400100376,2014년 6월 4일 15시,수요일,대구광역시 수성구 신매동,경상사고,0,0,1,0,차대차 - 기타,안전거리미확보,건조,맑음,단일로 - 기타,화물,여,53세,상해없음,이륜,남,46세,경상
2014060400100377,2014년 6월 4일 15시,수요일,대구광역시 북구 침산동,중상사고,0,1,1,0,차대사람 - 보도통행중,안전운전불이행,건조,맑음,단일로 - 기타,자전거,여,58세,중상,보행자,남,5세,경상
2014060400100404,2014년 6월 4일 16시,수요일,대구광역시 수성구 노변동,중상사고,0,1,0,0,차대사람 - 횡단중,안전운전불이행,건조,맑음,단일로 - 기타,승용,여,45세,상해없음,보행자,남,3세,중상
2014060400100451,2014년 6월 4일 17시,수요일,대구광역시 수성구 수성동2가,중상사고,0,2,1,0,차대차 - 추돌 - 진행중,안전거리미확보,건조,맑음,단일로 - 기타,승용,여,55세,상해없음,승용,남,38세,중상
2014060400100452,2014년 6월 4일 17시,수요일,대구광역시 달성군 다사읍,경상사고,0,0,2,0,차대차 - 추돌 - 주정차중,안전운전불이행,건조,맑음,교차로 - 교차로안,승용,남,38세,상해없음,승용,남,57세,경상
2014060400100486,2014년 6월 4일 18시,수요일,대구광역시 서구 내당동,중상사고,0,1,0,0,차대사람 - 보도통행중,기타,건조,맑음,단일로 - 기타,이륜,남,32세,상해없음,보행자,남,39세,중상
2014060400100487,2014년 6월 4일 18시,수요일,대구광역시 서구 평리동,중상사고,0,1,0,0,차대사람 - 기타,안전운전불이행,건조,맑음,교차로 - 교차로안,승용,남,29세,상해없음,보행자,여,41세,중상
2014060400100595,2014년 6월 4일 21시,수요일,대구광역시 수성구 상동,중상사고,0,1,0,0,차대차 - 측면직각충돌,교차로운행방법위반,건조,맑음,교차로 - 교차로안,승용,남,55세,상해없음,이륜,남,53세,중상
2014060400100596,2014년 6월 4일 21시,수요일,대구광역시 달서구 호산동,경상사고,0,0,1,0,차대차 - 기타,안전운전불이행,습기,비,교차로 - 교차로부근,자전거,남,44세,경상,승용,남,26세,상해없음
2014060400100617,2014년 6월 4일 22시,수요일,대구광역시 북구 칠성동2가,경상사고,0,0,6,0,차대차 - 추돌 - 주정차중,안전운전불이행,건조,맑음,단일로 - 기타,승용,남,29세,상해없음,승용,남,38세,경상
2014060400100618,2014년 6월 4일 22시,수요일,대구광역시 서구 이현동,경상사고,0,0,1,0,차대차 - 기타,안전운전불이행,건조,맑음,단일로 - 기타,승용,남,52세,기타불명,승용,여,47세,상해없음
2014060400100619,2014년 6월 4일 22시,수요일,대구광역시 달서구 이곡동,중상사고,0,1,0,0,차대사람 - 횡단중,보행자보호의무위반,습기,비,단일로 - 기타,승용,남,32세,상해없음,보행자,여,27세,중상
2014060400100657,2014년 6월 4일 23시,수요일,대구광역시 서구 비산동,경상사고,0,0,1,0,차대차 - 기타,안전운전불이행,건조,맑음,교차로 - 교차로부근,자전거,남,43세,경상,승용,남,44세,상해없음
2014060500100010,2014년 6월 5일 00시,목요일,대구광역시 달서구 송현동,경상사고,0,0,1,0,차대차 - 기타,신호위반,건조,맑음,교차로 - 교차로안,승용,남,19세,상해없음,승용,남,41세,경상
2014060500100022,2014년 6월 5일 01시,목요일,대구광역시 달성군 화원읍,경상사고,0,0,1,0,차량단독 - 공작물충돌,안전운전불이행,건조,맑음,단일로 - 기타,승용,남,38세,상해없음,,,,
2014060500100023,2014년 6월 5일 01시,목요일,대구광역시 달서구 신당동,중상사고,0,2,0,0,차대차 - 기타,안전운전불이행,습기,흐림,단일로 - 기타,승용,남,25세,상해없음,원동기,남,26세,상해없음
2014060500100033,2014년 6월 5일 02시,목요일,대구광역시 동구 신천동,중상사고,0,1,2,0,차대차 - 측면직각충돌,신호위반,건조,맑음,교차로 - 교차로안,승용,남,33세,상해없음,승용,여,53세,경상
2014060500100047,2014년 6월 5일 03시,목요일,대구광역시 남구 대명동,경상사고,0,0,1,0,차대차 - 기타,안전운전불이행,습기,비,단일로 - 기타,승용,여,27세,상해없음,승용,남,39세,경상
2014060500100048,2014년 6월 5일 03시,목요일,대구광역시 북구 침산동,경상사고,0,0,1,0,차대차 - 추돌 - 진행중,안전운전불이행,습기,비,단일로 - 기타,승용,남,32세,상해없음,승용,여,26세,경상
2014060500100072,2014년 6월 5일 05시,목요일,대구광역시 서구 평리동,경상사고,0,0,2,0,차대차 - 추돌 - 주정차중,안전운전불이행,건조,맑음,교차로 - 교차로부근,승용,남,43세,상해없음,승용,여,64세,경상
2014060500100087,2014년 6월 5일 06시,목요일,대구광역시 중구 동인동1가,경상사고,0,0,1,0,차대차 - 측면직각충돌,안전운전불이행,건조,맑음,단일로 - 기타,승용,남,24세,상해없음,이륜,남,66세,경상
2014060500100138,2014년 6월 5일 08시,목요일,대구광역시 북구 고성동2가,경상사고,0,0,1,0,차대차 - 기타,안전운전불이행,습기,비,단일로 - 기타,원동기,남,44세,경상,승용,남,61세,상해없음
2014060500100167,2014년 6월 5일 09시,목요일,대구광역시 수성구 두산동,중상사고,0,1,0,0,차대차 - 측면직각충돌,신호위반,건조,맑음,단일로 - 횡단보도상,이륜,남,20세,상해없음,이륜,남,35세,중상
2014060500100204,2014년 6월 5일 10시,목요일,대구광역시 달서구 송현동,중상사고,0,1,1,0,차대차 - 측면직각충돌,교차로운행방법위반,건조,맑음,교차로 - 교차로안,원동기,남,70세,중상,승용,여,45세,경상