사고번호,사고일시,요일,시군구,사고내용,사망자수,중상자수,경상자수,부상신고자수,사고유형,법규위반,노면상태,기상상태,도로형태,가해운전자 차종,가해운전자 성별,가해운전자 연령,가해운전자 상해정도,피해운전자 차종,피해운전자 성별,피해운전자 연령,피해운전자 상해정도
2014062100100662,2014년 6월 21일 22시,토요일,대구광역시 수성구 범어동,경상사고,0,0,2,0,차대차 - 추돌 - 주정차중,안전운전불이행,건조,맑음,교차로 - 교차로부근,승용,남,19세,상해없음,승용,남,26세,경상
2014062100100697,2014년 6월 21일 23시,토요일,대구광역시 수성구 신매동,중상사고,0,1,1,0,차대차 - 측면직각충돌,안전운전불이행,건조,흐림,단일로 - 기타,승용,남,27세,상해없음,승용,남,34세,중상
2014062100100698,2014년 6월 21일 23시,토요일,대구광역시 서구 비산동,부상신고사고,0,0,0,1,차대사람 - 기타,안전운전불이행,건조,맑음,단일로 - 기타,승용,남,27세,상해없음,보행자,남,39세,부상신고
2014062200100020,2014년 6월 22일 00시,일요일,대구광역시 수성구 상동,경상사고,0,0,1,0,차대차 - 추돌 - 진행중,안전운전불이행,건조,맑음,단일로 - 기타,승용,남,42세,상해없음,승용,남,61세,경상
2014062200100058,2014년 6월 22일 02시,일요일,대구광역시 수성구 황금동,경상사고,0,0,1,2,차대차 - 추돌 - 주정차중,안전거리미확보,습기,흐림,교차로 - 교차로부근,승용,남,19세,상해없음,승용,남,19세,경상
2014062200100059,2014년 6월 22일 02시,일요일,대구광역시 서구 내당동,중상사고,0,1,0,0,차대사람 - 횡단중,안전운전불이행,건조,맑음,단일로 - 횡단보도상,승용,남,49세,상해없음,보행자,남,26세,중상
2014062200100070,2014년 6월 22일 03시,일요일,대구광역시 동구 효목동,경상사고,0,0,1,1,차량단독 - 공작물충돌,안전운전불이행,건조,맑음,단일로 - 기타,승용,남,27세,부상신고,,,,
2014062200100071,2014년 6월 22일 03시,일요일,대구광역시 중구 동성로3가,중상사고,0,1,0,0,차대차 - 기타,안전운전불이행,건조,맑음,단일로 - 기타,승용,남,28세,상해없음,자전거,남,31세,중상
2014062200100083,2014년 6월 22일 04시,일요일,대구광역시 수성구 황금동,경상사고,0,0,1,0,차대차 - 기타,안전운전불이행,건조,맑음,단일로 - 기타,승용,남,44세,기타불명,승용,남,50세,경상
2014062200100084,2014년 6월 22일 04시,일요일,대구광역시 서구 비산동,중상사고,0,1,0,0,차대사람 - 횡단중,안전운전불이행,건조,맑음,교차로 - 교차로안,승용,남,24세,상해없음,보행자,남,19세,중상
2014062200100085,2014년 6월 22일 04시,일요일,대구광역시 달서구 호산동,부상신고사고,0,0,0,1,차대차 - 측면직각충돌,안전거리미확보,건조,맑음,단일로 - 기타,승용,남,23세,부상신고,승용,남,24세,상해없음
2014062200100095,2014년 6월 22일 05시,일요일,대구광역시 북구 노원동3가,중상사고,0,2,0,0,차대차 - 측면직각충돌,직진우회전진행방해,건조,맑음,교차로 - 교차로안,승용,남,44세,상해없음,화물,남,62세,중상
2014062200100096,2014년 6월 22일 05시,일요일,대구광역시 북구 산격동,중상사고,0,2,1,0,차량단독 - 공작물충돌,안전운전불이행,건조,맑음,단일로 - 기타,승용,남,21세,상해없음,,,,
2014062200100131,2014년 6월 22일 08시,일요일,대구광역시 북구 복현동,중상사고,0,1,0,0,차대차 - 기타,안전운전불이행,건조,맑음,단일로 - 기타,승용,남,34세,상해없음,원동기,남,38세,중상
2014062200100145,2014년 6월 22일 09시,일요일,대구광역시 서구 중리동,경상사고,0,0,1,0,차대차 - 측면직각충돌,신호위반,건조,맑음,교차로 - 교차로안,승용,남,70세,상해없음,자전거,남,41세,경상
2014062200100160,2014년 6월 22일 10시,일요일,대구광역시 남구 대명동,경상사고,0,0,1,0,차대차 - 기타,기타,건조,맑음,교차로 - 교차로부근,승용,남,72세,상해없음,자전거,남,28세,경상
2014062200100161,2014년 6월 22일 10시,일요일,대구광역시 북구 관음동,경상사고,0,0,1,0,차대차 - 기타,안전운전불이행,건조,맑음,기타 - 기타,승용,남,45세,상해없음,승용,남,47세,경상
2014062200100183,2014년 6월 22일 11시,일요일,대구광역시 남구 대명동,중상사고,0,1,0,0,차대사람 - 기타,기타,건조,맑음,단일로 - 기타,승용,남,76세,상해없음,보행자,여,62세,중상
2014062200100184,2014년 6월 22일 11시,일요일,대구광역시 동구 신암동,중상사고,0,1,0,0,차대차 - 기타,안전운전불이행,건조,맑음,단일로 - 기타,승용,남,43세,상해없음,자전거,남,16세,중상
2014062200100185,2014년 6월 22일 11시,일요일,대구광역시 서구 비산동,중상사고,0,1,0,0,차대차 - 기타,안전운전불이행,건조,맑음,단일로 - 기타,승용,남,61세,중상,승용,여,67세,상해없음
2014062200100288,2014년 6월 22일 15시,일요일,대구광역시 북구 관음동,중상사고,0,1,0,0,차대차 - 기타,중앙선침범,건조,맑음,기타 - 기타,승용,남,39세,상해없음,이륜,남,40세,중상
2014062200100324,2014년 6월 22일 16시,일요일,대구광역시 중구 삼덕동1가,경상사고,0,0,1,0,차대사람 - 기타,안전운전불이행,건조,맑음,단일로 - 기타,승용,남,25세,기타불명,보행자,여,26세,경상
2014062200100358,2014년 6월 22일 17시,일요일,대구광역시 동구 효목동,경상사고,0,0,2,0,차대차 - 추돌 - 주정차중,안전운전불이행,건조,맑음,단일로 - 기타,승용,남,49세,상해없음,승용,남,23세,경상
2014062200100386,2014년 6월 22일 18시,일요일,대구광역시 동구 검사동,경상사고,0,0,3,0,차대차 - 추돌 - 진행중,안전운전불이행,건조,맑음,교차로 - 교차로부근,승용,남,43세,상해없음,승용,남,40세,경상
2014062200100472,2014년 6월 22일 21시,일요일,대구광역시 중구 태평로1가,중상사고,0,1,0,0,차대사람 - 횡단중,안전운전불이행,건조,맑음,단일로 - 기타,승용,남,63세,상해없음,보행자,남,55세,중상
2014062200100504,2014년 6월 22일 23시,일요일,대구광역시 수성구 파동,중상사고,0,2,1,0,차대차 - 기타,안전운전불이행,습기,비,단일로 - 기타,승용,남,27세,기타불명,승용,남,57세,중상
2014062200100505,2014년 6월 22일 23시,일요일,대구광역시 북구 노원동3가,경상사고,0,0,3,0,차대차 - 추돌 - 진행중,안전운전불이행,습기,비,단일로 - 기타,승용,남,48세,상해없음,화물,기타불명,기타불명,기타불명
2014062200100506,2014년 6월 22일 23시,일요일,대구광역시 달서구 두류동,경상사고,0,0,1,0,차대차 - 측면직각충돌,기타,습기,비,교차로 - 교차로부근,특수,남,39세,상해없음,이륜,남,59세,경상
2014062300100014,2014년 6월 23일 00시,월요일,대구광역시 동구 효목동,중상사고,0,1,0,0,차대사람 - 횡단중,안전운전불이행,습기,비,단일로 - 기타,승용,남,58세,상해없음,보행자,남,20세,중상
2014062300100015,2014년 6월 23일 00시,월요일,대구광역시 달서구 상인동,경상사고,0,0,1,0,차대차 - 추돌 - 진행중,안전거리미확보,습기,비,교차로 - 교차로부근,승용,남,39세,상해없음,승용,남,36세,경상
2014062300100016,2014년 6월 23일 00시,월요일,대구광역시 중구 삼덕동3가,경상사고,0,0,2,0,차대차 - 측면직각충돌,안전운전불이행,습기,비,단일로 - 기타,승용,남,27세,상해없음,승용,여,22세,경상
2014062300100027,2014년 6월 23일 01시,월요일,대구광역시 북구 침산동,중상사고,0,1,0,0,차량단독 - 공작물충돌,안전운전불이행,습기,비,단일로 - 기타,승용,남,28세,중상,,,,
2014062300100028,2014년 6월 23일 01시,월요일,대구광역시 남구 대명동,경상사고,0,0,1,0,차대차 - 기타,신호위반,습기,비,교차로 - 교차로안,승용,남,57세,상해없음,승용,남,42세,경상
2014062300100040,2014년 6월 23일 02시,월요일,대구광역시 서구 내당동,중상사고,0,1,0,0,차대차 - 추돌 - 주정차중,안전거리미확보,습기,비,단일로 - 기타,승용,남,51세,상해없음,승용,남,52세,중상
2014062300100041,2014년 6월 23일 02시,월요일,대구광역시 달서구 장기동,경상사고,0,0,1,0,차대차 - 추돌 - 진행중,안전운전불이행,습기,비,단일로 - 기타,원동기,남,16세,상해없음,승용,남,53세,상해없음
2014062300100050,2014년 6월 23일 04시,월요일,대구광역시 달서구 감삼동,중상사고,0,1,1,0,차대차 - 추돌 - 주정차중,안전운전불이행,건조,맑음,단일로 - 기타,이륜,남,16세,상해없음,승용,남,39세,경상
2014062300100075,2014년 6월 23일 06시,월요일,대구광역시 달서구 감삼동,경상사고,0,0,4,0,차대차 - 측면직각충돌,안전운전불이행,건조,맑음,단일로 - 기타,승용,남,61세,상해없음,화물,남,41세,경상
2014062300100098,2014년 6월 23일 07시,월요일,대구광역시 달서구 죽전동,경상사고,0,0,1,0,차대차 - 기타,안전운전불이행,건조,맑음,단일로 - 기타,승용,남,69세,상해없음,이륜,남,38세,경상
2014062300100132,2014년 6월 23일 08시,월요일,대구광역시 북구 칠성동2가,경상사고,0,0,1,0,차대차 - 추돌 - 주정차중,안전운전불이행,건조,맑음,단일로 - 기타,승용,남,40세,상해없음,승용,남,49세,경상
2014062300100159,2014년 6월 23일 09시,월요일,대구광역시 서구 평리동,중상사고,0,1,0,0,차대사람 - 보도통행중,안전운전불이행,건조,맑음,단일로 - 기타,이륜,남,34세,상해없음,보행자,여,55세,중상
2014062300100186,2014년 6월 23일 10시,월요일,대구광역시 수성구 중동,중상사고,0,1,0,0,차대사람 - 기타,불법유턴,건조,맑음,단일로 - 기타,승합,남,61세,상해없음,보행자,남,84세,중상
2014062300100187,2014년 6월 23일 10시,월요일,대구광역시 수성구 만촌동,중상사고,0,1,0,0,차량단독 - 기타,안전운전불이행,건조,맑음,기타 - 기타,승용,여,66세,중상,,,,
2014062300100188,2014년 6월 23일 10시,월요일,대구광역시 중구 대신동,중상사고,0,1,4,0,차대차 - 기타,안전운전불이행,건조,맑음,단일로 - 기타,승합,남,36세,상해없음,이륜,남,67세,상해없음
2014062300100220,2014년 6월 23일 11시,월요일,대구광역시 북구 산격동,경상사고,0,0,1,0,차대사람 - 길가장자리구역통행중,기타,건조,맑음,단일로 - 기타,승용,남,32세,상해없음,보행자,여,20세,경상
2014062300100234,2014년 6월 23일 12시,월요일,대구광역시 달서구 상인동,경상사고,0,0,1,0,차대차 - 측면직각충돌,안전운전불이행,건조,맑음,교차로 - 교차로안,승용,남,42세,상해없음,원동기,남,21세,경상
2014062300100290,2014년 6월 23일 14시,월요일,대구광역시 동구 신암동,경상사고,0,0,2,0,차대차 - 기타,안전운전불이행,건조,맑음,단일로 - 기타,승용,여,61세,상해없음,승용,여,33세,경상
2014062300100291,2014년 6월 23일 14시,월요일,대구광역시 달서구 진천동,부상신고사고,0,0,0,1,차대차 - 정면충돌,기타,건조,맑음,교차로 - 교차로부근,승합,남,63세,기타불명,자전거,남,11세,부상신고
2014062300100292,2014년 6월 23일 14시,월요일,대구광역시 북구 칠성동1가,경상사고,0,0,1,0,차대차 - 기타,교차로운행방법위반,건조,맑음,교차로 - 교차로부근,승용,여,26세,상해없음,승합,남,52세,상해없음
2014062300100327,2014년 6월 23일 15시,월요일,대구광역시 달서구 신당동,경상사고,0,0,1,0,차대사람 - 기타,안전운전불이행,습기,비,단일로 - 기타,승용,남,72세,상해없음,보행자,여,14세,경상
2014062300100363,2014년 6월 23일 16시,월요일,대구광역시 남구 대명동,부상신고사고,0,0,0,1,차대차 - 측면직각충돌,안전운전불이행,습기,비,기타 - 기타,원동기,남,60세,부상신고,승용,남,54세,상해없음
2014062300100364,2014년 6월 23일 16시,월요일,대구광역시 동구 신암동,부상신고사고,0,0,0,1,차대차 - 추돌 - 주정차중,안전운전불이행,습기,비,단일로 - 기타,화물,남,25세,부상신고,승용,남,37세,상해없음
2014062300100365,2014년 6월 23일 16시,월요일,대구광역시 수성구 수성동1가,중상사고,0,1,0,0,차대사람 - 길가장자리구역통행중,안전운전불이행,건조,맑음,단일로 - 기타,승용,남,70세,상해없음,보행자,여,13세,중상
2014062300100412,2014년 6월 23일 17시,월요일,대구광역시 남구 대명동,경상사고,0,0,3,0,차대차 - 기타,안전운전불이행,습기,비,단일로 - 기타,승용,남,29세,상해없음,승용,남,43세,경상
2014062300100413,2014년 6월 23일 17시,월요일,대구광역시 수성구 황금동,중상사고,0,1,0,0,차대차 - 기타,안전거리미확보,건조,맑음,단일로 - 기타,승용,남,53세,상해없음,화물,남,59세,중상
2014062300100414,2014년 6월 23일 17시,월요일,대구광역시 달서구 대천동,중상사고,0,1,0,0,차대차 - 기타,안전운전불이행,습기,흐림,교차로 - 교차로안,승용,여,41세,상해없음,자전거,남,15세,중상
2014062300100451,2014년 6월 23일 18시,월요일,대구광역시 동구 신평동,중상사고,0,1,1,0,차대차 - 측면직각충돌,중앙선침범,건조,맑음,단일로 - 기타,승용,여,45세,상해없음,화물,남,30세,경상
2014062300100452,2014년 6월 23일 18시,월요일,대구광역시 수성구 수성동2가,중상사고,0,1,4,1,차대차 - 추돌 - 진행중,신호위반,습기,비,교차로 - 교차로안,승합,남,55세,상해없음,승용,남,62세,중상
2014062300100453,2014년 6월 23일 18시,월요일,대구광역시 달서구 상인동,중상사고,0,1,0,0,차대차 - 기타,안전운전불이행,건조,맑음,단일로 - 기타,승용,남,54세,상해없음,승용,남,53세,중상
2014062300100454,2014년 6월 23일 18시,월요일,대구광역시 달서구 상인동,경상사고,0,0,4,0,차대차 - 추돌 - 주정차중,안전운전불이행,습기,비,교차로 - 교차로부근,승용,남,61세,상해없음,승용,남,41세,경상
2014062300100455,2014년 6월 23일 18시,월요일,대구광역시 북구 복현동,경상사고,0,0,1,0,차대차 - 기타,안전거리미확보,습기,흐림,단일로 - 기타,승용,남,33세,상해없음,이륜,남,25세,경상
2014062300100484,2014년 6월 23일 19시,월요일,대구광역시 남구 봉덕동,경상사고,0,0,1,0,차대사람 - 기타,안전운전불이행,건조,맑음,교차로 - 교차로부근,화물,남,53세,상해없음,보행자,여,70세,경상
2014062300100485,2014년 6월 23일 19시,월요일,대구광역시 남구 봉덕동,중상사고,0,2,7,0,차대차 - 기타,안전운전불이행,습기,비,단일로 - 기타,승용,남,64세,중상,승용,남,41세,경상
2014062300100519,2014년 6월 23일 20시,월요일,대구광역시 수성구 수성동2가,중상사고,0,1,0,0,차대차 - 추돌 - 진행중,불법유턴,습기,비,교차로 - 교차로부근,승용,남,50세,상해없음,승용,여,24세,중상
2014062300100520,2014년 6월 23일 20시,월요일,대구광역시 달서구 상인동,경상사고,0,0,1,0,차대사람 - 횡단중,안전운전불이행,습기,비,교차로 - 교차로부근,승용,남,25세,상해없음,보행자,여,61세,경상
2014062300100521,2014년 6월 23일 20시,월요일,대구광역시 달성군 다사읍,경상사고,0,0,2,0,차대차 - 측면직각충돌,차로위반,습기,비,교차로 - 교차로부근,승용,남,25세,경상,승용,여,28세,경상
2014062300100522,2014년 6월 23일 20시,월요일,대구광역시 북구 복현동,경상사고,0,0,1,0,차대차 - 추돌 - 주정차중,안전운전불이행,습기,비,교차로 - 교차로부근,승용,남,53세,상해없음,승용,남,57세,경상
2014062300100523,2014년 6월 23일 20시,월요일,대구광역시 달서구 용산동,경상사고,0,0,1,0,차대차 - 기타,안전거리미확보,습기,비,단일로 - 기타,이륜,남,58세,경상,승용,여,45세,상해없음
2014062300100558,2014년 6월 23일 21시,월요일,대구광역시 북구 노원동3가,중상사고,0,1,0,0,차대차 - 기타,안전운전불이행,습기,비,단일로 - 기타,승용,남,45세,상해없음,자전거,남,51세,중상
2014062300100559,2014년 6월 23일 21시,월요일,대구광역시 중구 동성로3가,중상사고,0,1,1,0,차대사람 - 횡단중,안전운전불이행,건조,맑음,단일로 - 기타,승용,남,51세,상해없음,보행자,남,19세,중상
2014062300100560,2014년 6월 23일 21시,월요일,대구광역시 북구 관음동,중상사고,0,1,0,0,차대차 - 추돌 - 진행중,안전운전불이행,습기,비,단일로 - 횡단보도부근,승용,남,49세,상해없음,이륜,남,19세,중상
2014062300100582,2014년 6월 23일 22시,월요일,대구광역시 수성구 범물동,경상사고,0,0,2,0,차대차 - 기타,안전운전불이행,건조,맑음,교차로 - 교차로부근,승용,여,45세,상해없음,승용,남,60세,상해없음
2014062300100583,2014년 6월 23일 22시,월요일,대구광역시 달서구 상인동,경상사고,0,0,2,1,차대차 - 기타,교차로운행방법위반,습기,비,교차로 - 교차로안,승합,남,50세,상해없음,승용,여,54세,경상
2014062300100584,2014년 6월 23일 22시,월요일,대구광역시 중구 대봉동,경상사고,0,0,1,0,차대사람 - 기타,안전운전불이행,건조,맑음,단일로 - 기타,승용,남,47세,상해없음,보행자,남,34세,경상
2014062300100605,2014년 6월 23일 23시,월요일,대구광역시 수성구 상동,중상사고,0,1,0,0,차대사람 - 차도통행중,안전운전불이행,건조,맑음,단일로 - 기타,화물,남,43세,상해없음,보행자,남,45세,중상
2014062300100606,2014년 6월 23일 23시,월요일,대구광역시 수성구 중동,경상사고,0,0,1,0,차대차 - 기타,안전거리미확보,습기,흐림,단일로 - 횡단보도상,승용,여,57세,상해없음,화물,남,24세,경상
2014062300100607,2014년 6월 23일 23시,월요일,대구광역시 달서구 상인동,경상사고,0,0,1,0,차대차 - 기타,안전거리미확보,습기,비,단일로 - 기타,승용,남,66세,상해없음,승용,남,57세,경상
2014062400100039,2014년 6월 24일 02시,화요일,대구광역시 동구 신암동,경상사고,0,0,1,0,차대차 - 추돌 - 진행중,안전거리미확보,습기,흐림,단일로 - 기타,승용,남,54세,상해없음,승용,남,32세,경상
2014062400100046,2014년 6월 24일 03시,화요일,대구광역시 중구 공평동,중상사고,0,1,0,0,차대차 - 측면직각충돌,안전거리미확보,건조,맑음,단일로 - 기타,승용,남,42세,상해없음,이륜,남,28세,중상
2014062400100053,2014년 6월 24일 05시,화요일,대구광역시 달서구 신당동,경상사고,0,0,1,0,차대차 - 기타,안전운전불이행,건조,맑음,단일로 - 기타,기타불명,기타불명,기타불명,기타불명,자전거,남,38세,경상
2014062400100067,2014년 6월 24일 06시,화요일,대구광역시 동구 지저동,사망사고,1,0,0,0,차대사람 - 기타,안전운전불이행,건조,맑음,교차로 - 교차로안,승합,남,34세,상해없음,보행자,남,75세,사망
2014062400100095,2014년 6월 24일 07시,화요일,대구광역시 남구 대명동,중상사고,0,1,0,0,차대사람 - 기타,신호위반,건조,맑음,단일로 - 횡단보도상,승용,남,76세,상해없음,보행자,남,18세,중상
2014062400100125,2014년 6월 24일 08시,화요일,대구광역시 중구 북성로2가,경상사고,0,0,1,0,차대차 - 추돌 - 주정차중,안전운전불이행,건조,맑음,단일로 - 기타,승용,남,74세,상해없음,승용,남,27세,경상
2014062400100126,2014년 6월 24일 08시,화요일,대구광역시 중구 동인동2가,중상사고,0,1,0,0,차량단독 - 기타,기타,건조,맑음,단일로 - 기타,승합,남,57세,상해없음,,,,
2014062400100153,2014년 6월 24일 09시,화요일,대구광역시 달성군 다사읍,경상사고,0,0,1,0,차대차 - 기타,안전운전불이행,건조,맑음,교차로 - 교차로안,승용,남,48세,상해없음,승용,남,45세,경상
2014062400100154,2014년 6월 24일 09시,화요일,대구광역시 서구 내당동,경상사고,0,0,3,0,차대차 - 기타,안전운전불이행,건조,맑음,단일로 - 기타,화물,남,56세,상해없음,승합,남,36세,경상
2014062400100155,2014년 6월 24일 09시,화요일,대구광역시 달서구 호산동,중상사고,0,1,0,0,차대차 - 측면직각충돌,안전운전불이행,건조,맑음,교차로 - 교차로안,승용,남,51세,상해없음,자전거,남,74세,중상
2014062400100174,2014년 6월 24일 10시,화요일,대구광역시 동구 신천동,경상사고,0,0,1,0,차대차 - 기타,안전운전불이행,건조,맑음,단일로 - 기타,화물,남,47세,상해없음,승용,남,69세,경상
2014062400100175,2014년 6월 24일 10시,화요일,대구광역시 달서구 월성동,경상사고,0,0,2,0,차대차 - 측면직각충돌,안전운전불이행,기타,맑음,단일로 - 기타,승용,여,58세,상해없음,승용,여,36세,경상
2014062400100201,2014년 6월 24일 11시,화요일,대구광역시 동구 부동,경상사고,0,0,1,0,차대차 - 추돌 - 진행중,안전운전불이행,건조,맑음,단일로 - 기타,화물,남,48세,상해없음,승용,여,36세,경상
2014062400100203,2014년 6월 24일 11시,화요일,대구광역시 수성구 연호동,경상사고,0,0,1,0,차대차 - 측면직각충돌,차로위반,건조,맑음,단일로 - 기타,승용,여,62세,상해없음,원동기,남,62세,경상
2014062400100204,2014년 6월 24일 11시,화요일,대구광역시 북구 산격동,경상사고,0,0,2,0,차대차 - 측면직각충돌,안전거리미확보,건조,맑음,단일로 - 기타,승용,남,60세,상해없음,화물,남,36세,경상
2014062400100205,2014년 6월 24일 11시,화요일,대구광역시 중구 대신동,경상사고,0,0,1,0,차대차 - 기타,안전운전불이행,건조,맑음,단일로 - 기타,승용,남,74세,기타불명,원동기,남,44세,경상
2014062400100206,2014년 6월 24일 11시,화요일,대구광역시 달서구 장기동,경상사고,0,0,1,0,차대차 - 추돌 - 주정차중,안전운전불이행,건조,맑음,단일로 - 기타,화물,남,38세,상해없음,승용,여,39세,경상
2014062400100263,2014년 6월 24일 13시,화요일,대구광역시 북구 산격동,경상사고,0,0,4,0,차대차 - 기타,안전운전불이행,건조,맑음,단일로 - 기타,화물,남,53세,상해없음,화물,남,44세,경상
2014062400100264,2014년 6월 24일 13시,화요일,대구광역시 북구 매천동,중상사고,0,1,0,0,차대차 - 추돌 - 주정차중,안전운전불이행,건조,맑음,단일로 - 기타,화물,남,49세,상해없음,화물,남,30세,중상
2014062400100294,2014년 6월 24일 14시,화요일,대구광역시 달서구 이곡동,경상사고,0,0,1,0,차대차 - 기타,안전운전불이행,건조,맑음,단일로 - 기타,승용,여,54세,상해없음,이륜,남,51세,경상
2014062400100336,2014년 6월 24일 15시,화요일,대구광역시 북구 칠성동1가,중상사고,0,1,0,0,차대차 - 측면직각충돌,신호위반,건조,맑음,교차로 - 교차로안,승합,남,51세,상해없음,이륜,남,40세,중상
2014062400100369,2014년 6월 24일 16시,화요일,대구광역시 남구 대명동,경상사고,0,0,1,0,차대차 - 기타,안전운전불이행,건조,맑음,단일로 - 기타,이륜,기타불명,기타불명,기타불명,승용,남,48세,상해없음
2014062400100370,2014년 6월 24일 16시,화요일,대구광역시 수성구 황금동,경상사고,0,0,1,0,차대사람 - 기타,안전운전불이행,건조,맑음,단일로 - 기타,승용,남,69세,상해없음,보행자,여,48세,경상
2014062400100371,2014년 6월 24일 16시,화요일,대구광역시 북구 칠성동1가,경상사고,0,0,1,0,차대차 - 기타,안전운전불이행,건조,맑음,단일로 - 기타,자전거,남,56세,경상,승합,남,54세,상해없음
2014062400100372,2014년 6월 24일 16시,화요일,대구광역시 서구 비산동,중상사고,0,1,0,0,차대차 - 기타,기타,건조,맑음,단일로 - 기타,승용,남,56세,상해없음,이륜,남,57세,중상
2014062400100373,2014년 6월 24일 16시,화요일,대구광역시 중구 덕산동,경상사고,0,0,1,0,차대차 - 측면직각충돌,안전운전불이행,건조,맑음,단일로 - 기타,승용,남,64세,상해없음,이륜,남,19세,경상
2014062400100374,2014년 6월 24일 16시,화요일,대구광역시 북구 태전동,경상사고,0,0,1,0,차대차 - 측면직각충돌,안전운전불이행,건조,맑음,단일로 - 기타,화물,여,49세,상해없음,이륜,남,19세,경상
2014062400100412,2014년 6월 24일 17시,화요일,대구광역시 달성군 다사읍,경상사고,0,0,1,0,차대차 - 기타,안전운전불이행,건조,맑음,교차로 - 교차로안,화물,남,58세,상해없음,자전거,남,53세,경상
2014062400100413,2014년 6월 24일 17시,화요일,대구광역시 북구 침산동,경상사고,0,0,2,0,차대차 - 추돌 - 주정차중,안전운전불이행,건조,맑음,교차로 - 교차로부근,승용,남,41세,상해없음,승용,남,33세,경상
2014062400100414,2014년 6월 24일 17시,화요일,대구광역시 서구 내당동,경상사고,0,0,1,0,차대차 - 기타,신호위반,건조,맑음,단일로 - 횡단보도상,승용,여,44세,상해없음,자전거,남,49세,경상
2014062400100415,2014년 6월 24일 17시,화요일,대구광역시 서구 평리동,경상사고,0,0,1,0,차대차 - 추돌 - 주정차중,안전운전불이행,건조,맑음,교차로 - 교차로부근,승용,남,54세,상해없음,승용,남,42세,경상
2014062400100441,2014년 6월 24일 18시,화요일,대구광역시 동구 신천동,경상사고,0,0,1,0,차대차 - 측면직각충돌,안전거리미확보,건조,맑음,교차로 - 교차로부근,승용,남,37세,상해없음,승용,남,45세,경상
2014062400100442,2014년 6월 24일 18시,화요일,대구광역시 수성구 상동,경상사고,0,0,7,0,차대차 - 측면직각충돌,안전운전불이행,건조,맑음,교차로 - 교차로안,승용,남,62세,상해없음,승용,여,43세,경상
2014062400100468,2014년 6월 24일 19시,화요일,대구광역시 동구 입석동,경상사고,0,0,1,0,차대차 - 기타,안전운전불이행,건조,맑음,기타 - 기타,승용,남,56세,상해없음,자전거,남,73세,경상
2014062400100469,2014년 6월 24일 19시,화요일,대구광역시 달서구 장기동,경상사고,0,0,1,0,차대사람 - 횡단중,보행자보호의무위반,건조,맑음,단일로 - 횡단보도상,승용,여,26세,상해없음,보행자,남,8세,경상
2014062400100470,2014년 6월 24일 19시,화요일,대구광역시 달서구 장기동,중상사고,0,1,0,0,차대차 - 기타,안전운전불이행,건조,맑음,교차로 - 교차로안,승용,여,25세,상해없음,이륜,남,54세,중상
2014062400100501,2014년 6월 24일 20시,화요일,대구광역시 달서구 대천동,경상사고,0,0,3,0,차대차 - 기타,차로위반,건조,맑음,교차로 - 교차로안,승용,남,48세,상해없음,승용,남,24세,상해없음
2014062400100502,2014년 6월 24일 20시,화요일,대구광역시 서구 평리동,중상사고,0,2,0,0,차대사람 - 기타,안전운전불이행,습기,비,단일로 - 기타,승용,남,48세,상해없음,보행자,남,52세,중상
2014062400100503,2014년 6월 24일 20시,화요일,대구광역시 달서구 장동,중상사고,0,1,0,0,차대사람 - 기타,안전운전불이행,건조,맑음,단일로 - 기타,화물,남,32세,상해없음,보행자,남,31세,중상
2014062400100533,2014년 6월 24일 21시,화요일,대구광역시 남구 봉덕동,중상사고,0,1,0,0,차대차 - 기타,신호위반,습기,비,교차로 - 교차로안,승용,여,58세,상해없음,승용,남,30세,중상
2014062400100534,2014년 6월 24일 21시,화요일,대구광역시 수성구 상동,경상사고,0,0,3,0,차대차 - 측면직각충돌,교차로운행방법위반,습기,비,교차로 - 교차로안,승용,남,32세,상해없음,승용,남,41세,상해없음
2014062400100535,2014년 6월 24일 21시,화요일,대구광역시 달서구 신당동,경상사고,0,0,10,0,차대차 - 추돌 - 주정차중,안전운전불이행,건조,맑음,단일로 - 기타,승용,남,62세,상해없음,승용,남,54세,경상
2014062400100536,2014년 6월 24일 21시,화요일,대구광역시 달서구 두류동,중상사고,0,1,1,0,차대차 - 측면직각충돌,신호위반,습기,비,교차로 - 교차로안,승용,여,34세,상해없음,승용,남,66세,경상
2014062400100566,2014년 6월 24일 22시,화요일,대구광역시 북구 칠성동2가,경상사고,0,0,1,0,차대차 - 추돌 - 주정차중,안전운전불이행,습기,비,단일로 - 기타,승용,남,55세,상해없음,승용,기타불명,기타불명,기타불명
2014062400100567,2014년 6월 24일 22시,화요일,대구광역시 북구 칠성동2가,중상사고,0,1,1,0,차대차 - 정면충돌,안전운전불이행,건조,흐림,교차로 - 교차로안,승용,남,53세,경상,승용,여,44세,중상
2014062400100592,2014년 6월 24일 23시,화요일,대구광역시 달서구 본리동,경상사고,0,0,2,0,차대차 - 기타,안전운전불이행,습기,비,단일로 - 기타,승용,남,28세,상해없음,승용,남,32세,경상
2014062500100016,2014년 6월 25일 00시,수요일,대구광역시 중구 삼덕동2가,경상사고,0,0,2,0,차대차 - 기타,안전거리미확보,습기,비,단일로 - 기타,승용,남,21세,상해없음,승용,남,61세,경상