사고번호,사고일시,요일,시군구,사고내용,사망자수,중상자수,경상자수,부상신고자수,사고유형,법규위반,노면상태,기상상태,도로형태,가해운전자 차종,가해운전자 성별,가해운전자 연령,가해운전자 상해정도,피해운전자 차종,피해운전자 성별,피해운전자 연령,피해운전자 상해정도
2014062800100318,2014년 6월 28일 13시,토요일,대구광역시 달서구 송현동,경상사고,0,0,1,0,차대차 - 측면직각충돌,교차로운행방법위반,건조,맑음,교차로 - 교차로안,승용,남,31세,상해없음,자전거,남,72세,경상
2014062800100319,2014년 6월 28일 13시,토요일,대구광역시 달서구 용산동,중상사고,0,1,0,0,차대사람 - 기타,안전운전불이행,건조,맑음,단일로 - 기타,승용,남,56세,상해없음,보행자,여,73세,중상
2014062800100349,2014년 6월 28일 14시,토요일,대구광역시 남구 대명동,경상사고,0,0,1,0,차대차 - 추돌 - 주정차중,안전거리미확보,건조,맑음,단일로 - 기타,승용,남,27세,상해없음,승용,남,27세,경상
2014062800100350,2014년 6월 28일 14시,토요일,대구광역시 북구 고성동1가,경상사고,0,0,1,0,차대차 - 기타,안전운전불이행,건조,맑음,교차로 - 교차로부근,승용,남,46세,상해없음,승용,남,24세,경상
2014062800100379,2014년 6월 28일 15시,토요일,대구광역시 남구 대명동,중상사고,0,1,0,0,차대차 - 측면직각충돌,중앙선침범,건조,맑음,단일로 - 기타,화물,여,47세,상해없음,이륜,남,15세,중상
2014062800100380,2014년 6월 28일 15시,토요일,대구광역시 동구 불로동,경상사고,0,0,1,0,차대차 - 기타,안전운전불이행,건조,맑음,단일로 - 기타,원동기,남,64세,상해없음,자전거,남,66세,경상
2014062800100381,2014년 6월 28일 15시,토요일,대구광역시 동구 봉무동,부상신고사고,0,0,0,1,차량단독 - 공작물충돌,안전운전불이행,건조,맑음,교차로 - 교차로안,원동기,남,40세,부상신고,,,,
2014062800100382,2014년 6월 28일 15시,토요일,대구광역시 수성구 수성동4가,중상사고,0,1,0,0,차대사람 - 횡단중,신호위반,건조,맑음,단일로 - 기타,승용,여,54세,상해없음,보행자,남,9세,중상
2014062800100383,2014년 6월 28일 15시,토요일,대구광역시 수성구 범어동,경상사고,0,0,1,0,차대차 - 추돌 - 주정차중,안전운전불이행,건조,맑음,단일로 - 기타,승용,남,39세,상해없음,승용,남,33세,경상
2014062800100417,2014년 6월 28일 16시,토요일,대구광역시 서구 평리동,경상사고,0,0,1,0,차대차 - 기타,신호위반,건조,맑음,단일로 - 횡단보도상,승용,여,47세,상해없음,원동기,남,55세,경상
2014062800100418,2014년 6월 28일 16시,토요일,대구광역시 달서구 신당동,경상사고,0,0,2,0,차대차 - 추돌 - 진행중,안전거리미확보,건조,맑음,단일로 - 기타,승용,남,35세,상해없음,승용,남,49세,경상
2014062800100460,2014년 6월 28일 17시,토요일,대구광역시 수성구 범어동,중상사고,0,1,1,0,차대차 - 측면직각충돌,신호위반,건조,맑음,교차로 - 교차로안,화물,남,57세,상해없음,승용,남,60세,경상
2014062800100488,2014년 6월 28일 18시,토요일,대구광역시 달서구 대천동,경상사고,0,0,3,0,차대차 - 추돌 - 주정차중,중앙선침범,건조,맑음,교차로 - 교차로안,승용,남,43세,상해없음,승용,여,39세,경상
2014062800100489,2014년 6월 28일 18시,토요일,대구광역시 달서구 성당동,경상사고,0,0,1,0,차대차 - 추돌 - 진행중,안전운전불이행,건조,맑음,단일로 - 기타,화물,남,63세,상해없음,자전거,여,56세,경상
2014062800100512,2014년 6월 28일 19시,토요일,대구광역시 서구 내당동,경상사고,0,0,1,0,차대차 - 기타,교차로운행방법위반,건조,맑음,교차로 - 교차로부근,승용,남,73세,상해없음,이륜,남,35세,경상
2014062800100575,2014년 6월 28일 21시,토요일,대구광역시 달서구 감삼동,부상신고사고,0,0,0,1,차대차 - 기타,안전운전불이행,습기,비,단일로 - 기타,승용,기타불명,기타불명,기타불명,승합,남,56세,부상신고
2014062800100606,2014년 6월 28일 22시,토요일,대구광역시 동구 봉무동,경상사고,0,0,1,0,차대차 - 기타,안전거리미확보,건조,맑음,단일로 - 기타,승용,남,41세,상해없음,이륜,남,17세,경상
2014062800100607,2014년 6월 28일 22시,토요일,대구광역시 수성구 두산동,사망사고,1,1,0,0,차량단독 - 기타,안전운전불이행,건조,맑음,교차로 - 교차로안,승용,남,64세,사망,,,,
2014062800100641,2014년 6월 28일 23시,토요일,대구광역시 달서구 본리동,경상사고,0,0,2,0,차대차 - 측면직각충돌,안전거리미확보,건조,맑음,단일로 - 기타,승용,남,59세,상해없음,승용,남,45세,경상
2014062800100642,2014년 6월 28일 23시,토요일,대구광역시 달서구 감삼동,부상신고사고,0,0,0,1,차대차 - 측면직각충돌,안전운전불이행,건조,맑음,단일로 - 기타,이륜,남,16세,부상신고,승용,남,30세,상해없음
2014062800100643,2014년 6월 28일 23시,토요일,대구광역시 북구 동천동,사망사고,1,0,0,0,차대사람 - 횡단중,안전운전불이행,건조,맑음,단일로 - 기타,승용,남,28세,상해없음,보행자,남,42세,사망
2014062800100644,2014년 6월 28일 23시,토요일,대구광역시 북구 태전동,중상사고,0,1,0,0,차대사람 - 기타,안전운전불이행,건조,맑음,단일로 - 기타,기타불명,기타불명,기타불명,기타불명,보행자,남,61세,중상
2014062900100021,2014년 6월 29일 00시,일요일,대구광역시 중구 삼덕동2가,경상사고,0,0,1,0,차대사람 - 기타,안전운전불이행,건조,기타,단일로 - 기타,승용,남,29세,상해없음,보행자,남,51세,경상
2014062900100022,2014년 6월 29일 00시,일요일,대구광역시 중구 북성로2가,경상사고,0,0,1,0,차대차 - 기타,안전운전불이행,건조,맑음,단일로 - 기타,승용,여,53세,상해없음,승용,남,40세,경상
2014062900100023,2014년 6월 29일 00시,일요일,대구광역시 달서구 두류동,중상사고,0,1,0,0,차대차 - 측면직각충돌,중앙선침범,건조,맑음,교차로 - 교차로안,승용,남,22세,상해없음,승용,남,38세,중상
2014062900100043,2014년 6월 29일 01시,일요일,대구광역시 달서구 상인동,경상사고,0,0,4,0,차대차 - 기타,교차로운행방법위반,건조,맑음,교차로 - 교차로안,승용,남,25세,경상,승합,남,52세,경상
2014062900100044,2014년 6월 29일 01시,일요일,대구광역시 달서구 신당동,부상신고사고,0,0,0,2,차대차 - 추돌 - 진행중,안전운전불이행,건조,맑음,단일로 - 기타,승용,남,18세,상해없음,승용,남,21세,부상신고
2014062900100093,2014년 6월 29일 04시,일요일,대구광역시 동구 방촌동,경상사고,0,0,2,0,차대차 - 추돌 - 진행중,안전운전불이행,건조,맑음,교차로 - 교차로부근,승용,남,28세,상해없음,승용,남,42세,경상
2014062900100094,2014년 6월 29일 04시,일요일,대구광역시 달서구 죽전동,중상사고,0,2,0,0,차량단독 - 공작물충돌,안전운전불이행,건조,맑음,단일로 - 기타,이륜,남,26세,중상,,,,
2014062900100107,2014년 6월 29일 05시,일요일,대구광역시 중구 공평동,경상사고,0,0,1,0,차대사람 - 기타,보행자보호의무위반,건조,맑음,단일로 - 기타,승용,남,20세,상해없음,보행자,남,22세,경상
2014062900100113,2014년 6월 29일 06시,일요일,대구광역시 달서구 월성동,경상사고,0,0,3,0,차대차 - 측면직각충돌,신호위반,건조,맑음,교차로 - 교차로안,화물,여,62세,상해없음,승용,남,82세,경상
2014062900100114,2014년 6월 29일 06시,일요일,대구광역시 북구 구암동,경상사고,0,0,1,0,차대차 - 추돌 - 진행중,안전운전불이행,건조,맑음,단일로 - 기타,승용,남,29세,상해없음,승용,남,62세,경상
2014062900100127,2014년 6월 29일 07시,일요일,대구광역시 중구 달성동,경상사고,0,0,1,0,차대사람 - 기타,안전운전불이행,건조,맑음,단일로 - 기타,이륜,남,74세,상해없음,보행자,여,61세,경상
2014062900100168,2014년 6월 29일 09시,일요일,대구광역시 북구 산격동,경상사고,0,0,3,1,차대차 - 기타,안전운전불이행,건조,맑음,단일로 - 기타,승용,남,28세,부상신고,승용,남,23세,경상
2014062900100169,2014년 6월 29일 09시,일요일,대구광역시 북구 노원동3가,경상사고,0,0,1,0,차대사람 - 기타,안전운전불이행,건조,맑음,단일로 - 기타,자전거,남,45세,상해없음,보행자,여,57세,경상
2014062900100192,2014년 6월 29일 10시,일요일,대구광역시 동구 신암동,중상사고,0,1,0,0,차대사람 - 횡단중,신호위반,건조,맑음,교차로 - 교차로안,승용,남,59세,상해없음,보행자,여,41세,중상
2014062900100230,2014년 6월 29일 12시,일요일,대구광역시 중구 남산동,경상사고,0,0,1,0,차대사람 - 기타,안전운전불이행,건조,맑음,단일로 - 기타,승용,남,57세,상해없음,보행자,남,47세,경상
2014062900100231,2014년 6월 29일 12시,일요일,대구광역시 중구 삼덕동3가,경상사고,0,0,1,0,차대사람 - 기타,안전운전불이행,건조,맑음,단일로 - 기타,승용,여,29세,기타불명,보행자,여,37세,경상
2014062900100257,2014년 6월 29일 13시,일요일,대구광역시 달서구 두류동,경상사고,0,0,1,0,차대사람 - 횡단중,안전운전불이행,건조,맑음,단일로 - 기타,승용,남,70세,상해없음,보행자,여,40세,경상
2014062900100259,2014년 6월 29일 13시,일요일,대구광역시 달서구 감삼동,중상사고,0,1,0,0,차대차 - 측면직각충돌,신호위반,건조,맑음,단일로 - 기타,승용,남,41세,상해없음,원동기,남,37세,중상
2014062900100260,2014년 6월 29일 13시,일요일,대구광역시 북구 구암동,부상신고사고,0,0,0,1,차대차 - 추돌 - 진행중,안전운전불이행,건조,맑음,단일로 - 기타,원동기,남,16세,부상신고,승용,남,30세,상해없음
2014062900100286,2014년 6월 29일 14시,일요일,대구광역시 서구 상리동,중상사고,0,1,4,0,차대차 - 기타,안전운전불이행,건조,맑음,단일로 - 기타,승용,남,38세,상해없음,승용,남,47세,경상
2014062900100287,2014년 6월 29일 14시,일요일,대구광역시 달서구 두류동,중상사고,0,1,0,0,차대차 - 기타,중앙선침범,건조,맑음,단일로 - 기타,승용,남,54세,상해없음,자전거,남,28세,중상
2014062900100288,2014년 6월 29일 14시,일요일,대구광역시 달서구 본리동,중상사고,0,1,0,0,차대차 - 기타,안전운전불이행,건조,맑음,단일로 - 기타,원동기,남,30세,중상,화물,남,50세,상해없음
2014062900100358,2014년 6월 29일 16시,일요일,대구광역시 달성군 논공읍,중상사고,0,1,1,3,차대차 - 추돌 - 진행중,안전운전불이행,건조,맑음,교차로 - 교차로부근,이륜,남,16세,부상신고,승용,남,37세,중상
2014062900100394,2014년 6월 29일 17시,일요일,대구광역시 달성군 가창면,중상사고,0,1,0,0,차대사람 - 기타,안전운전불이행,건조,맑음,단일로 - 기타,승합,남,43세,상해없음,보행자,남,44세,중상
2014062900100450,2014년 6월 29일 19시,일요일,대구광역시 수성구 황금동,경상사고,0,0,2,0,차대차 - 측면직각충돌,안전운전불이행,건조,맑음,단일로 - 기타,화물,남,36세,상해없음,승용,남,56세,경상
2014062900100451,2014년 6월 29일 19시,일요일,대구광역시 달서구 본동,중상사고,0,1,1,0,차대차 - 기타,신호위반,건조,맑음,교차로 - 교차로안,승용,남,40세,상해없음,승용,여,25세,경상
2014062900100452,2014년 6월 29일 19시,일요일,대구광역시 서구 비산동,부상신고사고,0,0,0,1,차량단독 - 전도전복,안전운전불이행,건조,맑음,교차로 - 교차로안,이륜,남,70세,부상신고,,,,
2014062900100469,2014년 6월 29일 20시,일요일,대구광역시 서구 평리동,중상사고,0,1,0,0,차대사람 - 횡단중,안전운전불이행,건조,맑음,교차로 - 교차로안,승용,남,72세,상해없음,보행자,남,58세,중상
2014062900100470,2014년 6월 29일 20시,일요일,대구광역시 중구 삼덕동2가,경상사고,0,0,1,0,차대사람 - 기타,안전운전불이행,건조,기타,단일로 - 기타,기타불명,기타불명,기타불명,기타불명,보행자,남,29세,경상
2014062900100471,2014년 6월 29일 20시,일요일,대구광역시 달서구 갈산동,부상신고사고,0,0,0,1,차대사람 - 기타,안전운전불이행,건조,맑음,단일로 - 기타,승합,남,61세,기타불명,보행자,남,17세,부상신고
2014062900100490,2014년 6월 29일 21시,일요일,대구광역시 남구 이천동,경상사고,0,0,2,0,차대차 - 기타,안전거리미확보,건조,맑음,단일로 - 기타,승용,여,57세,경상,승용,남,55세,경상
2014062900100491,2014년 6월 29일 21시,일요일,대구광역시 달성군 유가면,경상사고,0,0,2,0,차대차 - 추돌 - 주정차중,안전운전불이행,건조,맑음,교차로 - 교차로부근,승용,남,40세,상해없음,승용,여,29세,경상
2014062900100537,2014년 6월 29일 23시,일요일,대구광역시 달서구 본동,경상사고,0,0,1,0,차대차 - 추돌 - 주정차중,안전운전불이행,습기,비,단일로 - 기타,승용,남,47세,상해없음,승용,남,57세,경상
2014062900100538,2014년 6월 29일 23시,일요일,대구광역시 달서구 이곡동,중상사고,0,1,0,0,차대사람 - 횡단중,안전운전불이행,습기,비,교차로 - 교차로안,승용,남,50세,상해없음,보행자,남,29세,중상
2014063000100058,2014년 6월 30일 06시,월요일,대구광역시 달성군 논공읍,부상신고사고,0,0,0,1,차대차 - 기타,안전거리미확보,건조,맑음,단일로 - 기타,이륜,남,54세,부상신고,화물,여,54세,상해없음
2014063000100089,2014년 6월 30일 07시,월요일,대구광역시 동구 동호동,중상사고,0,2,0,0,차대차 - 측면직각충돌,신호위반,건조,맑음,교차로 - 교차로안,승용,여,41세,상해없음,승용,남,24세,중상
2014063000100090,2014년 6월 30일 07시,월요일,대구광역시 북구 칠성동1가,경상사고,0,0,1,0,차대차 - 기타,안전운전불이행,건조,맑음,단일로 - 기타,승용,남,43세,상해없음,자전거,남,18세,경상
2014063000100132,2014년 6월 30일 08시,월요일,대구광역시 달성군 다사읍,경상사고,0,0,2,0,차대차 - 측면직각충돌,신호위반,건조,맑음,교차로 - 교차로안,화물,남,62세,경상,승용,여,31세,경상
2014063000100133,2014년 6월 30일 08시,월요일,대구광역시 중구 종로1가,중상사고,0,1,0,0,차대차 - 기타,교차로운행방법위반,건조,맑음,교차로 - 교차로안,승용,남,29세,상해없음,승합,남,35세,상해없음
2014063000100159,2014년 6월 30일 09시,월요일,대구광역시 남구 대명동,경상사고,0,0,1,0,차대차 - 기타,안전운전불이행,건조,맑음,단일로 - 기타,승용,남,22세,상해없음,승용,남,54세,경상
2014063000100160,2014년 6월 30일 09시,월요일,대구광역시 수성구 만촌동,경상사고,0,0,2,0,차대차 - 기타,안전거리미확보,건조,맑음,단일로 - 기타,승용,남,35세,상해없음,승용,남,23세,경상
2014063000100161,2014년 6월 30일 09시,월요일,대구광역시 달서구 장기동,중상사고,0,1,0,0,차대차 - 측면직각충돌,안전운전불이행,건조,맑음,단일로 - 기타,승용,남,41세,상해없음,자전거,남,76세,중상
2014063000100194,2014년 6월 30일 10시,월요일,대구광역시 수성구 상동,경상사고,0,0,1,0,차대차 - 기타,안전운전불이행,건조,맑음,단일로 - 횡단보도상,승용,여,40세,상해없음,자전거,남,50세,경상
2014063000100195,2014년 6월 30일 10시,월요일,대구광역시 수성구 범어동,경상사고,0,0,1,0,차대사람 - 횡단중,보행자보호의무위반,건조,맑음,단일로 - 횡단보도상,화물,기타불명,기타불명,기타불명,보행자,여,74세,경상
2014063000100196,2014년 6월 30일 10시,월요일,대구광역시 북구 칠성동1가,경상사고,0,0,1,0,차대차 - 추돌 - 주정차중,안전운전불이행,건조,맑음,교차로 - 교차로안,승용,여,55세,상해없음,이륜,남,59세,경상
2014063000100197,2014년 6월 30일 10시,월요일,대구광역시 북구 학정동,중상사고,0,1,2,0,차대차 - 기타,안전운전불이행,건조,맑음,단일로 - 기타,승용,여,41세,상해없음,승용,남,30세,경상
2014063000100225,2014년 6월 30일 11시,월요일,대구광역시 달서구 유천동,부상신고사고,0,0,0,1,차대차 - 기타,교차로운행방법위반,건조,맑음,교차로 - 교차로부근,자전거,남,15세,부상신고,승용,남,46세,상해없음
2014063000100226,2014년 6월 30일 11시,월요일,대구광역시 달성군 옥포면,경상사고,0,0,1,0,차대사람 - 기타,안전운전불이행,건조,맑음,교차로 - 교차로부근,화물,남,64세,상해없음,보행자,남,62세,경상
2014063000100257,2014년 6월 30일 12시,월요일,대구광역시 남구 봉덕동,중상사고,0,1,0,0,차대차 - 기타,안전거리미확보,건조,맑음,단일로 - 기타,이륜,남,68세,중상,승용,남,66세,상해없음
2014063000100289,2014년 6월 30일 13시,월요일,대구광역시 달서구 상인동,경상사고,0,0,2,0,차대차 - 기타,안전운전불이행,건조,맑음,교차로 - 교차로안,승용,남,39세,상해없음,승용,여,46세,경상
2014063000100290,2014년 6월 30일 13시,월요일,대구광역시 서구 비산동,중상사고,0,1,0,0,차대차 - 기타,교차로운행방법위반,건조,맑음,교차로 - 교차로안,승용,남,31세,상해없음,자전거,남,75세,중상
2014063000100291,2014년 6월 30일 13시,월요일,대구광역시 달서구 두류동,경상사고,0,0,1,0,차대사람 - 차도통행중,안전운전불이행,건조,맑음,교차로 - 교차로부근,승합,남,64세,상해없음,보행자,여,42세,경상
2014063000100323,2014년 6월 30일 14시,월요일,대구광역시 달서구 장동,경상사고,0,0,2,0,차대차 - 기타,안전운전불이행,건조,맑음,단일로 - 기타,승용,남,21세,상해없음,이륜,남,16세,경상
2014063000100355,2014년 6월 30일 15시,월요일,대구광역시 동구 효목동,중상사고,0,1,0,0,차대사람 - 기타,안전운전불이행,건조,맑음,단일로 - 기타,승용,남,54세,상해없음,보행자,남,12세,중상
2014063000100356,2014년 6월 30일 15시,월요일,대구광역시 수성구 상동,경상사고,0,0,1,0,차대차 - 기타,안전운전불이행,건조,맑음,단일로 - 기타,승용,여,52세,상해없음,자전거,남,61세,경상
2014063000100357,2014년 6월 30일 15시,월요일,대구광역시 수성구 만촌동,중상사고,0,1,0,0,차대차 - 추돌 - 주정차중,안전운전불이행,건조,맑음,교차로 - 교차로부근,화물,남,49세,상해없음,승용,남,67세,중상
2014063000100358,2014년 6월 30일 15시,월요일,대구광역시 달서구 대곡동,부상신고사고,0,0,0,1,차대차 - 기타,안전운전불이행,건조,맑음,단일로 - 기타,자전거,남,13세,부상신고,승용,남,19세,상해없음
2014063000100359,2014년 6월 30일 15시,월요일,대구광역시 북구 노원동1가,중상사고,0,1,0,0,차대차 - 측면직각충돌,안전운전불이행,건조,맑음,단일로 - 기타,자전거,남,71세,중상,승용,남,47세,상해없음
2014063000100360,2014년 6월 30일 15시,월요일,대구광역시 북구 침산동,경상사고,0,0,1,0,차대사람 - 보도통행중,안전운전불이행,건조,맑음,기타 - 기타,승용,남,49세,상해없음,보행자,남,25세,경상
2014063000100361,2014년 6월 30일 15시,월요일,대구광역시 북구 서변동,중상사고,0,2,0,0,차대사람 - 기타,안전운전불이행,건조,맑음,기타 - 기타,승용,남,59세,중상,보행자,남,7세,중상
2014063000100362,2014년 6월 30일 15시,월요일,대구광역시 북구 구암동,경상사고,0,0,3,0,차대차 - 측면직각충돌,안전거리미확보,건조,맑음,단일로 - 기타,승용,남,72세,상해없음,승용,여,44세,경상
2014063000100409,2014년 6월 30일 16시,월요일,대구광역시 남구 봉덕동,경상사고,0,0,1,0,차대차 - 기타,안전거리미확보,건조,맑음,단일로 - 기타,원동기,남,73세,경상,승용,여,63세,상해없음
2014063000100410,2014년 6월 30일 16시,월요일,대구광역시 남구 대명동,경상사고,0,0,1,0,차대차 - 측면직각충돌,교차로운행방법위반,건조,맑음,교차로 - 교차로안,이륜,남,88세,경상,승용,남,54세,상해없음
2014063000100411,2014년 6월 30일 16시,월요일,대구광역시 동구 신천동,중상사고,0,1,0,0,차대사람 - 기타,안전운전불이행,건조,맑음,단일로 - 기타,기타불명,기타불명,기타불명,기타불명,보행자,여,67세,중상
2014063000100412,2014년 6월 30일 16시,월요일,대구광역시 수성구 수성동1가,경상사고,0,0,3,0,차대차 - 추돌 - 진행중,안전운전불이행,건조,맑음,교차로 - 교차로부근,승용,여,40세,경상,승용,여,32세,경상
2014063000100445,2014년 6월 30일 17시,월요일,대구광역시 동구 신암동,경상사고,0,0,1,0,차대차 - 측면직각충돌,중앙선침범,건조,맑음,단일로 - 횡단보도상,이륜,남,22세,상해없음,자전거,남,34세,경상
2014063000100446,2014년 6월 30일 17시,월요일,대구광역시 수성구 범어동,경상사고,0,0,2,0,차대차 - 측면직각충돌,신호위반,건조,맑음,교차로 - 교차로안,승용,남,39세,경상,원동기,남,19세,경상
2014063000100447,2014년 6월 30일 17시,월요일,대구광역시 수성구 황금동,경상사고,0,0,5,0,차대차 - 기타,중앙선침범,건조,흐림,단일로 - 기타,승용,남,66세,상해없음,승용,남,55세,경상
2014063000100481,2014년 6월 30일 18시,월요일,대구광역시 수성구 중동,경상사고,0,0,1,0,차대차 - 추돌 - 주정차중,안전운전불이행,건조,흐림,단일로 - 기타,화물,남,49세,상해없음,승용,남,41세,경상
2014063000100482,2014년 6월 30일 18시,월요일,대구광역시 서구 이현동,중상사고,0,1,1,0,차대차 - 정면충돌,불법유턴,건조,맑음,교차로 - 교차로부근,승용,여,62세,상해없음,건설기계,남,42세,경상
2014063000100518,2014년 6월 30일 19시,월요일,대구광역시 북구 산격동,경상사고,0,0,2,0,차대차 - 기타,안전거리미확보,건조,흐림,단일로 - 기타,승용,남,27세,상해없음,승용,남,43세,경상
2014063000100519,2014년 6월 30일 19시,월요일,대구광역시 서구 중리동,중상사고,0,1,0,0,차량단독 - 공작물충돌,안전운전불이행,습기,비,단일로 - 기타,승용,남,25세,상해없음,,,,
2014063000100550,2014년 6월 30일 20시,월요일,대구광역시 북구 서변동,중상사고,0,1,0,0,차대차 - 측면직각충돌,안전운전불이행,습기,맑음,교차로 - 교차로안,이륜,여,56세,중상,승용,남,50세,상해없음
2014063000100551,2014년 6월 30일 20시,월요일,대구광역시 북구 동천동,중상사고,0,1,0,0,차대차 - 측면직각충돌,안전운전불이행,습기,비,단일로 - 기타,승용,남,20세,상해없음,이륜,남,27세,중상
2014063000100584,2014년 6월 30일 21시,월요일,대구광역시 남구 봉덕동,중상사고,0,1,0,0,차대차 - 측면직각충돌,안전운전불이행,습기,비,단일로 - 기타,승용,남,37세,상해없음,자전거,남,14세,중상
2014063000100585,2014년 6월 30일 21시,월요일,대구광역시 남구 이천동,경상사고,0,0,1,0,차대차 - 기타,기타,습기,비,단일로 - 기타,승용,여,31세,상해없음,자전거,남,15세,경상
2014063000100586,2014년 6월 30일 21시,월요일,대구광역시 수성구 범어동,경상사고,0,0,1,0,차대차 - 기타,직진우회전진행방해,습기,비,교차로 - 교차로안,기타불명,기타불명,기타불명,기타불명,원동기,남,35세,경상
2014063000100587,2014년 6월 30일 21시,월요일,대구광역시 달서구 본동,경상사고,0,0,1,0,차대차 - 추돌 - 주정차중,안전운전불이행,습기,비,단일로 - 기타,승용,남,36세,상해없음,승용,여,53세,경상
2014063000100588,2014년 6월 30일 21시,월요일,대구광역시 북구 산격동,경상사고,0,0,1,0,차대차 - 기타,안전거리미확보,습기,비,단일로 - 기타,승합,남,58세,상해없음,원동기,남,24세,경상
2014063000100620,2014년 6월 30일 22시,월요일,대구광역시 수성구 황금동,중상사고,0,1,0,0,차대차 - 측면직각충돌,안전운전불이행,건조,맑음,교차로 - 교차로부근,승용,남,45세,상해없음,승용,남,67세,기타불명
2014063000100621,2014년 6월 30일 22시,월요일,대구광역시 수성구 두산동,경상사고,0,0,2,0,차대차 - 측면직각충돌,교차로운행방법위반,습기,흐림,교차로 - 교차로안,승용,기타불명,기타불명,기타불명,승용,남,48세,상해없음
2014063000100622,2014년 6월 30일 22시,월요일,대구광역시 달성군 구지면,중상사고,0,4,1,0,차대차 - 추돌 - 주정차중,안전운전불이행,습기,비,단일로 - 기타,화물,남,64세,중상,승용,남,35세,중상
2014063000100623,2014년 6월 30일 22시,월요일,대구광역시 북구 노원동3가,중상사고,0,1,0,0,차대사람 - 기타,신호위반,습기,흐림,단일로 - 기타,승용,남,53세,상해없음,보행자,남,53세,중상
2014063000100624,2014년 6월 30일 22시,월요일,대구광역시 서구 내당동,중상사고,0,1,0,0,차대사람 - 기타,안전운전불이행,습기,비,단일로 - 기타,화물,남,39세,상해없음,보행자,남,38세,중상
2014063000100649,2014년 6월 30일 23시,월요일,대구광역시 남구 대명동,중상사고,0,1,0,0,차대사람 - 횡단중,안전운전불이행,습기,흐림,단일로 - 기타,승용,여,54세,상해없음,보행자,여,23세,중상
2014063000100650,2014년 6월 30일 23시,월요일,대구광역시 동구 검사동,중상사고,0,1,0,0,차대사람 - 차도통행중,안전운전불이행,건조,맑음,단일로 - 기타,이륜,여,50세,상해없음,보행자,여,78세,중상
2014063000100651,2014년 6월 30일 23시,월요일,대구광역시 수성구 두산동,경상사고,0,0,1,0,차대차 - 정면충돌,안전운전불이행,건조,맑음,단일로 - 기타,승용,남,40세,상해없음,승용,남,39세,경상
2014070100100019,2014년 7월 1일 00시,화요일,대구광역시 동구 신암동,중상사고,0,1,0,0,차대차 - 측면직각충돌,직진우회전진행방해,건조,맑음,교차로 - 교차로안,이륜,남,57세,중상,화물,남,43세,상해없음
2014070100100034,2014년 7월 1일 01시,화요일,대구광역시 달서구 두류동,경상사고,0,0,2,0,차대차 - 추돌 - 주정차중,안전운전불이행,건조,맑음,단일로 - 기타,승용,남,54세,상해없음,승용,남,21세,경상
2014070100100050,2014년 7월 1일 03시,화요일,대구광역시 수성구 신매동,경상사고,0,0,2,0,차대차 - 기타,안전운전불이행,건조,맑음,단일로 - 기타,승용,남,27세,상해없음,승용,남,65세,경상
2014070100100065,2014년 7월 1일 05시,화요일,대구광역시 남구 대명동,중상사고,0,1,0,0,차대사람 - 횡단중,보행자보호의무위반,건조,맑음,교차로 - 교차로부근,승용,남,29세,상해없음,보행자,여,70세,중상
2014070100100099,2014년 7월 1일 07시,화요일,대구광역시 달서구 성당동,부상신고사고,0,0,0,1,차대사람 - 기타,보행자보호의무위반,건조,맑음,교차로 - 교차로부근,승용,기타불명,기타불명,기타불명,보행자,여,15세,부상신고
2014070100100135,2014년 7월 1일 08시,화요일,대구광역시 달서구 두류동,중상사고,0,1,0,0,차대차 - 측면직각충돌,안전운전불이행,건조,맑음,교차로 - 교차로안,화물,남,36세,상해없음,자전거,남,64세,중상
2014070100100165,2014년 7월 1일 09시,화요일,대구광역시 동구 신암동,경상사고,0,0,1,0,차대차 - 추돌 - 주정차중,안전운전불이행,건조,맑음,단일로 - 기타,승용,남,60세,상해없음,승용,남,25세,경상
2014070100100166,2014년 7월 1일 09시,화요일,대구광역시 달서구 상인동,경상사고,0,0,1,0,차대차 - 기타,안전운전불이행,건조,맑음,단일로 - 횡단보도상,화물,남,30세,상해없음,자전거,여,51세,경상
2014070100100167,2014년 7월 1일 09시,화요일,대구광역시 달서구 송현동,중상사고,0,1,3,0,차대차 - 추돌 - 진행중,안전거리미확보,건조,맑음,단일로 - 기타,승합,남,44세,경상,승용,남,66세,중상
2014070100100215,2014년 7월 1일 11시,화요일,대구광역시 남구 봉덕동,중상사고,0,1,0,0,차대차 - 측면직각충돌,신호위반,건조,맑음,교차로 - 교차로안,자전거,남,79세,중상,승용,남,66세,상해없음
2014070100100216,2014년 7월 1일 11시,화요일,대구광역시 달서구 호림동,경상사고,0,0,3,0,차대차 - 측면직각충돌,교차로운행방법위반,건조,맑음,교차로 - 교차로안,화물,남,36세,상해없음,승용,남,46세,경상
2014070100100230,2014년 7월 1일 12시,화요일,대구광역시 북구 서변동,중상사고,0,1,0,0,차대차 - 측면직각충돌,교차로운행방법위반,건조,맑음,교차로 - 교차로안,승용,남,69세,상해없음,원동기,남,81세,중상
2014070100100274,2014년 7월 1일 14시,화요일,대구광역시 남구 봉덕동,경상사고,0,0,1,0,차대차 - 측면직각충돌,안전운전불이행,건조,맑음,단일로 - 기타,이륜,남,39세,기타불명,승용,남,59세,경상
2014070100100275,2014년 7월 1일 14시,화요일,대구광역시 달서구 월암동,경상사고,0,0,2,0,차대차 - 기타,신호위반,건조,맑음,교차로 - 교차로안,승용,남,28세,상해없음,승용,남,54세,경상