사고번호,사고일시,요일,시군구,사고내용,사망자수,중상자수,경상자수,부상신고자수,사고유형,법규위반,노면상태,기상상태,도로형태,가해운전자 차종,가해운전자 성별,가해운전자 연령,가해운전자 상해정도,피해운전자 차종,피해운전자 성별,피해운전자 연령,피해운전자 상해정도
2014070400100152,2014년 7월 4일 08시,금요일,대구광역시 달서구 본리동,경상사고,0,0,1,0,차대사람 - 기타,안전운전불이행,건조,맑음,교차로 - 교차로부근,승용,남,49세,상해없음,보행자,여,11세,경상
2014070400100176,2014년 7월 4일 09시,금요일,대구광역시 달서구 월성동,부상신고사고,0,0,0,1,차대차 - 기타,교차로운행방법위반,건조,맑음,교차로 - 교차로안,자전거,남,60세,부상신고,화물,남,42세,상해없음
2014070400100177,2014년 7월 4일 09시,금요일,대구광역시 북구 산격동,부상신고사고,0,0,0,1,차대차 - 측면직각충돌,신호위반,건조,맑음,교차로 - 교차로안,원동기,남,62세,부상신고,승용,여,67세,상해없음
2014070400100196,2014년 7월 4일 10시,금요일,대구광역시 북구 칠성동1가,중상사고,0,1,0,0,차대차 - 기타,안전운전불이행,건조,맑음,교차로 - 교차로부근,승용,남,62세,상해없음,원동기,남,76세,중상
2014070400100219,2014년 7월 4일 11시,금요일,대구광역시 북구 조야동,경상사고,0,0,4,0,차대차 - 측면직각충돌,안전운전불이행,건조,맑음,단일로 - 기타,승용,남,36세,상해없음,승합,남,31세,경상
2014070400100221,2014년 7월 4일 11시,금요일,대구광역시 동구 신천동,중상사고,0,1,0,0,차대차 - 측면직각충돌,안전운전불이행,건조,맑음,교차로 - 교차로부근,승용,여,61세,상해없음,자전거,여,61세,중상
2014070400100257,2014년 7월 4일 12시,금요일,대구광역시 달성군 옥포면,중상사고,0,2,0,0,차대차 - 측면직각충돌,안전거리미확보,건조,맑음,단일로 - 기타,화물,남,35세,상해없음,승용,여,38세,중상
2014070400100261,2014년 7월 4일 12시,금요일,대구광역시 동구 신암동,경상사고,0,0,1,0,차대차 - 기타,안전운전불이행,건조,맑음,단일로 - 기타,이륜,남,33세,상해없음,자전거,여,40세,경상
2014070400100294,2014년 7월 4일 13시,금요일,대구광역시 동구 불로동,경상사고,0,0,1,0,차량단독 - 기타,안전운전불이행,건조,맑음,단일로 - 기타,승합,남,57세,상해없음,,,,
2014070400100295,2014년 7월 4일 13시,금요일,대구광역시 수성구 수성동4가,중상사고,0,1,0,0,차대사람 - 기타,안전운전불이행,건조,흐림,교차로 - 교차로부근,승용,여,42세,상해없음,보행자,여,71세,중상
2014070400100296,2014년 7월 4일 13시,금요일,대구광역시 달서구 월성동,경상사고,0,0,1,0,차대차 - 측면직각충돌,기타,건조,맑음,단일로 - 기타,승용,남,53세,상해없음,화물,남,42세,경상
2014070400100297,2014년 7월 4일 13시,금요일,대구광역시 북구 산격동,중상사고,0,1,0,0,차대사람 - 기타,안전운전불이행,건조,맑음,기타 - 기타,화물,남,41세,상해없음,보행자,여,57세,중상
2014070400100331,2014년 7월 4일 14시,금요일,대구광역시 북구 검단동,경상사고,0,0,1,0,차대차 - 측면직각충돌,교차로운행방법위반,건조,맑음,교차로 - 교차로안,승용,남,51세,상해없음,원동기,남,77세,경상
2014070400100332,2014년 7월 4일 14시,금요일,대구광역시 중구 동인동4가,경상사고,0,0,1,0,차대차 - 측면직각충돌,안전운전불이행,건조,맑음,교차로 - 교차로안,승용,남,61세,상해없음,자전거,남,71세,경상
2014070400100333,2014년 7월 4일 14시,금요일,대구광역시 달서구 감삼동,경상사고,0,0,1,0,차대차 - 추돌 - 주정차중,안전운전불이행,건조,맑음,단일로 - 기타,승용,남,46세,상해없음,승용,남,25세,경상
2014070400100334,2014년 7월 4일 14시,금요일,대구광역시 달서구 장기동,경상사고,0,0,1,0,차대차 - 측면직각충돌,교차로운행방법위반,건조,맑음,교차로 - 교차로안,승용,남,47세,상해없음,승용,남,44세,경상
2014070400100365,2014년 7월 4일 15시,금요일,대구광역시 동구 효목동,경상사고,0,0,3,0,차대차 - 기타,신호위반,건조,맑음,교차로 - 교차로안,이륜,남,16세,상해없음,승용,남,58세,경상
2014070400100366,2014년 7월 4일 15시,금요일,대구광역시 달성군 다사읍,경상사고,0,0,1,0,차대차 - 추돌 - 주정차중,안전운전불이행,건조,맑음,교차로 - 교차로부근,승용,남,61세,상해없음,승용,남,35세,경상
2014070400100367,2014년 7월 4일 15시,금요일,대구광역시 북구 산격동,부상신고사고,0,0,0,1,차대차 - 기타,안전운전불이행,건조,맑음,단일로 - 기타,자전거,남,75세,부상신고,승용,남,32세,기타불명
2014070400100368,2014년 7월 4일 15시,금요일,대구광역시 중구 봉산동,중상사고,0,1,0,0,차대사람 - 기타,안전운전불이행,건조,맑음,단일로 - 기타,이륜,남,18세,상해없음,보행자,여,60세,중상
2014070400100410,2014년 7월 4일 16시,금요일,대구광역시 달성군 다사읍,경상사고,0,0,3,0,차대차 - 추돌 - 진행중,안전운전불이행,건조,맑음,단일로 - 기타,승용,남,52세,상해없음,승용,남,37세,경상
2014070400100461,2014년 7월 4일 17시,금요일,대구광역시 달서구 용산동,경상사고,0,0,1,0,차대차 - 추돌 - 진행중,안전거리미확보,건조,맑음,단일로 - 기타,승용,남,41세,상해없음,화물,남,32세,경상
2014070400100462,2014년 7월 4일 17시,금요일,대구광역시 달서구 이곡동,경상사고,0,0,1,0,차대차 - 기타,교차로운행방법위반,건조,맑음,교차로 - 교차로부근,승용,기타불명,기타불명,기타불명,이륜,남,42세,경상
2014070400100524,2014년 7월 4일 18시,금요일,대구광역시 동구 신천동,경상사고,0,0,1,0,차대차 - 기타,기타,건조,맑음,단일로 - 기타,승용,여,57세,상해없음,이륜,남,47세,경상
2014070400100525,2014년 7월 4일 18시,금요일,대구광역시 달서구 두류동,중상사고,0,1,0,0,차대사람 - 기타,기타,건조,맑음,단일로 - 기타,승합,남,57세,상해없음,보행자,여,76세,중상
2014070400100564,2014년 7월 4일 19시,금요일,대구광역시 수성구 신매동,경상사고,0,0,1,0,차대사람 - 기타,안전운전불이행,건조,맑음,단일로 - 기타,기타불명,기타불명,기타불명,기타불명,보행자,여,71세,경상
2014070400100565,2014년 7월 4일 19시,금요일,대구광역시 북구 노원동3가,중상사고,0,1,0,0,차대차 - 측면직각충돌,신호위반,건조,맑음,단일로 - 횡단보도상,승용,남,55세,상해없음,자전거,남,17세,중상
2014070400100566,2014년 7월 4일 19시,금요일,대구광역시 달서구 본리동,중상사고,0,1,1,0,차대사람 - 기타,안전거리미확보,건조,흐림,교차로 - 교차로부근,화물,남,59세,상해없음,보행자,남,67세,중상
2014070400100595,2014년 7월 4일 20시,금요일,대구광역시 달서구 송현동,경상사고,0,0,1,0,차대차 - 측면직각충돌,차로위반,건조,맑음,단일로 - 기타,승용,남,56세,상해없음,승용,남,55세,상해없음
2014070400100596,2014년 7월 4일 20시,금요일,대구광역시 달서구 월성동,경상사고,0,0,1,0,차대사람 - 기타,안전운전불이행,건조,맑음,기타 - 기타,승용,남,32세,상해없음,보행자,남,54세,경상
2014070400100597,2014년 7월 4일 20시,금요일,대구광역시 중구 대봉동,부상신고사고,0,0,0,1,차대차 - 측면직각충돌,직진우회전진행방해,건조,맑음,교차로 - 교차로안,원동기,남,51세,부상신고,승용,남,70세,상해없음
2014070400100598,2014년 7월 4일 20시,금요일,대구광역시 달서구 신당동,경상사고,0,0,5,0,차대차 - 추돌 - 진행중,신호위반,건조,맑음,교차로 - 교차로안,승용,여,41세,상해없음,승용,남,33세,경상
2014070400100599,2014년 7월 4일 20시,금요일,대구광역시 북구 태전동,중상사고,0,1,1,0,차대사람 - 횡단중,안전운전불이행,건조,맑음,단일로 - 기타,화물,남,32세,상해없음,보행자,여,61세,경상
2014070400100600,2014년 7월 4일 20시,금요일,대구광역시 북구 국우동,경상사고,0,0,1,0,차대차 - 기타,안전운전불이행,건조,맑음,단일로 - 기타,화물,남,52세,상해없음,자전거,여,8세,경상
2014070400100642,2014년 7월 4일 21시,금요일,대구광역시 달서구 상인동,중상사고,0,1,0,0,차대차 - 측면직각충돌,안전운전불이행,건조,맑음,교차로 - 교차로부근,승용,여,52세,상해없음,원동기,남,38세,중상
2014070400100643,2014년 7월 4일 21시,금요일,대구광역시 달서구 월성동,경상사고,0,0,1,0,차대차 - 측면직각충돌,안전운전불이행,건조,맑음,교차로 - 교차로안,승용,남,29세,상해없음,승합,남,56세,경상
2014070400100684,2014년 7월 4일 22시,금요일,대구광역시 동구 효목동,경상사고,0,0,1,0,차대차 - 측면직각충돌,중앙선침범,건조,맑음,단일로 - 기타,승용,남,42세,상해없음,승용,남,51세,경상
2014070400100685,2014년 7월 4일 22시,금요일,대구광역시 달성군 화원읍,경상사고,0,0,1,0,차대사람 - 기타,안전운전불이행,건조,맑음,단일로 - 기타,자전거,남,16세,상해없음,보행자,여,54세,경상
2014070400100728,2014년 7월 4일 23시,금요일,대구광역시 남구 대명동,경상사고,0,0,1,0,차대차 - 기타,불법유턴,건조,맑음,단일로 - 횡단보도상,자전거,남,34세,경상,승용,남,51세,상해없음
2014070400100729,2014년 7월 4일 23시,금요일,대구광역시 수성구 황금동,경상사고,0,0,1,0,차대사람 - 기타,안전운전불이행,건조,맑음,단일로 - 기타,승용,남,46세,상해없음,보행자,남,40세,경상
2014070400100730,2014년 7월 4일 23시,금요일,대구광역시 달서구 용산동,경상사고,0,0,1,0,차량단독 - 기타,안전운전불이행,건조,맑음,단일로 - 기타,승용,남,54세,기타불명,,,,
2014070500100026,2014년 7월 5일 00시,토요일,대구광역시 동구 용계동,중상사고,0,1,0,0,차대차 - 측면직각충돌,중앙선침범,건조,맑음,교차로 - 교차로부근,승용,남,51세,상해없음,이륜,남,50세,중상
2014070500100027,2014년 7월 5일 00시,토요일,대구광역시 달서구 진천동,경상사고,0,0,2,0,차대차 - 측면직각충돌,신호위반,건조,맑음,교차로 - 교차로안,승용,남,30세,경상,승용,남,70세,경상
2014070500100043,2014년 7월 5일 01시,토요일,대구광역시 수성구 시지동,중상사고,0,1,6,0,차대차 - 측면직각충돌,안전운전불이행,건조,맑음,교차로 - 교차로부근,승용,남,31세,상해없음,승용,남,29세,중상
2014070500100044,2014년 7월 5일 01시,토요일,대구광역시 중구 삼덕동1가,경상사고,0,0,1,0,차대사람 - 기타,안전운전불이행,건조,맑음,단일로 - 기타,승용,남,39세,기타불명,보행자,남,24세,경상
2014070500100045,2014년 7월 5일 01시,토요일,대구광역시 달서구 성당동,경상사고,0,0,1,0,차대차 - 기타,안전운전불이행,건조,흐림,단일로 - 기타,승용,남,22세,상해없음,이륜,남,20세,상해없음
2014070500100061,2014년 7월 5일 02시,토요일,대구광역시 남구 대명동,경상사고,0,0,1,0,차대차 - 기타,안전운전불이행,건조,맑음,단일로 - 기타,승용,기타불명,기타불명,기타불명,이륜,남,17세,경상
2014070500100082,2014년 7월 5일 04시,토요일,대구광역시 북구 대현동,경상사고,0,0,1,0,차대차 - 측면직각충돌,안전거리미확보,건조,맑음,단일로 - 기타,승용,남,46세,상해없음,원동기,남,23세,경상
2014070500100083,2014년 7월 5일 04시,토요일,대구광역시 북구 구암동,중상사고,0,1,1,0,차대차 - 정면충돌,신호위반,건조,맑음,교차로 - 교차로안,이륜,남,51세,중상,승용,남,33세,경상
2014070500100100,2014년 7월 5일 05시,토요일,대구광역시 달서구 갈산동,경상사고,0,0,1,0,차대차 - 기타,안전운전불이행,건조,맑음,단일로 - 기타,승용,남,25세,상해없음,화물,남,46세,상해없음
2014070500100222,2014년 7월 5일 11시,토요일,대구광역시 동구 신암동,경상사고,0,0,1,1,차대차 - 기타,안전거리미확보,건조,맑음,단일로 - 기타,원동기,남,35세,부상신고,원동기,남,52세,경상
2014070500100223,2014년 7월 5일 11시,토요일,대구광역시 수성구 수성동3가,중상사고,0,1,0,0,차대차 - 측면직각충돌,안전운전불이행,건조,맑음,단일로 - 기타,승용,남,43세,상해없음,자전거,남,26세,중상
2014070500100288,2014년 7월 5일 13시,토요일,대구광역시 남구 대명동,경상사고,0,0,2,0,차대차 - 측면직각충돌,안전운전불이행,건조,맑음,교차로 - 교차로안,승용,남,61세,경상,승용,남,78세,경상
2014070500100289,2014년 7월 5일 13시,토요일,대구광역시 동구 효목동,중상사고,0,1,0,1,차량단독 - 기타,안전운전불이행,건조,맑음,단일로 - 기타,이륜,남,25세,부상신고,,,,
2014070500100324,2014년 7월 5일 14시,토요일,대구광역시 수성구 만촌동,중상사고,0,1,0,0,차대사람 - 횡단중,보행자보호의무위반,건조,맑음,단일로 - 기타,승용,남,75세,상해없음,보행자,여,66세,중상
2014070500100325,2014년 7월 5일 14시,토요일,대구광역시 북구 읍내동,부상신고사고,0,0,0,1,차대차 - 측면직각충돌,안전운전불이행,건조,맑음,단일로 - 기타,승용,기타불명,기타불명,기타불명,자전거,여,16세,부상신고
2014070500100348,2014년 7월 5일 15시,토요일,대구광역시 서구 비산동,경상사고,0,0,1,0,차대차 - 추돌 - 진행중,안전운전불이행,건조,맑음,교차로 - 교차로안,이륜,남,62세,상해없음,이륜,남,31세,경상
2014070500100349,2014년 7월 5일 15시,토요일,대구광역시 중구 봉산동,부상신고사고,0,0,0,1,차대차 - 기타,안전운전불이행,건조,맑음,단일로 - 기타,이륜,남,60세,부상신고,승용,남,43세,상해없음
2014070500100383,2014년 7월 5일 16시,토요일,대구광역시 달서구 송현동,경상사고,0,0,1,0,차대사람 - 기타,안전운전불이행,건조,맑음,단일로 - 기타,승용,여,56세,기타불명,보행자,남,22세,경상
2014070500100384,2014년 7월 5일 16시,토요일,대구광역시 북구 검단동,경상사고,0,0,1,0,차대차 - 측면직각충돌,불법유턴,건조,맑음,교차로 - 교차로부근,자전거,남,43세,경상,승용,남,48세,상해없음
2014070500100385,2014년 7월 5일 16시,토요일,대구광역시 서구 비산동,중상사고,0,1,0,0,차대차 - 측면직각충돌,교차로운행방법위반,건조,맑음,교차로 - 교차로안,승용,남,44세,상해없음,이륜,남,55세,중상
2014070500100386,2014년 7월 5일 16시,토요일,대구광역시 서구 비산동,경상사고,0,0,1,0,차대사람 - 길가장자리구역통행중,안전운전불이행,건조,맑음,단일로 - 기타,화물,남,50세,상해없음,보행자,남,11세,경상
2014070500100387,2014년 7월 5일 16시,토요일,대구광역시 중구 문화동,경상사고,0,0,1,0,차대사람 - 기타,안전운전불이행,건조,맑음,단일로 - 기타,승용,남,29세,상해없음,보행자,남,23세,경상
2014070500100425,2014년 7월 5일 17시,토요일,대구광역시 중구 동인동4가,경상사고,0,0,1,0,차대차 - 기타,안전운전불이행,건조,맑음,교차로 - 교차로안,화물,남,35세,상해없음,이륜,남,56세,상해없음
2014070500100426,2014년 7월 5일 17시,토요일,대구광역시 달서구 두류동,경상사고,0,0,2,0,차대차 - 측면직각충돌,안전거리미확보,건조,흐림,단일로 - 기타,승용,남,33세,상해없음,승용,여,40세,경상
2014070500100460,2014년 7월 5일 18시,토요일,대구광역시 동구 율하동,중상사고,0,1,0,0,차대차 - 기타,신호위반,건조,맑음,단일로 - 횡단보도상,승용,남,37세,상해없음,이륜,남,39세,중상
2014070500100461,2014년 7월 5일 18시,토요일,대구광역시 달서구 감삼동,경상사고,0,0,2,0,차대차 - 측면직각충돌,안전운전불이행,건조,맑음,단일로 - 기타,승용,남,65세,상해없음,이륜,남,19세,경상
2014070500100490,2014년 7월 5일 19시,토요일,대구광역시 수성구 성동,경상사고,0,0,2,0,차대차 - 추돌 - 진행중,안전운전불이행,건조,맑음,단일로 - 기타,승용,남,56세,상해없음,승용,남,28세,경상
2014070500100517,2014년 7월 5일 20시,토요일,대구광역시 달성군 화원읍,중상사고,0,1,0,0,차대차 - 기타,안전운전불이행,건조,맑음,교차로 - 교차로안,화물,남,43세,상해없음,자전거,여,19세,중상
2014070500100518,2014년 7월 5일 20시,토요일,대구광역시 북구 대현동,중상사고,0,1,0,0,차대차 - 기타,안전운전불이행,건조,맑음,교차로 - 교차로안,승합,남,54세,상해없음,자전거,여,19세,중상
2014070500100519,2014년 7월 5일 20시,토요일,대구광역시 북구 관음동,부상신고사고,0,0,0,1,차대차 - 기타,안전운전불이행,건조,맑음,기타 - 기타,자전거,남,21세,부상신고,승용,남,52세,상해없음
2014070500100556,2014년 7월 5일 21시,토요일,대구광역시 동구 신천동,경상사고,0,0,1,0,차대차 - 기타,기타,건조,맑음,단일로 - 기타,승용,여,46세,상해없음,자전거,여,22세,경상
2014070500100557,2014년 7월 5일 21시,토요일,대구광역시 수성구 중동,중상사고,0,1,0,0,차대차 - 기타,안전거리미확보,건조,맑음,단일로 - 기타,화물,여,29세,상해없음,이륜,남,18세,중상
2014070500100558,2014년 7월 5일 21시,토요일,대구광역시 북구 노원동2가,중상사고,0,1,1,0,차대차 - 추돌 - 진행중,안전운전불이행,건조,맑음,교차로 - 교차로안,화물,남,52세,상해없음,승용,남,36세,중상
2014070500100587,2014년 7월 5일 22시,토요일,대구광역시 달서구 장기동,경상사고,0,0,4,0,차대차 - 추돌 - 주정차중,안전운전불이행,건조,맑음,단일로 - 기타,승용,여,49세,상해없음,승용,남,32세,경상
2014070500100588,2014년 7월 5일 22시,토요일,대구광역시 달서구 용산동,경상사고,0,0,1,0,차대차 - 기타,안전운전불이행,건조,맑음,단일로 - 기타,승용,남,19세,상해없음,승용,남,41세,경상
2014070600100013,2014년 7월 6일 00시,일요일,대구광역시 중구 삼덕동1가,경상사고,0,0,1,0,차대사람 - 기타,안전운전불이행,건조,맑음,단일로 - 기타,승용,남,32세,기타불명,보행자,남,18세,경상
2014070600100035,2014년 7월 6일 01시,일요일,대구광역시 달서구 장동,부상신고사고,0,0,0,1,차량단독 - 공작물충돌,안전운전불이행,건조,맑음,단일로 - 기타,승용,여,54세,부상신고,,,,
2014070600100062,2014년 7월 6일 03시,일요일,대구광역시 남구 대명동,중상사고,0,1,0,0,차대사람 - 횡단중,안전운전불이행,건조,맑음,교차로 - 교차로안,승용,남,50세,상해없음,보행자,남,34세,중상
2014070600100077,2014년 7월 6일 04시,일요일,대구광역시 달서구 이곡동,중상사고,0,1,0,0,차대사람 - 횡단중,보행자보호의무위반,건조,맑음,단일로 - 기타,승용,남,28세,상해없음,보행자,여,74세,중상
2014070600100114,2014년 7월 6일 07시,일요일,대구광역시 달서구 월성동,경상사고,0,0,1,0,차대차 - 측면직각충돌,신호위반,습기,비,교차로 - 교차로안,승용,여,61세,상해없음,승용,남,46세,경상
2014070600100115,2014년 7월 6일 07시,일요일,대구광역시 달서구 용산동,경상사고,0,0,2,0,차대차 - 기타,신호위반,습기,비,교차로 - 교차로안,승용,남,67세,상해없음,승용,여,53세,경상
2014070600100116,2014년 7월 6일 07시,일요일,대구광역시 달서구 용산동,경상사고,0,0,2,0,차대차 - 측면직각충돌,안전거리미확보,습기,비,단일로 - 기타,승용,여,44세,상해없음,승합,남,47세,경상
2014070600100132,2014년 7월 6일 08시,일요일,대구광역시 남구 봉덕동,경상사고,0,0,1,0,차대차 - 측면직각충돌,직진우회전진행방해,습기,비,교차로 - 교차로안,승용,남,64세,상해없음,승용,여,68세,경상
2014070600100133,2014년 7월 6일 08시,일요일,대구광역시 서구 비산동,중상사고,0,1,0,0,차대사람 - 기타,안전운전불이행,건조,맑음,단일로 - 기타,자전거,남,12세,상해없음,보행자,여,67세,중상
2014070600100134,2014년 7월 6일 08시,일요일,대구광역시 중구 삼덕동2가,경상사고,0,0,1,0,차대차 - 측면직각충돌,안전운전불이행,습기,비,단일로 - 기타,승용,여,50세,상해없음,이륜,남,62세,경상
2014070600100152,2014년 7월 6일 09시,일요일,대구광역시 동구 매여동,중상사고,0,3,1,1,차대차 - 기타,교차로운행방법위반,습기,비,교차로 - 교차로안,승용,여,51세,부상신고,승용,남,45세,중상
2014070600100153,2014년 7월 6일 09시,일요일,대구광역시 서구 평리동,경상사고,0,0,1,0,차대차 - 기타,안전운전불이행,습기,비,교차로 - 교차로부근,화물,남,53세,상해없음,승용,남,27세,경상
2014070600100154,2014년 7월 6일 09시,일요일,대구광역시 중구 대신동,경상사고,0,0,1,0,차대차 - 기타,안전운전불이행,습기,비,단일로 - 기타,승용,여,37세,상해없음,화물,남,53세,경상
2014070600100155,2014년 7월 6일 09시,일요일,대구광역시 달서구 죽전동,부상신고사고,0,0,0,1,차대차 - 기타,안전운전불이행,건조,맑음,단일로 - 기타,원동기,남,23세,부상신고,승용,남,54세,상해없음
2014070600100156,2014년 7월 6일 09시,일요일,대구광역시 북구 태전동,경상사고,0,0,3,0,차대차 - 측면직각충돌,직진우회전진행방해,습기,비,교차로 - 교차로안,승용,남,58세,경상,승용,여,48세,경상
2014070600100180,2014년 7월 6일 10시,일요일,대구광역시 중구 동산동,중상사고,0,1,1,0,차대차 - 측면직각충돌,안전운전불이행,습기,비,단일로 - 기타,승용,여,45세,중상,승용,남,54세,경상
2014070600100200,2014년 7월 6일 11시,일요일,대구광역시 중구 계산동2가,중상사고,0,1,0,0,차대차 - 기타,안전거리미확보,습기,비,교차로 - 교차로부근,승용,남,63세,기타불명,승용,남,55세,상해없음
2014070600100231,2014년 7월 6일 12시,일요일,대구광역시 동구 신천동,경상사고,0,0,1,0,차대차 - 기타,안전거리미확보,건조,흐림,단일로 - 기타,승용,남,29세,상해없음,화물,남,49세,경상
2014070600100232,2014년 7월 6일 12시,일요일,대구광역시 서구 평리동,경상사고,0,0,1,0,차대차 - 기타,안전운전불이행,건조,맑음,교차로 - 교차로안,자전거,남,13세,경상,승용,남,33세,상해없음
2014070600100233,2014년 7월 6일 12시,일요일,대구광역시 달서구 호산동,경상사고,0,0,2,0,차대차 - 측면직각충돌,안전거리미확보,건조,맑음,교차로 - 교차로부근,기타불명,기타불명,기타불명,기타불명,승용,남,39세,경상
2014070600100234,2014년 7월 6일 12시,일요일,대구광역시 달서구 두류동,경상사고,0,0,2,0,차대차 - 기타,안전운전불이행,건조,맑음,교차로 - 교차로부근,승용,남,61세,경상,승용,여,47세,경상
2014070600100235,2014년 7월 6일 12시,일요일,대구광역시 북구 관음동,부상신고사고,0,0,0,1,차대차 - 기타,안전운전불이행,습기,맑음,기타 - 기타,화물,남,51세,부상신고,승용,여,58세,상해없음
2014070600100315,2014년 7월 6일 15시,일요일,대구광역시 중구 상서동,경상사고,0,0,1,0,차대사람 - 차도통행중,안전운전불이행,습기,비,단일로 - 기타,승용,남,47세,상해없음,보행자,남,56세,경상
2014070600100316,2014년 7월 6일 15시,일요일,대구광역시 북구 구암동,경상사고,0,0,3,0,차대차 - 기타,안전운전불이행,습기,비,단일로 - 기타,승합,남,63세,경상,승용,남,48세,경상
2014070600100352,2014년 7월 6일 16시,일요일,대구광역시 남구 대명동,부상신고사고,0,0,0,1,차량단독 - 기타,기타,습기,비,단일로 - 기타,승합,남,49세,상해없음,,,,
2014070600100353,2014년 7월 6일 16시,일요일,대구광역시 남구 대명동,경상사고,0,0,4,0,차대차 - 추돌 - 진행중,안전거리미확보,건조,맑음,단일로 - 기타,승용,남,40세,상해없음,승용,남,38세,경상
2014070600100354,2014년 7월 6일 16시,일요일,대구광역시 달성군 가창면,경상사고,0,0,1,0,차대차 - 추돌 - 주정차중,안전운전불이행,습기,비,교차로 - 교차로부근,승용,남,52세,상해없음,승용,남,28세,경상
2014070600100391,2014년 7월 6일 17시,일요일,대구광역시 수성구 가천동,경상사고,0,0,1,0,차대차 - 추돌 - 진행중,안전운전불이행,습기,비,단일로 - 기타,승용,남,68세,상해없음,승용,남,54세,경상
2014070600100392,2014년 7월 6일 17시,일요일,대구광역시 수성구 중동,경상사고,0,0,3,0,차대차 - 측면직각충돌,안전운전불이행,건조,맑음,교차로 - 교차로안,승용,여,62세,상해없음,승용,남,45세,상해없음
2014070600100393,2014년 7월 6일 17시,일요일,대구광역시 수성구 노변동,부상신고사고,0,0,0,1,차대차 - 기타,안전운전불이행,습기,비,교차로 - 교차로부근,원동기,남,34세,부상신고,승용,남,27세,상해없음
2014070600100394,2014년 7월 6일 17시,일요일,대구광역시 달성군 논공읍,중상사고,0,1,3,0,차대차 - 추돌 - 주정차중,안전운전불이행,습기,맑음,단일로 - 기타,승용,남,44세,상해없음,화물,남,46세,경상
2014070600100395,2014년 7월 6일 17시,일요일,대구광역시 북구 동천동,경상사고,0,0,1,0,차대차 - 측면직각충돌,직진우회전진행방해,습기,비,교차로 - 교차로안,승용,여,35세,상해없음,이륜,남,45세,경상
2014070600100426,2014년 7월 6일 18시,일요일,대구광역시 수성구 매호동,경상사고,0,0,1,0,차대차 - 기타,안전운전불이행,습기,비,교차로 - 교차로안,승용,여,29세,상해없음,자전거,남,63세,경상
2014070600100427,2014년 7월 6일 18시,일요일,대구광역시 달서구 본동,중상사고,0,1,0,0,차대차 - 기타,교차로운행방법위반,건조,흐림,교차로 - 교차로부근,승용,여,57세,상해없음,승용,여,29세,중상
2014070600100428,2014년 7월 6일 18시,일요일,대구광역시 달서구 본리동,경상사고,0,0,1,1,차대차 - 측면직각충돌,신호위반,습기,비,교차로 - 교차로안,승용,여,34세,부상신고,이륜,남,21세,경상
2014070600100429,2014년 7월 6일 18시,일요일,대구광역시 북구 구암동,부상신고사고,0,0,0,1,차대차 - 추돌 - 진행중,안전운전불이행,습기,비,단일로 - 기타,이륜,남,18세,부상신고,승용,남,51세,상해없음
2014070600100457,2014년 7월 6일 19시,일요일,대구광역시 동구 중대동,경상사고,0,0,2,0,차대차 - 기타,안전운전불이행,습기,비,교차로 - 교차로안,승용,남,24세,상해없음,승용,남,41세,경상
2014070600100458,2014년 7월 6일 19시,일요일,대구광역시 달성군 화원읍,경상사고,0,0,2,0,차대차 - 측면직각충돌,안전운전불이행,건조,맑음,교차로 - 교차로안,화물,남,40세,상해없음,승용,남,53세,경상
2014070600100459,2014년 7월 6일 19시,일요일,대구광역시 달성군 화원읍,중상사고,0,1,0,0,차대차 - 추돌 - 주정차중,안전운전불이행,습기,흐림,단일로 - 기타,승용,여,37세,상해없음,이륜,남,16세,중상
2014070600100460,2014년 7월 6일 19시,일요일,대구광역시 달서구 두류동,경상사고,0,0,2,0,차대차 - 추돌 - 주정차중,중앙선침범,건조,흐림,단일로 - 기타,승용,남,47세,상해없음,승용,남,56세,경상
2014070600100461,2014년 7월 6일 19시,일요일,대구광역시 달서구 감삼동,경상사고,0,0,1,0,차대차 - 측면직각충돌,신호위반,습기,비,교차로 - 교차로안,승용,남,37세,상해없음,이륜,남,35세,경상
2014070600100490,2014년 7월 6일 20시,일요일,대구광역시 북구 동천동,경상사고,0,0,1,0,차대차 - 기타,차로위반,습기,맑음,단일로 - 기타,승용,남,50세,기타불명,이륜,남,39세,경상
2014070600100511,2014년 7월 6일 21시,일요일,대구광역시 수성구 매호동,경상사고,0,0,2,0,차대차 - 추돌 - 진행중,안전운전불이행,건조,맑음,단일로 - 기타,승용,남,31세,상해없음,승용,남,30세,경상
2014070600100512,2014년 7월 6일 21시,일요일,대구광역시 달성군 현풍면,경상사고,0,0,1,0,차대차 - 추돌 - 주정차중,안전운전불이행,건조,맑음,교차로 - 교차로부근,승용,남,36세,상해없음,승용,남,47세,경상
2014070600100534,2014년 7월 6일 22시,일요일,대구광역시 달서구 상인동,경상사고,0,0,1,0,차대차 - 측면직각충돌,신호위반,습기,흐림,교차로 - 교차로안,승용,남,21세,상해없음,이륜,남,24세,경상
2014070600100535,2014년 7월 6일 22시,일요일,대구광역시 서구 비산동,경상사고,0,0,1,0,차대차 - 기타,안전운전불이행,습기,흐림,교차로 - 교차로부근,승용,남,28세,상해없음,자전거,남,49세,경상
2014070600100536,2014년 7월 6일 22시,일요일,대구광역시 서구 내당동,경상사고,0,0,2,0,차대차 - 기타,기타,건조,맑음,단일로 - 기타,승용,여,30세,상해없음,승용,여,55세,경상