사고번호,사고일시,요일,시군구,사고내용,사망자수,중상자수,경상자수,부상신고자수,사고유형,법규위반,노면상태,기상상태,도로형태,가해운전자 차종,가해운전자 성별,가해운전자 연령,가해운전자 상해정도,피해운전자 차종,피해운전자 성별,피해운전자 연령,피해운전자 상해정도
2014070600100550,2014년 7월 6일 23시,일요일,대구광역시 서구 평리동,경상사고,0,0,1,0,차대차 - 기타,신호위반,건조,맑음,교차로 - 교차로안,이륜,남,21세,상해없음,승용,남,58세,경상
2014070600100551,2014년 7월 6일 23시,일요일,대구광역시 달서구 용산동,경상사고,0,0,1,0,차대차 - 추돌 - 주정차중,불법유턴,건조,흐림,교차로 - 교차로부근,승용,남,25세,상해없음,승용,남,32세,경상
2014070700100010,2014년 7월 7일 00시,월요일,대구광역시 중구 공평동,중상사고,0,1,0,1,차대차 - 기타,차로위반,건조,맑음,단일로 - 기타,이륜,남,34세,부상신고,승용,남,48세,상해없음
2014070700100024,2014년 7월 7일 01시,월요일,대구광역시 달서구 죽전동,경상사고,0,0,1,0,차량단독 - 전도전복,안전운전불이행,건조,흐림,단일로 - 기타,이륜,여,34세,경상,,,,
2014070700100030,2014년 7월 7일 02시,월요일,대구광역시 동구 신천동,사망사고,1,1,0,0,차량단독 - 공작물충돌,안전운전불이행,건조,맑음,단일로 - 기타,승용,남,26세,사망,,,,
2014070700100040,2014년 7월 7일 04시,월요일,대구광역시 서구 내당동,경상사고,0,0,1,0,차대사람 - 기타,안전운전불이행,건조,맑음,기타 - 기타,승용,남,69세,상해없음,보행자,남,22세,경상
2014070700100051,2014년 7월 7일 05시,월요일,대구광역시 동구 불로동,중상사고,0,1,0,0,차대차 - 기타,안전운전불이행,건조,맑음,단일로 - 기타,기타불명,기타불명,기타불명,기타불명,원동기,남,21세,중상
2014070700100069,2014년 7월 7일 06시,월요일,대구광역시 달서구 도원동,부상신고사고,0,0,0,1,차대차 - 기타,기타,건조,맑음,단일로 - 기타,자전거,여,66세,부상신고,건설기계,남,42세,상해없음
2014070700100096,2014년 7월 7일 07시,월요일,대구광역시 동구 용계동,경상사고,0,0,1,0,차대차 - 추돌 - 진행중,안전거리미확보,건조,맑음,단일로 - 기타,화물,남,59세,상해없음,승용,여,28세,경상
2014070700100099,2014년 7월 7일 07시,월요일,대구광역시 수성구 중동,중상사고,0,1,2,0,차대차 - 측면직각충돌,안전운전불이행,건조,맑음,교차로 - 교차로부근,이륜,남,21세,경상,승용,여,39세,중상
2014070700100100,2014년 7월 7일 07시,월요일,대구광역시 북구 팔달동,경상사고,0,0,1,0,차대차 - 측면직각충돌,안전거리미확보,건조,맑음,단일로 - 기타,승용,여,56세,상해없음,화물,남,37세,경상
2014070700100139,2014년 7월 7일 08시,월요일,대구광역시 달서구 상인동,경상사고,0,0,4,0,차대차 - 측면직각충돌,교차로운행방법위반,건조,맑음,교차로 - 교차로안,승용,여,43세,경상,승용,여,38세,경상
2014070700100140,2014년 7월 7일 08시,월요일,대구광역시 달서구 도원동,경상사고,0,0,1,0,차대차 - 기타,신호위반,건조,맑음,단일로 - 횡단보도상,승용,남,25세,상해없음,자전거,여,47세,경상
2014070700100141,2014년 7월 7일 08시,월요일,대구광역시 서구 평리동,중상사고,0,1,0,0,차대차 - 기타,안전운전불이행,건조,맑음,단일로 - 기타,승합,여,55세,상해없음,원동기,여,49세,중상
2014070700100142,2014년 7월 7일 08시,월요일,대구광역시 중구 동산동,경상사고,0,0,2,0,차대차 - 추돌 - 진행중,안전운전불이행,건조,맑음,단일로 - 기타,승용,남,24세,상해없음,승용,남,52세,경상
2014070700100143,2014년 7월 7일 08시,월요일,대구광역시 달서구 호산동,경상사고,0,0,2,0,차대차 - 추돌 - 진행중,안전운전불이행,건조,흐림,단일로 - 기타,화물,남,39세,경상,승용,여,49세,경상
2014070700100144,2014년 7월 7일 08시,월요일,대구광역시 달서구 성당동,부상신고사고,0,0,0,1,차대차 - 추돌 - 주정차중,안전거리미확보,건조,맑음,단일로 - 기타,이륜,남,18세,부상신고,승용,남,60세,상해없음
2014070700100145,2014년 7월 7일 08시,월요일,대구광역시 북구 매천동,경상사고,0,0,1,0,차대차 - 측면직각충돌,교차로운행방법위반,건조,맑음,교차로 - 교차로안,승용,남,66세,상해없음,원동기,남,27세,경상
2014070700100192,2014년 7월 7일 09시,월요일,대구광역시 수성구 수성동1가,경상사고,0,0,1,0,차대차 - 추돌 - 주정차중,안전운전불이행,건조,맑음,단일로 - 횡단보도부근,승용,여,54세,상해없음,승용,여,56세,경상
2014070700100276,2014년 7월 7일 12시,월요일,대구광역시 달서구 송현동,경상사고,0,0,2,0,차대차 - 추돌 - 진행중,안전거리미확보,건조,맑음,교차로 - 교차로안,이륜,남,33세,경상,승용,남,41세,경상
2014070700100277,2014년 7월 7일 12시,월요일,대구광역시 중구 삼덕동2가,중상사고,0,2,0,0,차대사람 - 기타,안전운전불이행,건조,맑음,단일로 - 기타,승용,여,48세,상해없음,보행자,남,59세,중상
2014070700100305,2014년 7월 7일 13시,월요일,대구광역시 동구 신천동,경상사고,0,0,2,0,차대차 - 측면직각충돌,직진우회전진행방해,건조,맑음,교차로 - 교차로안,승용,남,35세,상해없음,승용,남,25세,경상
2014070700100328,2014년 7월 7일 14시,월요일,대구광역시 수성구 범어동,경상사고,0,0,1,0,차대차 - 기타,안전거리미확보,건조,맑음,교차로 - 교차로부근,승용,여,66세,상해없음,이륜,남,20세,경상
2014070700100329,2014년 7월 7일 14시,월요일,대구광역시 달성군 현풍면,중상사고,0,1,3,0,차대차 - 추돌 - 진행중,안전운전불이행,건조,맑음,단일로 - 기타,승용,남,38세,상해없음,승용,남,19세,경상
2014070700100355,2014년 7월 7일 15시,월요일,대구광역시 동구 율하동,경상사고,0,0,1,0,차대차 - 측면직각충돌,안전운전불이행,건조,맑음,기타 - 기타,화물,남,18세,상해없음,화물,남,46세,경상
2014070700100356,2014년 7월 7일 15시,월요일,대구광역시 서구 내당동,경상사고,0,0,1,0,차대사람 - 횡단중,보행자보호의무위반,건조,맑음,단일로 - 횡단보도상,승용,여,53세,상해없음,보행자,남,7세,경상
2014070700100392,2014년 7월 7일 16시,월요일,대구광역시 서구 비산동,경상사고,0,0,1,0,차대사람 - 기타,안전운전불이행,건조,맑음,단일로 - 기타,승용,남,54세,상해없음,보행자,여,54세,경상
2014070700100393,2014년 7월 7일 16시,월요일,대구광역시 중구 삼덕동2가,경상사고,0,0,1,0,차대차 - 추돌 - 주정차중,안전거리미확보,건조,맑음,단일로 - 기타,승용,남,47세,상해없음,승용,남,42세,경상
2014070700100421,2014년 7월 7일 17시,월요일,대구광역시 수성구 황금동,중상사고,0,1,0,0,차대사람 - 횡단중,안전운전불이행,건조,맑음,교차로 - 교차로부근,승용,남,43세,상해없음,보행자,여,36세,중상
2014070700100457,2014년 7월 7일 18시,월요일,대구광역시 북구 산격동,중상사고,0,1,0,0,차대차 - 측면직각충돌,안전거리미확보,건조,맑음,교차로 - 교차로부근,원동기,남,54세,중상,승용,남,37세,상해없음
2014070700100458,2014년 7월 7일 18시,월요일,대구광역시 북구 구암동,경상사고,0,0,1,0,차대차 - 추돌 - 주정차중,안전운전불이행,건조,맑음,단일로 - 기타,승용,여,38세,상해없음,화물,남,46세,경상
2014070700100485,2014년 7월 7일 19시,월요일,대구광역시 달서구 월성동,경상사고,0,0,1,0,차대차 - 기타,안전운전불이행,건조,맑음,단일로 - 기타,승용,남,66세,상해없음,자전거,남,53세,경상
2014070700100486,2014년 7월 7일 19시,월요일,대구광역시 북구 복현동,경상사고,0,0,1,0,차대차 - 기타,교차로운행방법위반,건조,맑음,교차로 - 교차로안,승용,여,21세,경상,승용,남,74세,상해없음
2014070700100539,2014년 7월 7일 21시,월요일,대구광역시 수성구 신매동,중상사고,0,1,0,1,차대사람 - 기타,안전운전불이행,건조,맑음,단일로 - 기타,원동기,남,20세,부상신고,보행자,여,27세,중상
2014070700100540,2014년 7월 7일 21시,월요일,대구광역시 서구 내당동,경상사고,0,0,1,0,차대사람 - 기타,안전운전불이행,건조,맑음,단일로 - 기타,원동기,남,34세,상해없음,보행자,남,62세,경상
2014070700100596,2014년 7월 7일 23시,월요일,대구광역시 달서구 신당동,경상사고,0,0,3,0,차대차 - 측면직각충돌,신호위반,건조,흐림,교차로 - 교차로안,승용,남,45세,상해없음,승용,남,36세,경상
2014070800100017,2014년 7월 8일 00시,화요일,대구광역시 서구 상리동,경상사고,0,0,2,0,차대차 - 추돌 - 진행중,안전거리미확보,건조,흐림,단일로 - 기타,승용,남,37세,경상,승용,남,40세,상해없음
2014070800100029,2014년 7월 8일 01시,화요일,대구광역시 서구 비산동,경상사고,0,0,2,0,차대사람 - 기타,안전운전불이행,건조,맑음,단일로 - 기타,화물,남,45세,상해없음,보행자,여,30세,경상
2014070800100042,2014년 7월 8일 02시,화요일,대구광역시 수성구 두산동,경상사고,0,0,1,0,차대차 - 추돌 - 주정차중,안전운전불이행,건조,맑음,단일로 - 기타,승용,남,22세,상해없음,승용,남,33세,상해없음
2014070800100043,2014년 7월 8일 02시,화요일,대구광역시 달서구 본리동,중상사고,0,1,0,0,차대사람 - 횡단중,안전운전불이행,건조,맑음,단일로 - 기타,승용,남,59세,상해없음,보행자,남,21세,중상
2014070800100053,2014년 7월 8일 03시,화요일,대구광역시 북구 검단동,사망사고,1,0,0,0,차대사람 - 기타,기타,건조,맑음,단일로 - 기타,승용,남,36세,기타불명,보행자,남,33세,사망
2014070800100054,2014년 7월 8일 03시,화요일,대구광역시 달서구 감삼동,중상사고,0,1,0,0,차대사람 - 길가장자리구역통행중,안전운전불이행,건조,맑음,단일로 - 기타,승용,남,31세,상해없음,보행자,남,33세,중상
2014070800100113,2014년 7월 8일 07시,화요일,대구광역시 남구 봉덕동,경상사고,0,0,1,0,차대차 - 측면직각충돌,안전운전불이행,습기,흐림,단일로 - 횡단보도상,화물,남,49세,상해없음,자전거,남,58세,경상
2014070800100160,2014년 7월 8일 08시,화요일,대구광역시 수성구 두산동,경상사고,0,0,2,0,차대차 - 기타,안전운전불이행,습기,비,단일로 - 기타,화물,남,66세,상해없음,승용,남,55세,경상
2014070800100161,2014년 7월 8일 08시,화요일,대구광역시 달성군 구지면,중상사고,0,1,0,0,차량단독 - 공작물충돌,안전운전불이행,습기,흐림,단일로 - 기타,승용,여,51세,중상,,,,
2014070800100162,2014년 7월 8일 08시,화요일,대구광역시 북구 침산동,경상사고,0,0,1,0,차대차 - 기타,안전운전불이행,건조,맑음,단일로 - 기타,승용,남,44세,기타불명,자전거,남,14세,경상
2014070800100163,2014년 7월 8일 08시,화요일,대구광역시 북구 검단동,경상사고,0,0,1,0,차대사람 - 기타,안전운전불이행,습기,비,단일로 - 기타,승용,남,47세,상해없음,보행자,여,40세,경상
2014070800100164,2014년 7월 8일 08시,화요일,대구광역시 중구 동인동4가,중상사고,0,1,0,0,차대차 - 추돌 - 진행중,안전운전불이행,기타,비,기타 - 기타,자전거,남,41세,상해없음,자전거,여,63세,중상
2014070800100165,2014년 7월 8일 08시,화요일,대구광역시 중구 대신동,경상사고,0,0,1,0,차대차 - 기타,안전운전불이행,건조,맑음,단일로 - 기타,승용,남,53세,상해없음,승용,여,41세,경상
2014070800100166,2014년 7월 8일 08시,화요일,대구광역시 달서구 감삼동,경상사고,0,0,1,0,차대차 - 기타,안전거리미확보,습기,비,단일로 - 기타,승용,여,35세,상해없음,승용,남,55세,경상
2014070800100187,2014년 7월 8일 09시,화요일,대구광역시 수성구 지산동,경상사고,0,0,1,0,차대차 - 기타,안전운전불이행,습기,흐림,단일로 - 기타,승용,여,22세,상해없음,화물,남,34세,경상
2014070800100188,2014년 7월 8일 09시,화요일,대구광역시 달서구 진천동,경상사고,0,0,1,0,차대차 - 측면직각충돌,교차로운행방법위반,습기,비,교차로 - 교차로안,승용,여,34세,상해없음,승용,남,35세,경상
2014070800100189,2014년 7월 8일 09시,화요일,대구광역시 달서구 호림동,중상사고,0,1,0,0,차대차 - 기타,신호위반,건조,맑음,교차로 - 교차로안,승용,남,25세,상해없음,승용,남,55세,중상
2014070800100212,2014년 7월 8일 10시,화요일,대구광역시 서구 내당동,중상사고,0,1,0,0,차대차 - 측면직각충돌,신호위반,건조,맑음,교차로 - 교차로안,화물,남,32세,상해없음,승용,남,66세,상해없음
2014070800100315,2014년 7월 8일 13시,화요일,대구광역시 수성구 범어동,경상사고,0,0,2,0,차대차 - 추돌 - 주정차중,안전운전불이행,건조,맑음,단일로 - 기타,승용,남,47세,상해없음,승용,남,28세,경상
2014070800100316,2014년 7월 8일 13시,화요일,대구광역시 북구 산격동,중상사고,0,1,0,0,차대차 - 기타,안전운전불이행,건조,맑음,교차로 - 교차로부근,자전거,여,52세,중상,승합,남,60세,상해없음
2014070800100353,2014년 7월 8일 14시,화요일,대구광역시 수성구 범어동,부상신고사고,0,0,0,1,차대차 - 기타,안전운전불이행,건조,맑음,단일로 - 기타,이륜,남,29세,부상신고,승용,여,48세,상해없음
2014070800100354,2014년 7월 8일 14시,화요일,대구광역시 달서구 월성동,경상사고,0,0,1,2,차대차 - 기타,안전거리미확보,건조,맑음,단일로 - 기타,승용,남,37세,상해없음,이륜,남,17세,부상신고
2014070800100355,2014년 7월 8일 14시,화요일,대구광역시 서구 비산동,경상사고,0,0,1,0,차대차 - 기타,안전운전불이행,건조,맑음,단일로 - 기타,승용,여,28세,상해없음,승용,여,62세,경상
2014070800100395,2014년 7월 8일 15시,화요일,대구광역시 수성구 범물동,사망사고,1,0,0,0,차대사람 - 횡단중,안전운전불이행,건조,맑음,교차로 - 교차로안,승용,남,50세,상해없음,보행자,남,56세,사망
2014070800100435,2014년 7월 8일 16시,화요일,대구광역시 달성군 다사읍,경상사고,0,0,1,0,차대사람 - 횡단중,보행자보호의무위반,건조,흐림,단일로 - 횡단보도상,승용,여,41세,상해없음,보행자,남,7세,경상
2014070800100467,2014년 7월 8일 17시,화요일,대구광역시 서구 평리동,경상사고,0,0,1,0,차대차 - 기타,교차로운행방법위반,건조,맑음,교차로 - 교차로안,승용,여,39세,상해없음,이륜,남,63세,경상
2014070800100468,2014년 7월 8일 17시,화요일,대구광역시 서구 내당동,중상사고,0,1,0,0,차대사람 - 기타,안전운전불이행,건조,맑음,단일로 - 기타,승용,여,54세,상해없음,보행자,남,46세,중상
2014070800100509,2014년 7월 8일 18시,화요일,대구광역시 동구 신암동,경상사고,0,0,1,0,차대차 - 측면직각충돌,안전운전불이행,기타,흐림,교차로 - 교차로부근,화물,남,36세,상해없음,승용,여,47세,경상
2014070800100510,2014년 7월 8일 18시,화요일,대구광역시 수성구 두산동,경상사고,0,0,1,0,차대차 - 기타,안전운전불이행,건조,맑음,기타 - 기타,승용,남,57세,상해없음,자전거,남,19세,경상
2014070800100511,2014년 7월 8일 18시,화요일,대구광역시 달서구 도원동,경상사고,0,0,1,0,차대사람 - 기타,안전운전불이행,건조,맑음,단일로 - 기타,승합,남,22세,상해없음,보행자,여,9세,경상
2014070800100512,2014년 7월 8일 18시,화요일,대구광역시 달서구 상인동,경상사고,0,0,1,0,차대사람 - 기타,보행자보호의무위반,건조,맑음,교차로 - 교차로안,승용,여,67세,상해없음,보행자,여,18세,경상
2014070800100513,2014년 7월 8일 18시,화요일,대구광역시 북구 노원동3가,경상사고,0,0,2,0,차대차 - 추돌 - 주정차중,안전운전불이행,습기,비,단일로 - 기타,화물,남,50세,상해없음,승용,여,37세,경상
2014070800100514,2014년 7월 8일 18시,화요일,대구광역시 북구 대현동,경상사고,0,0,1,0,차대차 - 추돌 - 주정차중,안전거리미확보,습기,흐림,교차로 - 교차로부근,승용,남,41세,상해없음,승용,여,37세,경상
2014070800100515,2014년 7월 8일 18시,화요일,대구광역시 서구 내당동,경상사고,0,0,1,0,차대차 - 추돌 - 진행중,안전거리미확보,습기,비,교차로 - 교차로부근,승합,남,64세,상해없음,승용,남,55세,경상
2014070800100542,2014년 7월 8일 19시,화요일,대구광역시 남구 대명동,중상사고,0,1,0,0,차대차 - 기타,안전운전불이행,건조,맑음,단일로 - 기타,승용,남,33세,상해없음,이륜,남,63세,중상
2014070800100543,2014년 7월 8일 19시,화요일,대구광역시 서구 비산동,중상사고,0,1,0,0,차대차 - 정면충돌,중앙선침범,건조,맑음,단일로 - 기타,이륜,남,53세,중상,승용,남,46세,상해없음
2014070800100583,2014년 7월 8일 20시,화요일,대구광역시 동구 효목동,경상사고,0,0,1,0,차대차 - 기타,직진우회전진행방해,건조,맑음,교차로 - 교차로안,승용,남,44세,상해없음,이륜,남,15세,경상
2014070800100584,2014년 7월 8일 20시,화요일,대구광역시 수성구 중동,중상사고,0,1,0,0,차대차 - 기타,신호위반,건조,흐림,교차로 - 교차로안,승용,남,29세,상해없음,승용,남,50세,중상
2014070800100585,2014년 7월 8일 20시,화요일,대구광역시 달서구 진천동,부상신고사고,0,0,0,1,차대차 - 기타,안전운전불이행,건조,맑음,단일로 - 기타,이륜,남,17세,부상신고,화물,남,57세,상해없음
2014070800100586,2014년 7월 8일 20시,화요일,대구광역시 서구 중리동,경상사고,0,0,1,0,차대차 - 측면직각충돌,신호위반,건조,흐림,교차로 - 교차로안,승용,남,66세,상해없음,승용,남,41세,경상
2014070800100587,2014년 7월 8일 20시,화요일,대구광역시 달서구 용산동,중상사고,0,1,0,0,차량단독 - 기타,안전운전불이행,건조,흐림,단일로 - 기타,자전거,남,55세,중상,,,,
2014070800100634,2014년 7월 8일 22시,화요일,대구광역시 달서구 월성동,경상사고,0,0,1,0,차대차 - 측면직각충돌,신호위반,습기,흐림,교차로 - 교차로안,승용,남,56세,상해없음,승용,남,62세,경상
2014070800100635,2014년 7월 8일 22시,화요일,대구광역시 중구 동성로2가,부상신고사고,0,0,0,1,차대사람 - 횡단중,보행자보호의무위반,건조,맑음,단일로 - 횡단보도상,이륜,남,17세,상해없음,보행자,여,40세,부상신고
2014070800100673,2014년 7월 8일 23시,화요일,대구광역시 동구 신천동,중상사고,0,1,0,0,차대차 - 기타,안전거리미확보,습기,흐림,단일로 - 기타,승용,남,55세,상해없음,이륜,남,17세,중상
2014070900100026,2014년 7월 9일 00시,수요일,대구광역시 북구 침산동,중상사고,0,1,1,0,차대차 - 측면직각충돌,신호위반,건조,맑음,교차로 - 교차로안,승용,남,24세,상해없음,화물,남,43세,경상
2014070900100068,2014년 7월 9일 04시,수요일,대구광역시 동구 검사동,경상사고,0,0,1,0,차대사람 - 차도통행중,안전운전불이행,건조,맑음,단일로 - 기타,승용,여,46세,상해없음,보행자,여,41세,경상
2014070900100069,2014년 7월 9일 04시,수요일,대구광역시 중구 남산동,경상사고,0,0,1,0,차대차 - 추돌 - 주정차중,안전운전불이행,건조,맑음,단일로 - 기타,기타불명,기타불명,기타불명,기타불명,승용,남,49세,경상
2014070900100073,2014년 7월 9일 05시,수요일,대구광역시 수성구 만촌동,경상사고,0,0,1,0,차대차 - 기타,안전운전불이행,건조,맑음,교차로 - 교차로부근,승용,남,29세,상해없음,승합,남,53세,경상
2014070900100136,2014년 7월 9일 08시,수요일,대구광역시 중구 대봉동,경상사고,0,0,1,0,차대차 - 기타,안전운전불이행,건조,맑음,단일로 - 기타,화물,남,34세,상해없음,승용,남,69세,경상
2014070900100137,2014년 7월 9일 08시,수요일,대구광역시 북구 태전동,중상사고,0,1,1,1,차대차 - 측면직각충돌,안전거리미확보,습기,비,단일로 - 기타,승용,남,60세,부상신고,승용,여,59세,중상
2014070900100162,2014년 7월 9일 09시,수요일,대구광역시 동구 신천동,경상사고,0,0,2,0,차대차 - 추돌 - 진행중,안전운전불이행,습기,맑음,기타 - 기타,승용,여,29세,상해없음,승용,남,29세,경상
2014070900100164,2014년 7월 9일 09시,수요일,대구광역시 중구 동인동2가,중상사고,0,1,1,0,차대차 - 기타,안전운전불이행,습기,비,교차로 - 교차로안,승합,남,56세,상해없음,이륜,남,74세,경상
2014070900100232,2014년 7월 9일 11시,수요일,대구광역시 달성군 현풍면,중상사고,0,1,0,0,차대차 - 측면직각충돌,교차로운행방법위반,건조,맑음,교차로 - 교차로안,승용,남,57세,상해없음,이륜,남,80세,중상
2014070900100252,2014년 7월 9일 12시,수요일,대구광역시 서구 내당동,부상신고사고,0,0,0,1,차대차 - 기타,안전운전불이행,건조,맑음,단일로 - 기타,승용,남,26세,상해없음,특수,남,21세,상해없음
2014070900100277,2014년 7월 9일 13시,수요일,대구광역시 북구 노원동2가,중상사고,0,1,0,0,차대차 - 측면직각충돌,신호위반,건조,맑음,교차로 - 교차로안,승합,남,36세,상해없음,이륜,남,48세,중상
2014070900100313,2014년 7월 9일 14시,수요일,대구광역시 남구 대명동,중상사고,0,1,0,0,차대차 - 기타,안전운전불이행,건조,맑음,단일로 - 횡단보도상,자전거,남,57세,중상,승용,남,61세,상해없음
2014070900100314,2014년 7월 9일 14시,수요일,대구광역시 수성구 중동,경상사고,0,0,1,0,차대사람 - 보도통행중,안전운전불이행,건조,맑음,단일로 - 기타,승용,남,24세,상해없음,보행자,여,70세,경상
2014070900100315,2014년 7월 9일 14시,수요일,대구광역시 북구 칠성동2가,경상사고,0,0,1,0,차대사람 - 횡단중,안전운전불이행,건조,맑음,단일로 - 횡단보도부근,승용,여,26세,상해없음,보행자,여,71세,경상
2014070900100350,2014년 7월 9일 15시,수요일,대구광역시 수성구 범물동,경상사고,0,0,2,0,차대차 - 측면직각충돌,신호위반,건조,맑음,교차로 - 교차로안,승합,남,41세,상해없음,승합,남,70세,상해없음
2014070900100351,2014년 7월 9일 15시,수요일,대구광역시 서구 평리동,경상사고,0,0,1,0,차대차 - 기타,교차로운행방법위반,습기,비,교차로 - 교차로안,승용,여,41세,상해없음,이륜,남,19세,경상
2014070900100352,2014년 7월 9일 15시,수요일,대구광역시 서구 이현동,경상사고,0,0,1,0,차대차 - 기타,신호위반,건조,맑음,교차로 - 교차로안,승용,남,32세,상해없음,승용,남,46세,경상
2014070900100353,2014년 7월 9일 15시,수요일,대구광역시 중구 대봉동,중상사고,0,1,0,0,차대차 - 기타,안전운전불이행,건조,맑음,단일로 - 기타,승용,남,44세,상해없음,승용,남,66세,중상
2014070900100387,2014년 7월 9일 16시,수요일,대구광역시 수성구 지산동,중상사고,0,1,0,0,차대차 - 측면직각충돌,안전운전불이행,건조,맑음,단일로 - 기타,승용,남,75세,상해없음,자전거,남,10세,중상
2014070900100388,2014년 7월 9일 16시,수요일,대구광역시 달서구 성당동,중상사고,0,1,0,0,차대차 - 추돌 - 진행중,안전운전불이행,건조,맑음,단일로 - 기타,화물,남,57세,상해없음,자전거,여,23세,중상
2014070900100426,2014년 7월 9일 17시,수요일,대구광역시 달서구 진천동,경상사고,0,0,1,0,차대차 - 기타,안전운전불이행,건조,맑음,단일로 - 기타,승용,여,38세,상해없음,승용,여,65세,경상
2014070900100427,2014년 7월 9일 17시,수요일,대구광역시 달성군 다사읍,경상사고,0,0,1,0,차대차 - 기타,안전운전불이행,건조,맑음,교차로 - 교차로안,자전거,남,13세,경상,화물,남,50세,상해없음
2014070900100428,2014년 7월 9일 17시,수요일,대구광역시 서구 평리동,중상사고,0,1,0,0,차대차 - 기타,신호위반,건조,맑음,단일로 - 횡단보도부근,승용,여,41세,상해없음,이륜,남,50세,중상
2014070900100429,2014년 7월 9일 17시,수요일,대구광역시 달서구 감삼동,중상사고,0,1,0,0,차대차 - 측면직각충돌,안전운전불이행,건조,맑음,단일로 - 횡단보도부근,승용,남,64세,상해없음,이륜,여,53세,중상
2014070900100475,2014년 7월 9일 18시,수요일,대구광역시 수성구 지산동,경상사고,0,0,1,0,차대사람 - 길가장자리구역통행중,안전운전불이행,건조,맑음,교차로 - 교차로안,승용,남,53세,상해없음,보행자,남,66세,경상
2014070900100476,2014년 7월 9일 18시,수요일,대구광역시 북구 대현동,중상사고,0,1,0,0,차대차 - 기타,신호위반,건조,맑음,단일로 - 기타,승용,남,61세,상해없음,원동기,남,54세,중상
2014070900100513,2014년 7월 9일 19시,수요일,대구광역시 수성구 범어동,중상사고,0,2,1,0,차대차 - 정면충돌,중앙선침범,건조,맑음,교차로 - 교차로부근,승용,남,52세,상해없음,승용,남,51세,중상
2014070900100514,2014년 7월 9일 19시,수요일,대구광역시 수성구 범어동,경상사고,0,0,1,0,차대차 - 추돌 - 주정차중,안전운전불이행,건조,맑음,단일로 - 기타,승용,남,67세,상해없음,승용,남,28세,경상
2014070900100515,2014년 7월 9일 19시,수요일,대구광역시 달서구 월성동,경상사고,0,0,1,0,차대차 - 측면직각충돌,직진우회전진행방해,건조,맑음,교차로 - 교차로안,승용,여,51세,상해없음,자전거,남,28세,경상
2014070900100516,2014년 7월 9일 19시,수요일,대구광역시 달성군 화원읍,경상사고,0,0,1,1,차대차 - 측면직각충돌,안전운전불이행,건조,맑음,교차로 - 교차로안,승용,여,39세,부상신고,승용,남,29세,경상
2014070900100539,2014년 7월 9일 20시,수요일,대구광역시 수성구 범어동,경상사고,0,0,1,0,차대차 - 기타,신호위반,습기,맑음,교차로 - 교차로안,승용,남,42세,상해없음,이륜,남,61세,경상
2014070900100580,2014년 7월 9일 21시,수요일,대구광역시 동구 중대동,경상사고,0,0,1,0,차대차 - 측면직각충돌,안전거리미확보,건조,맑음,단일로 - 기타,승용,남,47세,상해없음,이륜,남,31세,경상
2014070900100581,2014년 7월 9일 21시,수요일,대구광역시 서구 비산동,경상사고,0,0,2,0,차대차 - 측면직각충돌,교차로운행방법위반,습기,흐림,교차로 - 교차로안,승용,남,53세,상해없음,승용,여,54세,경상
2014070900100582,2014년 7월 9일 21시,수요일,대구광역시 북구 구암동,부상신고사고,0,0,0,1,차대차 - 기타,안전운전불이행,건조,맑음,교차로 - 교차로안,이륜,남,29세,상해없음,승용,남,62세,상해없음
2014070900100611,2014년 7월 9일 22시,수요일,대구광역시 동구 신서동,경상사고,0,0,1,0,차대차 - 측면직각충돌,안전거리미확보,습기,비,단일로 - 기타,승용,남,45세,상해없음,승용,남,41세,경상
2014070900100612,2014년 7월 9일 22시,수요일,대구광역시 달서구 죽전동,경상사고,0,0,2,0,차대차 - 추돌 - 주정차중,안전운전불이행,습기,비,교차로 - 교차로부근,승용,여,39세,상해없음,승용,남,33세,경상
2014070900100613,2014년 7월 9일 22시,수요일,대구광역시 달서구 이곡동,부상신고사고,0,0,0,1,차대차 - 기타,안전운전불이행,건조,맑음,교차로 - 교차로부근,승합,기타불명,기타불명,기타불명,자전거,남,55세,부상신고
2014070900100640,2014년 7월 9일 23시,수요일,대구광역시 남구 대명동,경상사고,0,0,1,0,차량단독 - 공작물충돌,안전운전불이행,건조,맑음,교차로 - 교차로부근,승용,남,29세,상해없음,,,,
2014070900100641,2014년 7월 9일 23시,수요일,대구광역시 수성구 만촌동,경상사고,0,0,1,0,차대차 - 기타,안전운전불이행,건조,맑음,단일로 - 기타,승용,남,53세,상해없음,승용,남,58세,경상
2014070900100642,2014년 7월 9일 23시,수요일,대구광역시 달서구 송현동,부상신고사고,0,0,0,1,차대차 - 추돌 - 진행중,안전운전불이행,습기,비,교차로 - 교차로부근,자전거,남,19세,부상신고,승용,남,56세,상해없음
2014071000100031,2014년 7월 10일 00시,목요일,대구광역시 수성구 범어동,부상신고사고,0,0,0,1,차대차 - 추돌 - 진행중,안전운전불이행,건조,맑음,단일로 - 기타,승용,기타불명,기타불명,기타불명,자전거,남,74세,부상신고
2014071000100032,2014년 7월 10일 00시,목요일,대구광역시 중구 남산동,중상사고,0,1,1,0,차대차 - 측면직각충돌,신호위반,건조,맑음,교차로 - 교차로안,이륜,남,41세,중상,승용,남,61세,경상
2014071000100045,2014년 7월 10일 01시,목요일,대구광역시 남구 대명동,경상사고,0,0,1,0,차대차 - 측면직각충돌,안전거리미확보,건조,맑음,교차로 - 교차로부근,승용,남,46세,상해없음,승용,남,53세,경상