사고번호,사고일시,요일,시군구,사고내용,사망자수,중상자수,경상자수,부상신고자수,사고유형,법규위반,노면상태,기상상태,도로형태,가해운전자 차종,가해운전자 성별,가해운전자 연령,가해운전자 상해정도,피해운전자 차종,피해운전자 성별,피해운전자 연령,피해운전자 상해정도
2014071000100046,2014년 7월 10일 01시,목요일,대구광역시 달서구 용산동,경상사고,0,0,1,0,차대차 - 추돌 - 주정차중,안전운전불이행,건조,맑음,단일로 - 기타,승용,남,28세,상해없음,승용,남,55세,경상
2014071000100056,2014년 7월 10일 02시,목요일,대구광역시 수성구 연호동,중상사고,0,1,0,0,차대차 - 기타,안전운전불이행,건조,맑음,단일로 - 기타,승용,남,28세,상해없음,승용,남,40세,중상
2014071000100057,2014년 7월 10일 02시,목요일,대구광역시 달서구 진천동,중상사고,0,1,0,0,차대사람 - 횡단중,안전운전불이행,건조,맑음,교차로 - 교차로부근,승용,남,27세,상해없음,보행자,남,39세,중상
2014071000100099,2014년 7월 10일 06시,목요일,대구광역시 달서구 성당동,경상사고,0,0,1,0,차대사람 - 기타,안전운전불이행,건조,맑음,단일로 - 기타,승합,남,40세,상해없음,보행자,여,65세,경상
2014071000100122,2014년 7월 10일 07시,목요일,대구광역시 수성구 파동,중상사고,0,1,0,0,차대사람 - 횡단중,보행자보호의무위반,건조,맑음,단일로 - 횡단보도상,승용,남,47세,상해없음,보행자,여,58세,중상
2014071000100123,2014년 7월 10일 07시,목요일,대구광역시 달서구 진천동,부상신고사고,0,0,0,1,차대차 - 기타,안전운전불이행,건조,맑음,교차로 - 교차로부근,자전거,남,16세,부상신고,승용,여,54세,상해없음
2014071000100124,2014년 7월 10일 07시,목요일,대구광역시 서구 중리동,경상사고,0,0,1,0,차대차 - 기타,안전거리미확보,건조,맑음,단일로 - 기타,자전거,남,26세,상해없음,이륜,남,25세,경상
2014071000100125,2014년 7월 10일 07시,목요일,대구광역시 달서구 장기동,경상사고,0,0,1,0,차대차 - 측면직각충돌,신호위반,건조,맑음,교차로 - 교차로안,승용,남,21세,상해없음,승용,남,59세,상해없음
2014071000100174,2014년 7월 10일 08시,목요일,대구광역시 달성군 논공읍,중상사고,0,1,1,0,차대차 - 추돌 - 주정차중,안전운전불이행,건조,맑음,교차로 - 교차로안,건설기계,남,49세,상해없음,승용,남,30세,경상
2014071000100175,2014년 7월 10일 08시,목요일,대구광역시 북구 복현동,경상사고,0,0,1,0,차대차 - 기타,안전거리미확보,건조,맑음,단일로 - 기타,승용,여,32세,상해없음,승합,남,51세,경상
2014071000100208,2014년 7월 10일 09시,목요일,대구광역시 남구 봉덕동,경상사고,0,0,1,0,차대사람 - 보도통행중,기타,건조,맑음,교차로 - 교차로부근,화물,남,51세,상해없음,보행자,여,51세,경상
2014071000100246,2014년 7월 10일 10시,목요일,대구광역시 동구 신암동,중상사고,0,1,0,0,차대차 - 추돌 - 주정차중,안전운전불이행,건조,맑음,단일로 - 기타,승용,남,21세,상해없음,승용,남,62세,상해없음
2014071000100247,2014년 7월 10일 10시,목요일,대구광역시 동구 신천동,부상신고사고,0,0,0,1,차대차 - 기타,안전운전불이행,건조,맑음,교차로 - 교차로안,자전거,여,69세,부상신고,승용,여,40세,상해없음
2014071000100248,2014년 7월 10일 10시,목요일,대구광역시 중구 대봉동,중상사고,0,1,0,0,차대차 - 추돌 - 진행중,안전운전불이행,건조,맑음,단일로 - 기타,승용,남,25세,상해없음,승용,남,59세,상해없음
2014071000100249,2014년 7월 10일 10시,목요일,대구광역시 달서구 이곡동,경상사고,0,0,2,0,차대차 - 기타,안전운전불이행,건조,맑음,단일로 - 기타,승용,남,53세,기타불명,승용,여,38세,경상
2014071000100271,2014년 7월 10일 11시,목요일,대구광역시 달서구 두류동,부상신고사고,0,0,0,1,차대차 - 추돌 - 진행중,안전운전불이행,건조,맑음,단일로 - 기타,이륜,남,79세,부상신고,승용,여,48세,상해없음
2014071000100272,2014년 7월 10일 11시,목요일,대구광역시 북구 매천동,경상사고,0,0,2,0,차대차 - 측면직각충돌,신호위반,건조,맑음,교차로 - 교차로안,화물,남,55세,상해없음,승용,남,65세,경상
2014071000100313,2014년 7월 10일 13시,목요일,대구광역시 동구 불로동,경상사고,0,0,2,0,차대차 - 기타,안전운전불이행,건조,맑음,단일로 - 기타,화물,남,48세,상해없음,승용,여,26세,경상
2014071000100314,2014년 7월 10일 13시,목요일,대구광역시 달성군 논공읍,경상사고,0,0,1,1,차대차 - 추돌 - 주정차중,안전운전불이행,건조,맑음,교차로 - 교차로부근,화물,남,57세,부상신고,화물,남,56세,경상
2014071000100315,2014년 7월 10일 13시,목요일,대구광역시 달서구 두류동,중상사고,0,1,1,0,차대차 - 기타,신호위반,건조,맑음,교차로 - 교차로부근,이륜,남,79세,중상,승용,여,42세,경상
2014071000100341,2014년 7월 10일 14시,목요일,대구광역시 서구 이현동,부상신고사고,0,0,0,1,차대차 - 기타,안전운전불이행,건조,맑음,교차로 - 교차로부근,이륜,남,29세,부상신고,화물,남,49세,상해없음
2014071000100372,2014년 7월 10일 15시,목요일,대구광역시 동구 율하동,경상사고,0,0,1,0,차대사람 - 기타,안전운전불이행,건조,맑음,교차로 - 교차로부근,승용,여,56세,상해없음,보행자,남,11세,경상
2014071000100373,2014년 7월 10일 15시,목요일,대구광역시 달서구 월성동,경상사고,0,0,1,0,차대차 - 기타,안전운전불이행,건조,맑음,단일로 - 기타,승용,여,29세,상해없음,승용,여,46세,경상
2014071000100374,2014년 7월 10일 15시,목요일,대구광역시 중구 대봉동,경상사고,0,0,1,0,차대차 - 기타,안전운전불이행,건조,기타,단일로 - 기타,기타불명,기타불명,기타불명,기타불명,원동기,남,45세,경상
2014071000100412,2014년 7월 10일 16시,목요일,대구광역시 남구 봉덕동,경상사고,0,0,1,0,차대차 - 기타,안전운전불이행,건조,맑음,교차로 - 교차로안,원동기,남,69세,경상,승용,남,44세,상해없음
2014071000100413,2014년 7월 10일 16시,목요일,대구광역시 달서구 월성동,경상사고,0,0,1,0,차대차 - 기타,안전운전불이행,건조,맑음,단일로 - 기타,화물,남,55세,상해없음,화물,남,28세,경상
2014071000100414,2014년 7월 10일 16시,목요일,대구광역시 북구 산격동,경상사고,0,0,1,0,차대차 - 기타,안전거리미확보,건조,맑음,교차로 - 교차로부근,승용,남,25세,경상,승용,남,62세,상해없음
2014071000100415,2014년 7월 10일 16시,목요일,대구광역시 달서구 용산동,경상사고,0,0,1,0,차대차 - 기타,안전운전불이행,건조,맑음,교차로 - 교차로안,승용,여,46세,상해없음,자전거,남,14세,경상
2014071000100452,2014년 7월 10일 17시,목요일,대구광역시 달성군 다사읍,경상사고,0,0,1,0,차대차 - 정면충돌,안전운전불이행,건조,맑음,단일로 - 기타,자전거,남,27세,상해없음,자전거,남,23세,경상
2014071000100506,2014년 7월 10일 18시,목요일,대구광역시 동구 방촌동,경상사고,0,0,1,0,차대차 - 기타,안전운전불이행,건조,맑음,교차로 - 교차로안,승용,여,58세,상해없음,자전거,여,73세,경상
2014071000100507,2014년 7월 10일 18시,목요일,대구광역시 달성군 논공읍,경상사고,0,0,1,0,차대차 - 측면직각충돌,안전운전불이행,건조,맑음,교차로 - 교차로부근,화물,남,54세,상해없음,승용,여,37세,경상
2014071000100508,2014년 7월 10일 18시,목요일,대구광역시 달성군 다사읍,부상신고사고,0,0,0,1,차대차 - 기타,안전운전불이행,건조,맑음,교차로 - 교차로안,자전거,남,10세,부상신고,원동기,남,41세,상해없음
2014071000100509,2014년 7월 10일 18시,목요일,대구광역시 달서구 용산동,경상사고,0,0,3,0,차대차 - 추돌 - 주정차중,안전운전불이행,건조,맑음,단일로 - 기타,승용,남,56세,상해없음,승용,여,47세,경상
2014071000100545,2014년 7월 10일 19시,목요일,대구광역시 수성구 지산동,중상사고,0,1,0,0,차대사람 - 횡단중,보행자보호의무위반,건조,맑음,교차로 - 교차로부근,승용,남,47세,상해없음,보행자,여,66세,중상
2014071000100546,2014년 7월 10일 19시,목요일,대구광역시 북구 태전동,경상사고,0,0,1,0,차대차 - 추돌 - 진행중,안전운전불이행,건조,맑음,교차로 - 교차로부근,승용,남,68세,상해없음,승용,여,38세,경상
2014071000100579,2014년 7월 10일 20시,목요일,대구광역시 남구 대명동,경상사고,0,0,1,0,차대사람 - 기타,안전운전불이행,건조,맑음,교차로 - 교차로부근,승용,남,45세,상해없음,보행자,여,15세,경상
2014071000100580,2014년 7월 10일 20시,목요일,대구광역시 북구 복현동,경상사고,0,0,1,0,차대차 - 기타,안전운전불이행,건조,맑음,기타 - 기타,화물,남,66세,상해없음,자전거,남,24세,경상
2014071000100667,2014년 7월 10일 23시,목요일,대구광역시 달서구 월성동,중상사고,0,1,0,0,차대차 - 기타,안전거리미확보,건조,맑음,단일로 - 기타,승용,남,46세,상해없음,원동기,남,46세,중상
2014071100100014,2014년 7월 11일 00시,금요일,대구광역시 달서구 진천동,경상사고,0,0,2,0,차대차 - 추돌 - 진행중,안전운전불이행,건조,맑음,단일로 - 기타,승용,남,25세,상해없음,화물,남,43세,경상
2014071100100015,2014년 7월 11일 00시,금요일,대구광역시 중구 동산동,중상사고,0,1,3,0,차대차 - 기타,신호위반,건조,맑음,교차로 - 교차로안,승용,남,28세,상해없음,승용,남,49세,경상
2014071100100031,2014년 7월 11일 01시,금요일,대구광역시 북구 산격동,중상사고,0,1,0,0,차대사람 - 기타,안전운전불이행,건조,맑음,단일로 - 기타,승용,남,61세,상해없음,보행자,여,33세,중상
2014071100100066,2014년 7월 11일 04시,금요일,대구광역시 수성구 만촌동,사망사고,1,0,0,0,차대사람 - 기타,안전운전불이행,건조,맑음,단일로 - 기타,승용,남,55세,상해없음,보행자,남,54세,사망
2014071100100067,2014년 7월 11일 04시,금요일,대구광역시 북구 노원동3가,경상사고,0,0,1,0,차대차 - 추돌 - 주정차중,안전운전불이행,건조,맑음,단일로 - 기타,화물,남,54세,상해없음,승용,남,40세,경상
2014071100100077,2014년 7월 11일 05시,금요일,대구광역시 수성구 노변동,중상사고,0,1,0,0,차대사람 - 기타,안전운전불이행,건조,맑음,단일로 - 기타,기타불명,기타불명,기타불명,기타불명,보행자,남,56세,중상
2014071100100115,2014년 7월 11일 07시,금요일,대구광역시 달서구 월성동,중상사고,0,1,0,0,차대차 - 측면직각충돌,직진우회전진행방해,건조,맑음,교차로 - 교차로안,화물,남,43세,상해없음,자전거,남,27세,중상
2014071100100116,2014년 7월 11일 07시,금요일,대구광역시 달서구 월성동,중상사고,0,1,2,0,차대차 - 기타,교차로운행방법위반,건조,맑음,교차로 - 교차로안,승용,남,65세,경상,승용,남,37세,중상
2014071100100117,2014년 7월 11일 07시,금요일,대구광역시 서구 비산동,중상사고,0,1,0,0,차량단독 - 기타,안전운전불이행,건조,맑음,단일로 - 기타,자전거,남,56세,중상,,,,
2014071100100158,2014년 7월 11일 08시,금요일,대구광역시 남구 대명동,부상신고사고,0,0,0,1,차대차 - 기타,기타,건조,맑음,단일로 - 기타,기타불명,기타불명,기타불명,기타불명,자전거,남,17세,부상신고
2014071100100159,2014년 7월 11일 08시,금요일,대구광역시 동구 신암동,경상사고,0,0,1,0,차대차 - 측면직각충돌,안전운전불이행,건조,맑음,단일로 - 기타,승용,남,25세,상해없음,자전거,여,19세,경상
2014071100100160,2014년 7월 11일 08시,금요일,대구광역시 수성구 범어동,경상사고,0,0,1,0,차대사람 - 길가장자리구역통행중,안전운전불이행,건조,맑음,단일로 - 기타,이륜,여,40세,기타불명,보행자,남,12세,경상
2014071100100225,2014년 7월 11일 10시,금요일,대구광역시 중구 서성로2가,중상사고,0,1,2,0,차대차 - 측면직각충돌,신호위반,건조,맑음,교차로 - 교차로안,승용,남,65세,경상,승용,남,34세,중상
2014071100100287,2014년 7월 11일 12시,금요일,대구광역시 서구 비산동,경상사고,0,0,1,0,차대사람 - 길가장자리구역통행중,안전운전불이행,건조,맑음,단일로 - 기타,자전거,남,64세,상해없음,보행자,여,60세,경상
2014071100100310,2014년 7월 11일 13시,금요일,대구광역시 남구 봉덕동,중상사고,0,1,0,0,차대차 - 기타,안전운전불이행,건조,맑음,단일로 - 기타,자전거,남,23세,상해없음,승합,남,61세,상해없음
2014071100100359,2014년 7월 11일 14시,금요일,대구광역시 남구 대명동,부상신고사고,0,0,0,1,차대차 - 기타,안전운전불이행,건조,맑음,단일로 - 기타,원동기,남,77세,부상신고,화물,남,37세,상해없음
2014071100100360,2014년 7월 11일 14시,금요일,대구광역시 동구 검사동,부상신고사고,0,0,0,1,차대차 - 기타,안전운전불이행,건조,맑음,단일로 - 기타,자전거,여,53세,부상신고,승용,남,29세,상해없음
2014071100100391,2014년 7월 11일 15시,금요일,대구광역시 달서구 이곡동,경상사고,0,0,4,1,차대차 - 추돌 - 진행중,교차로운행방법위반,건조,맑음,교차로 - 교차로안,승용,남,57세,상해없음,승용,여,38세,경상
2014071100100392,2014년 7월 11일 15시,금요일,대구광역시 북구 금호동,중상사고,0,1,0,0,차대사람 - 횡단중,안전운전불이행,건조,맑음,단일로 - 기타,승용,여,38세,상해없음,보행자,남,75세,중상
2014071100100425,2014년 7월 11일 16시,금요일,대구광역시 서구 내당동,중상사고,0,1,0,0,차량단독 - 기타,기타,건조,맑음,단일로 - 기타,승합,남,59세,상해없음,,,,
2014071100100426,2014년 7월 11일 16시,금요일,대구광역시 달서구 감삼동,경상사고,0,0,1,0,차대사람 - 길가장자리구역통행중,안전운전불이행,건조,맑음,단일로 - 기타,승용,남,62세,상해없음,보행자,여,24세,경상
2014071100100427,2014년 7월 11일 16시,금요일,대구광역시 달서구 감삼동,경상사고,0,0,1,0,차대차 - 기타,직진우회전진행방해,건조,맑음,교차로 - 교차로부근,승용,여,33세,상해없음,자전거,여,15세,경상
2014071100100483,2014년 7월 11일 17시,금요일,대구광역시 동구 불로동,경상사고,0,0,1,0,차대차 - 추돌 - 주정차중,안전운전불이행,건조,맑음,단일로 - 기타,승용,남,49세,상해없음,승용,여,51세,경상
2014071100100484,2014년 7월 11일 17시,금요일,대구광역시 동구 신암동,경상사고,0,0,1,0,차대사람 - 기타,안전운전불이행,건조,맑음,단일로 - 기타,승용,남,69세,상해없음,보행자,남,21세,경상
2014071100100485,2014년 7월 11일 17시,금요일,대구광역시 동구 신암동,중상사고,0,1,0,0,차대차 - 추돌 - 주정차중,안전거리미확보,건조,맑음,단일로 - 기타,화물,남,52세,상해없음,승용,여,60세,중상
2014071100100486,2014년 7월 11일 17시,금요일,대구광역시 달서구 송현동,경상사고,0,0,1,0,차대차 - 측면직각충돌,안전운전불이행,건조,맑음,단일로 - 기타,특수,남,49세,상해없음,승용,남,44세,상해없음
2014071100100487,2014년 7월 11일 17시,금요일,대구광역시 중구 태평로2가,부상신고사고,0,0,0,1,차대차 - 기타,중앙선침범,건조,맑음,단일로 - 횡단보도상,이륜,여,45세,부상신고,화물,남,41세,상해없음
2014071100100488,2014년 7월 11일 17시,금요일,대구광역시 중구 대신동,중상사고,0,1,1,0,차대차 - 측면직각충돌,불법유턴,건조,맑음,교차로 - 교차로안,이륜,남,34세,경상,이륜,남,56세,중상
2014071100100543,2014년 7월 11일 18시,금요일,대구광역시 중구 대봉동,경상사고,0,0,1,0,차대차 - 추돌 - 진행중,안전거리미확보,건조,맑음,단일로 - 기타,승용,남,34세,상해없음,승용,남,48세,경상
2014071100100544,2014년 7월 11일 18시,금요일,대구광역시 북구 동천동,중상사고,0,1,0,0,차대차 - 측면직각충돌,기타,건조,맑음,교차로 - 교차로부근,승용,남,56세,상해없음,원동기,남,59세,중상
2014071100100582,2014년 7월 11일 19시,금요일,대구광역시 수성구 지산동,경상사고,0,0,1,0,차대차 - 기타,안전운전불이행,건조,맑음,단일로 - 기타,승용,남,43세,상해없음,이륜,남,19세,경상
2014071100100583,2014년 7월 11일 19시,금요일,대구광역시 달서구 장기동,경상사고,0,0,1,0,차대차 - 측면직각충돌,차로위반,건조,맑음,단일로 - 기타,화물,남,23세,상해없음,승용,여,27세,경상
2014071100100630,2014년 7월 11일 20시,금요일,대구광역시 동구 신서동,중상사고,0,1,0,0,차대차 - 기타,중앙선침범,건조,맑음,단일로 - 기타,승용,남,65세,상해없음,자전거,남,51세,중상
2014071100100631,2014년 7월 11일 20시,금요일,대구광역시 수성구 지산동,중상사고,0,1,0,0,차대사람 - 차도통행중,안전운전불이행,건조,맑음,교차로 - 교차로부근,승용,남,52세,상해없음,보행자,여,70세,중상
2014071100100632,2014년 7월 11일 20시,금요일,대구광역시 북구 매천동,경상사고,0,0,4,0,차대차 - 측면직각충돌,안전운전불이행,건조,맑음,교차로 - 교차로부근,승용,남,48세,경상,승용,남,39세,경상
2014071100100666,2014년 7월 11일 21시,금요일,대구광역시 수성구 황금동,경상사고,0,0,1,0,차대차 - 측면직각충돌,안전거리미확보,건조,맑음,단일로 - 기타,승용,남,49세,상해없음,승용,남,48세,경상
2014071100100667,2014년 7월 11일 21시,금요일,대구광역시 달서구 송현동,경상사고,0,0,2,0,차대차 - 추돌 - 진행중,안전운전불이행,건조,맑음,단일로 - 기타,승용,남,52세,상해없음,승용,남,37세,경상
2014071100100668,2014년 7월 11일 21시,금요일,대구광역시 달서구 대곡동,경상사고,0,0,1,0,차대차 - 측면직각충돌,차로위반,건조,맑음,단일로 - 기타,승용,남,53세,상해없음,승용,남,53세,경상
2014071100100669,2014년 7월 11일 21시,금요일,대구광역시 북구 동천동,경상사고,0,0,1,0,차대차 - 기타,안전운전불이행,건조,맑음,교차로 - 교차로안,승용,남,60세,상해없음,이륜,남,16세,경상
2014071100100716,2014년 7월 11일 22시,금요일,대구광역시 수성구 범어동,중상사고,0,1,0,0,차대사람 - 횡단중,보행자보호의무위반,건조,맑음,단일로 - 횡단보도상,승용,남,37세,상해없음,보행자,남,59세,중상
2014071100100717,2014년 7월 11일 22시,금요일,대구광역시 달서구 감삼동,경상사고,0,0,1,0,차대차 - 기타,안전거리미확보,건조,맑음,단일로 - 기타,승용,남,62세,상해없음,승용,남,35세,경상
2014071100100748,2014년 7월 11일 23시,금요일,대구광역시 서구 평리동,경상사고,0,0,1,0,차대사람 - 기타,안전운전불이행,건조,맑음,단일로 - 기타,승용,남,21세,상해없음,보행자,남,55세,경상
2014071100100749,2014년 7월 11일 23시,금요일,대구광역시 중구 공평동,경상사고,0,0,1,0,차대차 - 측면직각충돌,안전운전불이행,건조,맑음,교차로 - 교차로부근,승용,남,33세,상해없음,자전거,남,19세,경상
2014071100100750,2014년 7월 11일 23시,금요일,대구광역시 중구 남산동,경상사고,0,0,1,0,차대차 - 추돌 - 진행중,안전거리미확보,건조,맑음,단일로 - 기타,승용,남,55세,상해없음,승용,남,45세,상해없음
2014071100100751,2014년 7월 11일 23시,금요일,대구광역시 달서구 신당동,경상사고,0,0,1,0,차대차 - 추돌 - 진행중,안전운전불이행,건조,맑음,교차로 - 교차로부근,승용,남,22세,상해없음,승용,남,35세,경상
2014071200100024,2014년 7월 12일 00시,토요일,대구광역시 수성구 수성동4가,경상사고,0,0,1,0,차대차 - 측면직각충돌,차로위반,건조,맑음,단일로 - 기타,승용,남,64세,상해없음,승용,여,53세,경상
2014071200100047,2014년 7월 12일 01시,토요일,대구광역시 수성구 상동,경상사고,0,0,2,0,차대차 - 측면직각충돌,안전운전불이행,건조,맑음,교차로 - 교차로안,승용,남,23세,상해없음,승용,남,31세,경상
2014071200100048,2014년 7월 12일 01시,토요일,대구광역시 수성구 중동,경상사고,0,0,1,0,차대차 - 기타,안전거리미확보,건조,맑음,단일로 - 기타,승용,여,30세,기타불명,승용,남,24세,경상
2014071200100049,2014년 7월 12일 01시,토요일,대구광역시 북구 복현동,경상사고,0,0,1,0,차대사람 - 기타,안전운전불이행,건조,맑음,단일로 - 횡단보도상,승용,남,57세,상해없음,보행자,남,31세,경상
2014071200100069,2014년 7월 12일 02시,토요일,대구광역시 서구 내당동,경상사고,0,0,7,0,차대차 - 기타,안전운전불이행,건조,맑음,단일로 - 기타,승용,남,55세,상해없음,승용,남,55세,경상
2014071200100087,2014년 7월 12일 03시,토요일,대구광역시 북구 침산동,중상사고,0,1,0,0,차대차 - 측면직각충돌,신호위반,건조,맑음,교차로 - 교차로안,승용,남,64세,상해없음,승용,남,29세,중상
2014071200100105,2014년 7월 12일 04시,토요일,대구광역시 북구 구암동,경상사고,0,0,1,0,차대사람 - 보도통행중,기타,건조,맑음,단일로 - 기타,화물,기타불명,기타불명,기타불명,보행자,여,19세,경상
2014071200100119,2014년 7월 12일 05시,토요일,대구광역시 수성구 두산동,경상사고,0,0,1,0,차대사람 - 기타,안전운전불이행,건조,맑음,단일로 - 기타,승용,남,22세,상해없음,보행자,여,20세,경상
2014071200100120,2014년 7월 12일 05시,토요일,대구광역시 서구 내당동,중상사고,0,1,0,0,차량단독 - 기타,안전운전불이행,건조,맑음,교차로 - 교차로부근,이륜,남,19세,상해없음,,,,
2014071200100135,2014년 7월 12일 06시,토요일,대구광역시 동구 방촌동,경상사고,0,0,1,0,차대사람 - 기타,보행자보호의무위반,건조,맑음,단일로 - 횡단보도상,승용,남,23세,상해없음,보행자,남,64세,경상
2014071200100174,2014년 7월 12일 08시,토요일,대구광역시 수성구 두산동,경상사고,0,0,1,0,차대차 - 측면직각충돌,신호위반,건조,맑음,교차로 - 교차로안,승용,남,55세,상해없음,승용,여,59세,경상
2014071200100175,2014년 7월 12일 08시,토요일,대구광역시 북구 노곡동,중상사고,0,1,0,0,차대사람 - 기타,안전운전불이행,건조,맑음,단일로 - 기타,화물,남,46세,상해없음,보행자,여,67세,중상
2014071200100176,2014년 7월 12일 08시,토요일,대구광역시 달서구 장기동,경상사고,0,0,1,0,차대차 - 기타,안전운전불이행,건조,맑음,단일로 - 횡단보도상,승용,기타불명,기타불명,기타불명,자전거,남,16세,경상
2014071200100201,2014년 7월 12일 09시,토요일,대구광역시 서구 내당동,중상사고,0,1,3,0,차대차 - 추돌 - 진행중,안전운전불이행,건조,맑음,단일로 - 기타,승용,남,71세,상해없음,승용,여,48세,중상
2014071200100268,2014년 7월 12일 11시,토요일,대구광역시 달성군 구지면,중상사고,0,1,0,0,차대차 - 기타,안전거리미확보,건조,맑음,단일로 - 기타,화물,남,63세,상해없음,이륜,남,72세,중상
2014071200100303,2014년 7월 12일 12시,토요일,대구광역시 중구 대봉동,경상사고,0,0,1,0,차대사람 - 기타,안전운전불이행,습기,비,교차로 - 교차로안,승용,여,54세,기타불명,보행자,남,18세,경상
2014071200100304,2014년 7월 12일 12시,토요일,대구광역시 달서구 신당동,경상사고,0,0,1,0,차대차 - 기타,안전운전불이행,건조,맑음,교차로 - 교차로안,승용,남,40세,상해없음,자전거,남,59세,경상
2014071200100327,2014년 7월 12일 13시,토요일,대구광역시 수성구 지산동,경상사고,0,0,1,0,차대사람 - 횡단중,안전운전불이행,건조,맑음,교차로 - 교차로안,승합,남,51세,상해없음,보행자,남,23세,경상
2014071200100328,2014년 7월 12일 13시,토요일,대구광역시 서구 원대동1가,부상신고사고,0,0,0,1,차대차 - 측면직각충돌,교차로운행방법위반,건조,맑음,단일로 - 기타,화물,남,53세,상해없음,자전거,남,56세,부상신고
2014071200100360,2014년 7월 12일 14시,토요일,대구광역시 달서구 파호동,중상사고,0,1,0,0,차량단독 - 기타,안전운전불이행,건조,맑음,교차로 - 교차로안,이륜,남,47세,중상,,,,
2014071200100386,2014년 7월 12일 15시,토요일,대구광역시 남구 봉덕동,경상사고,0,0,1,0,차대차 - 추돌 - 주정차중,안전운전불이행,건조,맑음,교차로 - 교차로안,승용,남,52세,상해없음,승용,여,45세,경상
2014071200100387,2014년 7월 12일 15시,토요일,대구광역시 수성구 지산동,경상사고,0,0,2,0,차대차 - 기타,직진우회전진행방해,건조,맑음,교차로 - 교차로안,승용,여,32세,상해없음,승용,남,20세,경상
2014071200100388,2014년 7월 12일 15시,토요일,대구광역시 중구 남산동,중상사고,0,1,0,0,차대차 - 측면직각충돌,안전운전불이행,건조,맑음,단일로 - 기타,승용,남,77세,상해없음,승용,여,56세,상해없음
2014071200100411,2014년 7월 12일 16시,토요일,대구광역시 수성구 수성동2가,중상사고,0,1,0,0,차대사람 - 횡단중,안전운전불이행,건조,맑음,단일로 - 기타,승용,남,45세,상해없음,보행자,여,68세,중상
2014071200100412,2014년 7월 12일 16시,토요일,대구광역시 수성구 만촌동,경상사고,0,0,2,0,차대차 - 기타,안전거리미확보,건조,맑음,단일로 - 기타,승용,남,60세,상해없음,승용,남,34세,경상
2014071200100437,2014년 7월 12일 17시,토요일,대구광역시 중구 서문로2가,경상사고,0,0,1,0,차량단독 - 기타,기타,건조,맑음,단일로 - 기타,승용,남,59세,상해없음,,,,
2014071200100460,2014년 7월 12일 18시,토요일,대구광역시 남구 대명동,경상사고,0,0,1,0,차대사람 - 차도통행중,안전운전불이행,건조,맑음,단일로 - 기타,승용,여,55세,상해없음,보행자,남,70세,경상
2014071200100461,2014년 7월 12일 18시,토요일,대구광역시 수성구 신매동,중상사고,0,1,2,0,차대차 - 추돌 - 진행중,안전운전불이행,건조,맑음,단일로 - 기타,승용,남,26세,상해없음,승용,남,57세,중상
2014071200100462,2014년 7월 12일 18시,토요일,대구광역시 달서구 월성동,부상신고사고,0,0,0,2,차대차 - 측면직각충돌,안전운전불이행,건조,맑음,교차로 - 교차로부근,원동기,남,16세,부상신고,화물,남,58세,상해없음
2014071200100488,2014년 7월 12일 19시,토요일,대구광역시 남구 대명동,경상사고,0,0,2,0,차대차 - 추돌 - 주정차중,안전운전불이행,건조,맑음,교차로 - 교차로부근,승용,여,53세,상해없음,승용,여,26세,경상
2014071200100489,2014년 7월 12일 19시,토요일,대구광역시 달성군 다사읍,부상신고사고,0,0,0,1,차대차 - 측면직각충돌,안전운전불이행,건조,맑음,교차로 - 교차로부근,기타불명,기타불명,기타불명,기타불명,이륜,남,17세,부상신고
2014071200100490,2014년 7월 12일 19시,토요일,대구광역시 달서구 신당동,경상사고,0,0,1,0,차대차 - 추돌 - 진행중,안전운전불이행,건조,맑음,단일로 - 기타,승용,남,56세,상해없음,이륜,남,23세,경상
2014071200100524,2014년 7월 12일 20시,토요일,대구광역시 북구 구암동,중상사고,0,1,0,0,차대차 - 측면직각충돌,신호위반,건조,맑음,단일로 - 횡단보도상,이륜,남,18세,상해없음,자전거,남,17세,중상
2014071200100561,2014년 7월 12일 21시,토요일,대구광역시 북구 대현동,부상신고사고,0,0,0,1,차대차 - 기타,안전운전불이행,건조,맑음,단일로 - 기타,승용,남,50세,상해없음,승용,여,28세,상해없음
2014071200100562,2014년 7월 12일 21시,토요일,대구광역시 서구 원대동3가,경상사고,0,0,1,0,차대차 - 측면직각충돌,안전운전불이행,건조,맑음,단일로 - 기타,승용,남,72세,상해없음,자전거,남,44세,경상
2014071200100585,2014년 7월 12일 22시,토요일,대구광역시 수성구 범어동,경상사고,0,0,1,0,차대차 - 기타,안전거리미확보,건조,맑음,교차로 - 교차로부근,승용,남,24세,상해없음,승용,남,51세,경상
2014071200100586,2014년 7월 12일 22시,토요일,대구광역시 달성군 화원읍,부상신고사고,0,0,0,1,차대차 - 측면직각충돌,중앙선침범,건조,맑음,교차로 - 교차로안,자전거,남,29세,부상신고,승용,여,43세,상해없음
2014071200100609,2014년 7월 12일 23시,토요일,대구광역시 수성구 지산동,중상사고,0,1,0,0,차대사람 - 보도통행중,보행자보호의무위반,건조,맑음,단일로 - 횡단보도상,승용,남,57세,상해없음,보행자,남,7세,중상