사고번호,사고일시,요일,시군구,사고내용,사망자수,중상자수,경상자수,부상신고자수,사고유형,법규위반,노면상태,기상상태,도로형태,가해운전자 차종,가해운전자 성별,가해운전자 연령,가해운전자 상해정도,피해운전자 차종,피해운전자 성별,피해운전자 연령,피해운전자 상해정도
2014071200100610,2014년 7월 12일 23시,토요일,대구광역시 서구 내당동,중상사고,0,1,2,0,차대차 - 측면직각충돌,안전거리미확보,건조,맑음,단일로 - 기타,승용,남,25세,상해없음,이륜,남,17세,중상
2014071300100021,2014년 7월 13일 00시,일요일,대구광역시 동구 백안동,사망사고,1,0,0,0,차량단독 - 전도전복,안전운전불이행,건조,맑음,단일로 - 기타,이륜,남,17세,사망,,,,
2014071300100022,2014년 7월 13일 00시,일요일,대구광역시 달서구 이곡동,중상사고,0,3,2,0,차대차 - 측면직각충돌,안전운전불이행,건조,흐림,교차로 - 교차로안,승용,남,36세,상해없음,승용,남,44세,경상
2014071300100044,2014년 7월 13일 01시,일요일,대구광역시 동구 신천동,경상사고,0,0,1,0,차대사람 - 차도통행중,안전운전불이행,습기,비,단일로 - 기타,이륜,남,23세,상해없음,보행자,남,33세,경상
2014071300100045,2014년 7월 13일 01시,일요일,대구광역시 북구 노원동2가,중상사고,0,1,0,0,차대사람 - 기타,안전운전불이행,건조,맑음,단일로 - 기타,기타불명,기타불명,기타불명,기타불명,보행자,남,59세,중상
2014071300100046,2014년 7월 13일 01시,일요일,대구광역시 북구 읍내동,중상사고,0,1,0,0,차대차 - 측면직각충돌,교차로운행방법위반,건조,맑음,단일로 - 횡단보도상,승용,여,28세,상해없음,자전거,여,26세,중상
2014071300100083,2014년 7월 13일 03시,일요일,대구광역시 달서구 상인동,중상사고,0,2,0,0,차대차 - 추돌 - 주정차중,안전운전불이행,습기,비,단일로 - 기타,승용,남,17세,상해없음,승용,남,45세,기타불명
2014071300100084,2014년 7월 13일 03시,일요일,대구광역시 중구 하서동,경상사고,0,0,3,0,차대차 - 추돌 - 주정차중,안전운전불이행,습기,비,단일로 - 기타,승용,남,25세,상해없음,승용,여,35세,경상
2014071300100101,2014년 7월 13일 04시,일요일,대구광역시 수성구 지산동,경상사고,0,0,1,0,차대사람 - 횡단중,보행자보호의무위반,건조,맑음,단일로 - 기타,승용,여,31세,상해없음,보행자,남,28세,경상
2014071300100102,2014년 7월 13일 04시,일요일,대구광역시 달서구 상인동,경상사고,0,0,2,0,차대차 - 측면직각충돌,안전운전불이행,습기,비,교차로 - 교차로부근,승용,남,33세,상해없음,승용,남,33세,경상
2014071300100103,2014년 7월 13일 04시,일요일,대구광역시 달서구 감삼동,경상사고,0,0,1,0,차대차 - 측면직각충돌,안전운전불이행,건조,맑음,단일로 - 기타,승용,남,34세,상해없음,승용,남,42세,경상
2014071300100115,2014년 7월 13일 05시,일요일,대구광역시 동구 효목동,경상사고,0,0,1,0,차대차 - 기타,안전거리미확보,습기,흐림,교차로 - 교차로안,승용,남,59세,상해없음,승용,남,58세,상해없음
2014071300100142,2014년 7월 13일 07시,일요일,대구광역시 달서구 감삼동,경상사고,0,0,1,0,차대차 - 추돌 - 주정차중,안전운전불이행,습기,흐림,단일로 - 기타,승용,여,34세,상해없음,승용,남,37세,경상
2014071300100172,2014년 7월 13일 09시,일요일,대구광역시 북구 조야동,중상사고,0,6,5,0,차대차 - 추돌 - 진행중,안전운전불이행,건조,맑음,단일로 - 기타,승용,남,30세,상해없음,승용,남,36세,중상
2014071300100208,2014년 7월 13일 11시,일요일,대구광역시 중구 북성로1가,중상사고,0,1,0,0,차대차 - 기타,신호위반,건조,맑음,교차로 - 교차로안,승용,여,51세,상해없음,이륜,남,70세,상해없음
2014071300100225,2014년 7월 13일 12시,일요일,대구광역시 달서구 송현동,중상사고,0,3,3,0,차대차 - 기타,안전거리미확보,건조,맑음,단일로 - 기타,승용,남,61세,상해없음,승합,남,60세,상해없음
2014071300100226,2014년 7월 13일 12시,일요일,대구광역시 북구 복현동,중상사고,0,1,0,0,차대차 - 기타,안전운전불이행,건조,맑음,교차로 - 교차로부근,승용,남,27세,상해없음,원동기,남,39세,중상
2014071300100255,2014년 7월 13일 13시,일요일,대구광역시 달서구 진천동,경상사고,0,0,2,0,차대차 - 측면직각충돌,중앙선침범,건조,맑음,단일로 - 기타,승용,남,60세,상해없음,승용,남,60세,경상
2014071300100256,2014년 7월 13일 13시,일요일,대구광역시 중구 달성동,중상사고,0,1,0,0,차대차 - 기타,교차로운행방법위반,건조,맑음,교차로 - 교차로안,승용,여,46세,상해없음,이륜,남,63세,중상
2014071300100257,2014년 7월 13일 13시,일요일,대구광역시 달서구 신당동,경상사고,0,0,1,0,차대차 - 기타,안전운전불이행,건조,맑음,단일로 - 기타,화물,남,56세,상해없음,자전거,남,21세,경상
2014071300100299,2014년 7월 13일 14시,일요일,대구광역시 동구 신천동,부상신고사고,0,0,0,1,차대차 - 측면직각충돌,안전거리미확보,건조,맑음,단일로 - 기타,승용,남,37세,상해없음,이륜,남,51세,부상신고
2014071300100329,2014년 7월 13일 15시,일요일,대구광역시 달서구 파호동,중상사고,0,1,0,0,차대차 - 측면직각충돌,안전운전불이행,건조,맑음,단일로 - 교량,승합,남,51세,상해없음,자전거,여,66세,중상
2014071300100351,2014년 7월 13일 16시,일요일,대구광역시 수성구 매호동,중상사고,0,1,0,0,차대차 - 추돌 - 진행중,안전운전불이행,건조,맑음,단일로 - 기타,승용,남,25세,상해없음,승용,남,38세,중상
2014071300100352,2014년 7월 13일 16시,일요일,대구광역시 달성군 다사읍,경상사고,0,0,1,0,차대차 - 추돌 - 주정차중,안전운전불이행,건조,맑음,교차로 - 교차로부근,승용,남,34세,상해없음,승용,여,56세,상해없음
2014071300100353,2014년 7월 13일 16시,일요일,대구광역시 서구 내당동,경상사고,0,0,1,0,차량단독 - 기타,기타,건조,맑음,단일로 - 기타,승합,남,41세,상해없음,,,,
2014071300100417,2014년 7월 13일 18시,일요일,대구광역시 서구 내당동,부상신고사고,0,0,0,1,차대차 - 기타,안전거리미확보,건조,맑음,단일로 - 기타,승용,남,31세,상해없음,승용,남,58세,상해없음
2014071300100418,2014년 7월 13일 18시,일요일,대구광역시 서구 내당동,중상사고,0,1,0,0,차대차 - 기타,안전거리미확보,건조,맑음,단일로 - 기타,승용,여,47세,상해없음,이륜,남,31세,중상
2014071300100447,2014년 7월 13일 19시,일요일,대구광역시 동구 검사동,경상사고,0,0,1,0,차대차 - 기타,안전운전불이행,건조,흐림,단일로 - 기타,자전거,여,51세,경상,승용,남,39세,상해없음
2014071300100448,2014년 7월 13일 19시,일요일,대구광역시 달서구 대곡동,중상사고,0,1,0,0,차대차 - 기타,안전거리미확보,건조,맑음,단일로 - 기타,승용,남,29세,상해없음,이륜,남,31세,중상
2014071300100449,2014년 7월 13일 19시,일요일,대구광역시 달서구 이곡동,부상신고사고,0,0,0,1,차대사람 - 기타,안전운전불이행,건조,맑음,단일로 - 기타,승용,남,43세,상해없음,보행자,남,43세,부상신고
2014071300100474,2014년 7월 13일 20시,일요일,대구광역시 북구 읍내동,중상사고,0,1,0,0,차대차 - 기타,안전거리미확보,건조,맑음,단일로 - 기타,승용,남,23세,상해없음,이륜,남,61세,중상
2014071300100498,2014년 7월 13일 21시,일요일,대구광역시 동구 신기동,중상사고,0,1,0,0,차대사람 - 횡단중,보행자보호의무위반,건조,맑음,단일로 - 횡단보도상,승용,여,31세,상해없음,보행자,여,5세,중상
2014071300100499,2014년 7월 13일 21시,일요일,대구광역시 수성구 중동,중상사고,0,1,0,0,차대사람 - 횡단중,안전운전불이행,건조,맑음,단일로 - 기타,승용,여,50세,상해없음,보행자,남,48세,중상
2014071300100500,2014년 7월 13일 21시,일요일,대구광역시 수성구 범어동,중상사고,0,1,0,0,차대차 - 기타,안전운전불이행,건조,맑음,단일로 - 기타,승용,여,43세,상해없음,승용,여,55세,중상
2014071300100510,2014년 7월 13일 22시,일요일,대구광역시 달서구 상인동,부상신고사고,0,0,0,1,차대차 - 기타,안전운전불이행,건조,맑음,단일로 - 기타,승용,남,30세,상해없음,이륜,남,18세,부상신고
2014071400100013,2014년 7월 14일 00시,월요일,대구광역시 남구 봉덕동,경상사고,0,0,1,0,차대차 - 기타,안전운전불이행,건조,맑음,교차로 - 교차로안,승용,남,45세,상해없음,승용,남,20세,경상
2014071400100014,2014년 7월 14일 00시,월요일,대구광역시 수성구 두산동,중상사고,0,1,7,0,차대차 - 기타,중앙선침범,건조,맑음,교차로 - 교차로부근,승용,남,45세,상해없음,승용,여,50세,경상
2014071400100022,2014년 7월 14일 01시,월요일,대구광역시 북구 칠성동1가,경상사고,0,0,3,0,차대차 - 측면직각충돌,교차로운행방법위반,건조,맑음,교차로 - 교차로안,승용,남,36세,상해없음,승용,남,40세,경상
2014071400100041,2014년 7월 14일 03시,월요일,대구광역시 서구 평리동,중상사고,0,1,0,0,차대차 - 측면직각충돌,안전운전불이행,건조,맑음,단일로 - 기타,승용,남,50세,상해없음,이륜,남,39세,중상
2014071400100042,2014년 7월 14일 03시,월요일,대구광역시 달서구 감삼동,경상사고,0,0,1,0,차대사람 - 보도통행중,보행자보호의무위반,건조,맑음,단일로 - 기타,승용,여,39세,상해없음,보행자,남,28세,경상
2014071400100066,2014년 7월 14일 06시,월요일,대구광역시 동구 방촌동,경상사고,0,0,1,0,차량단독 - 공작물충돌,안전운전불이행,건조,맑음,단일로 - 기타,승용,남,45세,경상,,,,
2014071400100092,2014년 7월 14일 07시,월요일,대구광역시 남구 대명동,중상사고,0,1,1,0,차대차 - 기타,안전운전불이행,습기,맑음,단일로 - 기타,승용,여,45세,상해없음,승합,남,51세,상해없음
2014071400100093,2014년 7월 14일 07시,월요일,대구광역시 남구 봉덕동,경상사고,0,0,1,0,차대차 - 측면직각충돌,안전운전불이행,건조,맑음,교차로 - 교차로부근,승용,여,28세,상해없음,승용,남,45세,경상
2014071400100094,2014년 7월 14일 07시,월요일,대구광역시 달성군 화원읍,경상사고,0,0,1,0,차대차 - 기타,안전운전불이행,건조,맑음,교차로 - 교차로부근,승용,여,29세,상해없음,화물,남,45세,기타불명
2014071400100128,2014년 7월 14일 08시,월요일,대구광역시 수성구 지산동,경상사고,0,0,1,0,차대차 - 기타,안전운전불이행,건조,맑음,단일로 - 기타,승용,여,45세,상해없음,자전거,남,25세,경상
2014071400100129,2014년 7월 14일 08시,월요일,대구광역시 달서구 본동,중상사고,0,1,0,0,차대차 - 기타,안전거리미확보,건조,맑음,단일로 - 기타,승용,남,47세,상해없음,이륜,남,53세,중상
2014071400100130,2014년 7월 14일 08시,월요일,대구광역시 달서구 대천동,경상사고,0,0,2,0,차대차 - 측면직각충돌,안전운전불이행,건조,맑음,교차로 - 교차로부근,승용,남,59세,상해없음,화물,남,26세,경상
2014071400100156,2014년 7월 14일 09시,월요일,대구광역시 동구 신암동,중상사고,0,1,0,0,차대차 - 측면직각충돌,안전운전불이행,건조,맑음,교차로 - 교차로안,승용,여,32세,상해없음,자전거,남,75세,중상
2014071400100157,2014년 7월 14일 09시,월요일,대구광역시 달서구 대곡동,경상사고,0,0,1,0,차대차 - 측면직각충돌,안전거리미확보,건조,맑음,단일로 - 기타,승용,남,28세,상해없음,승용,남,56세,경상
2014071400100158,2014년 7월 14일 09시,월요일,대구광역시 달서구 본동,경상사고,0,0,2,0,차대차 - 추돌 - 주정차중,안전운전불이행,건조,맑음,교차로 - 교차로부근,승용,여,51세,상해없음,화물,남,35세,경상
2014071400100159,2014년 7월 14일 09시,월요일,대구광역시 달성군 옥포면,경상사고,0,0,1,1,차대차 - 측면직각충돌,안전운전불이행,건조,맑음,교차로 - 교차로안,화물,남,45세,부상신고,승용,남,49세,경상
2014071400100160,2014년 7월 14일 09시,월요일,대구광역시 서구 내당동,경상사고,0,0,1,0,차대차 - 기타,안전거리미확보,건조,맑음,단일로 - 기타,승용,여,60세,상해없음,승용,여,42세,경상
2014071400100161,2014년 7월 14일 09시,월요일,대구광역시 달서구 성당동,중상사고,0,1,0,0,차대사람 - 기타,안전운전불이행,건조,맑음,단일로 - 기타,원동기,여,53세,상해없음,보행자,여,52세,중상
2014071400100183,2014년 7월 14일 10시,월요일,대구광역시 달서구 송현동,경상사고,0,0,1,0,차대차 - 정면충돌,안전운전불이행,건조,맑음,교차로 - 교차로안,승용,남,59세,상해없음,승용,여,33세,경상
2014071400100184,2014년 7월 14일 10시,월요일,대구광역시 중구 계산동2가,경상사고,0,0,1,0,차대차 - 추돌 - 진행중,안전운전불이행,건조,맑음,단일로 - 기타,승용,남,24세,상해없음,이륜,남,20세,경상
2014071400100185,2014년 7월 14일 10시,월요일,대구광역시 중구 삼덕동1가,경상사고,0,0,2,0,차대차 - 추돌 - 주정차중,안전운전불이행,건조,맑음,단일로 - 기타,화물,남,52세,상해없음,승용,남,33세,경상
2014071400100228,2014년 7월 14일 12시,월요일,대구광역시 북구 조야동,중상사고,0,1,0,0,차대차 - 추돌 - 진행중,안전운전불이행,건조,맑음,단일로 - 기타,화물,남,43세,중상,화물,남,52세,상해없음
2014071400100230,2014년 7월 14일 12시,월요일,대구광역시 동구 신기동,중상사고,0,1,0,0,차대차 - 측면직각충돌,신호위반,건조,맑음,교차로 - 교차로안,승합,남,45세,상해없음,원동기,남,23세,중상
2014071400100231,2014년 7월 14일 12시,월요일,대구광역시 중구 대신동,중상사고,0,1,0,0,차대차 - 추돌 - 주정차중,안전운전불이행,건조,맑음,교차로 - 교차로안,승용,여,29세,상해없음,자전거,남,87세,중상
2014071400100261,2014년 7월 14일 13시,월요일,대구광역시 수성구 수성동2가,경상사고,0,0,1,0,차대차 - 기타,안전거리미확보,건조,맑음,교차로 - 교차로부근,승용,여,35세,상해없음,승용,여,42세,경상
2014071400100262,2014년 7월 14일 13시,월요일,대구광역시 서구 비산동,중상사고,0,1,0,0,차대사람 - 횡단중,안전운전불이행,건조,맑음,단일로 - 기타,승용,남,29세,상해없음,보행자,여,52세,중상
2014071400100263,2014년 7월 14일 13시,월요일,대구광역시 중구 삼덕동2가,경상사고,0,0,3,0,차대차 - 추돌 - 진행중,안전운전불이행,건조,맑음,교차로 - 교차로안,승용,여,60세,상해없음,승용,여,53세,경상
2014071400100293,2014년 7월 14일 14시,월요일,대구광역시 동구 신암동,경상사고,0,0,2,1,차대차 - 기타,안전운전불이행,건조,맑음,단일로 - 기타,승용,남,79세,상해없음,승용,여,48세,경상
2014071400100294,2014년 7월 14일 14시,월요일,대구광역시 서구 비산동,경상사고,0,0,1,0,차대사람 - 보도통행중,기타,건조,맑음,기타 - 기타,승용,남,28세,상해없음,보행자,남,67세,경상
2014071400100321,2014년 7월 14일 15시,월요일,대구광역시 남구 대명동,경상사고,0,0,1,0,차대사람 - 기타,안전운전불이행,건조,맑음,단일로 - 기타,승용,기타불명,기타불명,기타불명,보행자,여,15세,경상
2014071400100322,2014년 7월 14일 15시,월요일,대구광역시 서구 비산동,경상사고,0,0,1,0,차대차 - 기타,안전운전불이행,건조,맑음,단일로 - 기타,승용,남,41세,상해없음,승용,여,48세,경상
2014071400100344,2014년 7월 14일 16시,월요일,대구광역시 남구 이천동,경상사고,0,0,1,0,차대차 - 추돌 - 주정차중,안전거리미확보,건조,맑음,교차로 - 교차로부근,승용,남,29세,상해없음,승용,여,43세,경상
2014071400100345,2014년 7월 14일 16시,월요일,대구광역시 남구 대명동,경상사고,0,0,1,0,차대사람 - 기타,안전운전불이행,건조,맑음,단일로 - 기타,화물,남,40세,상해없음,보행자,여,59세,경상
2014071400100346,2014년 7월 14일 16시,월요일,대구광역시 동구 신서동,중상사고,0,1,0,0,차대차 - 기타,신호위반,건조,맑음,교차로 - 교차로안,승용,남,26세,상해없음,승용,여,29세,중상
2014071400100347,2014년 7월 14일 16시,월요일,대구광역시 수성구 만촌동,경상사고,0,0,3,0,차대차 - 기타,안전운전불이행,건조,맑음,단일로 - 기타,승용,남,52세,경상,원동기,남,38세,경상
2014071400100348,2014년 7월 14일 16시,월요일,대구광역시 서구 평리동,중상사고,0,1,0,0,차대차 - 기타,안전운전불이행,건조,맑음,교차로 - 교차로부근,화물,남,62세,상해없음,자전거,여,61세,중상
2014071400100385,2014년 7월 14일 17시,월요일,대구광역시 남구 대명동,경상사고,0,0,1,0,차대차 - 측면직각충돌,직진우회전진행방해,건조,맑음,교차로 - 교차로안,승용,여,57세,경상,승용,남,30세,상해없음
2014071400100386,2014년 7월 14일 17시,월요일,대구광역시 달서구 본동,중상사고,0,1,0,0,차대사람 - 횡단중,안전운전불이행,건조,맑음,단일로 - 기타,승용,남,66세,상해없음,보행자,남,53세,중상
2014071400100387,2014년 7월 14일 17시,월요일,대구광역시 남구 대명동,경상사고,0,0,1,0,차대차 - 추돌 - 진행중,안전운전불이행,건조,맑음,미분류 - 미분류,승용,여,57세,상해없음,승용,남,34세,경상
2014071400100388,2014년 7월 14일 17시,월요일,대구광역시 서구 평리동,경상사고,0,0,1,0,차대사람 - 횡단중,안전운전불이행,건조,맑음,교차로 - 교차로부근,승용,남,52세,상해없음,보행자,여,76세,경상
2014071400100389,2014년 7월 14일 17시,월요일,대구광역시 서구 비산동,중상사고,0,1,1,0,차대차 - 기타,안전운전불이행,건조,맑음,교차로 - 교차로안,승용,남,46세,상해없음,승용,남,58세,중상
2014071400100390,2014년 7월 14일 17시,월요일,대구광역시 북구 관음동,경상사고,0,0,1,0,차대차 - 추돌 - 진행중,안전거리미확보,건조,맑음,단일로 - 기타,화물,남,61세,상해없음,승용,여,35세,경상
2014071400100427,2014년 7월 14일 18시,월요일,대구광역시 남구 대명동,경상사고,0,0,1,0,차대차 - 기타,안전운전불이행,건조,맑음,교차로 - 교차로부근,기타불명,기타불명,기타불명,기타불명,자전거,남,68세,경상
2014071400100428,2014년 7월 14일 18시,월요일,대구광역시 동구 신암동,경상사고,0,0,1,0,차대사람 - 기타,안전운전불이행,건조,맑음,단일로 - 기타,자전거,남,65세,상해없음,보행자,남,7세,경상
2014071400100429,2014년 7월 14일 18시,월요일,대구광역시 동구 서호동,중상사고,0,1,0,0,차대차 - 기타,안전운전불이행,건조,맑음,단일로 - 기타,이륜,남,19세,중상,승용,남,36세,상해없음
2014071400100430,2014년 7월 14일 18시,월요일,대구광역시 북구 침산동,경상사고,0,0,1,0,차대차 - 기타,안전거리미확보,건조,맑음,단일로 - 기타,승용,남,29세,상해없음,원동기,남,61세,경상
2014071400100431,2014년 7월 14일 18시,월요일,대구광역시 북구 산격동,부상신고사고,0,0,0,1,차대차 - 측면직각충돌,안전거리미확보,건조,맑음,단일로 - 기타,승용,여,47세,상해없음,승용,남,55세,부상신고
2014071400100432,2014년 7월 14일 18시,월요일,대구광역시 서구 비산동,경상사고,0,0,1,0,차대차 - 추돌 - 진행중,안전거리미확보,건조,맑음,단일로 - 기타,화물,남,61세,상해없음,승용,남,30세,경상
2014071400100433,2014년 7월 14일 18시,월요일,대구광역시 북구 태전동,중상사고,0,1,0,0,차대차 - 측면직각충돌,안전운전불이행,건조,맑음,단일로 - 기타,자전거,남,34세,중상,승용,여,47세,상해없음
2014071400100462,2014년 7월 14일 19시,월요일,대구광역시 북구 침산동,경상사고,0,0,1,0,차대차 - 기타,안전운전불이행,건조,맑음,단일로 - 기타,승용,남,84세,상해없음,승용,남,46세,경상
2014071400100498,2014년 7월 14일 20시,월요일,대구광역시 동구 입석동,경상사고,0,0,1,0,차대사람 - 기타,안전운전불이행,건조,맑음,단일로 - 기타,승용,남,62세,상해없음,보행자,남,46세,경상
2014071400100499,2014년 7월 14일 20시,월요일,대구광역시 수성구 사월동,경상사고,0,0,1,0,차대차 - 측면직각충돌,안전운전불이행,건조,맑음,단일로 - 기타,승용,여,46세,상해없음,승용,여,29세,경상
2014071400100535,2014년 7월 14일 21시,월요일,대구광역시 동구 신암동,경상사고,0,0,1,0,차대차 - 기타,안전운전불이행,건조,맑음,단일로 - 기타,승용,남,42세,상해없음,승용,남,64세,경상
2014071400100536,2014년 7월 14일 21시,월요일,대구광역시 달성군 다사읍,경상사고,0,0,1,0,차대차 - 측면직각충돌,안전운전불이행,건조,맑음,단일로 - 기타,자전거,남,31세,상해없음,자전거,남,42세,경상
2014071400100537,2014년 7월 14일 21시,월요일,대구광역시 북구 산격동,경상사고,0,0,1,0,차대차 - 측면직각충돌,안전운전불이행,건조,맑음,교차로 - 교차로안,승용,남,34세,상해없음,자전거,남,56세,경상
2014071400100538,2014년 7월 14일 21시,월요일,대구광역시 달서구 신당동,경상사고,0,0,1,0,차대차 - 추돌 - 주정차중,안전거리미확보,건조,맑음,단일로 - 기타,화물,여,58세,상해없음,승용,남,49세,경상
2014071400100539,2014년 7월 14일 21시,월요일,대구광역시 달서구 신당동,경상사고,0,0,1,0,차대사람 - 기타,안전운전불이행,건조,맑음,단일로 - 기타,승합,남,50세,기타불명,보행자,여,41세,경상
2014071400100564,2014년 7월 14일 22시,월요일,대구광역시 서구 내당동,중상사고,0,1,0,0,차대차 - 기타,안전운전불이행,건조,맑음,교차로 - 교차로부근,승용,남,52세,상해없음,이륜,남,17세,중상
2014071500100038,2014년 7월 15일 03시,화요일,대구광역시 동구 숙천동,중상사고,0,1,0,0,차량단독 - 공작물충돌,안전운전불이행,건조,맑음,단일로 - 기타,승용,남,29세,상해없음,,,,
2014071500100062,2014년 7월 15일 06시,화요일,대구광역시 북구 칠성동1가,부상신고사고,0,0,0,1,차대사람 - 차도통행중,안전운전불이행,건조,맑음,교차로 - 교차로안,승용,남,74세,상해없음,보행자,남,44세,부상신고
2014071500100088,2014년 7월 15일 07시,화요일,대구광역시 남구 대명동,경상사고,0,0,1,0,차대차 - 기타,안전거리미확보,건조,맑음,교차로 - 교차로부근,승용,남,71세,상해없음,승용,남,30세,경상
2014071500100124,2014년 7월 15일 08시,화요일,대구광역시 동구 신암동,중상사고,0,1,0,0,차대차 - 기타,안전거리미확보,건조,맑음,교차로 - 교차로부근,승용,남,39세,상해없음,자전거,남,17세,중상
2014071500100125,2014년 7월 15일 08시,화요일,대구광역시 달서구 감삼동,경상사고,0,0,2,0,차대차 - 기타,안전거리미확보,건조,흐림,교차로 - 교차로부근,승합,여,50세,상해없음,승용,여,51세,경상
2014071500100126,2014년 7월 15일 08시,화요일,대구광역시 북구 관음동,경상사고,0,0,1,0,차대차 - 기타,신호위반,건조,맑음,기타 - 기타,승용,남,35세,상해없음,자전거,여,51세,경상
2014071500100145,2014년 7월 15일 09시,화요일,대구광역시 수성구 만촌동,부상신고사고,0,0,0,1,차량단독 - 전도전복,안전운전불이행,건조,맑음,미분류 - 미분류,이륜,남,57세,부상신고,,,,
2014071500100146,2014년 7월 15일 09시,화요일,대구광역시 중구 삼덕동1가,경상사고,0,0,1,0,차대차 - 추돌 - 주정차중,안전운전불이행,건조,맑음,교차로 - 교차로안,승용,여,41세,상해없음,승용,남,38세,경상
2014071500100172,2014년 7월 15일 10시,화요일,대구광역시 북구 노원동3가,경상사고,0,0,1,0,차대차 - 측면직각충돌,직진우회전진행방해,건조,맑음,교차로 - 교차로안,승용,남,40세,상해없음,원동기,남,43세,경상
2014071500100173,2014년 7월 15일 10시,화요일,대구광역시 중구 공평동,경상사고,0,0,2,0,차대차 - 기타,안전운전불이행,건조,맑음,단일로 - 기타,승용,여,39세,경상,승용,남,44세,경상
2014071500100208,2014년 7월 15일 11시,화요일,대구광역시 남구 대명동,경상사고,0,0,1,0,차대차 - 추돌 - 진행중,안전운전불이행,건조,맑음,단일로 - 기타,승용,남,22세,상해없음,승용,남,54세,경상
2014071500100209,2014년 7월 15일 11시,화요일,대구광역시 수성구 지산동,경상사고,0,0,1,0,차대사람 - 길가장자리구역통행중,안전운전불이행,건조,맑음,단일로 - 기타,승용,여,31세,기타불명,보행자,여,63세,경상
2014071500100210,2014년 7월 15일 11시,화요일,대구광역시 서구 내당동,부상신고사고,0,0,0,1,차대차 - 기타,신호위반,건조,맑음,교차로 - 교차로안,승용,남,65세,상해없음,승용,남,53세,상해없음
2014071500100240,2014년 7월 15일 12시,화요일,대구광역시 수성구 지산동,경상사고,0,0,1,0,차대차 - 기타,안전운전불이행,건조,맑음,단일로 - 기타,승용,남,56세,상해없음,승용,여,48세,경상
2014071500100241,2014년 7월 15일 12시,화요일,대구광역시 달성군 유가면,중상사고,0,2,3,0,차대차 - 측면직각충돌,교차로운행방법위반,건조,맑음,교차로 - 교차로안,건설기계,남,61세,경상,화물,남,56세,경상
2014071500100242,2014년 7월 15일 12시,화요일,대구광역시 북구 복현동,경상사고,0,0,1,1,차대차 - 측면직각충돌,신호위반,건조,맑음,교차로 - 교차로안,승용,여,46세,부상신고,승용,여,32세,경상
2014071500100243,2014년 7월 15일 12시,화요일,대구광역시 중구 삼덕동3가,중상사고,0,1,0,0,차대차 - 측면직각충돌,신호위반,건조,맑음,단일로 - 횡단보도상,승용,남,20세,상해없음,이륜,남,53세,중상
2014071500100269,2014년 7월 15일 13시,화요일,대구광역시 북구 노원동3가,중상사고,0,1,0,0,차량단독 - 기타,안전운전불이행,건조,맑음,단일로 - 기타,승합,남,55세,상해없음,,,,
2014071500100270,2014년 7월 15일 13시,화요일,대구광역시 서구 비산동,경상사고,0,0,1,0,차대사람 - 기타,안전운전불이행,건조,맑음,단일로 - 기타,승용,여,51세,상해없음,보행자,여,61세,경상
2014071500100271,2014년 7월 15일 13시,화요일,대구광역시 달서구 감삼동,부상신고사고,0,0,0,1,차대차 - 추돌 - 진행중,안전운전불이행,건조,맑음,단일로 - 기타,원동기,남,30세,부상신고,승용,여,54세,상해없음
2014071500100289,2014년 7월 15일 14시,화요일,대구광역시 중구 동문동,경상사고,0,0,1,0,차대차 - 측면직각충돌,안전운전불이행,건조,맑음,단일로 - 기타,승용,남,41세,상해없음,원동기,남,53세,경상
2014071500100290,2014년 7월 15일 14시,화요일,대구광역시 달서구 신당동,경상사고,0,0,1,0,차대차 - 추돌 - 주정차중,안전거리미확보,건조,맑음,교차로 - 교차로부근,이륜,남,76세,경상,승용,여,42세,상해없음
2014071500100328,2014년 7월 15일 15시,화요일,대구광역시 북구 산격동,경상사고,0,0,3,0,차대차 - 기타,직진우회전진행방해,건조,맑음,교차로 - 교차로안,승용,남,22세,상해없음,승용,남,35세,경상
2014071500100357,2014년 7월 15일 16시,화요일,대구광역시 남구 봉덕동,경상사고,0,0,2,0,차대차 - 기타,안전운전불이행,건조,맑음,단일로 - 기타,승용,여,49세,상해없음,화물,남,35세,경상
2014071500100358,2014년 7월 15일 16시,화요일,대구광역시 동구 신암동,부상신고사고,0,0,0,1,차대사람 - 기타,안전운전불이행,건조,맑음,단일로 - 기타,승용,남,69세,상해없음,보행자,남,6세,부상신고
2014071500100359,2014년 7월 15일 16시,화요일,대구광역시 중구 삼덕동1가,경상사고,0,0,1,0,차대차 - 추돌 - 주정차중,안전운전불이행,건조,맑음,단일로 - 기타,승용,남,52세,상해없음,승용,남,54세,경상
2014071500100404,2014년 7월 15일 17시,화요일,대구광역시 남구 봉덕동,경상사고,0,0,1,0,차대차 - 기타,안전운전불이행,건조,맑음,단일로 - 기타,승합,남,73세,상해없음,자전거,남,18세,경상
2014071500100450,2014년 7월 15일 18시,화요일,대구광역시 동구 효목동,경상사고,0,0,1,0,차대차 - 기타,신호위반,건조,맑음,교차로 - 교차로안,승용,여,55세,상해없음,승용,남,45세,경상
2014071500100451,2014년 7월 15일 18시,화요일,대구광역시 동구 신천동,사망사고,1,0,0,0,차대차 - 측면직각충돌,안전운전불이행,건조,맑음,단일로 - 기타,승용,여,29세,상해없음,이륜,남,65세,사망
2014071500100452,2014년 7월 15일 18시,화요일,대구광역시 달서구 월성동,경상사고,0,0,1,0,차대차 - 기타,안전운전불이행,건조,맑음,단일로 - 기타,승용,여,41세,상해없음,이륜,남,17세,경상