사고번호,사고일시,요일,시군구,사고내용,사망자수,중상자수,경상자수,부상신고자수,사고유형,법규위반,노면상태,기상상태,도로형태,가해운전자 차종,가해운전자 성별,가해운전자 연령,가해운전자 상해정도,피해운전자 차종,피해운전자 성별,피해운전자 연령,피해운전자 상해정도
2014071500100453,2014년 7월 15일 18시,화요일,대구광역시 달성군 다사읍,중상사고,0,2,0,0,차대차 - 측면직각충돌,중앙선침범,건조,맑음,단일로 - 기타,승용,남,34세,상해없음,승용,남,61세,중상
2014071500100489,2014년 7월 15일 19시,화요일,대구광역시 동구 신천동,중상사고,0,1,0,0,차대차 - 측면직각충돌,안전거리미확보,건조,맑음,단일로 - 기타,화물,남,47세,상해없음,승용,남,33세,중상
2014071500100490,2014년 7월 15일 19시,화요일,대구광역시 수성구 만촌동,경상사고,0,0,5,0,차대차 - 추돌 - 주정차중,안전거리미확보,습기,비,단일로 - 기타,화물,남,59세,상해없음,승용,여,33세,경상
2014071500100491,2014년 7월 15일 19시,화요일,대구광역시 북구 침산동,경상사고,0,0,1,0,차대사람 - 기타,기타,건조,맑음,단일로 - 기타,원동기,남,16세,상해없음,보행자,여,57세,경상
2014071500100526,2014년 7월 15일 20시,화요일,대구광역시 달서구 본리동,경상사고,0,0,1,0,차대사람 - 기타,안전운전불이행,습기,비,교차로 - 교차로부근,승용,남,73세,상해없음,보행자,여,80세,경상
2014071500100527,2014년 7월 15일 20시,화요일,대구광역시 달성군 화원읍,경상사고,0,0,1,0,차대사람 - 횡단중,안전운전불이행,습기,비,교차로 - 교차로안,승합,남,46세,상해없음,보행자,여,22세,경상
2014071500100528,2014년 7월 15일 20시,화요일,대구광역시 달서구 본리동,경상사고,0,0,1,0,차대차 - 측면직각충돌,안전운전불이행,습기,비,단일로 - 기타,승용,남,59세,상해없음,이륜,남,42세,경상
2014071500100529,2014년 7월 15일 20시,화요일,대구광역시 북구 매천동,경상사고,0,0,1,0,차대차 - 측면직각충돌,안전운전불이행,습기,비,단일로 - 기타,승용,남,48세,상해없음,자전거,남,40세,경상
2014071500100570,2014년 7월 15일 21시,화요일,대구광역시 수성구 황금동,부상신고사고,0,0,0,2,차대차 - 기타,안전운전불이행,습기,비,단일로 - 기타,승용,남,61세,상해없음,승용,여,25세,부상신고
2014071500100572,2014년 7월 15일 21시,화요일,대구광역시 달성군 화원읍,중상사고,0,1,1,0,차대차 - 측면직각충돌,안전거리미확보,건조,맑음,단일로 - 기타,승용,여,51세,상해없음,승용,남,29세,중상
2014071500100607,2014년 7월 15일 22시,화요일,대구광역시 동구 신천동,경상사고,0,0,1,0,차대차 - 기타,안전거리미확보,습기,비,단일로 - 기타,승용,여,27세,경상,승합,남,56세,상해없음
2014071500100608,2014년 7월 15일 22시,화요일,대구광역시 동구 신천동,경상사고,0,0,1,0,차대차 - 추돌 - 진행중,안전운전불이행,습기,비,단일로 - 기타,승용,남,33세,상해없음,승용,여,32세,경상
2014071500100609,2014년 7월 15일 22시,화요일,대구광역시 달서구 본동,경상사고,0,0,1,0,차대사람 - 횡단중,보행자보호의무위반,습기,비,교차로 - 교차로안,승용,남,40세,상해없음,보행자,남,48세,경상
2014071500100610,2014년 7월 15일 22시,화요일,대구광역시 북구 복현동,경상사고,0,0,1,0,차대차 - 측면직각충돌,안전운전불이행,습기,비,교차로 - 교차로안,승용,여,42세,상해없음,승용,남,50세,상해없음
2014071500100611,2014년 7월 15일 22시,화요일,대구광역시 달서구 본리동,부상신고사고,0,0,0,3,차대차 - 추돌 - 진행중,안전운전불이행,습기,비,단일로 - 기타,승용,남,55세,상해없음,승용,남,19세,부상신고
2014071500100646,2014년 7월 15일 23시,화요일,대구광역시 동구 효목동,경상사고,0,0,2,0,차대차 - 기타,안전운전불이행,건조,맑음,단일로 - 기타,승용,남,24세,상해없음,승용,남,54세,경상
2014071500100647,2014년 7월 15일 23시,화요일,대구광역시 수성구 두산동,부상신고사고,0,0,0,1,차대차 - 추돌 - 진행중,안전운전불이행,건조,맑음,단일로 - 기타,승용,남,50세,상해없음,승용,남,52세,부상신고
2014071500100648,2014년 7월 15일 23시,화요일,대구광역시 북구 동천동,경상사고,0,0,1,1,차대차 - 측면직각충돌,교차로운행방법위반,건조,맑음,교차로 - 교차로안,승용,남,48세,부상신고,승용,여,29세,경상
2014071600100015,2014년 7월 16일 00시,수요일,대구광역시 달성군 다사읍,중상사고,0,1,0,0,차대사람 - 기타,안전운전불이행,건조,맑음,기타 - 기타,화물,남,53세,상해없음,보행자,여,31세,중상
2014071600100016,2014년 7월 16일 00시,수요일,대구광역시 달서구 본리동,경상사고,0,0,1,0,차대차 - 측면직각충돌,안전운전불이행,건조,흐림,단일로 - 기타,승용,남,64세,상해없음,이륜,여,45세,경상
2014071600100041,2014년 7월 16일 02시,수요일,대구광역시 동구 신암동,경상사고,0,0,2,0,차대차 - 기타,안전운전불이행,습기,비,단일로 - 기타,승용,남,52세,상해없음,승용,남,57세,경상
2014071600100083,2014년 7월 16일 07시,수요일,대구광역시 수성구 시지동,경상사고,0,0,4,0,차대차 - 추돌 - 진행중,안전운전불이행,건조,맑음,교차로 - 교차로부근,승용,남,41세,상해없음,승용,남,60세,경상
2014071600100084,2014년 7월 16일 07시,수요일,대구광역시 수성구 황금동,경상사고,0,0,1,0,차대차 - 측면직각충돌,안전운전불이행,건조,흐림,단일로 - 기타,승용,남,46세,상해없음,승용,여,47세,경상
2014071600100085,2014년 7월 16일 07시,수요일,대구광역시 달서구 월성동,경상사고,0,0,1,0,차대차 - 측면직각충돌,교차로운행방법위반,건조,맑음,교차로 - 교차로안,승용,남,40세,상해없음,승용,남,36세,경상
2014071600100086,2014년 7월 16일 07시,수요일,대구광역시 북구 노원동2가,중상사고,0,1,0,0,차대차 - 기타,안전운전불이행,건조,맑음,교차로 - 교차로안,승용,남,39세,상해없음,자전거,남,66세,중상
2014071600100087,2014년 7월 16일 07시,수요일,대구광역시 서구 원대동3가,경상사고,0,0,1,0,차대차 - 기타,안전운전불이행,건조,맑음,교차로 - 교차로부근,승합,남,62세,상해없음,승용,남,51세,경상
2014071600100088,2014년 7월 16일 07시,수요일,대구광역시 중구 동인동1가,경상사고,0,0,1,0,차대차 - 측면직각충돌,안전운전불이행,건조,맑음,단일로 - 기타,승합,남,78세,상해없음,승용,남,42세,경상
2014071600100121,2014년 7월 16일 08시,수요일,대구광역시 북구 복현동,경상사고,0,0,1,0,차대차 - 측면직각충돌,안전운전불이행,건조,맑음,교차로 - 교차로안,승용,여,43세,경상,승용,남,60세,상해없음
2014071600100122,2014년 7월 16일 08시,수요일,대구광역시 북구 노원동3가,중상사고,0,1,0,0,차대차 - 기타,기타,건조,맑음,단일로 - 기타,승용,기타불명,기타불명,기타불명,자전거,여,44세,중상
2014071600100164,2014년 7월 16일 09시,수요일,대구광역시 달서구 월성동,중상사고,0,1,0,0,차대사람 - 횡단중,안전운전불이행,건조,맑음,교차로 - 교차로안,화물,남,33세,상해없음,보행자,여,78세,중상
2014071600100165,2014년 7월 16일 09시,수요일,대구광역시 달서구 대천동,경상사고,0,0,1,1,차대차 - 측면직각충돌,신호위반,건조,맑음,교차로 - 교차로안,승용,남,35세,부상신고,승용,남,41세,경상
2014071600100166,2014년 7월 16일 09시,수요일,대구광역시 달서구 신당동,경상사고,0,0,1,0,차대차 - 기타,안전운전불이행,건조,맑음,단일로 - 기타,화물,남,47세,상해없음,자전거,남,39세,경상
2014071600100188,2014년 7월 16일 10시,수요일,대구광역시 동구 신암동,중상사고,0,1,1,0,차대차 - 측면직각충돌,신호위반,건조,맑음,교차로 - 교차로안,승용,남,52세,상해없음,승용,남,71세,중상
2014071600100189,2014년 7월 16일 10시,수요일,대구광역시 북구 칠성동1가,중상사고,0,1,1,0,차대차 - 기타,안전거리미확보,건조,맑음,단일로 - 기타,승용,남,75세,상해없음,화물,남,27세,상해없음
2014071600100214,2014년 7월 16일 11시,수요일,대구광역시 달서구 감삼동,경상사고,0,0,2,0,차대차 - 기타,안전운전불이행,건조,맑음,단일로 - 기타,승용,남,26세,상해없음,승용,남,23세,경상
2014071600100309,2014년 7월 16일 14시,수요일,대구광역시 동구 신기동,경상사고,0,0,1,0,차대사람 - 기타,안전운전불이행,건조,맑음,단일로 - 기타,승용,남,53세,상해없음,보행자,남,44세,경상
2014071600100310,2014년 7월 16일 14시,수요일,대구광역시 중구 대신동,부상신고사고,0,0,0,1,차대차 - 추돌 - 진행중,안전운전불이행,건조,맑음,단일로 - 기타,화물,남,55세,기타불명,승용,여,59세,부상신고
2014071600100341,2014년 7월 16일 15시,수요일,대구광역시 남구 봉덕동,경상사고,0,0,1,0,차대사람 - 기타,안전운전불이행,건조,맑음,단일로 - 기타,승합,여,27세,상해없음,보행자,남,6세,경상
2014071600100342,2014년 7월 16일 15시,수요일,대구광역시 남구 대명동,경상사고,0,0,1,0,차대차 - 측면직각충돌,안전거리미확보,건조,맑음,단일로 - 기타,화물,남,58세,상해없음,이륜,남,22세,경상
2014071600100388,2014년 7월 16일 16시,수요일,대구광역시 달서구 상인동,경상사고,0,0,1,0,차대차 - 기타,안전운전불이행,건조,맑음,단일로 - 기타,승용,남,22세,상해없음,자전거,남,15세,경상
2014071600100389,2014년 7월 16일 16시,수요일,대구광역시 동구 신암동,부상신고사고,0,0,0,1,차대차 - 기타,신호위반,건조,맑음,교차로 - 교차로안,원동기,남,90세 이상,부상신고,승용,남,90세 이상,상해없음
2014071600100390,2014년 7월 16일 16시,수요일,대구광역시 북구 대현동,부상신고사고,0,0,0,1,차량단독 - 기타,안전운전불이행,건조,맑음,단일로 - 기타,자전거,여,57세,부상신고,,,,
2014071600100391,2014년 7월 16일 16시,수요일,대구광역시 달서구 두류동,경상사고,0,0,1,0,차대차 - 측면직각충돌,안전운전불이행,건조,맑음,교차로 - 교차로부근,승용,남,56세,상해없음,자전거,남,72세,경상
2014071600100441,2014년 7월 16일 17시,수요일,대구광역시 수성구 만촌동,경상사고,0,0,1,0,차대차 - 기타,안전운전불이행,건조,맑음,단일로 - 횡단보도상,승용,남,49세,상해없음,자전거,여,65세,경상
2014071600100442,2014년 7월 16일 17시,수요일,대구광역시 중구 대신동,경상사고,0,0,3,0,차대차 - 추돌 - 진행중,안전거리미확보,건조,맑음,단일로 - 기타,승용,여,49세,상해없음,승용,남,20세,경상
2014071600100481,2014년 7월 16일 18시,수요일,대구광역시 수성구 만촌동,경상사고,0,0,1,0,차대차 - 기타,안전거리미확보,건조,맑음,단일로 - 기타,승용,남,76세,상해없음,승용,남,31세,경상
2014071600100482,2014년 7월 16일 18시,수요일,대구광역시 달서구 진천동,경상사고,0,0,1,0,차대사람 - 기타,안전운전불이행,습기,맑음,교차로 - 교차로부근,승용,남,26세,상해없음,보행자,여,78세,경상
2014071600100524,2014년 7월 16일 19시,수요일,대구광역시 남구 대명동,경상사고,0,0,2,0,차대차 - 기타,신호위반,건조,맑음,단일로 - 기타,승용,남,57세,경상,승용,남,53세,경상
2014071600100525,2014년 7월 16일 19시,수요일,대구광역시 북구 칠성동2가,경상사고,0,0,1,0,차대차 - 기타,안전운전불이행,건조,맑음,단일로 - 기타,승용,남,48세,상해없음,자전거,남,27세,경상
2014071600100558,2014년 7월 16일 20시,수요일,대구광역시 동구 신서동,경상사고,0,0,1,0,차대사람 - 횡단중,보행자보호의무위반,건조,맑음,교차로 - 교차로부근,승용,남,59세,상해없음,보행자,남,64세,경상
2014071600100559,2014년 7월 16일 20시,수요일,대구광역시 달서구 월성동,중상사고,0,1,1,0,차대차 - 기타,안전운전불이행,건조,맑음,단일로 - 기타,승용,남,23세,상해없음,승용,남,43세,중상
2014071600100560,2014년 7월 16일 20시,수요일,대구광역시 북구 침산동,경상사고,0,0,1,0,차대차 - 기타,안전운전불이행,건조,맑음,단일로 - 기타,승용,남,46세,상해없음,자전거,남,23세,경상
2014071600100561,2014년 7월 16일 20시,수요일,대구광역시 중구 삼덕동2가,경상사고,0,0,1,0,차대차 - 추돌 - 주정차중,안전운전불이행,건조,맑음,단일로 - 기타,승용,남,48세,상해없음,승용,남,35세,경상
2014071600100562,2014년 7월 16일 20시,수요일,대구광역시 중구 삼덕동2가,부상신고사고,0,0,0,1,차대차 - 기타,안전거리미확보,습기,비,교차로 - 교차로안,원동기,남,19세,부상신고,승용,남,58세,상해없음
2014071600100563,2014년 7월 16일 20시,수요일,대구광역시 달서구 신당동,경상사고,0,0,1,0,차대차 - 기타,안전거리미확보,건조,맑음,단일로 - 기타,승용,남,23세,상해없음,승용,여,43세,상해없음
2014071600100600,2014년 7월 16일 21시,수요일,대구광역시 달서구 두류동,경상사고,0,0,1,0,차대차 - 기타,안전운전불이행,습기,비,단일로 - 기타,승용,남,57세,상해없음,승용,남,44세,경상
2014071600100638,2014년 7월 16일 22시,수요일,대구광역시 남구 대명동,중상사고,0,2,2,0,차대차 - 기타,안전거리미확보,습기,비,교차로 - 교차로부근,승용,여,45세,경상,승용,남,36세,상해없음
2014071600100639,2014년 7월 16일 22시,수요일,대구광역시 남구 대명동,중상사고,0,1,0,0,차대차 - 기타,중앙선침범,건조,맑음,단일로 - 기타,승용,남,68세,상해없음,이륜,남,31세,중상
2014071600100640,2014년 7월 16일 22시,수요일,대구광역시 수성구 수성동2가,경상사고,0,0,1,0,차대사람 - 길가장자리구역통행중,안전운전불이행,습기,비,교차로 - 교차로부근,이륜,기타불명,기타불명,기타불명,보행자,여,33세,경상
2014071600100641,2014년 7월 16일 22시,수요일,대구광역시 수성구 중동,경상사고,0,0,1,0,차대차 - 기타,안전운전불이행,건조,맑음,단일로 - 기타,이륜,남,32세,상해없음,자전거,남,56세,경상
2014071600100642,2014년 7월 16일 22시,수요일,대구광역시 수성구 지산동,경상사고,0,0,2,0,차대차 - 추돌 - 진행중,안전운전불이행,습기,비,단일로 - 기타,승용,남,48세,상해없음,승용,남,90세 이상,경상
2014071600100643,2014년 7월 16일 22시,수요일,대구광역시 달서구 본동,경상사고,0,0,1,0,차대차 - 기타,안전운전불이행,습기,비,교차로 - 교차로안,승용,남,51세,상해없음,승용,여,45세,경상
2014071600100644,2014년 7월 16일 22시,수요일,대구광역시 달서구 월성동,경상사고,0,0,1,0,차대차 - 추돌 - 진행중,안전거리미확보,습기,비,교차로 - 교차로안,승용,남,24세,상해없음,승용,여,45세,경상
2014071600100645,2014년 7월 16일 22시,수요일,대구광역시 북구 구암동,경상사고,0,0,2,0,차대차 - 측면직각충돌,교차로운행방법위반,습기,비,교차로 - 교차로안,승용,남,39세,상해없음,승용,남,35세,경상
2014071600100675,2014년 7월 16일 23시,수요일,대구광역시 남구 대명동,경상사고,0,0,3,0,차대차 - 기타,교차로운행방법위반,습기,비,교차로 - 교차로안,승용,남,50세,상해없음,승용,남,47세,경상
2014071600100676,2014년 7월 16일 23시,수요일,대구광역시 북구 노원동3가,중상사고,0,1,0,0,차대사람 - 횡단중,안전운전불이행,습기,비,단일로 - 기타,승용,남,23세,상해없음,보행자,여,75세,중상
2014071600100677,2014년 7월 16일 23시,수요일,대구광역시 달서구 본리동,중상사고,0,1,0,0,차대사람 - 기타,안전운전불이행,습기,비,단일로 - 기타,승용,남,49세,상해없음,보행자,남,36세,중상
2014071700100054,2014년 7월 17일 03시,목요일,대구광역시 동구 신천동,경상사고,0,0,2,0,차대차 - 추돌 - 주정차중,안전운전불이행,건조,맑음,교차로 - 교차로부근,승용,남,41세,기타불명,승용,남,35세,경상
2014071700100072,2014년 7월 17일 05시,목요일,대구광역시 달서구 두류동,경상사고,0,0,1,0,차대사람 - 차도통행중,안전운전불이행,습기,비,교차로 - 교차로안,승용,남,61세,상해없음,보행자,남,20세,경상
2014071700100081,2014년 7월 17일 06시,목요일,대구광역시 북구 산격동,중상사고,0,1,0,0,차대차 - 추돌 - 진행중,차로위반,건조,맑음,단일로 - 기타,승용,남,54세,상해없음,원동기,남,62세,중상
2014071700100082,2014년 7월 17일 06시,목요일,대구광역시 북구 칠성동2가,경상사고,0,0,1,0,차대차 - 기타,차로위반,건조,맑음,단일로 - 기타,화물,남,45세,상해없음,승합,남,53세,경상
2014071700100153,2014년 7월 17일 08시,목요일,대구광역시 남구 봉덕동,경상사고,0,0,1,0,차대사람 - 횡단중,보행자보호의무위반,습기,흐림,교차로 - 교차로부근,승용,여,31세,상해없음,보행자,여,80세,경상
2014071700100154,2014년 7월 17일 08시,목요일,대구광역시 동구 효목동,중상사고,0,1,0,0,차대차 - 측면직각충돌,안전운전불이행,습기,비,단일로 - 기타,승용,여,43세,상해없음,이륜,남,63세,중상
2014071700100155,2014년 7월 17일 08시,목요일,대구광역시 달서구 월성동,중상사고,0,1,1,0,차대차 - 추돌 - 주정차중,안전운전불이행,습기,비,단일로 - 기타,승용,남,23세,상해없음,승용,남,37세,중상
2014071700100156,2014년 7월 17일 08시,목요일,대구광역시 달서구 진천동,경상사고,0,0,3,0,차대차 - 추돌 - 주정차중,안전운전불이행,습기,비,단일로 - 기타,승용,여,49세,상해없음,승용,남,35세,경상
2014071700100157,2014년 7월 17일 08시,목요일,대구광역시 서구 비산동,경상사고,0,0,1,0,차대차 - 측면직각충돌,안전운전불이행,습기,비,교차로 - 교차로부근,원동기,남,54세,경상,승용,남,47세,상해없음
2014071700100158,2014년 7월 17일 08시,목요일,대구광역시 달서구 장기동,경상사고,0,0,2,0,차대차 - 추돌 - 진행중,안전운전불이행,습기,비,단일로 - 기타,승용,여,27세,경상,화물,남,47세,상해없음
2014071700100195,2014년 7월 17일 09시,목요일,대구광역시 수성구 사월동,중상사고,0,1,0,0,차대사람 - 횡단중,보행자보호의무위반,습기,비,단일로 - 횡단보도상,승용,남,56세,상해없음,보행자,여,28세,중상
2014071700100228,2014년 7월 17일 10시,목요일,대구광역시 수성구 만촌동,경상사고,0,0,3,0,차대차 - 추돌 - 주정차중,안전운전불이행,건조,맑음,단일로 - 기타,승용,남,57세,상해없음,승용,여,35세,경상
2014071700100249,2014년 7월 17일 11시,목요일,대구광역시 수성구 만촌동,경상사고,0,0,1,0,차대차 - 측면직각충돌,안전운전불이행,건조,맑음,단일로 - 기타,화물,남,75세,상해없음,승용,남,77세,기타불명
2014071700100250,2014년 7월 17일 11시,목요일,대구광역시 서구 비산동,부상신고사고,0,0,0,1,차대차 - 기타,안전거리미확보,건조,맑음,단일로 - 기타,원동기,남,59세,부상신고,승합,남,46세,상해없음
2014071700100289,2014년 7월 17일 12시,목요일,대구광역시 달서구 상인동,경상사고,0,0,1,0,차대차 - 측면직각충돌,차로위반,습기,흐림,단일로 - 기타,이륜,남,29세,경상,승용,여,43세,상해없음
2014071700100317,2014년 7월 17일 13시,목요일,대구광역시 달서구 장기동,경상사고,0,0,1,0,차대차 - 측면직각충돌,안전운전불이행,건조,맑음,단일로 - 기타,승용,남,27세,상해없음,이륜,남,50세,경상
2014071700100347,2014년 7월 17일 14시,목요일,대구광역시 수성구 지산동,경상사고,0,0,3,0,차대차 - 추돌 - 진행중,안전운전불이행,건조,맑음,교차로 - 교차로부근,승용,여,45세,상해없음,승용,남,62세,경상
2014071700100374,2014년 7월 17일 15시,목요일,대구광역시 수성구 시지동,경상사고,0,0,1,0,차대사람 - 횡단중,보행자보호의무위반,습기,비,단일로 - 기타,승용,남,39세,상해없음,보행자,여,12세,경상
2014071700100410,2014년 7월 17일 16시,목요일,대구광역시 북구 동변동,경상사고,0,0,1,0,차대사람 - 차도통행중,안전운전불이행,습기,비,단일로 - 기타,승용,남,40세,상해없음,보행자,남,49세,경상
2014071700100411,2014년 7월 17일 16시,목요일,대구광역시 북구 동천동,경상사고,0,0,1,0,차대사람 - 기타,안전운전불이행,건조,맑음,단일로 - 기타,승합,남,49세,상해없음,보행자,남,7세,경상
2014071700100412,2014년 7월 17일 16시,목요일,대구광역시 북구 동천동,경상사고,0,0,1,0,차대차 - 추돌 - 주정차중,안전운전불이행,건조,맑음,교차로 - 교차로부근,화물,남,50세,상해없음,승용,남,52세,경상
2014071700100451,2014년 7월 17일 17시,목요일,대구광역시 남구 대명동,중상사고,0,1,0,0,차대차 - 측면직각충돌,신호위반,건조,맑음,단일로 - 횡단보도상,승용,여,66세,상해없음,이륜,남,61세,중상
2014071700100452,2014년 7월 17일 17시,목요일,대구광역시 수성구 황금동,경상사고,0,0,1,0,차대차 - 추돌 - 진행중,안전운전불이행,건조,흐림,단일로 - 기타,승용,여,38세,상해없음,승용,남,44세,경상
2014071700100453,2014년 7월 17일 17시,목요일,대구광역시 수성구 지산동,경상사고,0,0,1,0,차대차 - 측면직각충돌,안전운전불이행,건조,흐림,교차로 - 교차로안,화물,남,51세,상해없음,승용,여,60세,경상
2014071700100455,2014년 7월 17일 17시,목요일,대구광역시 달서구 유천동,경상사고,0,0,1,0,차대사람 - 기타,안전운전불이행,건조,맑음,교차로 - 교차로안,승용,남,44세,상해없음,보행자,여,51세,경상
2014071700100456,2014년 7월 17일 17시,목요일,대구광역시 달서구 용산동,부상신고사고,0,0,0,2,차대차 - 기타,안전운전불이행,건조,맑음,단일로 - 기타,승용,남,38세,상해없음,승용,남,45세,부상신고
2014071700100457,2014년 7월 17일 17시,목요일,대구광역시 달서구 감삼동,중상사고,0,1,0,0,차대차 - 추돌 - 진행중,안전거리미확보,건조,맑음,단일로 - 기타,원동기,남,47세,상해없음,자전거,남,18세,중상
2014071700100490,2014년 7월 17일 18시,목요일,대구광역시 남구 대명동,경상사고,0,0,1,0,차대차 - 측면직각충돌,안전운전불이행,건조,맑음,교차로 - 교차로부근,승용,여,56세,상해없음,자전거,남,13세,경상
2014071700100491,2014년 7월 17일 18시,목요일,대구광역시 수성구 범어동,경상사고,0,0,2,0,차대차 - 기타,안전거리미확보,건조,맑음,단일로 - 기타,승용,여,60세,상해없음,승용,여,32세,상해없음
2014071700100492,2014년 7월 17일 18시,목요일,대구광역시 수성구 만촌동,경상사고,0,0,2,0,차대차 - 측면직각충돌,안전운전불이행,건조,맑음,교차로 - 교차로부근,화물,남,62세,상해없음,승용,여,53세,경상
2014071700100495,2014년 7월 17일 18시,목요일,대구광역시 중구 동인동1가,중상사고,0,1,0,0,차대사람 - 기타,안전운전불이행,건조,맑음,단일로 - 기타,승용,남,55세,상해없음,보행자,남,39세,중상
2014071700100527,2014년 7월 17일 19시,목요일,대구광역시 달서구 용산동,부상신고사고,0,0,0,2,차대차 - 기타,안전운전불이행,건조,맑음,단일로 - 기타,승용,남,24세,상해없음,이륜,남,18세,부상신고
2014071700100570,2014년 7월 17일 20시,목요일,대구광역시 남구 대명동,중상사고,0,1,0,0,차대사람 - 보도통행중,보행자보호의무위반,건조,맑음,단일로 - 횡단보도상,승용,남,53세,상해없음,보행자,남,70세,중상
2014071700100571,2014년 7월 17일 20시,목요일,대구광역시 중구 남성로,중상사고,0,1,0,0,차대차 - 측면직각충돌,교차로운행방법위반,건조,맑음,교차로 - 교차로안,승용,남,26세,상해없음,자전거,남,79세,중상
2014071700100605,2014년 7월 17일 21시,목요일,대구광역시 동구 용계동,경상사고,0,0,1,0,차대차 - 측면직각충돌,교차로운행방법위반,건조,맑음,단일로 - 기타,자전거,남,11세,경상,승용,남,42세,기타불명
2014071700100606,2014년 7월 17일 21시,목요일,대구광역시 수성구 범어동,중상사고,0,1,0,0,차대차 - 측면직각충돌,교차로운행방법위반,건조,맑음,교차로 - 교차로안,승용,남,57세,상해없음,승용,남,36세,중상
2014071700100636,2014년 7월 17일 22시,목요일,대구광역시 수성구 범어동,부상신고사고,0,0,0,1,차대차 - 기타,안전운전불이행,기타,맑음,단일로 - 기타,자전거,여,19세,부상신고,승용,남,55세,상해없음
2014071700100668,2014년 7월 17일 23시,목요일,대구광역시 달서구 월성동,중상사고,0,1,0,0,차대차 - 측면직각충돌,교차로운행방법위반,건조,맑음,교차로 - 교차로안,승용,남,59세,상해없음,승용,남,22세,중상
2014071700100669,2014년 7월 17일 23시,목요일,대구광역시 중구 교동,중상사고,0,1,0,0,차대사람 - 보도통행중,기타,건조,맑음,단일로 - 기타,승용,남,27세,상해없음,보행자,남,32세,중상
2014071800100030,2014년 7월 18일 01시,금요일,대구광역시 달서구 성당동,경상사고,0,0,1,2,차대차 - 측면직각충돌,교차로운행방법위반,건조,맑음,교차로 - 교차로안,이륜,남,51세,부상신고,승용,남,36세,경상
2014071800100047,2014년 7월 18일 02시,금요일,대구광역시 서구 내당동,중상사고,0,1,0,0,차대사람 - 횡단중,안전운전불이행,건조,맑음,단일로 - 기타,승용,남,61세,상해없음,보행자,남,31세,중상
2014071800100063,2014년 7월 18일 03시,금요일,대구광역시 남구 대명동,중상사고,0,1,0,0,차대사람 - 기타,안전운전불이행,습기,비,교차로 - 교차로부근,승용,남,31세,상해없음,보행자,여,37세,중상
2014071800100064,2014년 7월 18일 03시,금요일,대구광역시 달서구 송현동,부상신고사고,0,0,0,2,차대차 - 기타,안전운전불이행,습기,비,교차로 - 교차로안,이륜,남,61세,부상신고,승용,남,70세,상해없음
2014071800100102,2014년 7월 18일 06시,금요일,대구광역시 달서구 진천동,경상사고,0,0,1,0,차대차 - 추돌 - 주정차중,안전운전불이행,습기,비,교차로 - 교차로부근,승용,남,54세,상해없음,이륜,남,55세,경상
2014071800100191,2014년 7월 18일 09시,금요일,대구광역시 중구 북성로1가,경상사고,0,0,1,0,차대사람 - 기타,보행자보호의무위반,습기,비,단일로 - 기타,승용,남,58세,기타불명,보행자,여,24세,경상
2014071800100216,2014년 7월 18일 10시,금요일,대구광역시 서구 비산동,부상신고사고,0,0,0,1,차대차 - 기타,안전운전불이행,습기,비,단일로 - 기타,승용,남,40세,상해없음,자전거,여,76세,부상신고
2014071800100217,2014년 7월 18일 10시,금요일,대구광역시 달서구 본리동,경상사고,0,0,1,0,차대차 - 추돌 - 진행중,안전운전불이행,습기,비,교차로 - 교차로안,승용,남,26세,상해없음,승용,남,35세,경상
2014071800100218,2014년 7월 18일 10시,금요일,대구광역시 달서구 호림동,경상사고,0,0,2,0,차대차 - 추돌 - 주정차중,안전운전불이행,건조,맑음,교차로 - 교차로안,승용,남,26세,상해없음,승용,여,38세,경상
2014071800100246,2014년 7월 18일 11시,금요일,대구광역시 달성군 화원읍,경상사고,0,0,1,0,차대차 - 정면충돌,중앙선침범,습기,맑음,단일로 - 기타,승용,여,45세,상해없음,자전거,남,70세,경상
2014071800100270,2014년 7월 18일 12시,금요일,대구광역시 동구 신암동,경상사고,0,0,1,0,차대차 - 기타,안전운전불이행,습기,비,단일로 - 기타,승용,남,41세,상해없음,원동기,남,54세,경상
2014071800100300,2014년 7월 18일 13시,금요일,대구광역시 동구 각산동,경상사고,0,0,2,0,차대차 - 기타,안전운전불이행,습기,비,교차로 - 교차로부근,승용,남,82세,상해없음,승용,여,32세,경상
2014071800100301,2014년 7월 18일 13시,금요일,대구광역시 동구 신천동,경상사고,0,0,1,0,차대차 - 추돌 - 주정차중,안전운전불이행,건조,맑음,교차로 - 교차로안,승용,여,58세,상해없음,승용,남,52세,경상
2014071800100303,2014년 7월 18일 13시,금요일,대구광역시 중구 덕산동,경상사고,0,0,1,0,차대차 - 기타,차로위반,습기,비,단일로 - 기타,승용,남,35세,상해없음,승용,남,65세,경상
2014071800100339,2014년 7월 18일 14시,금요일,대구광역시 동구 불로동,경상사고,0,0,2,0,차대차 - 측면직각충돌,안전거리미확보,건조,맑음,단일로 - 기타,승용,여,42세,경상,승용,남,55세,상해없음