사고번호,사고일시,요일,시군구,사고내용,사망자수,중상자수,경상자수,부상신고자수,사고유형,법규위반,노면상태,기상상태,도로형태,가해운전자 차종,가해운전자 성별,가해운전자 연령,가해운전자 상해정도,피해운전자 차종,피해운전자 성별,피해운전자 연령,피해운전자 상해정도
2014071800100340,2014년 7월 18일 14시,금요일,대구광역시 북구 대현동,경상사고,0,0,2,0,차대차 - 추돌 - 주정차중,안전거리미확보,습기,비,단일로 - 기타,화물,남,55세,상해없음,화물,남,42세,경상
2014071800100374,2014년 7월 18일 15시,금요일,대구광역시 남구 대명동,경상사고,0,0,2,0,차대차 - 추돌 - 주정차중,안전운전불이행,건조,맑음,단일로 - 기타,승용,남,22세,상해없음,승용,여,56세,경상
2014071800100375,2014년 7월 18일 15시,금요일,대구광역시 수성구 범어동,중상사고,0,1,0,0,차대차 - 측면직각충돌,교차로운행방법위반,건조,흐림,교차로 - 교차로안,이륜,남,27세,중상,승용,남,46세,상해없음
2014071800100376,2014년 7월 18일 15시,금요일,대구광역시 달서구 월성동,부상신고사고,0,0,0,1,차대차 - 기타,안전운전불이행,건조,맑음,교차로 - 교차로부근,화물,남,19세,기타불명,자전거,남,13세,부상신고
2014071800100377,2014년 7월 18일 15시,금요일,대구광역시 달서구 상인동,경상사고,0,0,1,0,차대차 - 기타,중앙선침범,습기,비,단일로 - 기타,이륜,기타불명,기타불명,기타불명,이륜,남,20세,경상
2014071800100420,2014년 7월 18일 16시,금요일,대구광역시 수성구 노변동,중상사고,0,1,0,1,차대차 - 기타,신호위반,습기,흐림,교차로 - 교차로안,승용,남,40세,부상신고,승용,남,61세,중상
2014071800100421,2014년 7월 18일 16시,금요일,대구광역시 수성구 수성동1가,경상사고,0,0,1,0,차대차 - 측면직각충돌,안전거리미확보,건조,맑음,단일로 - 기타,승용,여,60세,기타불명,승용,남,56세,경상
2014071800100422,2014년 7월 18일 16시,금요일,대구광역시 달서구 본동,경상사고,0,0,1,0,차대차 - 기타,차로위반,습기,흐림,단일로 - 기타,승용,남,56세,상해없음,이륜,남,22세,경상
2014071800100423,2014년 7월 18일 16시,금요일,대구광역시 달성군 다사읍,경상사고,0,0,1,0,차대차 - 측면직각충돌,신호위반,건조,맑음,교차로 - 교차로안,승용,여,63세,상해없음,승용,남,79세,경상
2014071800100474,2014년 7월 18일 17시,금요일,대구광역시 수성구 중동,중상사고,0,1,0,0,차대사람 - 기타,보행자보호의무위반,건조,맑음,단일로 - 기타,승용,남,38세,상해없음,보행자,여,55세,중상
2014071800100475,2014년 7월 18일 17시,금요일,대구광역시 수성구 수성동4가,중상사고,0,1,1,0,차대차 - 기타,안전운전불이행,습기,맑음,단일로 - 기타,승용,남,48세,상해없음,화물,남,70세,경상
2014071800100476,2014년 7월 18일 17시,금요일,대구광역시 서구 비산동,부상신고사고,0,0,0,1,차대사람 - 기타,안전운전불이행,건조,맑음,단일로 - 기타,자전거,여,61세,부상신고,보행자,여,56세,상해없음
2014071800100524,2014년 7월 18일 18시,금요일,대구광역시 수성구 범어동,경상사고,0,0,4,0,차대차 - 추돌 - 진행중,안전운전불이행,건조,맑음,단일로 - 기타,승용,남,27세,상해없음,승용,여,41세,상해없음
2014071800100525,2014년 7월 18일 18시,금요일,대구광역시 달서구 대천동,경상사고,0,0,1,0,차대차 - 측면직각충돌,차로위반,건조,맑음,단일로 - 기타,승용,남,39세,상해없음,승용,남,59세,경상
2014071800100526,2014년 7월 18일 18시,금요일,대구광역시 달서구 상인동,경상사고,0,0,1,0,차대차 - 추돌 - 진행중,안전운전불이행,건조,맑음,단일로 - 기타,승용,여,31세,상해없음,승용,남,55세,경상
2014071800100527,2014년 7월 18일 18시,금요일,대구광역시 서구 평리동,부상신고사고,0,0,0,1,차대차 - 기타,중앙선침범,건조,맑음,단일로 - 기타,원동기,남,20세,부상신고,승용,여,44세,상해없음
2014071800100528,2014년 7월 18일 18시,금요일,대구광역시 중구 동인동1가,중상사고,0,1,0,0,차대차 - 측면직각충돌,중앙선침범,건조,맑음,단일로 - 기타,자전거,남,61세,중상,승용,남,46세,상해없음
2014071800100565,2014년 7월 18일 19시,금요일,대구광역시 서구 내당동,경상사고,0,0,1,0,차대차 - 기타,기타,건조,흐림,단일로 - 기타,승합,남,52세,상해없음,이륜,기타불명,기타불명,기타불명
2014071800100566,2014년 7월 18일 19시,금요일,대구광역시 중구 삼덕동1가,경상사고,0,0,1,0,차대사람 - 기타,안전운전불이행,건조,맑음,단일로 - 기타,승용,남,30세,기타불명,보행자,여,13세,경상
2014071800100601,2014년 7월 18일 20시,금요일,대구광역시 달성군 다사읍,경상사고,0,0,1,0,차대차 - 기타,안전운전불이행,건조,맑음,단일로 - 기타,승용,여,30세,상해없음,승용,여,27세,경상
2014071800100602,2014년 7월 18일 20시,금요일,대구광역시 중구 대봉동,중상사고,0,1,0,0,차대사람 - 기타,안전운전불이행,습기,흐림,단일로 - 기타,승용,남,57세,상해없음,보행자,남,72세,중상
2014071800100603,2014년 7월 18일 20시,금요일,대구광역시 달서구 호산동,사망사고,1,0,0,0,차대차 - 추돌 - 진행중,안전운전불이행,건조,맑음,단일로 - 기타,이륜,남,40세,사망,승용,남,52세,상해없음
2014071800100621,2014년 7월 18일 21시,금요일,대구광역시 달성군 가창면,경상사고,0,0,2,0,차대차 - 추돌 - 진행중,안전운전불이행,건조,맑음,단일로 - 기타,승용,남,59세,상해없음,승용,남,42세,상해없음
2014071800100622,2014년 7월 18일 21시,금요일,대구광역시 북구 산격동,경상사고,0,0,1,0,차량단독 - 기타,기타,건조,맑음,단일로 - 기타,승용,남,51세,상해없음,,,,
2014071800100623,2014년 7월 18일 21시,금요일,대구광역시 북구 산격동,중상사고,0,1,0,0,차대차 - 측면직각충돌,신호위반,건조,맑음,교차로 - 교차로안,자전거,남,14세,중상,승용,남,28세,상해없음
2014071800100659,2014년 7월 18일 22시,금요일,대구광역시 남구 이천동,중상사고,0,1,0,0,차대차 - 측면직각충돌,직진우회전진행방해,건조,맑음,교차로 - 교차로안,승용,남,74세,상해없음,승용,남,51세,중상
2014071800100705,2014년 7월 18일 23시,금요일,대구광역시 달서구 상인동,중상사고,0,1,0,0,차대차 - 추돌 - 주정차중,안전운전불이행,건조,맑음,교차로 - 교차로부근,승용,남,23세,상해없음,승용,남,27세,상해없음
2014071800100706,2014년 7월 18일 23시,금요일,대구광역시 중구 동산동,경상사고,0,0,2,0,차대차 - 추돌 - 주정차중,안전운전불이행,건조,맑음,교차로 - 교차로부근,승용,남,58세,상해없음,승용,여,52세,경상
2014071800100707,2014년 7월 18일 23시,금요일,대구광역시 달서구 용산동,경상사고,0,0,1,0,차대차 - 기타,신호위반,건조,맑음,단일로 - 횡단보도상,승용,기타불명,기타불명,기타불명,자전거,남,19세,경상
2014071800100708,2014년 7월 18일 23시,금요일,대구광역시 달서구 용산동,경상사고,0,0,3,0,차대차 - 측면직각충돌,안전거리미확보,건조,맑음,단일로 - 기타,승용,남,50세,상해없음,승용,남,66세,경상
2014071800100709,2014년 7월 18일 23시,금요일,대구광역시 북구 읍내동,중상사고,0,1,0,0,차대차 - 기타,기타,건조,맑음,단일로 - 기타,화물,남,60세,상해없음,자전거,여,57세,중상
2014071900100020,2014년 7월 19일 00시,토요일,대구광역시 동구 신평동,경상사고,0,0,2,0,차대차 - 측면직각충돌,신호위반,건조,흐림,교차로 - 교차로안,승용,남,52세,상해없음,승용,남,54세,상해없음
2014071900100070,2014년 7월 19일 03시,토요일,대구광역시 서구 비산동,경상사고,0,0,2,0,차대차 - 측면직각충돌,안전거리미확보,건조,맑음,단일로 - 기타,승용,남,63세,경상,승용,남,56세,경상
2014071900100071,2014년 7월 19일 03시,토요일,대구광역시 중구 삼덕동1가,경상사고,0,0,1,0,차대사람 - 기타,안전운전불이행,건조,맑음,단일로 - 기타,기타불명,기타불명,기타불명,기타불명,보행자,남,22세,경상
2014071900100091,2014년 7월 19일 04시,토요일,대구광역시 남구 대명동,중상사고,0,1,0,0,차대차 - 측면직각충돌,중앙선침범,건조,맑음,단일로 - 기타,자전거,여,52세,중상,원동기,남,33세,상해없음
2014071900100126,2014년 7월 19일 06시,토요일,대구광역시 중구 교동,경상사고,0,0,1,0,차대차 - 기타,안전운전불이행,건조,맑음,교차로 - 교차로안,승용,남,35세,상해없음,승합,남,53세,상해없음
2014071900100136,2014년 7월 19일 07시,토요일,대구광역시 동구 도동,경상사고,0,0,1,0,차대차 - 측면직각충돌,교차로운행방법위반,건조,맑음,교차로 - 교차로안,승용,여,39세,상해없음,자전거,남,42세,경상
2014071900100137,2014년 7월 19일 07시,토요일,대구광역시 동구 율하동,부상신고사고,0,0,0,1,차대차 - 측면직각충돌,안전운전불이행,건조,맑음,단일로 - 기타,승용,남,57세,부상신고,승용,남,45세,상해없음
2014071900100138,2014년 7월 19일 07시,토요일,대구광역시 달서구 신당동,경상사고,0,0,1,0,차대차 - 기타,신호위반,건조,맑음,교차로 - 교차로안,승합,남,53세,상해없음,승합,남,40세,상해없음
2014071900100207,2014년 7월 19일 10시,토요일,대구광역시 북구 노원동1가,경상사고,0,0,1,1,차대차 - 기타,신호위반,건조,맑음,교차로 - 교차로안,이륜,남,58세,부상신고,이륜,남,71세,경상
2014071900100208,2014년 7월 19일 10시,토요일,대구광역시 북구 산격동,경상사고,0,0,1,0,차량단독 - 기타,신호위반,건조,맑음,교차로 - 교차로안,승합,남,44세,상해없음,,,,
2014071900100284,2014년 7월 19일 12시,토요일,대구광역시 남구 대명동,중상사고,0,1,0,0,차대차 - 기타,신호위반,건조,맑음,교차로 - 교차로안,자전거,남,71세,중상,이륜,남,37세,상해없음
2014071900100325,2014년 7월 19일 13시,토요일,대구광역시 달서구 대곡동,경상사고,0,0,1,0,차대사람 - 기타,안전운전불이행,건조,맑음,단일로 - 기타,승용,여,27세,상해없음,보행자,남,39세,경상
2014071900100353,2014년 7월 19일 14시,토요일,대구광역시 남구 봉덕동,중상사고,0,1,0,0,차대사람 - 기타,안전운전불이행,건조,맑음,단일로 - 기타,승용,여,80세,상해없음,보행자,여,45세,중상
2014071900100354,2014년 7월 19일 14시,토요일,대구광역시 달서구 진천동,경상사고,0,0,2,0,차대차 - 측면직각충돌,직진우회전진행방해,건조,맑음,교차로 - 교차로안,승용,여,48세,경상,승용,남,52세,경상
2014071900100355,2014년 7월 19일 14시,토요일,대구광역시 중구 공평동,경상사고,0,0,1,0,차대사람 - 기타,안전운전불이행,건조,맑음,단일로 - 기타,승용,여,23세,기타불명,보행자,여,21세,경상
2014071900100356,2014년 7월 19일 14시,토요일,대구광역시 달서구 신당동,부상신고사고,0,0,0,1,차대사람 - 길가장자리구역통행중,안전운전불이행,건조,맑음,단일로 - 기타,기타불명,기타불명,기타불명,기타불명,보행자,여,33세,부상신고
2014071900100387,2014년 7월 19일 15시,토요일,대구광역시 중구 종로1가,경상사고,0,0,1,0,차대차 - 측면직각충돌,신호위반,건조,맑음,교차로 - 교차로안,승용,남,45세,상해없음,자전거,여,24세,경상
2014071900100388,2014년 7월 19일 15시,토요일,대구광역시 달서구 두류동,중상사고,0,1,0,0,차대사람 - 횡단중,보행자보호의무위반,건조,맑음,교차로 - 교차로부근,승용,남,43세,상해없음,보행자,남,8세,중상
2014071900100423,2014년 7월 19일 16시,토요일,대구광역시 달서구 월성동,경상사고,0,0,3,0,차대차 - 측면직각충돌,안전운전불이행,건조,맑음,단일로 - 기타,화물,남,48세,상해없음,승용,여,46세,경상
2014071900100427,2014년 7월 19일 16시,토요일,대구광역시 달성군 논공읍,중상사고,0,1,0,0,차대차 - 추돌 - 주정차중,안전운전불이행,건조,맑음,단일로 - 기타,화물,남,55세,상해없음,화물,남,40세,중상
2014071900100428,2014년 7월 19일 16시,토요일,대구광역시 북구 산격동,중상사고,0,2,2,0,차대차 - 측면직각충돌,직진우회전진행방해,건조,맑음,교차로 - 교차로안,승용,여,49세,상해없음,승용,남,45세,경상
2014071900100429,2014년 7월 19일 16시,토요일,대구광역시 달서구 신당동,경상사고,0,0,1,0,차대사람 - 기타,안전운전불이행,건조,맑음,단일로 - 기타,기타불명,기타불명,기타불명,기타불명,보행자,여,15세,경상
2014071900100430,2014년 7월 19일 16시,토요일,대구광역시 달서구 두류동,경상사고,0,0,1,0,차대차 - 추돌 - 진행중,안전거리미확보,건조,맑음,단일로 - 기타,승용,남,34세,상해없음,원동기,남,27세,경상
2014071900100498,2014년 7월 19일 18시,토요일,대구광역시 남구 봉덕동,중상사고,0,1,0,0,차대차 - 기타,안전운전불이행,건조,맑음,단일로 - 기타,자전거,남,77세,중상,승용,여,43세,상해없음
2014071900100526,2014년 7월 19일 19시,토요일,대구광역시 수성구 범어동,중상사고,0,1,0,0,차대차 - 측면직각충돌,안전운전불이행,건조,맑음,교차로 - 교차로안,승용,남,58세,상해없음,원동기,남,20세,중상
2014071900100527,2014년 7월 19일 19시,토요일,대구광역시 서구 내당동,경상사고,0,0,1,0,차대사람 - 기타,중앙선침범,건조,맑음,단일로 - 기타,승용,남,43세,상해없음,보행자,남,60세,경상
2014071900100566,2014년 7월 19일 20시,토요일,대구광역시 달서구 성당동,경상사고,0,0,1,0,차대차 - 추돌 - 진행중,안전운전불이행,건조,맑음,단일로 - 기타,승용,남,69세,상해없음,승용,남,40세,경상
2014071900100567,2014년 7월 19일 20시,토요일,대구광역시 북구 관음동,경상사고,0,0,3,0,차대차 - 추돌 - 진행중,안전운전불이행,건조,맑음,교차로 - 교차로안,승용,여,54세,경상,승용,남,33세,경상
2014071900100597,2014년 7월 19일 21시,토요일,대구광역시 남구 대명동,경상사고,0,0,2,0,차대차 - 측면직각충돌,신호위반,건조,맑음,교차로 - 교차로부근,승용,남,74세,상해없음,이륜,남,33세,경상
2014071900100598,2014년 7월 19일 21시,토요일,대구광역시 동구 지저동,중상사고,0,1,0,0,차대차 - 기타,교차로운행방법위반,건조,맑음,교차로 - 교차로안,승용,남,60세,상해없음,이륜,남,62세,중상
2014071900100599,2014년 7월 19일 21시,토요일,대구광역시 달서구 본동,경상사고,0,0,3,0,차대차 - 기타,안전운전불이행,건조,맑음,단일로 - 기타,승용,남,37세,상해없음,승용,남,44세,경상
2014072000100052,2014년 7월 20일 02시,일요일,대구광역시 동구 지저동,경상사고,0,0,8,0,차대차 - 기타,안전거리미확보,건조,맑음,단일로 - 기타,승용,남,22세,상해없음,승용,남,19세,경상
2014072000100053,2014년 7월 20일 02시,일요일,대구광역시 중구 삼덕동3가,경상사고,0,0,3,0,차대차 - 추돌 - 주정차중,안전운전불이행,건조,맑음,교차로 - 교차로부근,승용,남,32세,상해없음,승용,남,45세,경상
2014072000100073,2014년 7월 20일 04시,일요일,대구광역시 달서구 월성동,사망사고,1,0,0,0,차대차 - 기타,안전운전불이행,건조,맑음,단일로 - 기타,승용,남,43세,상해없음,승용,남,47세,상해없음
2014072000100075,2014년 7월 20일 04시,일요일,대구광역시 동구 신천동,경상사고,0,0,1,0,차대차 - 기타,안전운전불이행,건조,맑음,교차로 - 교차로부근,승용,남,34세,상해없음,승용,여,33세,경상
2014072000100076,2014년 7월 20일 04시,일요일,대구광역시 달서구 감삼동,경상사고,0,0,1,0,차대차 - 추돌 - 진행중,안전운전불이행,건조,맑음,단일로 - 횡단보도상,승용,남,27세,상해없음,승용,여,40세,경상
2014072000100085,2014년 7월 20일 05시,일요일,대구광역시 달서구 용산동,중상사고,0,1,1,0,차대차 - 추돌 - 주정차중,안전운전불이행,건조,맑음,단일로 - 기타,승용,남,30세,상해없음,승용,여,43세,중상
2014072000100094,2014년 7월 20일 06시,일요일,대구광역시 동구 지저동,중상사고,0,1,0,0,차대차 - 기타,안전운전불이행,건조,맑음,단일로 - 기타,화물,남,62세,상해없음,자전거,여,58세,중상
2014072000100095,2014년 7월 20일 06시,일요일,대구광역시 수성구 두산동,경상사고,0,0,1,0,차대차 - 추돌 - 주정차중,안전운전불이행,건조,맑음,단일로 - 기타,승용,기타불명,기타불명,기타불명,승용,남,32세,경상
2014072000100131,2014년 7월 20일 09시,일요일,대구광역시 달성군 현풍면,중상사고,0,1,0,0,차대차 - 측면직각충돌,안전운전불이행,건조,맑음,단일로 - 기타,화물,남,57세,기타불명,이륜,남,64세,중상
2014072000100155,2014년 7월 20일 10시,일요일,대구광역시 북구 학정동,경상사고,0,0,1,0,차대차 - 기타,안전운전불이행,건조,맑음,교차로 - 교차로안,승용,남,58세,상해없음,승용,남,44세,경상
2014072000100203,2014년 7월 20일 12시,일요일,대구광역시 동구 신암동,경상사고,0,0,2,0,차대차 - 추돌 - 진행중,안전운전불이행,건조,맑음,교차로 - 교차로부근,승용,남,54세,상해없음,이륜,남,72세,경상
2014072000100204,2014년 7월 20일 12시,일요일,대구광역시 달서구 본동,경상사고,0,0,1,0,차대차 - 기타,안전거리미확보,건조,맑음,단일로 - 기타,승용,남,39세,상해없음,승용,남,45세,경상
2014072000100205,2014년 7월 20일 12시,일요일,대구광역시 달서구 대곡동,경상사고,0,0,1,0,차대차 - 추돌 - 주정차중,안전거리미확보,건조,맑음,단일로 - 기타,승용,여,60세,상해없음,승용,남,47세,경상
2014072000100206,2014년 7월 20일 12시,일요일,대구광역시 달서구 두류동,경상사고,0,0,1,0,차대차 - 추돌 - 주정차중,안전거리미확보,건조,맑음,교차로 - 교차로부근,승용,남,52세,상해없음,승합,남,47세,상해없음
2014072000100207,2014년 7월 20일 12시,일요일,대구광역시 달서구 용산동,경상사고,0,0,1,0,차대차 - 추돌 - 진행중,안전운전불이행,건조,맑음,단일로 - 기타,승용,남,53세,상해없음,승용,남,40세,상해없음
2014072000100208,2014년 7월 20일 12시,일요일,대구광역시 달서구 신당동,중상사고,0,1,0,0,차대차 - 추돌 - 주정차중,안전운전불이행,건조,맑음,교차로 - 교차로부근,화물,여,44세,상해없음,승용,여,45세,중상
2014072000100263,2014년 7월 20일 14시,일요일,대구광역시 수성구 만촌동,경상사고,0,0,1,0,차대차 - 기타,교차로운행방법위반,건조,맑음,교차로 - 교차로안,승용,여,43세,상해없음,승용,여,65세,경상
2014072000100264,2014년 7월 20일 14시,일요일,대구광역시 수성구 범물동,중상사고,0,1,0,0,차대사람 - 기타,안전운전불이행,건조,맑음,단일로 - 기타,승용,남,26세,상해없음,보행자,여,7세,중상
2014072000100265,2014년 7월 20일 14시,일요일,대구광역시 북구 산격동,경상사고,0,0,1,0,차대차 - 기타,안전운전불이행,건조,맑음,교차로 - 교차로부근,승용,남,24세,상해없음,원동기,남,17세,경상
2014072000100301,2014년 7월 20일 15시,일요일,대구광역시 중구 동성로2가,중상사고,0,4,3,0,차대차 - 기타,안전운전불이행,건조,맑음,기타 - 기타,승용,남,66세,상해없음,승용,여,43세,중상
2014072000100330,2014년 7월 20일 16시,일요일,대구광역시 달서구 갈산동,경상사고,0,0,1,0,차대차 - 정면충돌,중앙선침범,건조,맑음,단일로 - 기타,승용,여,41세,상해없음,자전거,남,22세,경상
2014072000100331,2014년 7월 20일 16시,일요일,대구광역시 달서구 본리동,부상신고사고,0,0,0,1,차대차 - 기타,안전운전불이행,건조,맑음,교차로 - 교차로안,이륜,남,20세,부상신고,승합,여,25세,상해없음
2014072000100357,2014년 7월 20일 17시,일요일,대구광역시 동구 신기동,경상사고,0,0,1,0,차대사람 - 기타,안전운전불이행,건조,맑음,교차로 - 교차로안,승용,여,49세,상해없음,보행자,여,63세,경상
2014072000100358,2014년 7월 20일 17시,일요일,대구광역시 수성구 매호동,중상사고,0,1,0,0,차대차 - 기타,안전운전불이행,건조,맑음,단일로 - 기타,승용,여,55세,상해없음,자전거,여,50세,중상
2014072000100359,2014년 7월 20일 17시,일요일,대구광역시 수성구 지산동,경상사고,0,0,1,0,차대사람 - 기타,안전운전불이행,건조,맑음,단일로 - 기타,승용,남,26세,상해없음,보행자,여,26세,경상
2014072000100360,2014년 7월 20일 17시,일요일,대구광역시 달성군 논공읍,경상사고,0,0,1,0,차대차 - 측면직각충돌,신호위반,건조,맑음,교차로 - 교차로안,이륜,남,17세,경상,승용,남,24세,상해없음
2014072000100361,2014년 7월 20일 17시,일요일,대구광역시 달서구 신당동,경상사고,0,0,1,0,차대차 - 측면직각충돌,안전운전불이행,건조,맑음,단일로 - 기타,이륜,남,41세,경상,승용,남,23세,상해없음
2014072000100380,2014년 7월 20일 18시,일요일,대구광역시 달서구 이곡동,경상사고,0,0,1,0,차대차 - 측면직각충돌,안전거리미확보,건조,맑음,단일로 - 기타,승용,남,49세,상해없음,이륜,남,39세,경상
2014072000100396,2014년 7월 20일 19시,일요일,대구광역시 수성구 범어동,중상사고,0,1,0,0,차대차 - 기타,안전운전불이행,건조,맑음,단일로 - 횡단보도상,승용,남,44세,상해없음,자전거,여,55세,중상
2014072000100397,2014년 7월 20일 19시,일요일,대구광역시 달서구 두류동,경상사고,0,0,1,0,차대사람 - 기타,안전운전불이행,건조,흐림,단일로 - 기타,화물,남,53세,상해없음,보행자,여,29세,경상
2014072000100433,2014년 7월 20일 20시,일요일,대구광역시 남구 대명동,경상사고,0,0,1,0,차대차 - 기타,교차로운행방법위반,건조,맑음,교차로 - 교차로안,승용,남,54세,상해없음,자전거,남,53세,경상
2014072000100434,2014년 7월 20일 20시,일요일,대구광역시 북구 침산동,중상사고,0,1,0,0,차대사람 - 기타,안전운전불이행,건조,맑음,기타 - 기타,자전거,여,34세,상해없음,보행자,여,61세,중상
2014072000100462,2014년 7월 20일 21시,일요일,대구광역시 수성구 신매동,중상사고,0,1,0,0,차대사람 - 기타,안전운전불이행,건조,기타,단일로 - 기타,승합,남,42세,상해없음,보행자,여,65세,중상
2014072000100463,2014년 7월 20일 21시,일요일,대구광역시 중구 동성로2가,경상사고,0,0,1,0,차대사람 - 기타,안전운전불이행,건조,맑음,단일로 - 기타,이륜,남,35세,상해없음,보행자,남,20세,경상
2014072000100492,2014년 7월 20일 23시,일요일,대구광역시 동구 효목동,중상사고,0,1,0,0,차량단독 - 기타,안전운전불이행,건조,맑음,단일로 - 기타,이륜,남,48세,중상,,,,
2014072000100493,2014년 7월 20일 23시,일요일,대구광역시 동구 신암동,경상사고,0,0,1,3,차대차 - 측면직각충돌,안전운전불이행,건조,맑음,교차로 - 교차로안,승용,남,22세,상해없음,승용,남,51세,경상
2014072000100494,2014년 7월 20일 23시,일요일,대구광역시 수성구 파동,경상사고,0,0,2,0,차대차 - 기타,신호위반,건조,맑음,교차로 - 교차로안,승용,여,53세,상해없음,이륜,남,16세,경상
2014072100100010,2014년 7월 21일 00시,월요일,대구광역시 서구 평리동,중상사고,0,1,0,0,차대차 - 기타,신호위반,건조,맑음,교차로 - 교차로안,원동기,남,21세,중상,승용,남,24세,상해없음
2014072100100016,2014년 7월 21일 01시,월요일,대구광역시 중구 종로1가,부상신고사고,0,0,0,1,차량단독 - 전도전복,안전운전불이행,건조,맑음,단일로 - 기타,이륜,남,25세,부상신고,,,,
2014072100100032,2014년 7월 21일 02시,월요일,대구광역시 수성구 범어동,경상사고,0,0,2,0,차대차 - 측면직각충돌,안전운전불이행,건조,맑음,단일로 - 기타,승용,남,25세,상해없음,승용,남,47세,경상
2014072100100039,2014년 7월 21일 03시,월요일,대구광역시 수성구 상동,중상사고,0,1,0,0,차량단독 - 기타,안전운전불이행,건조,맑음,단일로 - 기타,승용,남,70세,상해없음,,,,
2014072100100087,2014년 7월 21일 07시,월요일,대구광역시 서구 내당동,경상사고,0,0,3,0,차대차 - 기타,안전거리미확보,건조,맑음,단일로 - 기타,승용,남,31세,상해없음,승용,남,41세,경상
2014072100100142,2014년 7월 21일 09시,월요일,대구광역시 동구 신암동,경상사고,0,0,2,0,차대차 - 기타,안전운전불이행,건조,맑음,단일로 - 기타,자전거,남,40세,경상,자전거,남,41세,경상
2014072100100143,2014년 7월 21일 09시,월요일,대구광역시 수성구 범어동,중상사고,0,1,1,1,차대차 - 측면직각충돌,교차로운행방법위반,건조,맑음,교차로 - 교차로안,승용,남,26세,상해없음,승용,남,59세,경상
2014072100100144,2014년 7월 21일 09시,월요일,대구광역시 서구 내당동,경상사고,0,0,1,0,차대차 - 추돌 - 진행중,안전거리미확보,건조,맑음,단일로 - 기타,승용,여,39세,상해없음,승용,여,62세,경상
2014072100100169,2014년 7월 21일 10시,월요일,대구광역시 서구 평리동,중상사고,0,2,0,0,차대사람 - 횡단중,보행자보호의무위반,건조,맑음,교차로 - 교차로안,기타불명,기타불명,기타불명,기타불명,보행자,여,85세,중상
2014072100100170,2014년 7월 21일 10시,월요일,대구광역시 달서구 장동,부상신고사고,0,0,0,1,차대차 - 측면직각충돌,신호위반,건조,맑음,교차로 - 교차로안,이륜,남,32세,부상신고,승합,남,33세,상해없음
2014072100100197,2014년 7월 21일 11시,월요일,대구광역시 달성군 구지면,중상사고,0,1,0,0,차대차 - 기타,안전운전불이행,건조,맑음,단일로 - 기타,원동기,남,77세,중상,건설기계,남,51세,상해없음
2014072100100198,2014년 7월 21일 11시,월요일,대구광역시 북구 침산동,경상사고,0,0,1,0,차량단독 - 기타,안전운전불이행,건조,맑음,단일로 - 기타,승합,남,56세,상해없음,,,,
2014072100100225,2014년 7월 21일 12시,월요일,대구광역시 북구 구암동,중상사고,0,1,3,0,차대차 - 측면직각충돌,중앙선침범,건조,맑음,교차로 - 교차로부근,승용,여,31세,경상,이륜,남,25세,중상
2014072100100259,2014년 7월 21일 13시,월요일,대구광역시 달서구 월성동,경상사고,0,0,1,0,차대사람 - 기타,안전운전불이행,건조,맑음,교차로 - 교차로부근,화물,남,58세,기타불명,보행자,남,10세,경상
2014072100100287,2014년 7월 21일 14시,월요일,대구광역시 달성군 화원읍,중상사고,0,2,0,1,차대차 - 측면직각충돌,안전운전불이행,건조,맑음,단일로 - 기타,승용,남,56세,부상신고,화물,남,40세,중상
2014072100100288,2014년 7월 21일 14시,월요일,대구광역시 서구 상리동,경상사고,0,0,1,0,차량단독 - 전도전복,안전운전불이행,건조,맑음,단일로 - 기타,화물,남,58세,기타불명,,,,
2014072100100289,2014년 7월 21일 14시,월요일,대구광역시 북구 동변동,중상사고,0,1,0,0,차대사람 - 횡단중,보행자보호의무위반,건조,맑음,단일로 - 기타,승용,여,28세,상해없음,보행자,남,9세,중상
2014072100100323,2014년 7월 21일 15시,월요일,대구광역시 남구 대명동,경상사고,0,0,2,0,차대차 - 추돌 - 주정차중,안전운전불이행,건조,맑음,교차로 - 교차로부근,승용,여,61세,상해없음,승용,남,53세,경상
2014072100100324,2014년 7월 21일 15시,월요일,대구광역시 동구 괴전동,사망사고,1,0,0,0,차대차 - 측면직각충돌,신호위반,건조,맑음,교차로 - 교차로안,원동기,남,72세,사망,화물,남,35세,상해없음
2014072100100325,2014년 7월 21일 15시,월요일,대구광역시 동구 신암동,경상사고,0,0,1,0,차대차 - 측면직각충돌,안전운전불이행,건조,맑음,교차로 - 교차로안,승용,남,28세,상해없음,승용,여,57세,경상
2014072100100326,2014년 7월 21일 15시,월요일,대구광역시 동구 불로동,경상사고,0,0,2,0,차대차 - 측면직각충돌,교차로운행방법위반,건조,맑음,교차로 - 교차로안,승용,남,59세,경상,승용,여,53세,경상
2014072100100367,2014년 7월 21일 16시,월요일,대구광역시 수성구 파동,경상사고,0,0,1,0,차대차 - 추돌 - 진행중,안전운전불이행,건조,맑음,단일로 - 기타,승합,남,25세,상해없음,이륜,남,48세,경상
2014072100100398,2014년 7월 21일 17시,월요일,대구광역시 수성구 황금동,경상사고,0,0,1,0,차대차 - 기타,안전운전불이행,건조,맑음,단일로 - 기타,승용,남,51세,상해없음,자전거,남,8세,경상
2014072100100399,2014년 7월 21일 17시,월요일,대구광역시 달서구 성당동,경상사고,0,0,1,0,차대사람 - 기타,기타,건조,맑음,단일로 - 기타,화물,남,55세,상해없음,보행자,여,62세,경상