사고번호,사고일시,요일,시군구,사고내용,사망자수,중상자수,경상자수,부상신고자수,사고유형,법규위반,노면상태,기상상태,도로형태,가해운전자 차종,가해운전자 성별,가해운전자 연령,가해운전자 상해정도,피해운전자 차종,피해운전자 성별,피해운전자 연령,피해운전자 상해정도
2014072100100440,2014년 7월 21일 18시,월요일,대구광역시 달서구 송현동,중상사고,0,1,1,0,차대차 - 측면직각충돌,신호위반,건조,맑음,교차로 - 교차로부근,이륜,남,22세,경상,승용,남,21세,중상
2014072100100441,2014년 7월 21일 18시,월요일,대구광역시 중구 남산동,경상사고,0,0,1,0,차대차 - 추돌 - 주정차중,안전운전불이행,건조,맑음,단일로 - 기타,승용,남,54세,상해없음,승용,여,27세,경상
2014072100100481,2014년 7월 21일 19시,월요일,대구광역시 달서구 송현동,경상사고,0,0,1,0,차대차 - 기타,기타,건조,맑음,단일로 - 기타,승합,남,58세,상해없음,자전거,남,36세,상해없음
2014072100100482,2014년 7월 21일 19시,월요일,대구광역시 북구 칠성동1가,부상신고사고,0,0,0,1,차대차 - 기타,중앙선침범,건조,맑음,기타 - 기타,원동기,남,24세,부상신고,화물,남,47세,상해없음
2014072100100483,2014년 7월 21일 19시,월요일,대구광역시 서구 비산동,중상사고,0,1,0,0,차대차 - 기타,기타,건조,맑음,단일로 - 기타,승용,남,60세,상해없음,자전거,여,63세,중상
2014072100100484,2014년 7월 21일 19시,월요일,대구광역시 달서구 이곡동,경상사고,0,0,1,0,차대사람 - 횡단중,안전운전불이행,건조,맑음,교차로 - 교차로부근,승용,여,28세,상해없음,보행자,여,52세,경상
2014072100100517,2014년 7월 21일 20시,월요일,대구광역시 달서구 월성동,부상신고사고,0,0,0,1,차대사람 - 기타,안전운전불이행,건조,맑음,단일로 - 기타,승합,남,34세,상해없음,보행자,남,66세,부상신고
2014072100100518,2014년 7월 21일 20시,월요일,대구광역시 북구 대현동,중상사고,0,1,1,0,차대차 - 기타,안전운전불이행,건조,맑음,교차로 - 교차로부근,승용,남,72세,상해없음,승용,남,40세,중상
2014072100100556,2014년 7월 21일 21시,월요일,대구광역시 수성구 중동,경상사고,0,0,1,0,차대차 - 기타,안전운전불이행,건조,맑음,단일로 - 기타,승용,남,70세,상해없음,승용,남,41세,경상
2014072100100557,2014년 7월 21일 21시,월요일,대구광역시 달서구 갈산동,경상사고,0,0,1,0,차대차 - 측면직각충돌,교차로운행방법위반,건조,맑음,교차로 - 교차로안,승용,여,43세,상해없음,자전거,남,29세,경상
2014072100100580,2014년 7월 21일 22시,월요일,대구광역시 수성구 만촌동,경상사고,0,0,1,0,차대사람 - 길가장자리구역통행중,안전운전불이행,건조,맑음,단일로 - 기타,승용,기타불명,기타불명,기타불명,보행자,남,24세,경상
2014072100100581,2014년 7월 21일 22시,월요일,대구광역시 달서구 갈산동,경상사고,0,0,1,0,차대사람 - 횡단중,보행자보호의무위반,건조,흐림,교차로 - 교차로부근,승용,남,60세,상해없음,보행자,남,36세,경상
2014072100100582,2014년 7월 21일 22시,월요일,대구광역시 북구 관음동,경상사고,0,0,1,0,차대차 - 기타,안전운전불이행,건조,맑음,기타 - 기타,승용,남,47세,상해없음,승용,남,48세,상해없음
2014072100100603,2014년 7월 21일 23시,월요일,대구광역시 수성구 삼덕동,경상사고,0,0,1,0,차대차 - 추돌 - 주정차중,안전운전불이행,건조,맑음,교차로 - 교차로부근,승용,남,44세,상해없음,승용,남,65세,경상
2014072100100604,2014년 7월 21일 23시,월요일,대구광역시 수성구 두산동,경상사고,0,0,1,0,차대차 - 기타,안전운전불이행,건조,맑음,교차로 - 교차로안,화물,남,33세,상해없음,원동기,남,20세,경상
2014072200100038,2014년 7월 22일 03시,화요일,대구광역시 달서구 송현동,부상신고사고,0,0,0,1,차대사람 - 길가장자리구역통행중,안전운전불이행,건조,맑음,단일로 - 기타,승용,기타불명,기타불명,기타불명,보행자,남,47세,부상신고
2014072200100039,2014년 7월 22일 03시,화요일,대구광역시 북구 칠성동1가,경상사고,0,0,1,0,차대차 - 기타,안전운전불이행,건조,맑음,단일로 - 기타,승용,남,30세,상해없음,원동기,남,54세,경상
2014072200100087,2014년 7월 22일 07시,화요일,대구광역시 동구 율하동,경상사고,0,0,2,0,차대차 - 측면직각충돌,안전운전불이행,건조,맑음,교차로 - 교차로안,화물,남,53세,상해없음,승용,남,36세,경상
2014072200100088,2014년 7월 22일 07시,화요일,대구광역시 남구 대명동,경상사고,0,0,1,0,차대차 - 추돌 - 진행중,교차로운행방법위반,건조,맑음,교차로 - 교차로안,승용,남,33세,상해없음,승합,남,41세,경상
2014072200100127,2014년 7월 22일 08시,화요일,대구광역시 동구 신암동,중상사고,0,1,0,0,차대차 - 기타,교차로운행방법위반,건조,맑음,교차로 - 교차로안,승용,여,34세,상해없음,자전거,여,58세,중상
2014072200100128,2014년 7월 22일 08시,화요일,대구광역시 북구 노원동1가,경상사고,0,0,2,0,차대차 - 기타,안전거리미확보,건조,맑음,단일로 - 기타,화물,남,24세,경상,승용,남,44세,상해없음
2014072200100129,2014년 7월 22일 08시,화요일,대구광역시 달서구 파호동,중상사고,0,1,0,0,차대사람 - 횡단중,신호위반,건조,맑음,교차로 - 교차로안,승용,남,55세,상해없음,보행자,여,51세,중상
2014072200100156,2014년 7월 22일 09시,화요일,대구광역시 동구 신천동,중상사고,0,2,0,0,차대차 - 기타,교차로운행방법위반,건조,맑음,교차로 - 교차로부근,승용,여,64세,상해없음,승용,여,46세,상해없음
2014072200100157,2014년 7월 22일 09시,화요일,대구광역시 북구 관음동,경상사고,0,0,2,0,차대차 - 추돌 - 진행중,안전운전불이행,건조,맑음,단일로 - 기타,승용,여,46세,상해없음,승용,여,43세,경상
2014072200100184,2014년 7월 22일 10시,화요일,대구광역시 동구 효목동,부상신고사고,0,0,0,1,차대차 - 기타,안전운전불이행,건조,맑음,단일로 - 횡단보도상,원동기,남,27세,부상신고,승용,남,53세,상해없음
2014072200100185,2014년 7월 22일 10시,화요일,대구광역시 수성구 성동,중상사고,0,1,0,0,차대차 - 기타,안전운전불이행,건조,맑음,단일로 - 기타,승합,남,54세,상해없음,자전거,여,61세,중상
2014072200100208,2014년 7월 22일 11시,화요일,대구광역시 수성구 수성동1가,경상사고,0,0,1,0,차대차 - 기타,안전운전불이행,건조,맑음,단일로 - 기타,승용,남,67세,상해없음,승용,남,31세,경상
2014072200100234,2014년 7월 22일 12시,화요일,대구광역시 수성구 만촌동,경상사고,0,0,1,0,차대차 - 추돌 - 주정차중,안전운전불이행,건조,맑음,교차로 - 교차로부근,승용,여,39세,상해없음,승용,여,50세,경상
2014072200100260,2014년 7월 22일 13시,화요일,대구광역시 수성구 황금동,경상사고,0,0,1,0,차대차 - 기타,안전운전불이행,건조,맑음,단일로 - 기타,승용,여,42세,상해없음,승용,여,50세,경상
2014072200100291,2014년 7월 22일 14시,화요일,대구광역시 달서구 성당동,경상사고,0,0,1,0,차대사람 - 기타,안전운전불이행,건조,맑음,단일로 - 기타,승용,여,70세,상해없음,보행자,여,22세,경상
2014072200100323,2014년 7월 22일 15시,화요일,대구광역시 북구 칠성동1가,중상사고,0,1,0,0,차대사람 - 기타,신호위반,건조,맑음,단일로 - 기타,자전거,여,55세,상해없음,보행자,여,7세,중상
2014072200100324,2014년 7월 22일 15시,화요일,대구광역시 서구 내당동,경상사고,0,0,1,0,차대사람 - 기타,기타,건조,맑음,기타 - 기타,승용,남,45세,상해없음,보행자,여,70세,경상
2014072200100357,2014년 7월 22일 16시,화요일,대구광역시 수성구 이천동,경상사고,0,0,1,0,차대차 - 추돌 - 주정차중,안전운전불이행,건조,맑음,교차로 - 교차로부근,화물,남,47세,상해없음,승용,여,47세,경상
2014072200100358,2014년 7월 22일 16시,화요일,대구광역시 남구 대명동,경상사고,0,0,3,0,차대차 - 추돌 - 주정차중,안전운전불이행,건조,맑음,교차로 - 교차로부근,승용,남,33세,상해없음,승용,여,51세,경상
2014072200100394,2014년 7월 22일 17시,화요일,대구광역시 북구 동천동,경상사고,0,0,2,0,차대차 - 측면직각충돌,안전운전불이행,건조,맑음,단일로 - 기타,승용,여,40세,상해없음,이륜,남,18세,경상
2014072200100431,2014년 7월 22일 18시,화요일,대구광역시 동구 신암동,경상사고,0,0,1,0,차대차 - 추돌 - 진행중,안전거리미확보,건조,맑음,단일로 - 기타,승용,남,60세,상해없음,승용,남,38세,경상
2014072200100432,2014년 7월 22일 18시,화요일,대구광역시 달서구 도원동,경상사고,0,0,1,0,차대차 - 측면직각충돌,안전운전불이행,건조,맑음,단일로 - 기타,승용,기타불명,기타불명,기타불명,승용,여,53세,경상
2014072200100433,2014년 7월 22일 18시,화요일,대구광역시 북구 태전동,경상사고,0,0,2,0,차대차 - 측면직각충돌,안전운전불이행,건조,맑음,교차로 - 교차로부근,이륜,남,18세,경상,화물,남,50세,상해없음
2014072200100472,2014년 7월 22일 19시,화요일,대구광역시 동구 신암동,중상사고,0,1,0,0,차대차 - 기타,안전거리미확보,건조,맑음,단일로 - 기타,승용,남,33세,상해없음,이륜,남,29세,중상
2014072200100473,2014년 7월 22일 19시,화요일,대구광역시 수성구 범물동,경상사고,0,0,1,0,차대사람 - 기타,안전운전불이행,건조,맑음,단일로 - 기타,승용,여,57세,상해없음,보행자,남,41세,경상
2014072200100474,2014년 7월 22일 19시,화요일,대구광역시 달서구 두류동,경상사고,0,0,2,0,차대차 - 추돌 - 진행중,안전운전불이행,건조,맑음,단일로 - 기타,승용,남,68세,상해없음,승용,여,47세,경상
2014072200100553,2014년 7월 22일 21시,화요일,대구광역시 동구 지저동,중상사고,0,1,0,0,차대사람 - 횡단중,신호위반,건조,맑음,단일로 - 횡단보도상,승용,남,38세,상해없음,보행자,여,56세,중상
2014072200100554,2014년 7월 22일 21시,화요일,대구광역시 달서구 송현동,경상사고,0,0,1,0,차대사람 - 차도통행중,안전운전불이행,건조,맑음,단일로 - 기타,승용,남,66세,상해없음,보행자,여,23세,경상
2014072200100555,2014년 7월 22일 21시,화요일,대구광역시 달서구 진천동,사망사고,1,0,0,0,차대차 - 측면직각충돌,안전운전불이행,건조,맑음,교차로 - 교차로안,화물,남,47세,상해없음,자전거,남,75세,사망
2014072200100581,2014년 7월 22일 22시,화요일,대구광역시 동구 신암동,경상사고,0,0,2,0,차대차 - 정면충돌,안전운전불이행,건조,맑음,기타 - 기타,자전거,남,41세,경상,자전거,남,58세,경상
2014072200100582,2014년 7월 22일 22시,화요일,대구광역시 북구 침산동,경상사고,0,0,2,1,차대차 - 측면직각충돌,안전운전불이행,건조,맑음,단일로 - 기타,승용,여,62세,부상신고,승용,여,23세,경상
2014072200100583,2014년 7월 22일 22시,화요일,대구광역시 달서구 두류동,부상신고사고,0,0,0,1,차대사람 - 기타,안전운전불이행,건조,맑음,단일로 - 기타,자전거,남,38세,부상신고,보행자,남,22세,상해없음
2014072200100607,2014년 7월 22일 23시,화요일,대구광역시 동구 도동,경상사고,0,0,1,0,차대차 - 기타,교차로운행방법위반,건조,맑음,교차로 - 교차로안,승용,남,30세,상해없음,이륜,남,34세,경상
2014072200100608,2014년 7월 22일 23시,화요일,대구광역시 수성구 두산동,경상사고,0,0,1,0,차대차 - 기타,안전거리미확보,건조,맑음,교차로 - 교차로부근,승용,남,63세,상해없음,승용,남,42세,경상
2014072300100045,2014년 7월 23일 02시,수요일,대구광역시 달서구 신당동,경상사고,0,0,1,0,차대차 - 기타,안전운전불이행,건조,맑음,단일로 - 기타,승용,남,34세,상해없음,승용,남,41세,경상
2014072300100062,2014년 7월 23일 03시,수요일,대구광역시 수성구 지산동,경상사고,0,0,2,0,차대차 - 기타,안전거리미확보,건조,맑음,단일로 - 기타,승용,남,27세,상해없음,승용,남,23세,경상
2014072300100124,2014년 7월 23일 07시,수요일,대구광역시 남구 대명동,경상사고,0,0,1,0,차대차 - 측면직각충돌,교차로운행방법위반,건조,맑음,교차로 - 교차로안,자전거,여,65세,경상,승용,남,34세,상해없음
2014072300100125,2014년 7월 23일 07시,수요일,대구광역시 동구 지저동,경상사고,0,0,1,0,차대차 - 기타,교차로운행방법위반,건조,맑음,교차로 - 교차로안,이륜,남,48세,상해없음,승용,남,72세,상해없음
2014072300100126,2014년 7월 23일 07시,수요일,대구광역시 수성구 수성동2가,중상사고,0,1,0,0,차대차 - 측면직각충돌,안전운전불이행,건조,맑음,단일로 - 횡단보도상,이륜,남,58세,중상,승용,남,28세,상해없음
2014072300100151,2014년 7월 23일 08시,수요일,대구광역시 동구 불로동,중상사고,0,1,0,0,차대차 - 기타,차로위반,건조,맑음,단일로 - 기타,원동기,남,27세,중상,승용,여,40세,상해없음
2014072300100152,2014년 7월 23일 08시,수요일,대구광역시 달서구 본동,경상사고,0,0,1,0,차대차 - 기타,기타,건조,맑음,단일로 - 기타,화물,남,37세,상해없음,자전거,남,41세,경상
2014072300100153,2014년 7월 23일 08시,수요일,대구광역시 서구 비산동,중상사고,0,1,0,0,차대차 - 측면직각충돌,안전거리미확보,건조,흐림,단일로 - 기타,이륜,남,46세,중상,승용,남,42세,상해없음
2014072300100177,2014년 7월 23일 09시,수요일,대구광역시 동구 효목동,경상사고,0,0,1,0,차대차 - 기타,교차로운행방법위반,건조,맑음,교차로 - 교차로안,자전거,남,18세,경상,승용,여,60세,상해없음
2014072300100178,2014년 7월 23일 09시,수요일,대구광역시 수성구 상동,경상사고,0,0,1,0,차대차 - 기타,안전운전불이행,건조,맑음,단일로 - 기타,화물,남,54세,상해없음,자전거,남,24세,경상
2014072300100179,2014년 7월 23일 09시,수요일,대구광역시 달서구 상인동,경상사고,0,0,1,0,차대차 - 추돌 - 진행중,안전운전불이행,건조,맑음,교차로 - 교차로부근,승용,여,51세,상해없음,자전거,남,64세,경상
2014072300100223,2014년 7월 23일 11시,수요일,대구광역시 북구 산격동,경상사고,0,0,1,0,차량단독 - 기타,안전운전불이행,건조,맑음,단일로 - 기타,승합,남,56세,상해없음,,,,
2014072300100224,2014년 7월 23일 11시,수요일,대구광역시 중구 삼덕동1가,중상사고,0,1,0,0,차대차 - 추돌 - 주정차중,안전거리미확보,건조,맑음,단일로 - 기타,화물,남,55세,상해없음,승용,여,51세,중상
2014072300100249,2014년 7월 23일 12시,수요일,대구광역시 남구 봉덕동,경상사고,0,0,1,0,차대차 - 기타,교차로운행방법위반,건조,맑음,교차로 - 교차로안,승용,여,38세,상해없음,원동기,남,48세,경상
2014072300100250,2014년 7월 23일 12시,수요일,대구광역시 서구 평리동,경상사고,0,0,1,0,차대사람 - 기타,안전운전불이행,건조,맑음,단일로 - 기타,승용,여,43세,상해없음,보행자,여,26세,경상
2014072300100251,2014년 7월 23일 12시,수요일,대구광역시 달서구 두류동,중상사고,0,1,0,0,차대차 - 측면직각충돌,불법유턴,건조,맑음,단일로 - 기타,자전거,남,77세,중상,승용,여,46세,상해없음
2014072300100281,2014년 7월 23일 13시,수요일,대구광역시 달서구 상인동,경상사고,0,0,3,0,차대차 - 기타,안전운전불이행,건조,맑음,단일로 - 기타,화물,남,65세,상해없음,승용,여,54세,경상
2014072300100342,2014년 7월 23일 15시,수요일,대구광역시 동구 신서동,중상사고,0,1,0,0,차대사람 - 기타,안전운전불이행,건조,맑음,단일로 - 기타,승용,여,58세,상해없음,보행자,여,11세,중상
2014072300100344,2014년 7월 23일 15시,수요일,대구광역시 달서구 송현동,중상사고,0,1,1,0,차대차 - 측면직각충돌,교차로운행방법위반,건조,맑음,교차로 - 교차로안,승용,여,64세,상해없음,원동기,남,18세,경상
2014072300100345,2014년 7월 23일 15시,수요일,대구광역시 달서구 신당동,중상사고,0,1,0,0,차대차 - 측면직각충돌,안전거리미확보,건조,맑음,단일로 - 기타,승합,남,67세,상해없음,이륜,남,35세,중상
2014072300100373,2014년 7월 23일 16시,수요일,대구광역시 달성군 현풍면,경상사고,0,0,1,0,차대차 - 추돌 - 진행중,안전운전불이행,건조,맑음,교차로 - 교차로안,승용,여,45세,상해없음,이륜,여,64세,경상
2014072300100374,2014년 7월 23일 16시,수요일,대구광역시 북구 침산동,부상신고사고,0,0,0,1,차대차 - 기타,안전운전불이행,건조,맑음,단일로 - 기타,자전거,여,16세,부상신고,승용,남,59세,상해없음
2014072300100375,2014년 7월 23일 16시,수요일,대구광역시 달서구 두류동,중상사고,0,1,0,0,차대차 - 측면직각충돌,교차로운행방법위반,건조,맑음,교차로 - 교차로안,승용,남,57세,상해없음,자전거,남,76세,중상
2014072300100410,2014년 7월 23일 17시,수요일,대구광역시 달서구 상인동,중상사고,0,1,0,0,차대사람 - 길가장자리구역통행중,안전운전불이행,건조,맑음,단일로 - 기타,승용,여,56세,상해없음,보행자,남,65세,중상
2014072300100411,2014년 7월 23일 17시,수요일,대구광역시 북구 복현동,중상사고,0,1,0,0,차대사람 - 횡단중,보행자보호의무위반,건조,맑음,단일로 - 횡단보도상,승용,남,53세,상해없음,보행자,남,60세,중상
2014072300100478,2014년 7월 23일 19시,수요일,대구광역시 남구 대명동,중상사고,0,3,1,0,차대사람 - 기타,안전운전불이행,건조,맑음,단일로 - 기타,승용,여,51세,경상,보행자,여,57세,중상
2014072300100479,2014년 7월 23일 19시,수요일,대구광역시 수성구 신매동,경상사고,0,0,1,0,차대차 - 기타,안전거리미확보,건조,맑음,단일로 - 기타,승용,남,58세,상해없음,원동기,남,22세,경상
2014072300100480,2014년 7월 23일 19시,수요일,대구광역시 서구 내당동,경상사고,0,0,1,0,차량단독 - 기타,안전운전불이행,건조,맑음,단일로 - 기타,이륜,남,72세,경상,,,,
2014072300100481,2014년 7월 23일 19시,수요일,대구광역시 달서구 용산동,경상사고,0,0,1,0,차대차 - 추돌 - 진행중,안전운전불이행,건조,맑음,교차로 - 교차로안,승용,남,43세,상해없음,승용,여,49세,경상
2014072300100512,2014년 7월 23일 20시,수요일,대구광역시 동구 율하동,경상사고,0,0,1,0,차대차 - 기타,중앙선침범,건조,맑음,단일로 - 기타,승합,남,47세,상해없음,이륜,남,44세,경상
2014072300100513,2014년 7월 23일 20시,수요일,대구광역시 동구 신암동,경상사고,0,0,1,0,차대차 - 기타,안전운전불이행,건조,맑음,단일로 - 기타,승용,남,30세,상해없음,승용,남,62세,경상
2014072300100514,2014년 7월 23일 20시,수요일,대구광역시 수성구 연호동,중상사고,0,1,2,0,차대차 - 추돌 - 주정차중,안전운전불이행,건조,맑음,교차로 - 교차로부근,승용,남,44세,상해없음,승용,여,28세,중상
2014072300100515,2014년 7월 23일 20시,수요일,대구광역시 달성군 논공읍,경상사고,0,0,1,1,차대차 - 측면직각충돌,안전운전불이행,건조,맑음,교차로 - 교차로부근,이륜,남,16세,부상신고,승용,여,25세,경상
2014072300100516,2014년 7월 23일 20시,수요일,대구광역시 북구 노원동3가,경상사고,0,0,1,0,차대차 - 측면직각충돌,불법유턴,건조,맑음,단일로 - 기타,승용,남,45세,상해없음,승용,여,36세,경상
2014072300100517,2014년 7월 23일 20시,수요일,대구광역시 서구 비산동,경상사고,0,0,1,0,차대사람 - 기타,안전운전불이행,건조,맑음,단일로 - 기타,자전거,남,49세,상해없음,보행자,남,48세,경상
2014072300100559,2014년 7월 23일 21시,수요일,대구광역시 남구 대명동,경상사고,0,0,1,0,차대사람 - 기타,안전운전불이행,건조,맑음,단일로 - 기타,승용,남,54세,상해없음,보행자,남,50세,경상
2014072300100560,2014년 7월 23일 21시,수요일,대구광역시 중구 동인동1가,중상사고,0,1,0,0,차대차 - 추돌 - 진행중,안전운전불이행,건조,맑음,단일로 - 기타,이륜,남,61세,상해없음,승용,남,68세,상해없음
2014072300100600,2014년 7월 23일 22시,수요일,대구광역시 서구 비산동,경상사고,0,0,2,0,차대차 - 기타,안전운전불이행,건조,맑음,단일로 - 기타,승용,남,41세,상해없음,승용,여,39세,경상
2014072300100637,2014년 7월 23일 23시,수요일,대구광역시 수성구 지산동,경상사고,0,0,1,0,차대사람 - 횡단중,신호위반,건조,맑음,교차로 - 교차로부근,승용,남,21세,상해없음,보행자,남,47세,경상
2014072300100638,2014년 7월 23일 23시,수요일,대구광역시 북구 칠성동1가,중상사고,0,1,0,0,차대차 - 기타,안전운전불이행,건조,맑음,단일로 - 기타,승용,남,56세,상해없음,승용,남,66세,상해없음
2014072400100026,2014년 7월 24일 00시,목요일,대구광역시 동구 신암동,경상사고,0,0,1,0,차대차 - 기타,안전거리미확보,건조,맑음,단일로 - 기타,승용,남,27세,상해없음,승용,남,36세,경상
2014072400100049,2014년 7월 24일 01시,목요일,대구광역시 동구 방촌동,경상사고,0,0,3,0,차대차 - 기타,교차로운행방법위반,건조,맑음,교차로 - 교차로안,승용,여,44세,경상,승용,남,22세,경상
2014072400100060,2014년 7월 24일 02시,목요일,대구광역시 서구 내당동,중상사고,0,1,0,0,차대차 - 측면직각충돌,안전운전불이행,건조,맑음,교차로 - 교차로안,승용,남,62세,상해없음,승합,남,39세,중상
2014072400100061,2014년 7월 24일 02시,목요일,대구광역시 북구 관음동,경상사고,0,0,1,2,차대차 - 측면직각충돌,직진우회전진행방해,건조,맑음,교차로 - 교차로안,승용,남,18세,부상신고,승용,남,56세,부상신고
2014072400100088,2014년 7월 24일 04시,목요일,대구광역시 북구 복현동,중상사고,0,1,0,0,차량단독 - 공작물충돌,기타,건조,맑음,미분류 - 미분류,원동기,남,25세,중상,,,,
2014072400100089,2014년 7월 24일 04시,목요일,대구광역시 달서구 죽전동,경상사고,0,0,1,0,차대사람 - 기타,안전운전불이행,건조,맑음,단일로 - 기타,승용,남,51세,상해없음,보행자,여,48세,경상
2014072400100104,2014년 7월 24일 05시,목요일,대구광역시 달서구 송현동,중상사고,0,1,0,0,차량단독 - 전도전복,안전운전불이행,건조,맑음,교차로 - 교차로부근,원동기,남,39세,중상,,,,
2014072400100134,2014년 7월 24일 07시,목요일,대구광역시 달서구 신당동,경상사고,0,0,1,0,차대차 - 정면충돌,안전운전불이행,건조,맑음,교차로 - 교차로안,승용,남,31세,상해없음,승용,남,58세,경상
2014072400100161,2014년 7월 24일 08시,목요일,대구광역시 수성구 파동,경상사고,0,0,1,0,차대사람 - 횡단중,보행자보호의무위반,건조,맑음,교차로 - 교차로안,승용,기타불명,기타불명,기타불명,보행자,여,25세,경상
2014072400100162,2014년 7월 24일 08시,목요일,대구광역시 달성군 화원읍,중상사고,0,1,0,0,차대사람 - 기타,안전운전불이행,건조,맑음,기타 - 기타,승용,여,36세,상해없음,보행자,여,76세,중상
2014072400100190,2014년 7월 24일 09시,목요일,대구광역시 달서구 진천동,경상사고,0,0,1,0,차대차 - 기타,안전운전불이행,건조,맑음,단일로 - 기타,승용,여,44세,기타불명,자전거,여,53세,경상
2014072400100191,2014년 7월 24일 09시,목요일,대구광역시 북구 노원동2가,경상사고,0,0,1,0,차대차 - 기타,기타,건조,맑음,단일로 - 기타,승용,남,41세,상해없음,자전거,남,55세,경상
2014072400100222,2014년 7월 24일 10시,목요일,대구광역시 수성구 파동,경상사고,0,0,1,0,차대차 - 기타,안전운전불이행,건조,맑음,단일로 - 기타,승용,남,54세,상해없음,자전거,남,13세,경상
2014072400100223,2014년 7월 24일 10시,목요일,대구광역시 수성구 황금동,경상사고,0,0,1,0,차대차 - 추돌 - 진행중,안전운전불이행,건조,맑음,교차로 - 교차로안,승용,여,58세,상해없음,승용,남,43세,경상
2014072400100224,2014년 7월 24일 10시,목요일,대구광역시 중구 대봉동,경상사고,0,0,1,0,차대차 - 기타,안전거리미확보,건조,맑음,단일로 - 기타,이륜,남,30세,경상,승용,남,55세,상해없음
2014072400100225,2014년 7월 24일 10시,목요일,대구광역시 달서구 두류동,경상사고,0,0,2,0,차대차 - 기타,안전거리미확보,건조,맑음,단일로 - 기타,승용,남,73세,상해없음,이륜,남,71세,경상
2014072400100260,2014년 7월 24일 11시,목요일,대구광역시 달서구 장기동,경상사고,0,0,1,0,차대차 - 기타,안전운전불이행,건조,맑음,단일로 - 기타,화물,남,43세,상해없음,승용,남,62세,경상
2014072400100293,2014년 7월 24일 12시,목요일,대구광역시 달성군 화원읍,중상사고,0,1,0,0,차대사람 - 횡단중,안전운전불이행,건조,맑음,교차로 - 교차로안,승용,남,27세,상해없음,보행자,여,40세,중상
2014072400100294,2014년 7월 24일 12시,목요일,대구광역시 서구 내당동,경상사고,0,0,2,3,차대차 - 추돌 - 주정차중,안전거리미확보,건조,맑음,단일로 - 기타,승용,여,27세,부상신고,승용,남,37세,상해없음
2014072400100326,2014년 7월 24일 13시,목요일,대구광역시 달서구 성당동,경상사고,0,0,1,0,차대차 - 측면직각충돌,중앙선침범,건조,맑음,단일로 - 기타,자전거,남,61세,경상,승용,여,36세,상해없음
2014072400100390,2014년 7월 24일 15시,목요일,대구광역시 서구 평리동,중상사고,0,1,0,0,차대차 - 측면직각충돌,안전거리미확보,건조,맑음,단일로 - 기타,승용,남,52세,상해없음,자전거,남,26세,중상
2014072400100391,2014년 7월 24일 15시,목요일,대구광역시 북구 국우동,부상신고사고,0,0,0,1,차대차 - 측면직각충돌,안전운전불이행,건조,맑음,단일로 - 기타,승용,남,42세,상해없음,자전거,남,8세,부상신고
2014072400100430,2014년 7월 24일 16시,목요일,대구광역시 동구 신천동,경상사고,0,0,1,0,차대차 - 기타,교차로운행방법위반,건조,맑음,교차로 - 교차로안,승용,여,47세,상해없음,승용,여,40세,경상
2014072400100431,2014년 7월 24일 16시,목요일,대구광역시 달서구 상인동,중상사고,0,1,0,0,차대사람 - 기타,안전운전불이행,건조,맑음,기타 - 기타,승용,여,44세,상해없음,보행자,여,84세,중상
2014072400100433,2014년 7월 24일 16시,목요일,대구광역시 중구 동성로2가,경상사고,0,0,1,0,차대사람 - 기타,안전운전불이행,건조,맑음,단일로 - 기타,승용,여,39세,기타불명,보행자,여,12세,경상
2014072400100473,2014년 7월 24일 17시,목요일,대구광역시 달성군 화원읍,경상사고,0,0,1,0,차대차 - 추돌 - 진행중,안전운전불이행,건조,맑음,단일로 - 기타,승합,남,61세,상해없음,승용,남,34세,상해없음
2014072400100474,2014년 7월 24일 17시,목요일,대구광역시 중구 대신동,경상사고,0,0,1,0,차대차 - 기타,안전운전불이행,건조,맑음,기타 - 기타,승용,남,54세,상해없음,승용,남,41세,경상
2014072400100502,2014년 7월 24일 18시,목요일,대구광역시 남구 대명동,경상사고,0,0,2,0,차대차 - 기타,안전운전불이행,건조,맑음,교차로 - 교차로부근,승용,남,26세,상해없음,승용,남,44세,경상
2014072400100503,2014년 7월 24일 18시,목요일,대구광역시 달성군 다사읍,경상사고,0,0,3,0,차대차 - 추돌 - 진행중,안전운전불이행,건조,맑음,교차로 - 교차로부근,승용,남,47세,상해없음,승용,여,46세,경상
2014072400100504,2014년 7월 24일 18시,목요일,대구광역시 동구 신암동,중상사고,0,1,0,0,차대차 - 기타,신호위반,건조,맑음,교차로 - 교차로안,원동기,남,53세,상해없음,원동기,남,54세,중상
2014072400100505,2014년 7월 24일 18시,목요일,대구광역시 서구 내당동,경상사고,0,0,2,0,차대차 - 추돌 - 주정차중,안전운전불이행,건조,맑음,교차로 - 교차로부근,승용,남,32세,상해없음,승용,남,29세,경상
2014072400100506,2014년 7월 24일 18시,목요일,대구광역시 달서구 본리동,중상사고,0,1,0,0,차대차 - 기타,안전운전불이행,건조,맑음,단일로 - 기타,승합,여,55세,상해없음,승용,여,47세,중상
2014072400100548,2014년 7월 24일 19시,목요일,대구광역시 달서구 월성동,부상신고사고,0,0,0,2,차대차 - 기타,안전운전불이행,건조,맑음,교차로 - 교차로부근,이륜,남,58세,부상신고,화물,남,65세,상해없음