사고번호,사고일시,요일,시군구,사고내용,사망자수,중상자수,경상자수,부상신고자수,사고유형,법규위반,노면상태,기상상태,도로형태,가해운전자 차종,가해운전자 성별,가해운전자 연령,가해운전자 상해정도,피해운전자 차종,피해운전자 성별,피해운전자 연령,피해운전자 상해정도
2014072700100434,2014년 7월 27일 18시,일요일,대구광역시 북구 구암동,경상사고,0,0,4,0,차대차 - 측면직각충돌,신호위반,건조,맑음,교차로 - 교차로안,승용,여,31세,상해없음,승용,남,39세,경상
2014072700100435,2014년 7월 27일 18시,일요일,대구광역시 북구 서변동,경상사고,0,0,1,0,차대차 - 기타,안전거리미확보,건조,맑음,단일로 - 기타,승용,여,34세,상해없음,화물,남,65세,경상
2014072700100461,2014년 7월 27일 19시,일요일,대구광역시 서구 평리동,경상사고,0,0,1,0,차대차 - 측면직각충돌,안전거리미확보,건조,맑음,단일로 - 기타,승용,여,30세,상해없음,이륜,남,19세,경상
2014072700100462,2014년 7월 27일 19시,일요일,대구광역시 달서구 두류동,중상사고,0,2,0,0,차대사람 - 기타,보행자보호의무위반,건조,맑음,단일로 - 횡단보도상,승용,여,45세,상해없음,보행자,여,21세,중상
2014072700100498,2014년 7월 27일 20시,일요일,대구광역시 동구 신서동,경상사고,0,0,1,0,차대차 - 추돌 - 진행중,안전운전불이행,습기,흐림,기타 - 기타,승용,남,59세,상해없음,승용,여,48세,경상
2014072700100522,2014년 7월 27일 21시,일요일,대구광역시 달서구 신당동,경상사고,0,0,1,0,차대차 - 측면직각충돌,안전운전불이행,건조,맑음,단일로 - 기타,승용,남,40세,상해없음,승용,남,53세,경상
2014072700100523,2014년 7월 27일 21시,일요일,대구광역시 달서구 용산동,중상사고,0,1,0,0,차대사람 - 기타,안전운전불이행,건조,맑음,단일로 - 기타,승용,남,43세,상해없음,보행자,남,63세,중상
2014072800100023,2014년 7월 28일 03시,월요일,대구광역시 서구 내당동,경상사고,0,0,1,0,차대차 - 기타,안전운전불이행,건조,맑음,교차로 - 교차로부근,승용,여,54세,상해없음,승용,남,30세,경상
2014072800100049,2014년 7월 28일 06시,월요일,대구광역시 동구 신천동,경상사고,0,0,1,0,차대차 - 기타,안전운전불이행,건조,맑음,단일로 - 기타,승용,남,40세,상해없음,승용,남,71세,경상
2014072800100070,2014년 7월 28일 07시,월요일,대구광역시 서구 비산동,중상사고,0,1,0,0,차대차 - 추돌 - 주정차중,안전거리미확보,건조,맑음,단일로 - 기타,자전거,남,56세,중상,승용,여,49세,상해없음
2014072800100098,2014년 7월 28일 08시,월요일,대구광역시 북구 침산동,경상사고,0,0,2,0,차대차 - 측면직각충돌,신호위반,건조,맑음,교차로 - 교차로안,화물,남,50세,상해없음,화물,남,60세,경상
2014072800100119,2014년 7월 28일 09시,월요일,대구광역시 중구 덕산동,중상사고,0,1,0,0,차대차 - 측면직각충돌,직진우회전진행방해,건조,맑음,교차로 - 교차로안,승용,여,39세,상해없음,원동기,남,40세,중상
2014072800100152,2014년 7월 28일 10시,월요일,대구광역시 서구 평리동,경상사고,0,0,1,0,차대차 - 추돌 - 진행중,안전거리미확보,건조,맑음,단일로 - 기타,승용,남,60세,상해없음,화물,남,50세,경상
2014072800100284,2014년 7월 28일 14시,월요일,대구광역시 달서구 송현동,경상사고,0,0,1,0,차대차 - 기타,교차로운행방법위반,건조,맑음,교차로 - 교차로안,승용,남,64세,상해없음,이륜,남,34세,경상
2014072800100318,2014년 7월 28일 15시,월요일,대구광역시 수성구 범어동,경상사고,0,0,1,0,차대차 - 기타,안전운전불이행,건조,맑음,단일로 - 기타,화물,남,54세,상해없음,이륜,남,23세,경상
2014072800100319,2014년 7월 28일 15시,월요일,대구광역시 수성구 범어동,경상사고,0,0,1,0,차대차 - 기타,안전운전불이행,건조,맑음,단일로 - 기타,이륜,남,31세,상해없음,이륜,남,43세,경상
2014072800100320,2014년 7월 28일 15시,월요일,대구광역시 달서구 상인동,경상사고,0,0,1,1,차대사람 - 횡단중,안전운전불이행,건조,맑음,단일로 - 기타,이륜,남,17세,부상신고,보행자,여,59세,경상
2014072800100321,2014년 7월 28일 15시,월요일,대구광역시 달서구 상인동,중상사고,0,1,0,0,차대사람 - 기타,보행자보호의무위반,건조,맑음,교차로 - 교차로안,승합,남,55세,상해없음,보행자,여,10세,중상
2014072800100322,2014년 7월 28일 15시,월요일,대구광역시 북구 대현동,경상사고,0,0,2,0,차대차 - 측면직각충돌,교차로운행방법위반,건조,맑음,교차로 - 교차로안,승용,여,45세,상해없음,화물,남,42세,경상
2014072800100323,2014년 7월 28일 15시,월요일,대구광역시 서구 비산동,경상사고,0,0,2,0,차대차 - 기타,안전운전불이행,건조,맑음,단일로 - 기타,승용,남,57세,상해없음,승용,남,34세,경상
2014072800100324,2014년 7월 28일 15시,월요일,대구광역시 달서구 갈산동,중상사고,0,1,0,0,차대차 - 추돌 - 주정차중,안전운전불이행,건조,맑음,단일로 - 기타,화물,남,56세,상해없음,이륜,남,48세,중상
2014072800100363,2014년 7월 28일 16시,월요일,대구광역시 달서구 상인동,중상사고,0,1,0,0,차대사람 - 횡단중,보행자보호의무위반,건조,맑음,교차로 - 교차로부근,화물,남,48세,상해없음,보행자,여,48세,중상
2014072800100364,2014년 7월 28일 16시,월요일,대구광역시 서구 비산동,중상사고,0,1,0,0,차대차 - 측면직각충돌,직진우회전진행방해,건조,맑음,교차로 - 교차로안,자전거,남,62세,중상,화물,남,38세,상해없음
2014072800100365,2014년 7월 28일 16시,월요일,대구광역시 중구 인교동,경상사고,0,0,1,0,차대차 - 측면직각충돌,안전운전불이행,건조,맑음,단일로 - 기타,승용,여,21세,상해없음,이륜,남,40세,경상
2014072800100366,2014년 7월 28일 16시,월요일,대구광역시 달서구 성당동,경상사고,0,0,4,0,차대차 - 기타,안전운전불이행,건조,맑음,단일로 - 기타,화물,남,41세,상해없음,승용,남,21세,경상
2014072800100400,2014년 7월 28일 17시,월요일,대구광역시 남구 대명동,경상사고,0,0,1,0,차대차 - 기타,안전운전불이행,건조,맑음,단일로 - 기타,승용,남,40세,상해없음,승용,여,31세,경상
2014072800100401,2014년 7월 28일 17시,월요일,대구광역시 달성군 유가면,중상사고,0,1,0,0,차대사람 - 기타,안전운전불이행,건조,맑음,단일로 - 기타,건설기계,남,46세,기타불명,보행자,여,89세,중상
2014072800100402,2014년 7월 28일 17시,월요일,대구광역시 달성군 유가면,중상사고,0,1,0,0,차대사람 - 기타,안전운전불이행,건조,맑음,단일로 - 기타,승합,여,31세,상해없음,보행자,여,9세,중상
2014072800100436,2014년 7월 28일 18시,월요일,대구광역시 달서구 송현동,경상사고,0,0,1,0,차대사람 - 횡단중,보행자보호의무위반,건조,맑음,교차로 - 교차로부근,승용,여,33세,상해없음,보행자,남,67세,경상
2014072800100437,2014년 7월 28일 18시,월요일,대구광역시 북구 구암동,중상사고,0,1,0,0,차대사람 - 횡단중,보행자보호의무위반,건조,맑음,단일로 - 횡단보도상,자전거,여,54세,상해없음,보행자,여,80세,중상
2014072800100471,2014년 7월 28일 19시,월요일,대구광역시 달서구 월성동,중상사고,0,1,0,0,차대사람 - 기타,안전운전불이행,건조,맑음,교차로 - 교차로부근,승용,남,43세,상해없음,보행자,남,7세,중상
2014072800100503,2014년 7월 28일 20시,월요일,대구광역시 달서구 본동,경상사고,0,0,1,0,차대사람 - 기타,안전운전불이행,건조,맑음,단일로 - 기타,승용,남,63세,상해없음,보행자,여,68세,경상
2014072800100504,2014년 7월 28일 20시,월요일,대구광역시 달서구 죽전동,중상사고,0,1,0,0,차대차 - 기타,안전운전불이행,건조,흐림,교차로 - 교차로부근,자전거,남,15세,중상,승용,여,41세,상해없음
2014072800100505,2014년 7월 28일 20시,월요일,대구광역시 달서구 용산동,경상사고,0,0,3,0,차대차 - 추돌 - 주정차중,안전운전불이행,건조,맑음,단일로 - 기타,승용,남,44세,상해없음,승용,남,34세,경상
2014072800100542,2014년 7월 28일 21시,월요일,대구광역시 수성구 수성동1가,경상사고,0,0,1,0,차대사람 - 기타,안전운전불이행,건조,맑음,단일로 - 기타,승용,남,57세,상해없음,보행자,남,42세,경상
2014072800100543,2014년 7월 28일 21시,월요일,대구광역시 달성군 다사읍,경상사고,0,0,1,0,차량단독 - 기타,안전운전불이행,건조,맑음,단일로 - 기타,이륜,남,19세,경상,,,,
2014072800100544,2014년 7월 28일 21시,월요일,대구광역시 중구 삼덕동2가,경상사고,0,0,1,0,차대차 - 기타,안전운전불이행,건조,맑음,교차로 - 교차로부근,자전거,남,55세,상해없음,자전거,여,27세,경상
2014072800100545,2014년 7월 28일 21시,월요일,대구광역시 달서구 용산동,경상사고,0,0,1,0,차대차 - 측면직각충돌,안전거리미확보,건조,흐림,단일로 - 기타,승용,여,40세,상해없음,이륜,남,18세,경상
2014072800100576,2014년 7월 28일 22시,월요일,대구광역시 수성구 두산동,경상사고,0,0,1,0,차대사람 - 기타,기타,건조,맑음,기타 - 기타,승용,남,43세,상해없음,보행자,여,50세,경상
2014072800100605,2014년 7월 28일 23시,월요일,대구광역시 달서구 성당동,경상사고,0,0,3,0,차대차 - 기타,안전거리미확보,건조,흐림,단일로 - 기타,승용,남,24세,상해없음,승용,남,26세,경상
2014072800100606,2014년 7월 28일 23시,월요일,대구광역시 달서구 용산동,부상신고사고,0,0,0,1,차대차 - 추돌 - 주정차중,안전운전불이행,건조,맑음,단일로 - 기타,승용,남,51세,상해없음,승용,남,44세,상해없음
2014072900100049,2014년 7월 29일 03시,화요일,대구광역시 수성구 황금동,경상사고,0,0,2,0,차대차 - 측면직각충돌,안전거리미확보,건조,맑음,단일로 - 기타,승용,남,59세,상해없음,승용,남,21세,경상
2014072900100050,2014년 7월 29일 03시,화요일,대구광역시 중구 태평로1가,부상신고사고,0,0,0,2,차대차 - 측면직각충돌,신호위반,건조,맑음,교차로 - 교차로안,승용,남,27세,상해없음,승용,남,41세,부상신고
2014072900100051,2014년 7월 29일 03시,화요일,대구광역시 북구 동천동,경상사고,0,0,1,0,차량단독 - 공작물충돌,안전운전불이행,습기,비,단일로 - 기타,승용,여,34세,상해없음,,,,
2014072900100122,2014년 7월 29일 08시,화요일,대구광역시 달서구 성당동,중상사고,0,1,0,0,차대사람 - 차도통행중,안전운전불이행,건조,맑음,교차로 - 교차로안,승용,남,38세,상해없음,보행자,여,68세,중상
2014072900100123,2014년 7월 29일 08시,화요일,대구광역시 북구 동천동,부상신고사고,0,0,0,1,차대차 - 추돌 - 진행중,안전거리미확보,건조,맑음,단일로 - 기타,승용,여,52세,부상신고,승용,남,19세,상해없음
2014072900100152,2014년 7월 29일 09시,화요일,대구광역시 북구 침산동,경상사고,0,0,1,0,차대차 - 측면직각충돌,안전운전불이행,건조,맑음,기타 - 기타,승용,남,42세,상해없음,자전거,남,44세,경상
2014072900100153,2014년 7월 29일 09시,화요일,대구광역시 북구 노원동3가,경상사고,0,0,1,0,차대차 - 추돌 - 주정차중,기타,건조,맑음,단일로 - 기타,승용,남,48세,상해없음,승용,남,61세,경상
2014072900100154,2014년 7월 29일 09시,화요일,대구광역시 서구 평리동,경상사고,0,0,1,0,차대차 - 기타,안전운전불이행,건조,맑음,단일로 - 기타,자전거,남,31세,경상,승용,남,44세,상해없음
2014072900100155,2014년 7월 29일 09시,화요일,대구광역시 서구 내당동,경상사고,0,0,1,0,차대차 - 추돌 - 주정차중,안전운전불이행,건조,맑음,단일로 - 기타,승용,남,57세,상해없음,승용,남,65세,경상
2014072900100198,2014년 7월 29일 10시,화요일,대구광역시 수성구 욱수동,경상사고,0,0,5,0,차대차 - 추돌 - 진행중,안전거리미확보,건조,맑음,단일로 - 기타,승용,여,40세,경상,승용,남,39세,경상
2014072900100199,2014년 7월 29일 10시,화요일,대구광역시 서구 내당동,중상사고,0,1,0,0,차대사람 - 기타,보행자보호의무위반,건조,맑음,단일로 - 기타,승용,여,59세,상해없음,보행자,남,7세,중상
2014072900100200,2014년 7월 29일 10시,화요일,대구광역시 서구 평리동,경상사고,0,0,3,0,차대차 - 추돌 - 주정차중,안전거리미확보,건조,맑음,교차로 - 교차로부근,승용,남,50세,상해없음,승용,남,37세,경상
2014072900100222,2014년 7월 29일 11시,화요일,대구광역시 남구 대명동,중상사고,0,1,0,0,차대차 - 추돌 - 주정차중,안전운전불이행,건조,맑음,단일로 - 기타,승용,여,44세,상해없음,승용,여,27세,중상
2014072900100223,2014년 7월 29일 11시,화요일,대구광역시 수성구 황금동,경상사고,0,0,1,0,차대차 - 측면직각충돌,안전운전불이행,건조,흐림,단일로 - 기타,화물,남,67세,상해없음,자전거,여,51세,경상
2014072900100224,2014년 7월 29일 11시,화요일,대구광역시 달성군 논공읍,중상사고,0,1,0,0,차대차 - 측면직각충돌,교차로운행방법위반,건조,맑음,교차로 - 교차로안,화물,남,61세,상해없음,원동기,남,77세,중상
2014072900100225,2014년 7월 29일 11시,화요일,대구광역시 서구 내당동,경상사고,0,0,1,0,차대차 - 측면직각충돌,안전운전불이행,건조,맑음,단일로 - 기타,원동기,남,24세,경상,승용,남,64세,상해없음
2014072900100258,2014년 7월 29일 12시,화요일,대구광역시 달서구 유천동,경상사고,0,0,2,0,차대사람 - 보도통행중,안전운전불이행,건조,맑음,단일로 - 기타,승합,남,39세,상해없음,보행자,남,1세,경상
2014072900100259,2014년 7월 29일 12시,화요일,대구광역시 북구 복현동,경상사고,0,0,1,0,차대차 - 측면직각충돌,안전거리미확보,건조,맑음,단일로 - 기타,승용,남,59세,상해없음,승용,여,54세,경상
2014072900100282,2014년 7월 29일 13시,화요일,대구광역시 수성구 만촌동,경상사고,0,0,1,0,차대차 - 추돌 - 주정차중,안전운전불이행,건조,맑음,단일로 - 기타,승용,남,66세,상해없음,이륜,남,41세,경상
2014072900100283,2014년 7월 29일 13시,화요일,대구광역시 서구 내당동,부상신고사고,0,0,0,1,차대차 - 기타,안전운전불이행,건조,맑음,단일로 - 기타,자전거,남,70세,부상신고,승용,남,43세,상해없음
2014072900100284,2014년 7월 29일 13시,화요일,대구광역시 북구 국우동,중상사고,0,1,0,0,차대사람 - 기타,신호위반,건조,맑음,교차로 - 교차로부근,승합,남,52세,상해없음,보행자,여,11세,중상
2014072900100307,2014년 7월 29일 14시,화요일,대구광역시 동구 봉무동,경상사고,0,0,1,0,차대차 - 기타,중앙선침범,건조,맑음,단일로 - 기타,승용,남,31세,상해없음,원동기,남,40세,경상
2014072900100308,2014년 7월 29일 14시,화요일,대구광역시 동구 율하동,경상사고,0,0,2,0,차대차 - 기타,안전운전불이행,건조,맑음,단일로 - 횡단보도상,화물,남,51세,상해없음,자전거,남,15세,경상
2014072900100309,2014년 7월 29일 14시,화요일,대구광역시 달서구 도원동,경상사고,0,0,1,0,차대사람 - 보도통행중,기타,건조,맑음,기타 - 기타,원동기,남,16세,상해없음,보행자,여,7세,경상
2014072900100310,2014년 7월 29일 14시,화요일,대구광역시 달서구 월성동,경상사고,0,0,2,0,차대차 - 기타,안전운전불이행,건조,맑음,단일로 - 기타,승용,여,55세,경상,화물,남,36세,경상
2014072900100311,2014년 7월 29일 14시,화요일,대구광역시 달성군 다사읍,경상사고,0,0,2,0,차대차 - 측면직각충돌,안전운전불이행,건조,맑음,단일로 - 기타,승용,남,50세,상해없음,승용,남,64세,경상
2014072900100312,2014년 7월 29일 14시,화요일,대구광역시 북구 대현동,중상사고,0,1,0,0,차대차 - 측면직각충돌,안전운전불이행,건조,맑음,단일로 - 기타,승용,여,33세,상해없음,이륜,남,60세,중상
2014072900100313,2014년 7월 29일 14시,화요일,대구광역시 서구 비산동,경상사고,0,0,1,0,차대차 - 기타,안전운전불이행,건조,맑음,단일로 - 기타,승용,남,69세,상해없음,승용,남,57세,경상
2014072900100314,2014년 7월 29일 14시,화요일,대구광역시 중구 남산동,중상사고,0,1,0,0,차대차 - 기타,안전거리미확보,건조,맑음,단일로 - 기타,승용,남,33세,상해없음,이륜,남,52세,중상
2014072900100349,2014년 7월 29일 15시,화요일,대구광역시 달서구 상인동,경상사고,0,0,1,0,차대차 - 기타,안전운전불이행,건조,맑음,교차로 - 교차로안,화물,남,35세,상해없음,이륜,남,39세,경상
2014072900100350,2014년 7월 29일 15시,화요일,대구광역시 중구 남산동,경상사고,0,0,6,0,차대차 - 추돌 - 진행중,중앙선침범,건조,맑음,단일로 - 기타,승용,남,23세,상해없음,승용,여,40세,경상
2014072900100382,2014년 7월 29일 16시,화요일,대구광역시 북구 복현동,경상사고,0,0,1,0,차대차 - 측면직각충돌,안전운전불이행,건조,맑음,단일로 - 기타,승용,남,28세,상해없음,승용,남,58세,경상
2014072900100383,2014년 7월 29일 16시,화요일,대구광역시 서구 중리동,경상사고,0,0,1,0,차대차 - 추돌 - 주정차중,안전거리미확보,건조,맑음,단일로 - 기타,승용,남,54세,상해없음,승용,남,35세,경상
2014072900100384,2014년 7월 29일 16시,화요일,대구광역시 달서구 장동,경상사고,0,0,1,0,차대차 - 측면직각충돌,교차로운행방법위반,건조,맑음,교차로 - 교차로안,승용,남,59세,상해없음,승용,여,46세,경상
2014072900100416,2014년 7월 29일 17시,화요일,대구광역시 달서구 이곡동,경상사고,0,0,2,1,차대차 - 측면직각충돌,교차로운행방법위반,건조,맑음,교차로 - 교차로안,이륜,남,22세,부상신고,승용,남,55세,경상
2014072900100448,2014년 7월 29일 18시,화요일,대구광역시 북구 고성동3가,경상사고,0,0,1,0,차대사람 - 횡단중,안전운전불이행,건조,맑음,단일로 - 횡단보도상,승용,여,37세,상해없음,보행자,남,54세,경상
2014072900100480,2014년 7월 29일 19시,화요일,대구광역시 달성군 논공읍,경상사고,0,0,1,0,차량단독 - 기타,기타,건조,맑음,단일로 - 기타,승합,남,41세,상해없음,,,,
2014072900100481,2014년 7월 29일 19시,화요일,대구광역시 달성군 논공읍,부상신고사고,0,0,0,1,차대차 - 측면직각충돌,직진우회전진행방해,건조,맑음,교차로 - 교차로부근,승용,남,38세,기타불명,자전거,남,8세,부상신고
2014072900100482,2014년 7월 29일 19시,화요일,대구광역시 북구 노원동2가,경상사고,0,0,2,0,차대차 - 측면직각충돌,직진우회전진행방해,건조,맑음,교차로 - 교차로안,승용,남,31세,상해없음,화물,남,30세,경상
2014072900100483,2014년 7월 29일 19시,화요일,대구광역시 서구 비산동,경상사고,0,0,2,0,차대차 - 추돌 - 진행중,안전거리미확보,건조,맑음,단일로 - 기타,승용,여,47세,상해없음,승용,남,29세,경상
2014072900100484,2014년 7월 29일 19시,화요일,대구광역시 중구 봉산동,경상사고,0,0,1,0,차대사람 - 기타,안전운전불이행,건조,맑음,단일로 - 기타,승용,남,38세,상해없음,보행자,남,17세,경상
2014072900100514,2014년 7월 29일 20시,화요일,대구광역시 동구 신암동,중상사고,0,1,0,0,차대사람 - 횡단중,안전운전불이행,건조,맑음,단일로 - 기타,이륜,남,58세,상해없음,보행자,여,76세,중상
2014072900100515,2014년 7월 29일 20시,화요일,대구광역시 서구 비산동,경상사고,0,0,2,0,차대차 - 기타,안전운전불이행,건조,맑음,교차로 - 교차로안,승용,남,23세,경상,승용,여,54세,상해없음
2014072900100516,2014년 7월 29일 20시,화요일,대구광역시 달서구 월암동,경상사고,0,0,1,0,차대차 - 추돌 - 진행중,안전운전불이행,건조,맑음,단일로 - 기타,승합,남,63세,상해없음,이륜,남,38세,경상
2014072900100548,2014년 7월 29일 21시,화요일,대구광역시 북구 노원동1가,경상사고,0,0,2,0,차대차 - 추돌 - 진행중,안전운전불이행,건조,맑음,교차로 - 교차로부근,화물,남,46세,상해없음,승용,여,24세,경상
2014072900100549,2014년 7월 29일 21시,화요일,대구광역시 서구 내당동,중상사고,0,1,0,0,차대차 - 기타,안전운전불이행,건조,맑음,단일로 - 기타,원동기,남,18세,상해없음,승용,여,27세,중상
2014072900100550,2014년 7월 29일 21시,화요일,대구광역시 중구 북성로2가,경상사고,0,0,1,0,차대차 - 추돌 - 진행중,안전운전불이행,건조,맑음,단일로 - 기타,승용,남,33세,상해없음,승용,여,39세,경상
2014072900100572,2014년 7월 29일 22시,화요일,대구광역시 수성구 가천동,중상사고,0,1,1,0,차대차 - 추돌 - 진행중,안전운전불이행,건조,맑음,단일로 - 기타,승용,남,53세,상해없음,승용,남,59세,경상
2014072900100573,2014년 7월 29일 22시,화요일,대구광역시 북구 침산동,경상사고,0,0,1,0,차대사람 - 기타,안전운전불이행,건조,맑음,기타 - 기타,자전거,남,27세,상해없음,보행자,여,9세,경상
2014072900100574,2014년 7월 29일 22시,화요일,대구광역시 서구 비산동,경상사고,0,0,1,0,차대차 - 측면직각충돌,신호위반,건조,맑음,교차로 - 교차로안,승용,여,53세,상해없음,이륜,남,65세,경상
2014072900100575,2014년 7월 29일 22시,화요일,대구광역시 달서구 용산동,경상사고,0,0,1,0,차대차 - 기타,안전운전불이행,건조,맑음,단일로 - 기타,승용,남,59세,상해없음,자전거,남,14세,경상
2014073000100021,2014년 7월 30일 01시,수요일,대구광역시 수성구 황금동,중상사고,0,1,0,0,차대사람 - 횡단중,안전운전불이행,건조,맑음,단일로 - 기타,승용,남,33세,상해없음,보행자,여,33세,중상
2014073000100022,2014년 7월 30일 01시,수요일,대구광역시 중구 봉산동,경상사고,0,0,2,0,차대차 - 측면직각충돌,신호위반,건조,맑음,단일로 - 기타,승용,남,20세,상해없음,승용,남,41세,경상
2014073000100032,2014년 7월 30일 02시,수요일,대구광역시 동구 신천동,중상사고,0,2,1,0,차대차 - 기타,안전운전불이행,건조,맑음,단일로 - 기타,승용,남,25세,상해없음,승용,남,31세,상해없음
2014073000100080,2014년 7월 30일 07시,수요일,대구광역시 달성군 다사읍,중상사고,0,1,0,0,차대차 - 측면직각충돌,안전운전불이행,건조,맑음,교차로 - 교차로부근,승용,남,50세,상해없음,이륜,남,78세,중상
2014073000100081,2014년 7월 30일 07시,수요일,대구광역시 달성군 다사읍,중상사고,0,1,0,0,차대차 - 기타,안전운전불이행,건조,맑음,단일로 - 기타,승용,남,36세,상해없음,승용,남,31세,중상
2014073000100082,2014년 7월 30일 07시,수요일,대구광역시 서구 원대동1가,경상사고,0,0,1,0,차대사람 - 기타,기타,건조,맑음,교차로 - 교차로안,승합,남,40세,기타불명,보행자,여,53세,경상
2014073000100115,2014년 7월 30일 08시,수요일,대구광역시 동구 신천동,경상사고,0,0,1,0,차대사람 - 길가장자리구역통행중,안전운전불이행,건조,맑음,단일로 - 기타,자전거,남,38세,상해없음,보행자,여,45세,경상
2014073000100116,2014년 7월 30일 08시,수요일,대구광역시 달서구 이곡동,중상사고,0,2,1,0,차대차 - 측면직각충돌,중앙선침범,건조,맑음,단일로 - 기타,승용,남,53세,상해없음,승용,여,47세,중상
2014073000100117,2014년 7월 30일 08시,수요일,대구광역시 달서구 감삼동,중상사고,0,1,0,0,차대차 - 측면직각충돌,안전운전불이행,건조,맑음,단일로 - 횡단보도상,승용,남,58세,상해없음,자전거,남,83세,중상
2014073000100148,2014년 7월 30일 09시,수요일,대구광역시 남구 대명동,중상사고,0,1,0,0,차대사람 - 횡단중,보행자보호의무위반,건조,맑음,교차로 - 교차로안,승용,남,54세,상해없음,보행자,여,72세,중상
2014073000100149,2014년 7월 30일 09시,수요일,대구광역시 달서구 본동,경상사고,0,0,2,0,차대차 - 추돌 - 진행중,안전운전불이행,건조,맑음,교차로 - 교차로안,승용,남,45세,상해없음,승용,남,63세,경상
2014073000100150,2014년 7월 30일 09시,수요일,대구광역시 달성군 다사읍,경상사고,0,0,2,0,차대차 - 추돌 - 진행중,안전운전불이행,건조,맑음,단일로 - 기타,승용,남,35세,상해없음,건설기계,남,59세,상해없음
2014073000100259,2014년 7월 30일 12시,수요일,대구광역시 달서구 성당동,부상신고사고,0,0,0,1,차대차 - 기타,신호위반,건조,맑음,교차로 - 교차로부근,승용,기타불명,기타불명,기타불명,자전거,남,61세,부상신고
2014073000100260,2014년 7월 30일 12시,수요일,대구광역시 북구 동천동,경상사고,0,0,1,0,차대차 - 측면직각충돌,차로위반,건조,맑음,단일로 - 기타,승용,남,47세,상해없음,이륜,남,33세,경상
2014073000100284,2014년 7월 30일 13시,수요일,대구광역시 북구 금호동,중상사고,0,1,2,0,차대차 - 기타,안전운전불이행,건조,맑음,단일로 - 기타,승용,여,44세,경상,화물,남,36세,중상
2014073000100289,2014년 7월 30일 13시,수요일,대구광역시 달서구 송현동,경상사고,0,0,1,0,차대차 - 추돌 - 주정차중,안전운전불이행,건조,맑음,교차로 - 교차로부근,승용,남,53세,상해없음,승용,남,57세,경상
2014073000100327,2014년 7월 30일 14시,수요일,대구광역시 달서구 상인동,부상신고사고,0,0,0,1,차대차 - 기타,신호위반,건조,맑음,교차로 - 교차로부근,원동기,남,49세,부상신고,승용,남,50세,상해없음
2014073000100328,2014년 7월 30일 14시,수요일,대구광역시 중구 덕산동,경상사고,0,0,1,0,차대차 - 측면직각충돌,차로위반,건조,맑음,단일로 - 기타,승용,여,27세,상해없음,승용,여,59세,경상
2014073000100369,2014년 7월 30일 15시,수요일,대구광역시 북구 복현동,부상신고사고,0,0,0,1,차대차 - 추돌 - 진행중,안전운전불이행,건조,맑음,교차로 - 교차로부근,자전거,남,12세,부상신고,승용,남,24세,상해없음
2014073000100405,2014년 7월 30일 16시,수요일,대구광역시 달서구 월성동,경상사고,0,0,1,0,차대차 - 기타,안전운전불이행,건조,맑음,단일로 - 기타,화물,남,42세,상해없음,자전거,남,11세,경상
2014073000100406,2014년 7월 30일 16시,수요일,대구광역시 북구 칠성동1가,경상사고,0,0,1,0,차대차 - 기타,교차로운행방법위반,건조,맑음,교차로 - 교차로안,자전거,남,13세,경상,승용,남,59세,상해없음
2014073000100436,2014년 7월 30일 17시,수요일,대구광역시 북구 관음동,중상사고,0,1,0,0,차대차 - 추돌 - 진행중,직진우회전진행방해,건조,맑음,교차로 - 교차로안,승용,남,46세,상해없음,원동기,남,60세,중상
2014073000100479,2014년 7월 30일 18시,수요일,대구광역시 수성구 중동,중상사고,0,1,0,0,차대차 - 기타,안전운전불이행,건조,맑음,교차로 - 교차로안,승용,남,34세,상해없음,자전거,여,57세,중상
2014073000100480,2014년 7월 30일 18시,수요일,대구광역시 달서구 진천동,중상사고,0,1,1,0,차대사람 - 횡단중,보행자보호의무위반,건조,맑음,교차로 - 교차로안,화물,남,41세,상해없음,보행자,여,27세,중상
2014073000100481,2014년 7월 30일 18시,수요일,대구광역시 달성군 유가면,경상사고,0,0,1,1,차대차 - 추돌 - 진행중,안전운전불이행,건조,맑음,교차로 - 교차로안,승용,남,50세,부상신고,승용,남,47세,경상
2014073000100482,2014년 7월 30일 18시,수요일,대구광역시 서구 중리동,중상사고,0,1,0,0,차대차 - 기타,안전운전불이행,건조,맑음,단일로 - 횡단보도부근,원동기,남,72세,중상,원동기,남,32세,상해없음
2014073000100483,2014년 7월 30일 18시,수요일,대구광역시 달서구 용산동,경상사고,0,0,1,0,차대차 - 추돌 - 진행중,안전거리미확보,건조,맑음,단일로 - 기타,승용,남,58세,상해없음,승용,남,33세,경상
2014073000100484,2014년 7월 30일 18시,수요일,대구광역시 북구 태전동,부상신고사고,0,0,0,1,차대차 - 측면직각충돌,신호위반,건조,맑음,단일로 - 횡단보도부근,자전거,남,58세,부상신고,화물,남,62세,상해없음
2014073000100510,2014년 7월 30일 19시,수요일,대구광역시 남구 대명동,경상사고,0,0,1,0,차대차 - 측면직각충돌,안전거리미확보,건조,맑음,단일로 - 기타,원동기,남,62세,경상,화물,남,56세,상해없음
2014073000100553,2014년 7월 30일 20시,수요일,대구광역시 서구 원대동1가,중상사고,0,2,1,0,차대차 - 측면직각충돌,교차로운행방법위반,건조,맑음,교차로 - 교차로안,승용,남,50세,경상,이륜,남,60세,중상