사고번호,사고일시,요일,시군구,사고내용,사망자수,중상자수,경상자수,부상신고자수,사고유형,법규위반,노면상태,기상상태,도로형태,가해운전자 차종,가해운전자 성별,가해운전자 연령,가해운전자 상해정도,피해운전자 차종,피해운전자 성별,피해운전자 연령,피해운전자 상해정도
2014080200100539,2014년 8월 2일 18시,토요일,대구광역시 달서구 두류동,경상사고,0,0,1,0,차대사람 - 기타,보행자보호의무위반,습기,비,단일로 - 횡단보도상,승용,남,64세,상해없음,보행자,여,19세,경상
2014080200100540,2014년 8월 2일 18시,토요일,대구광역시 북구 태전동,중상사고,0,1,0,0,차량단독 - 공작물충돌,안전운전불이행,습기,비,교차로 - 교차로부근,화물,남,65세,중상,,,,
2014080200100581,2014년 8월 2일 19시,토요일,대구광역시 남구 대명동,경상사고,0,0,1,0,차대차 - 측면직각충돌,안전거리미확보,습기,비,단일로 - 기타,승용,여,44세,상해없음,이륜,남,17세,경상
2014080200100582,2014년 8월 2일 19시,토요일,대구광역시 수성구 황금동,중상사고,0,1,0,0,차대차 - 기타,신호위반,습기,비,단일로 - 기타,이륜,남,18세,상해없음,이륜,남,25세,중상
2014080200100583,2014년 8월 2일 19시,토요일,대구광역시 달서구 진천동,경상사고,0,0,6,0,차대차 - 측면직각충돌,신호위반,습기,비,교차로 - 교차로부근,승용,남,39세,경상,승용,남,49세,경상
2014080200100615,2014년 8월 2일 20시,토요일,대구광역시 남구 대명동,중상사고,0,1,0,0,차대차 - 기타,직진우회전진행방해,습기,비,교차로 - 교차로안,이륜,남,58세,중상,승용,남,49세,상해없음
2014080200100616,2014년 8월 2일 20시,토요일,대구광역시 수성구 범어동,중상사고,0,1,0,0,차량단독 - 기타,안전운전불이행,습기,비,단일로 - 기타,이륜,남,29세,중상,,,,
2014080200100617,2014년 8월 2일 20시,토요일,대구광역시 서구 내당동,부상신고사고,0,0,0,1,차대사람 - 횡단중,신호위반,습기,비,교차로 - 교차로안,승용,기타불명,기타불명,기타불명,보행자,여,29세,부상신고
2014080200100668,2014년 8월 2일 21시,토요일,대구광역시 남구 봉덕동,경상사고,0,0,2,2,차대차 - 추돌 - 진행중,안전운전불이행,습기,비,단일로 - 기타,승용,남,51세,상해없음,승용,남,60세,상해없음
2014080200100669,2014년 8월 2일 21시,토요일,대구광역시 서구 평리동,경상사고,0,0,2,0,차대차 - 추돌 - 주정차중,안전운전불이행,습기,비,교차로 - 교차로안,승용,남,51세,상해없음,승용,남,25세,경상
2014080200100713,2014년 8월 2일 22시,토요일,대구광역시 수성구 신매동,경상사고,0,0,1,0,차대차 - 측면직각충돌,중앙선침범,습기,비,교차로 - 교차로부근,승용,남,50세,상해없음,승용,여,45세,경상
2014080200100714,2014년 8월 2일 22시,토요일,대구광역시 수성구 만촌동,경상사고,0,0,1,0,차대사람 - 횡단중,신호위반,습기,비,단일로 - 기타,승용,남,34세,상해없음,보행자,여,12세,경상
2014080200100715,2014년 8월 2일 22시,토요일,대구광역시 달성군 논공읍,중상사고,0,1,0,0,차대차 - 기타,신호위반,습기,비,교차로 - 교차로안,이륜,남,58세,중상,승용,여,46세,상해없음
2014080200100716,2014년 8월 2일 22시,토요일,대구광역시 달서구 성당동,경상사고,0,0,1,0,차대사람 - 기타,안전운전불이행,습기,비,단일로 - 기타,승용,남,38세,상해없음,보행자,남,60세,경상
2014080200100717,2014년 8월 2일 22시,토요일,대구광역시 달서구 용산동,경상사고,0,0,1,0,차대사람 - 횡단중,신호위반,습기,비,단일로 - 횡단보도상,승용,기타불명,기타불명,기타불명,보행자,남,47세,경상
2014080200100748,2014년 8월 2일 23시,토요일,대구광역시 수성구 삼덕동,중상사고,0,4,0,0,차대차 - 추돌 - 진행중,안전운전불이행,습기,비,단일로 - 기타,승용,남,29세,상해없음,승용,남,50세,중상
2014080200100749,2014년 8월 2일 23시,토요일,대구광역시 달성군 다사읍,경상사고,0,0,1,0,차대차 - 기타,안전운전불이행,습기,비,교차로 - 교차로안,승용,남,29세,상해없음,이륜,남,41세,경상
2014080200100750,2014년 8월 2일 23시,토요일,대구광역시 북구 복현동,경상사고,0,0,1,0,차대차 - 기타,안전운전불이행,습기,비,단일로 - 기타,승용,여,47세,상해없음,승용,남,45세,경상
2014080200100751,2014년 8월 2일 23시,토요일,대구광역시 달서구 이곡동,경상사고,0,0,1,0,차대사람 - 횡단중,안전운전불이행,습기,비,단일로 - 기타,승용,남,64세,상해없음,보행자,여,49세,경상
2014080300100030,2014년 8월 3일 00시,일요일,대구광역시 달서구 상인동,경상사고,0,0,3,0,차대차 - 추돌 - 진행중,안전운전불이행,습기,비,단일로 - 기타,승용,남,54세,경상,승용,여,48세,경상
2014080300100031,2014년 8월 3일 00시,일요일,대구광역시 달성군 논공읍,중상사고,0,1,0,0,차량단독 - 공작물충돌,안전운전불이행,습기,비,단일로 - 기타,승용,남,24세,중상,,,,
2014080300100058,2014년 8월 3일 01시,일요일,대구광역시 수성구 황금동,경상사고,0,0,1,0,차대차 - 기타,안전거리미확보,습기,비,단일로 - 기타,승용,남,61세,상해없음,이륜,남,43세,경상
2014080300100059,2014년 8월 3일 01시,일요일,대구광역시 북구 복현동,사망사고,1,0,0,0,차대사람 - 횡단중,안전운전불이행,습기,비,교차로 - 교차로안,승용,남,33세,상해없음,보행자,남,50세,사망
2014080300100060,2014년 8월 3일 01시,일요일,대구광역시 서구 내당동,중상사고,0,2,2,0,차대차 - 추돌 - 주정차중,안전운전불이행,습기,비,기타 - 기타,승용,남,26세,상해없음,승용,남,29세,경상
2014080300100061,2014년 8월 3일 01시,일요일,대구광역시 중구 대봉동,경상사고,0,0,4,0,차대차 - 추돌 - 진행중,안전거리미확보,습기,비,단일로 - 기타,승용,남,56세,상해없음,승용,여,25세,경상
2014080300100079,2014년 8월 3일 02시,일요일,대구광역시 서구 내당동,부상신고사고,0,0,0,1,차량단독 - 공작물충돌,안전운전불이행,습기,비,단일로 - 기타,승용,남,28세,부상신고,,,,
2014080300100080,2014년 8월 3일 02시,일요일,대구광역시 달서구 감삼동,경상사고,0,0,3,0,차대차 - 추돌 - 진행중,안전운전불이행,습기,비,단일로 - 기타,승용,남,59세,상해없음,승용,남,25세,경상
2014080300100095,2014년 8월 3일 03시,일요일,대구광역시 달서구 대곡동,경상사고,0,0,1,0,차대차 - 기타,안전거리미확보,습기,비,단일로 - 기타,승용,남,32세,상해없음,승용,남,32세,경상
2014080300100129,2014년 8월 3일 05시,일요일,대구광역시 북구 서변동,경상사고,0,0,3,0,차대차 - 정면충돌,중앙선침범,습기,흐림,단일로 - 기타,승용,남,40세,상해없음,승용,남,34세,경상
2014080300100144,2014년 8월 3일 06시,일요일,대구광역시 중구 삼덕동1가,부상신고사고,0,0,0,1,차대사람 - 기타,안전운전불이행,습기,비,단일로 - 기타,기타불명,기타불명,기타불명,기타불명,보행자,남,18세,부상신고
2014080300100189,2014년 8월 3일 09시,일요일,대구광역시 동구 지저동,경상사고,0,0,2,0,차대차 - 기타,안전운전불이행,습기,비,교차로 - 교차로부근,승용,남,29세,상해없음,승용,남,41세,경상
2014080300100205,2014년 8월 3일 10시,일요일,대구광역시 동구 도학동,중상사고,0,1,1,0,차대차 - 기타,중앙선침범,습기,비,단일로 - 기타,화물,남,54세,상해없음,화물,남,69세,중상
2014080300100206,2014년 8월 3일 10시,일요일,대구광역시 수성구 파동,경상사고,0,0,2,0,차대차 - 기타,안전운전불이행,습기,흐림,단일로 - 기타,승용,남,60세,상해없음,화물,남,59세,경상
2014080300100207,2014년 8월 3일 10시,일요일,대구광역시 중구 달성동,경상사고,0,0,2,0,차대차 - 측면직각충돌,신호위반,습기,비,교차로 - 교차로안,승용,남,23세,상해없음,승용,남,31세,경상
2014080300100223,2014년 8월 3일 11시,일요일,대구광역시 달성군 가창면,부상신고사고,0,0,0,1,차량단독 - 공작물충돌,안전운전불이행,습기,비,단일로 - 기타,승용,남,28세,부상신고,,,,
2014080300100224,2014년 8월 3일 11시,일요일,대구광역시 서구 평리동,중상사고,0,1,0,0,차대차 - 기타,교차로운행방법위반,습기,비,교차로 - 교차로부근,화물,남,59세,상해없음,이륜,남,50세,중상
2014080300100246,2014년 8월 3일 12시,일요일,대구광역시 남구 대명동,중상사고,0,1,1,1,차대차 - 추돌 - 주정차중,안전운전불이행,습기,맑음,단일로 - 기타,승용,남,33세,부상신고,승합,남,31세,상해없음
2014080300100247,2014년 8월 3일 12시,일요일,대구광역시 달서구 본동,중상사고,0,1,0,0,차대차 - 측면직각충돌,안전운전불이행,건조,맑음,교차로 - 교차로부근,승용,남,40세,상해없음,승용,남,35세,중상
2014080300100275,2014년 8월 3일 13시,일요일,대구광역시 동구 율하동,경상사고,0,0,1,0,차대차 - 기타,중앙선침범,습기,비,단일로 - 기타,승용,남,46세,상해없음,원동기,남,19세,경상
2014080300100276,2014년 8월 3일 13시,일요일,대구광역시 수성구 황금동,중상사고,0,1,0,0,차대차 - 측면직각충돌,안전운전불이행,습기,비,단일로 - 기타,승용,남,31세,상해없음,이륜,남,22세,중상
2014080300100337,2014년 8월 3일 15시,일요일,대구광역시 달서구 본동,경상사고,0,0,1,0,차대차 - 측면직각충돌,안전운전불이행,건조,맑음,단일로 - 기타,승용,남,50세,상해없음,승용,남,33세,경상
2014080300100338,2014년 8월 3일 15시,일요일,대구광역시 서구 중리동,경상사고,0,0,1,0,차대사람 - 기타,안전운전불이행,건조,흐림,단일로 - 기타,승용,남,72세,상해없음,보행자,남,71세,경상
2014080300100364,2014년 8월 3일 16시,일요일,대구광역시 달서구 죽전동,경상사고,0,0,1,0,차대차 - 기타,안전운전불이행,습기,흐림,교차로 - 교차로안,이륜,남,17세,경상,승용,남,44세,상해없음
2014080300100413,2014년 8월 3일 18시,일요일,대구광역시 수성구 수성동2가,중상사고,0,1,1,0,차대차 - 측면직각충돌,신호위반,건조,흐림,교차로 - 교차로안,승용,여,47세,경상,승용,남,66세,중상
2014080300100414,2014년 8월 3일 18시,일요일,대구광역시 중구 인교동,경상사고,0,0,1,0,차대차 - 측면직각충돌,직진우회전진행방해,습기,비,교차로 - 교차로안,승용,남,27세,상해없음,승용,남,29세,경상
2014080300100436,2014년 8월 3일 19시,일요일,대구광역시 수성구 범물동,부상신고사고,0,0,0,1,차대차 - 측면직각충돌,안전운전불이행,습기,비,단일로 - 기타,자전거,남,13세,부상신고,승용,남,42세,상해없음
2014080300100437,2014년 8월 3일 19시,일요일,대구광역시 수성구 만촌동,경상사고,0,0,1,0,차대차 - 측면직각충돌,안전거리미확보,건조,맑음,단일로 - 기타,승합,남,47세,상해없음,승용,남,45세,경상
2014080300100438,2014년 8월 3일 19시,일요일,대구광역시 달서구 월성동,중상사고,0,1,0,0,차대사람 - 횡단중,보행자보호의무위반,습기,비,단일로 - 기타,승용,남,37세,상해없음,보행자,남,15세,중상
2014080300100474,2014년 8월 3일 20시,일요일,대구광역시 수성구 성동,경상사고,0,0,1,0,차대차 - 추돌 - 주정차중,안전운전불이행,습기,비,단일로 - 기타,화물,남,37세,상해없음,승용,남,34세,경상
2014080300100475,2014년 8월 3일 20시,일요일,대구광역시 달서구 도원동,중상사고,0,6,0,0,차대차 - 추돌 - 주정차중,안전운전불이행,건조,맑음,교차로 - 교차로부근,승용,남,54세,상해없음,승용,남,24세,중상
2014080300100476,2014년 8월 3일 20시,일요일,대구광역시 달서구 용산동,중상사고,0,1,0,0,차대사람 - 차도통행중,안전운전불이행,습기,비,단일로 - 기타,승용,남,31세,상해없음,보행자,여,53세,중상
2014080300100477,2014년 8월 3일 20시,일요일,대구광역시 북구 구암동,중상사고,0,1,0,0,차대차 - 기타,안전운전불이행,습기,비,단일로 - 기타,승용,기타불명,기타불명,기타불명,원동기,남,49세,중상
2014080300100526,2014년 8월 3일 21시,일요일,대구광역시 동구 신천동,경상사고,0,0,1,0,차대차 - 측면직각충돌,직진우회전진행방해,건조,맑음,교차로 - 교차로안,승용,남,53세,상해없음,이륜,남,28세,경상
2014080300100527,2014년 8월 3일 21시,일요일,대구광역시 달서구 상인동,부상신고사고,0,0,0,1,차대차 - 측면직각충돌,신호위반,습기,비,단일로 - 기타,승용,남,27세,상해없음,이륜,남,18세,부상신고
2014080300100528,2014년 8월 3일 21시,일요일,대구광역시 북구 복현동,경상사고,0,0,1,0,차대차 - 추돌 - 진행중,안전운전불이행,습기,비,기타 - 기타,승용,남,40세,상해없음,이륜,남,18세,경상
2014080300100529,2014년 8월 3일 21시,일요일,대구광역시 중구 동인동2가,중상사고,0,1,0,0,차대사람 - 횡단중,안전운전불이행,습기,비,교차로 - 교차로부근,승용,남,33세,상해없음,보행자,남,46세,중상
2014080300100530,2014년 8월 3일 21시,일요일,대구광역시 달서구 이곡동,경상사고,0,0,1,0,차대차 - 측면직각충돌,안전거리미확보,습기,비,단일로 - 기타,승용,남,33세,상해없음,승용,남,48세,경상
2014080300100531,2014년 8월 3일 21시,일요일,대구광역시 달서구 이곡동,경상사고,0,0,1,0,차대차 - 기타,안전운전불이행,습기,비,단일로 - 기타,승용,남,56세,상해없음,이륜,남,19세,경상
2014080300100532,2014년 8월 3일 21시,일요일,대구광역시 달서구 성당동,경상사고,0,0,2,0,차대차 - 추돌 - 진행중,안전거리미확보,습기,비,교차로 - 교차로부근,승용,남,25세,상해없음,승용,남,44세,경상
2014080300100579,2014년 8월 3일 23시,일요일,대구광역시 남구 이천동,중상사고,0,1,0,0,차대사람 - 횡단중,안전운전불이행,습기,비,교차로 - 교차로부근,이륜,남,27세,상해없음,보행자,여,64세,중상
2014080300100580,2014년 8월 3일 23시,일요일,대구광역시 달서구 성당동,경상사고,0,0,1,0,차대차 - 추돌 - 주정차중,안전거리미확보,습기,비,교차로 - 교차로부근,승용,남,51세,상해없음,승용,여,48세,경상
2014080400100025,2014년 8월 4일 01시,월요일,대구광역시 수성구 파동,경상사고,0,0,2,0,차대사람 - 기타,안전운전불이행,습기,흐림,교차로 - 교차로부근,승용,남,46세,상해없음,보행자,남,19세,경상
2014080400100039,2014년 8월 4일 02시,월요일,대구광역시 북구 노원동3가,부상신고사고,0,0,0,1,차대차 - 측면직각충돌,안전운전불이행,습기,흐림,교차로 - 교차로부근,승용,남,21세,부상신고,화물,남,35세,상해없음
2014080400100048,2014년 8월 4일 03시,월요일,대구광역시 동구 각산동,경상사고,0,0,2,0,차량단독 - 공작물충돌,안전운전불이행,습기,비,단일로 - 기타,승용,남,16세,경상,,,,
2014080400100063,2014년 8월 4일 04시,월요일,대구광역시 수성구 만촌동,경상사고,0,0,1,0,차대차 - 측면직각충돌,안전운전불이행,습기,비,단일로 - 기타,승용,남,19세,상해없음,승용,남,47세,경상
2014080400100064,2014년 8월 4일 04시,월요일,대구광역시 서구 원대동3가,중상사고,0,1,0,0,차대차 - 기타,안전운전불이행,건조,맑음,교차로 - 교차로안,화물,남,49세,기타불명,화물,남,64세,중상
2014080400100146,2014년 8월 4일 08시,월요일,대구광역시 달서구 감삼동,중상사고,0,1,0,0,차대차 - 측면직각충돌,안전거리미확보,건조,맑음,단일로 - 기타,승용,여,56세,상해없음,이륜,남,62세,중상
2014080400100147,2014년 8월 4일 08시,월요일,대구광역시 북구 매천동,부상신고사고,0,0,0,1,차대차 - 측면직각충돌,중앙선침범,건조,흐림,교차로 - 교차로부근,원동기,남,30세,부상신고,승용,남,50세,상해없음
2014080400100167,2014년 8월 4일 09시,월요일,대구광역시 남구 대명동,부상신고사고,0,0,0,1,차대차 - 기타,안전운전불이행,건조,맑음,단일로 - 기타,기타불명,기타불명,기타불명,기타불명,기타불명,기타불명,기타불명,기타불명
2014080400100230,2014년 8월 4일 11시,월요일,대구광역시 수성구 가천동,경상사고,0,0,1,0,차대차 - 기타,신호위반,건조,맑음,교차로 - 교차로안,승용,남,56세,상해없음,승용,남,48세,경상
2014080400100231,2014년 8월 4일 11시,월요일,대구광역시 수성구 범물동,경상사고,0,0,1,0,차대차 - 기타,안전운전불이행,습기,비,단일로 - 횡단보도상,승용,여,44세,상해없음,자전거,남,46세,경상
2014080400100232,2014년 8월 4일 11시,월요일,대구광역시 달서구 두류동,중상사고,0,1,2,1,차대차 - 추돌 - 진행중,안전운전불이행,건조,흐림,단일로 - 기타,승용,남,23세,상해없음,승용,남,62세,중상
2014080400100277,2014년 8월 4일 12시,월요일,대구광역시 달성군 다사읍,중상사고,0,1,0,0,차대차 - 측면직각충돌,안전운전불이행,건조,맑음,단일로 - 기타,승용,여,53세,상해없음,승용,남,48세,중상
2014080400100318,2014년 8월 4일 13시,월요일,대구광역시 동구 신서동,경상사고,0,0,1,0,차대차 - 측면직각충돌,신호위반,건조,맑음,단일로 - 기타,승용,남,31세,상해없음,승용,여,39세,경상
2014080400100319,2014년 8월 4일 13시,월요일,대구광역시 달서구 월성동,경상사고,0,0,1,0,차대차 - 측면직각충돌,안전운전불이행,건조,맑음,교차로 - 교차로부근,원동기,남,17세,상해없음,원동기,남,17세,경상
2014080400100320,2014년 8월 4일 13시,월요일,대구광역시 중구 동산동,경상사고,0,0,2,0,차대차 - 추돌 - 진행중,안전거리미확보,건조,맑음,교차로 - 교차로안,승용,남,59세,상해없음,승용,남,62세,상해없음
2014080400100321,2014년 8월 4일 13시,월요일,대구광역시 달서구 죽전동,경상사고,0,0,1,1,차대차 - 추돌 - 진행중,안전운전불이행,건조,맑음,단일로 - 기타,화물,남,67세,상해없음,승용,남,24세,부상신고
2014080400100355,2014년 8월 4일 14시,월요일,대구광역시 동구 백안동,경상사고,0,0,4,1,차대차 - 측면직각충돌,중앙선침범,건조,맑음,단일로 - 기타,승용,남,39세,부상신고,승용,남,54세,경상
2014080400100356,2014년 8월 4일 14시,월요일,대구광역시 달서구 두류동,경상사고,0,0,1,0,차량단독 - 기타,안전운전불이행,건조,맑음,단일로 - 기타,승합,남,55세,상해없음,,,,
2014080400100392,2014년 8월 4일 15시,월요일,대구광역시 동구 불로동,경상사고,0,0,1,0,차대차 - 추돌 - 주정차중,안전운전불이행,건조,맑음,교차로 - 교차로부근,승용,남,54세,상해없음,승용,남,54세,경상
2014080400100393,2014년 8월 4일 15시,월요일,대구광역시 수성구 황금동,경상사고,0,0,1,0,차대차 - 추돌 - 주정차중,안전운전불이행,건조,맑음,교차로 - 교차로부근,승용,남,61세,기타불명,승용,여,33세,기타불명
2014080400100394,2014년 8월 4일 15시,월요일,대구광역시 달서구 월성동,경상사고,0,0,1,0,차대차 - 측면직각충돌,기타,습기,비,교차로 - 교차로안,승합,남,42세,상해없음,자전거,남,9세,경상
2014080400100395,2014년 8월 4일 15시,월요일,대구광역시 달서구 두류동,경상사고,0,0,3,0,차대차 - 측면직각충돌,교차로운행방법위반,건조,맑음,교차로 - 교차로안,승용,남,57세,경상,승용,남,58세,경상
2014080400100435,2014년 8월 4일 16시,월요일,대구광역시 동구 방촌동,부상신고사고,0,0,0,1,차대차 - 측면직각충돌,안전거리미확보,건조,맑음,단일로 - 기타,승용,남,58세,상해없음,이륜,남,41세,부상신고
2014080400100436,2014년 8월 4일 16시,월요일,대구광역시 동구 효목동,중상사고,0,1,0,0,차대차 - 측면직각충돌,중앙선침범,습기,비,단일로 - 기타,승용,남,23세,상해없음,이륜,남,42세,중상
2014080400100437,2014년 8월 4일 16시,월요일,대구광역시 수성구 범어동,중상사고,0,1,2,1,차대차 - 기타,안전운전불이행,습기,비,교차로 - 교차로안,화물,남,44세,부상신고,승용,여,60세,경상
2014080400100438,2014년 8월 4일 16시,월요일,대구광역시 중구 서성로2가,경상사고,0,0,1,0,차대차 - 기타,안전운전불이행,습기,비,교차로 - 교차로부근,승용,남,59세,상해없음,이륜,남,35세,경상
2014080400100439,2014년 8월 4일 16시,월요일,대구광역시 달서구 성당동,경상사고,0,0,1,0,차대차 - 기타,신호위반,습기,비,교차로 - 교차로안,이륜,남,23세,상해없음,승용,남,42세,상해없음
2014080400100476,2014년 8월 4일 17시,월요일,대구광역시 서구 상리동,중상사고,0,1,0,0,차대차 - 기타,안전거리미확보,습기,비,단일로 - 기타,승용,남,58세,상해없음,화물,남,51세,중상
2014080400100514,2014년 8월 4일 18시,월요일,대구광역시 남구 이천동,중상사고,0,1,0,0,차대차 - 측면직각충돌,교차로운행방법위반,습기,비,교차로 - 교차로안,화물,남,55세,중상,승용,남,59세,상해없음
2014080400100515,2014년 8월 4일 18시,월요일,대구광역시 남구 대명동,중상사고,0,1,1,0,차대차 - 측면직각충돌,교차로운행방법위반,습기,비,교차로 - 교차로안,승용,남,48세,경상,승용,남,66세,중상
2014080400100516,2014년 8월 4일 18시,월요일,대구광역시 수성구 신매동,경상사고,0,0,1,0,차대차 - 기타,안전운전불이행,습기,비,단일로 - 기타,승용,여,46세,상해없음,자전거,남,13세,경상
2014080400100517,2014년 8월 4일 18시,월요일,대구광역시 중구 남산동,경상사고,0,0,2,0,차대차 - 추돌 - 진행중,안전거리미확보,습기,비,단일로 - 기타,승용,남,37세,상해없음,승용,남,26세,경상
2014080400100547,2014년 8월 4일 19시,월요일,대구광역시 수성구 범어동,중상사고,0,1,0,0,차대차 - 기타,안전거리미확보,습기,비,교차로 - 교차로부근,승용,남,54세,상해없음,승용,여,27세,중상
2014080400100548,2014년 8월 4일 19시,월요일,대구광역시 달서구 본리동,경상사고,0,0,1,0,차대차 - 추돌 - 주정차중,안전거리미확보,습기,비,교차로 - 교차로부근,승용,남,35세,상해없음,승용,여,41세,경상
2014080400100549,2014년 8월 4일 19시,월요일,대구광역시 북구 관음동,부상신고사고,0,0,0,1,차대차 - 추돌 - 진행중,안전운전불이행,건조,맑음,교차로 - 교차로안,원동기,남,19세,부상신고,승용,남,29세,상해없음
2014080400100592,2014년 8월 4일 20시,월요일,대구광역시 수성구 매호동,경상사고,0,0,1,0,차대차 - 정면충돌,중앙선침범,습기,비,교차로 - 교차로부근,승용,남,29세,상해없음,이륜,남,22세,경상
2014080400100593,2014년 8월 4일 20시,월요일,대구광역시 서구 평리동,경상사고,0,0,1,0,차대사람 - 기타,기타,습기,비,교차로 - 교차로안,승용,남,31세,상해없음,보행자,남,46세,경상
2014080400100621,2014년 8월 4일 21시,월요일,대구광역시 수성구 두산동,중상사고,0,1,0,0,차대차 - 추돌 - 주정차중,안전운전불이행,습기,비,단일로 - 기타,승용,남,34세,상해없음,승용,남,53세,중상
2014080400100661,2014년 8월 4일 22시,월요일,대구광역시 동구 봉무동,중상사고,0,1,0,0,차대사람 - 기타,신호위반,건조,맑음,교차로 - 교차로부근,이륜,남,16세,상해없음,보행자,여,65세,중상
2014080400100662,2014년 8월 4일 22시,월요일,대구광역시 서구 내당동,경상사고,0,0,8,0,차대차 - 기타,안전거리미확보,습기,비,단일로 - 기타,승용,여,35세,경상,승용,남,34세,경상
2014080400100692,2014년 8월 4일 23시,월요일,대구광역시 수성구 범어동,경상사고,0,0,3,0,차량단독 - 공작물충돌,안전운전불이행,습기,비,단일로 - 기타,승용,남,67세,상해없음,,,,
2014080400100693,2014년 8월 4일 23시,월요일,대구광역시 달성군 다사읍,경상사고,0,0,2,0,차대차 - 기타,교차로운행방법위반,건조,맑음,교차로 - 교차로안,승용,남,30세,상해없음,원동기,남,18세,경상
2014080400100694,2014년 8월 4일 23시,월요일,대구광역시 달서구 감삼동,경상사고,0,0,3,0,차대차 - 추돌 - 진행중,안전거리미확보,습기,비,교차로 - 교차로부근,승용,여,52세,상해없음,승용,남,37세,경상
2014080500100021,2014년 8월 5일 00시,화요일,대구광역시 서구 내당동,사망사고,1,0,2,0,차대사람 - 기타,과속,습기,비,단일로 - 기타,승용,남,49세,상해없음,보행자,남,35세,사망
2014080500100022,2014년 8월 5일 00시,화요일,대구광역시 중구 계산동2가,경상사고,0,0,1,0,차대차 - 측면직각충돌,신호위반,습기,비,교차로 - 교차로안,승용,남,64세,상해없음,자전거,남,67세,경상
2014080500100056,2014년 8월 5일 02시,화요일,대구광역시 달서구 본리동,경상사고,0,0,1,0,차대차 - 추돌 - 진행중,안전운전불이행,습기,비,교차로 - 교차로부근,승용,남,41세,상해없음,화물,남,63세,경상
2014080500100066,2014년 8월 5일 03시,화요일,대구광역시 달서구 대곡동,경상사고,0,0,2,0,차대차 - 추돌 - 진행중,안전운전불이행,건조,맑음,단일로 - 기타,승용,남,43세,기타불명,승용,남,62세,경상
2014080500100082,2014년 8월 5일 05시,화요일,대구광역시 수성구 황금동,중상사고,0,1,0,0,차대차 - 측면직각충돌,신호위반,습기,맑음,교차로 - 교차로안,승용,남,29세,상해없음,승용,남,39세,중상
2014080500100104,2014년 8월 5일 07시,화요일,대구광역시 달성군 가창면,중상사고,0,1,0,0,차대차 - 기타,안전운전불이행,건조,맑음,단일로 - 기타,화물,남,64세,상해없음,자전거,남,76세,중상
2014080500100130,2014년 8월 5일 08시,화요일,대구광역시 북구 노원동3가,부상신고사고,0,0,0,1,차대차 - 기타,중앙선침범,건조,맑음,교차로 - 교차로안,자전거,여,45세,부상신고,화물,남,40세,상해없음
2014080500100156,2014년 8월 5일 09시,화요일,대구광역시 수성구 만촌동,경상사고,0,0,1,0,차대차 - 기타,안전운전불이행,건조,맑음,단일로 - 기타,자전거,여,49세,경상,승용,남,26세,상해없음
2014080500100157,2014년 8월 5일 09시,화요일,대구광역시 달서구 월성동,중상사고,0,3,0,0,차대차 - 측면직각충돌,안전거리미확보,건조,맑음,단일로 - 기타,승용,남,57세,상해없음,승용,여,29세,중상
2014080500100177,2014년 8월 5일 10시,화요일,대구광역시 북구 산격동,중상사고,0,1,0,0,차대사람 - 기타,안전운전불이행,건조,맑음,단일로 - 기타,원동기,여,14세,상해없음,보행자,여,54세,중상
2014080500100178,2014년 8월 5일 10시,화요일,대구광역시 중구 남일동,경상사고,0,0,1,0,차대차 - 기타,안전운전불이행,건조,맑음,단일로 - 기타,승용,남,71세,상해없음,이륜,남,45세,경상
2014080500100179,2014년 8월 5일 10시,화요일,대구광역시 중구 달성동,중상사고,0,1,0,0,차대차 - 기타,안전운전불이행,건조,맑음,단일로 - 기타,승용,여,54세,상해없음,이륜,남,60세,중상
2014080500100243,2014년 8월 5일 12시,화요일,대구광역시 서구 원대동3가,중상사고,0,1,1,0,차대차 - 기타,안전운전불이행,건조,맑음,기타 - 기타,승용,남,36세,상해없음,승용,남,25세,경상
2014080500100274,2014년 8월 5일 13시,화요일,대구광역시 수성구 수성동1가,경상사고,0,0,1,0,차대사람 - 기타,안전운전불이행,건조,맑음,단일로 - 기타,승합,남,56세,상해없음,보행자,여,79세,경상
2014080500100275,2014년 8월 5일 13시,화요일,대구광역시 북구 칠성동2가,중상사고,0,1,0,0,차대차 - 측면직각충돌,안전운전불이행,건조,맑음,단일로 - 기타,승용,남,49세,상해없음,승용,남,55세,중상
2014080500100276,2014년 8월 5일 13시,화요일,대구광역시 서구 원대동1가,경상사고,0,0,1,0,차대차 - 기타,신호위반,건조,맑음,교차로 - 교차로부근,승용,여,49세,상해없음,승용,남,55세,경상
2014080500100348,2014년 8월 5일 15시,화요일,대구광역시 달서구 월성동,경상사고,0,0,1,0,차대사람 - 기타,안전운전불이행,건조,맑음,기타 - 기타,승용,남,36세,상해없음,보행자,여,80세,경상
2014080500100378,2014년 8월 5일 16시,화요일,대구광역시 중구 대봉동,경상사고,0,0,1,0,차대차 - 측면직각충돌,안전거리미확보,건조,맑음,단일로 - 기타,승용,여,57세,상해없음,승용,남,34세,상해없음
2014080500100425,2014년 8월 5일 17시,화요일,대구광역시 동구 방촌동,부상신고사고,0,0,0,1,차대차 - 기타,안전운전불이행,건조,맑음,교차로 - 교차로부근,이륜,남,47세,부상신고,승용,여,33세,상해없음