사고번호,사고일시,요일,시군구,사고내용,사망자수,중상자수,경상자수,부상신고자수,사고유형,법규위반,노면상태,기상상태,도로형태,가해운전자 차종,가해운전자 성별,가해운전자 연령,가해운전자 상해정도,피해운전자 차종,피해운전자 성별,피해운전자 연령,피해운전자 상해정도
2014080500100426,2014년 8월 5일 17시,화요일,대구광역시 수성구 범어동,경상사고,0,0,1,3,차대차 - 기타,안전운전불이행,건조,흐림,단일로 - 기타,승용,여,55세,상해없음,승용,남,20세,부상신고
2014080500100461,2014년 8월 5일 18시,화요일,대구광역시 달성군 현풍면,중상사고,0,1,0,0,차대차 - 기타,안전운전불이행,건조,맑음,단일로 - 기타,화물,남,49세,상해없음,원동기,남,78세,중상
2014080500100462,2014년 8월 5일 18시,화요일,대구광역시 달서구 감삼동,중상사고,0,1,1,0,차대사람 - 횡단중,신호위반,건조,흐림,단일로 - 기타,이륜,남,15세,중상,보행자,여,31세,경상
2014080500100546,2014년 8월 5일 20시,화요일,대구광역시 수성구 대흥동,중상사고,0,1,0,0,차대사람 - 횡단중,안전운전불이행,건조,맑음,단일로 - 기타,승용,여,49세,상해없음,보행자,여,27세,중상
2014080500100547,2014년 8월 5일 20시,화요일,대구광역시 달성군 논공읍,중상사고,0,1,0,0,차대차 - 추돌 - 진행중,안전거리미확보,건조,맑음,단일로 - 기타,승용,남,35세,상해없음,이륜,남,24세,중상
2014080500100548,2014년 8월 5일 20시,화요일,대구광역시 북구 노원동3가,중상사고,0,2,6,0,차대차 - 기타,안전거리미확보,건조,맑음,단일로 - 기타,승용,남,37세,중상,승용,남,18세,상해없음
2014080500100577,2014년 8월 5일 21시,화요일,대구광역시 동구 신천동,중상사고,0,2,0,0,차대차 - 기타,안전거리미확보,건조,맑음,교차로 - 교차로안,승용,남,59세,상해없음,이륜,남,27세,중상
2014080500100594,2014년 8월 5일 22시,화요일,대구광역시 남구 봉덕동,경상사고,0,0,1,0,차대차 - 추돌 - 주정차중,안전운전불이행,건조,맑음,단일로 - 기타,승용,남,53세,상해없음,승용,남,38세,경상
2014080500100595,2014년 8월 5일 22시,화요일,대구광역시 남구 이천동,경상사고,0,0,3,0,차대차 - 측면직각충돌,차로위반,습기,흐림,단일로 - 기타,승용,여,52세,기타불명,승용,여,37세,경상
2014080500100596,2014년 8월 5일 22시,화요일,대구광역시 북구 침산동,중상사고,0,1,0,0,차대사람 - 기타,안전운전불이행,건조,맑음,단일로 - 기타,승용,남,21세,상해없음,보행자,남,60세,중상
2014080500100624,2014년 8월 5일 23시,화요일,대구광역시 동구 율하동,부상신고사고,0,0,0,1,차대차 - 측면직각충돌,안전운전불이행,건조,맑음,단일로 - 기타,자전거,남,56세,부상신고,이륜,남,19세,상해없음
2014080500100625,2014년 8월 5일 23시,화요일,대구광역시 달서구 상인동,중상사고,0,1,0,0,차대차 - 기타,안전운전불이행,건조,맑음,교차로 - 교차로부근,승용,남,50세,상해없음,자전거,남,21세,중상
2014080500100626,2014년 8월 5일 23시,화요일,대구광역시 북구 산격동,경상사고,0,0,1,0,차대사람 - 기타,안전운전불이행,건조,맑음,교차로 - 교차로부근,원동기,남,59세,상해없음,보행자,남,21세,경상
2014080600100014,2014년 8월 6일 00시,수요일,대구광역시 달서구 용산동,경상사고,0,0,1,0,차대차 - 기타,안전거리미확보,건조,흐림,단일로 - 기타,승용,남,52세,상해없음,이륜,남,23세,경상
2014080600100015,2014년 8월 6일 00시,수요일,대구광역시 달서구 감삼동,경상사고,0,0,1,0,차대차 - 기타,안전운전불이행,습기,비,교차로 - 교차로부근,승용,남,31세,상해없음,이륜,남,17세,경상
2014080600100039,2014년 8월 6일 02시,수요일,대구광역시 중구 삼덕동2가,부상신고사고,0,0,0,2,차대차 - 기타,안전거리미확보,건조,맑음,단일로 - 횡단보도상,이륜,남,16세,상해없음,이륜,남,22세,상해없음
2014080600100052,2014년 8월 6일 04시,수요일,대구광역시 북구 칠성동2가,중상사고,0,1,1,0,차량단독 - 공작물충돌,안전운전불이행,건조,맑음,단일로 - 기타,원동기,남,17세,중상,,,,
2014080600100065,2014년 8월 6일 05시,수요일,대구광역시 수성구 신매동,경상사고,0,0,1,0,차대사람 - 횡단중,보행자보호의무위반,건조,맑음,교차로 - 교차로안,화물,남,54세,상해없음,보행자,남,55세,경상
2014080600100121,2014년 8월 6일 08시,수요일,대구광역시 서구 상리동,경상사고,0,0,1,0,차대차 - 측면직각충돌,안전거리미확보,건조,맑음,단일로 - 기타,화물,남,53세,상해없음,승용,남,30세,경상
2014080600100155,2014년 8월 6일 09시,수요일,대구광역시 달서구 죽전동,경상사고,0,0,2,0,차대차 - 추돌 - 주정차중,안전운전불이행,건조,맑음,단일로 - 횡단보도부근,승용,여,41세,상해없음,승용,남,33세,경상
2014080600100180,2014년 8월 6일 10시,수요일,대구광역시 달성군 현풍면,경상사고,0,0,1,0,차대차 - 측면직각충돌,안전운전불이행,건조,맑음,교차로 - 교차로안,화물,여,56세,경상,화물,남,52세,상해없음
2014080600100181,2014년 8월 6일 10시,수요일,대구광역시 중구 동인동1가,경상사고,0,0,1,0,차대차 - 추돌 - 진행중,신호위반,건조,맑음,교차로 - 교차로안,승용,남,32세,상해없음,승용,여,51세,경상
2014080600100207,2014년 8월 6일 11시,수요일,대구광역시 남구 봉덕동,경상사고,0,0,1,0,차대차 - 기타,안전거리미확보,건조,맑음,교차로 - 교차로부근,승용,여,37세,상해없음,승용,남,36세,경상
2014080600100239,2014년 8월 6일 12시,수요일,대구광역시 동구 각산동,경상사고,0,0,1,0,차대차 - 기타,안전운전불이행,건조,맑음,교차로 - 교차로부근,승용,남,79세,상해없음,승용,남,43세,경상
2014080600100240,2014년 8월 6일 12시,수요일,대구광역시 중구 대봉동,중상사고,0,1,0,0,차대차 - 추돌 - 진행중,안전운전불이행,건조,맑음,교차로 - 교차로안,승용,여,30세,상해없음,자전거,남,74세,중상
2014080600100266,2014년 8월 6일 13시,수요일,대구광역시 달서구 용산동,중상사고,0,1,0,0,차대차 - 측면직각충돌,교차로운행방법위반,건조,맑음,교차로 - 교차로안,승용,남,36세,상해없음,승용,남,51세,중상
2014080600100297,2014년 8월 6일 14시,수요일,대구광역시 달서구 송현동,경상사고,0,0,1,0,차대차 - 기타,차로위반,건조,맑음,교차로 - 교차로부근,승용,여,53세,상해없음,승용,남,40세,경상
2014080600100298,2014년 8월 6일 14시,수요일,대구광역시 북구 산격동,경상사고,0,0,1,0,차대차 - 추돌 - 진행중,안전거리미확보,건조,맑음,단일로 - 기타,원동기,남,40세,상해없음,승용,남,40세,경상
2014080600100299,2014년 8월 6일 14시,수요일,대구광역시 달서구 파호동,경상사고,0,0,1,0,차대차 - 추돌 - 주정차중,안전거리미확보,건조,맑음,단일로 - 기타,승용,남,41세,상해없음,승용,남,35세,경상
2014080600100343,2014년 8월 6일 15시,수요일,대구광역시 동구 신서동,경상사고,0,0,1,0,차대사람 - 횡단중,보행자보호의무위반,건조,맑음,단일로 - 횡단보도상,승용,여,54세,상해없음,보행자,여,32세,경상
2014080600100344,2014년 8월 6일 15시,수요일,대구광역시 수성구 범어동,중상사고,0,1,0,0,차대차 - 기타,안전운전불이행,건조,맑음,단일로 - 기타,승용,여,40세,상해없음,자전거,남,64세,중상
2014080600100345,2014년 8월 6일 15시,수요일,대구광역시 서구 내당동,경상사고,0,0,1,0,차대차 - 기타,안전운전불이행,건조,맑음,단일로 - 기타,승용,남,33세,상해없음,승용,여,33세,경상
2014080600100346,2014년 8월 6일 15시,수요일,대구광역시 달서구 감삼동,중상사고,0,2,0,0,차대차 - 추돌 - 진행중,안전거리미확보,건조,맑음,단일로 - 기타,승용,남,81세,상해없음,승용,남,40세,중상
2014080600100383,2014년 8월 6일 16시,수요일,대구광역시 달성군 유가면,중상사고,0,1,0,0,차대차 - 측면직각충돌,신호위반,건조,맑음,교차로 - 교차로안,건설기계,남,48세,상해없음,승용,여,44세,중상
2014080600100384,2014년 8월 6일 16시,수요일,대구광역시 달성군 화원읍,경상사고,0,0,1,0,차대사람 - 횡단중,보행자보호의무위반,건조,맑음,단일로 - 기타,승용,여,59세,상해없음,보행자,여,7세,경상
2014080600100385,2014년 8월 6일 16시,수요일,대구광역시 북구 태전동,경상사고,0,0,1,0,차대차 - 측면직각충돌,안전운전불이행,건조,맑음,단일로 - 기타,이륜,남,34세,경상,승용,남,59세,상해없음
2014080600100411,2014년 8월 6일 17시,수요일,대구광역시 수성구 황금동,경상사고,0,0,1,0,차대차 - 측면직각충돌,안전운전불이행,건조,맑음,교차로 - 교차로부근,승용,여,48세,상해없음,화물,남,31세,경상
2014080600100412,2014년 8월 6일 17시,수요일,대구광역시 수성구 범물동,경상사고,0,0,1,0,차대차 - 추돌 - 주정차중,안전운전불이행,건조,맑음,단일로 - 기타,승용,남,52세,상해없음,승용,여,36세,경상
2014080600100413,2014년 8월 6일 17시,수요일,대구광역시 달서구 송현동,경상사고,0,0,1,0,차대사람 - 기타,안전운전불이행,건조,맑음,단일로 - 기타,기타불명,기타불명,기타불명,기타불명,보행자,여,51세,경상
2014080600100414,2014년 8월 6일 17시,수요일,대구광역시 달서구 상인동,경상사고,0,0,1,0,차대사람 - 기타,안전운전불이행,건조,맑음,단일로 - 기타,승용,남,48세,기타불명,보행자,남,14세,경상
2014080600100487,2014년 8월 6일 19시,수요일,대구광역시 중구 서문로2가,경상사고,0,0,1,0,차대차 - 추돌 - 주정차중,안전운전불이행,건조,맑음,단일로 - 기타,승용,여,39세,상해없음,승용,남,36세,경상
2014080600100523,2014년 8월 6일 20시,수요일,대구광역시 달성군 논공읍,경상사고,0,0,1,0,차대차 - 측면직각충돌,안전운전불이행,건조,맑음,단일로 - 기타,승용,남,31세,상해없음,승용,남,37세,경상
2014080600100524,2014년 8월 6일 20시,수요일,대구광역시 달서구 신당동,경상사고,0,0,2,1,차대차 - 추돌 - 주정차중,안전운전불이행,건조,맑음,단일로 - 기타,승용,남,62세,부상신고,승합,남,48세,상해없음
2014080600100561,2014년 8월 6일 21시,수요일,대구광역시 서구 평리동,경상사고,0,0,1,0,차대차 - 기타,교차로운행방법위반,습기,비,교차로 - 교차로안,승용,남,36세,상해없음,이륜,남,45세,경상
2014080600100562,2014년 8월 6일 21시,수요일,대구광역시 북구 서변동,경상사고,0,0,1,0,차대차 - 기타,안전운전불이행,습기,흐림,단일로 - 기타,승용,여,35세,상해없음,자전거,남,26세,경상
2014080600100595,2014년 8월 6일 22시,수요일,대구광역시 달서구 송현동,사망사고,1,0,1,0,차대사람 - 기타,안전운전불이행,건조,맑음,교차로 - 교차로부근,승용,남,23세,상해없음,보행자,여,47세,사망
2014080600100618,2014년 8월 6일 23시,수요일,대구광역시 수성구 범어동,중상사고,0,1,0,0,차대차 - 기타,신호위반,습기,흐림,교차로 - 교차로안,이륜,남,17세,상해없음,승용,남,63세,상해없음
2014080600100619,2014년 8월 6일 23시,수요일,대구광역시 수성구 신매동,경상사고,0,0,3,0,차대차 - 기타,안전거리미확보,건조,맑음,교차로 - 교차로부근,승용,남,66세,경상,승용,남,56세,경상
2014080700100017,2014년 8월 7일 00시,목요일,대구광역시 달서구 송현동,부상신고사고,0,0,0,1,차대차 - 기타,안전운전불이행,건조,맑음,교차로 - 교차로안,자전거,기타불명,기타불명,기타불명,승용,남,67세,상해없음
2014080700100027,2014년 8월 7일 01시,목요일,대구광역시 남구 이천동,경상사고,0,0,3,0,차대차 - 기타,신호위반,건조,맑음,교차로 - 교차로안,승용,여,27세,경상,승용,남,65세,경상
2014080700100028,2014년 8월 7일 01시,목요일,대구광역시 동구 검사동,중상사고,0,1,0,0,차대사람 - 기타,안전운전불이행,습기,비,단일로 - 기타,승용,남,69세,상해없음,보행자,남,39세,중상
2014080700100029,2014년 8월 7일 01시,목요일,대구광역시 북구 대현동,경상사고,0,0,1,0,차대차 - 기타,안전운전불이행,건조,흐림,교차로 - 교차로부근,승용,남,27세,상해없음,승용,남,41세,경상
2014080700100036,2014년 8월 7일 02시,목요일,대구광역시 중구 동인동4가,중상사고,0,1,1,0,차대사람 - 기타,과속,건조,맑음,단일로 - 기타,승용,남,47세,상해없음,보행자,남,42세,중상
2014080700100079,2014년 8월 7일 05시,목요일,대구광역시 수성구 중동,경상사고,0,0,1,0,차대사람 - 기타,안전운전불이행,건조,맑음,교차로 - 교차로부근,승용,남,67세,상해없음,보행자,남,82세,경상
2014080700100080,2014년 8월 7일 05시,목요일,대구광역시 달서구 본리동,경상사고,0,0,1,0,차대사람 - 기타,안전운전불이행,건조,흐림,교차로 - 교차로부근,승용,남,50세,상해없음,보행자,남,78세,경상
2014080700100081,2014년 8월 7일 05시,목요일,대구광역시 달서구 신당동,부상신고사고,0,0,0,1,차량단독 - 기타,안전운전불이행,기타,맑음,단일로 - 기타,이륜,남,55세,부상신고,,,,
2014080700100093,2014년 8월 7일 06시,목요일,대구광역시 북구 산격동,경상사고,0,0,1,0,차대차 - 기타,안전운전불이행,건조,맑음,교차로 - 교차로부근,승용,남,29세,상해없음,자전거,남,40세,경상
2014080700100094,2014년 8월 7일 06시,목요일,대구광역시 달서구 성당동,경상사고,0,0,4,0,차대차 - 기타,차로위반,건조,맑음,단일로 - 기타,승용,남,20세,상해없음,승용,남,64세,경상
2014080700100141,2014년 8월 7일 08시,목요일,대구광역시 중구 하서동,경상사고,0,0,1,0,차대차 - 추돌 - 진행중,안전운전불이행,건조,맑음,교차로 - 교차로부근,승용,남,49세,상해없음,승용,여,39세,경상
2014080700100142,2014년 8월 7일 08시,목요일,대구광역시 북구 읍내동,중상사고,0,1,0,0,차대차 - 측면직각충돌,불법유턴,건조,맑음,단일로 - 기타,승용,남,48세,상해없음,승용,남,26세,중상
2014080700100165,2014년 8월 7일 09시,목요일,대구광역시 달서구 진천동,중상사고,0,1,2,1,차대차 - 측면직각충돌,안전거리미확보,건조,맑음,단일로 - 기타,승용,여,31세,경상,승용,남,18세,중상
2014080700100166,2014년 8월 7일 09시,목요일,대구광역시 달서구 본동,경상사고,0,0,1,0,차대차 - 기타,안전운전불이행,습기,비,단일로 - 기타,원동기,남,48세,경상,승용,여,35세,상해없음
2014080700100213,2014년 8월 7일 11시,목요일,대구광역시 동구 신천동,경상사고,0,0,2,0,차대차 - 기타,안전거리미확보,습기,비,교차로 - 교차로부근,승용,남,29세,상해없음,승용,여,45세,경상
2014080700100214,2014년 8월 7일 11시,목요일,대구광역시 서구 내당동,경상사고,0,0,4,0,차대차 - 추돌 - 주정차중,안전운전불이행,건조,맑음,단일로 - 기타,승용,여,50세,상해없음,승용,여,48세,경상
2014080700100239,2014년 8월 7일 12시,목요일,대구광역시 달서구 송현동,경상사고,0,0,1,0,차대사람 - 기타,안전운전불이행,습기,비,단일로 - 기타,승용,기타불명,기타불명,기타불명,보행자,남,22세,경상
2014080700100240,2014년 8월 7일 12시,목요일,대구광역시 서구 비산동,중상사고,0,1,0,0,차대사람 - 차도통행중,안전운전불이행,건조,맑음,교차로 - 교차로부근,기타불명,남,31세,상해없음,보행자,여,72세,중상
2014080700100241,2014년 8월 7일 12시,목요일,대구광역시 서구 평리동,경상사고,0,0,1,0,차대차 - 측면직각충돌,안전거리미확보,건조,맑음,교차로 - 교차로안,화물,남,36세,상해없음,승용,남,39세,경상
2014080700100276,2014년 8월 7일 13시,목요일,대구광역시 수성구 지산동,경상사고,0,0,2,0,차대차 - 측면직각충돌,교차로운행방법위반,습기,비,교차로 - 교차로안,승용,남,70세,상해없음,승용,여,52세,경상
2014080700100277,2014년 8월 7일 13시,목요일,대구광역시 달성군 다사읍,경상사고,0,0,1,0,차대차 - 기타,차로위반,습기,비,단일로 - 기타,승용,남,56세,상해없음,화물,남,40세,경상
2014080700100310,2014년 8월 7일 14시,목요일,대구광역시 수성구 지산동,경상사고,0,0,2,0,차대차 - 측면직각충돌,안전운전불이행,습기,비,교차로 - 교차로안,화물,남,57세,상해없음,승용,남,20세,경상
2014080700100311,2014년 8월 7일 14시,목요일,대구광역시 달성군 논공읍,중상사고,0,1,0,0,차대차 - 추돌 - 주정차중,안전운전불이행,습기,비,단일로 - 기타,승용,남,43세,중상,화물,남,54세,상해없음
2014080700100343,2014년 8월 7일 15시,목요일,대구광역시 동구 용계동,중상사고,0,1,0,0,차대사람 - 기타,신호위반,습기,비,단일로 - 기타,승용,여,47세,상해없음,보행자,남,68세,중상
2014080700100344,2014년 8월 7일 15시,목요일,대구광역시 중구 북성로1가,경상사고,0,0,2,0,차대차 - 기타,직진우회전진행방해,건조,맑음,교차로 - 교차로안,승용,남,63세,상해없음,승용,남,70세,상해없음
2014080700100380,2014년 8월 7일 16시,목요일,대구광역시 달서구 죽전동,경상사고,0,0,1,0,차대차 - 측면직각충돌,교차로운행방법위반,습기,흐림,교차로 - 교차로안,승용,여,42세,상해없음,이륜,남,19세,경상
2014080700100421,2014년 8월 7일 17시,목요일,대구광역시 동구 검사동,중상사고,0,1,0,0,차대차 - 기타,안전운전불이행,건조,맑음,단일로 - 기타,승용,남,51세,상해없음,승용,여,56세,중상
2014080700100422,2014년 8월 7일 17시,목요일,대구광역시 북구 산격동,중상사고,0,2,2,0,차대차 - 기타,차로위반,습기,비,단일로 - 기타,화물,남,65세,상해없음,승용,여,65세,중상
2014080700100423,2014년 8월 7일 17시,목요일,대구광역시 중구 봉산동,중상사고,0,1,0,0,차대차 - 기타,안전운전불이행,건조,맑음,교차로 - 교차로부근,승용,여,45세,상해없음,승용,남,55세,중상
2014080700100464,2014년 8월 7일 18시,목요일,대구광역시 남구 대명동,경상사고,0,0,1,0,차대차 - 기타,중앙선침범,습기,비,단일로 - 기타,승용,여,38세,상해없음,이륜,남,42세,경상
2014080700100465,2014년 8월 7일 18시,목요일,대구광역시 수성구 신매동,중상사고,0,1,0,0,차대차 - 기타,안전운전불이행,습기,비,단일로 - 기타,승용,여,35세,상해없음,원동기,남,41세,중상
2014080700100466,2014년 8월 7일 18시,목요일,대구광역시 북구 침산동,경상사고,0,0,1,0,차대차 - 추돌 - 진행중,안전운전불이행,습기,비,단일로 - 기타,승용,남,55세,상해없음,승용,남,53세,경상
2014080700100496,2014년 8월 7일 19시,목요일,대구광역시 수성구 두산동,경상사고,0,0,1,0,차대차 - 추돌 - 주정차중,안전운전불이행,습기,비,단일로 - 기타,화물,남,39세,상해없음,승용,남,48세,경상
2014080700100497,2014년 8월 7일 19시,목요일,대구광역시 달성군 가창면,중상사고,0,1,0,0,차대차 - 추돌 - 주정차중,안전운전불이행,습기,비,교차로 - 교차로부근,승용,남,64세,상해없음,이륜,남,34세,중상
2014080700100498,2014년 8월 7일 19시,목요일,대구광역시 달성군 화원읍,경상사고,0,0,1,0,차대차 - 기타,안전운전불이행,습기,흐림,기타 - 기타,화물,남,51세,상해없음,화물,기타불명,기타불명,기타불명
2014080700100499,2014년 8월 7일 19시,목요일,대구광역시 북구 국우동,경상사고,0,0,3,0,차대차 - 측면직각충돌,안전운전불이행,습기,비,단일로 - 기타,승용,남,44세,상해없음,승용,남,65세,경상
2014080700100523,2014년 8월 7일 20시,목요일,대구광역시 동구 율하동,중상사고,0,1,0,0,차대차 - 기타,안전운전불이행,습기,비,단일로 - 기타,원동기,남,20세,중상,화물,남,56세,상해없음
2014080700100524,2014년 8월 7일 20시,목요일,대구광역시 수성구 범어동,경상사고,0,0,2,0,차대차 - 측면직각충돌,안전운전불이행,습기,비,교차로 - 교차로부근,승용,여,30세,상해없음,승용,남,51세,경상
2014080700100525,2014년 8월 7일 20시,목요일,대구광역시 달성군 화원읍,경상사고,0,0,1,0,차대차 - 측면직각충돌,안전운전불이행,건조,맑음,교차로 - 교차로부근,화물,남,54세,상해없음,승용,여,46세,경상
2014080700100526,2014년 8월 7일 20시,목요일,대구광역시 달서구 신당동,경상사고,0,0,2,0,차대차 - 측면직각충돌,교차로운행방법위반,습기,비,교차로 - 교차로안,승용,남,28세,경상,화물,남,29세,경상
2014080700100527,2014년 8월 7일 20시,목요일,대구광역시 달서구 본리동,경상사고,0,0,2,0,차대차 - 추돌 - 주정차중,안전운전불이행,습기,비,단일로 - 기타,화물,남,54세,상해없음,승용,여,36세,경상
2014080700100528,2014년 8월 7일 20시,목요일,대구광역시 북구 동천동,부상신고사고,0,0,0,1,차대차 - 추돌 - 진행중,안전거리미확보,습기,비,단일로 - 기타,원동기,남,18세,부상신고,승용,남,37세,상해없음
2014080700100565,2014년 8월 7일 21시,목요일,대구광역시 북구 검단동,경상사고,0,0,1,0,차대차 - 측면직각충돌,신호위반,건조,맑음,교차로 - 교차로안,승용,남,24세,상해없음,자전거,남,17세,경상
2014080700100566,2014년 8월 7일 21시,목요일,대구광역시 달서구 두류동,경상사고,0,0,1,0,차대차 - 측면직각충돌,안전거리미확보,습기,비,단일로 - 기타,승용,남,39세,상해없음,이륜,남,57세,경상
2014080700100567,2014년 8월 7일 21시,목요일,대구광역시 달서구 이곡동,경상사고,0,0,1,0,차대차 - 기타,안전운전불이행,습기,비,교차로 - 교차로안,승용,남,46세,상해없음,이륜,남,41세,경상
2014080700100568,2014년 8월 7일 21시,목요일,대구광역시 달서구 호산동,중상사고,0,2,0,0,차대차 - 측면직각충돌,안전운전불이행,건조,맑음,단일로 - 기타,승용,남,37세,상해없음,승용,남,53세,중상
2014080700100569,2014년 8월 7일 21시,목요일,대구광역시 북구 읍내동,경상사고,0,0,1,0,차대사람 - 기타,기타,기타,비,교차로 - 교차로부근,화물,남,28세,상해없음,보행자,남,43세,경상
2014080700100604,2014년 8월 7일 22시,목요일,대구광역시 동구 봉무동,중상사고,0,1,0,0,차대차 - 기타,교차로운행방법위반,건조,맑음,기타 - 기타,승용,남,46세,상해없음,자전거,남,50세,중상
2014080700100605,2014년 8월 7일 22시,목요일,대구광역시 수성구 범어동,중상사고,0,1,0,0,차대사람 - 횡단중,안전운전불이행,습기,비,단일로 - 기타,특수,남,36세,상해없음,보행자,여,63세,중상
2014080700100606,2014년 8월 7일 22시,목요일,대구광역시 수성구 지산동,중상사고,0,1,1,0,차대차 - 추돌 - 진행중,안전운전불이행,건조,맑음,단일로 - 기타,승용,남,44세,상해없음,승용,남,24세,중상
2014080700100608,2014년 8월 7일 22시,목요일,대구광역시 중구 대봉동,중상사고,0,1,1,0,차대차 - 추돌 - 주정차중,안전운전불이행,건조,맑음,단일로 - 기타,승용,남,56세,상해없음,승용,남,46세,중상
2014080700100609,2014년 8월 7일 22시,목요일,대구광역시 북구 관음동,경상사고,0,0,1,0,차대사람 - 길가장자리구역통행중,안전운전불이행,습기,비,단일로 - 기타,승용,남,49세,상해없음,보행자,남,43세,경상
2014080800100019,2014년 8월 8일 00시,금요일,대구광역시 동구 신천동,경상사고,0,0,1,0,차대차 - 정면충돌,안전운전불이행,습기,비,단일로 - 기타,승용,남,42세,상해없음,승용,남,55세,경상
2014080800100020,2014년 8월 8일 00시,금요일,대구광역시 북구 복현동,중상사고,0,1,0,0,차대사람 - 횡단중,안전운전불이행,습기,비,교차로 - 교차로안,승용,남,27세,상해없음,보행자,남,35세,중상
2014080800100021,2014년 8월 8일 00시,금요일,대구광역시 달서구 본리동,경상사고,0,0,1,0,차대차 - 추돌 - 진행중,신호위반,건조,맑음,교차로 - 교차로부근,승용,남,50세,상해없음,승용,남,25세,경상
2014080800100039,2014년 8월 8일 01시,금요일,대구광역시 달서구 감삼동,경상사고,0,0,2,0,차대차 - 측면직각충돌,안전거리미확보,습기,비,교차로 - 교차로부근,승용,남,30세,상해없음,승용,남,39세,경상
2014080800100053,2014년 8월 8일 02시,금요일,대구광역시 서구 평리동,중상사고,0,1,2,1,차대차 - 정면충돌,안전운전불이행,습기,비,교차로 - 교차로안,승용,남,50세,부상신고,승용,남,59세,상해없음
2014080800100063,2014년 8월 8일 03시,금요일,대구광역시 중구 남일동,부상신고사고,0,0,0,1,차대차 - 측면직각충돌,안전운전불이행,습기,비,단일로 - 기타,기타불명,기타불명,기타불명,기타불명,승용,남,44세,부상신고
2014080800100064,2014년 8월 8일 03시,금요일,대구광역시 북구 구암동,부상신고사고,0,0,0,1,차대차 - 추돌 - 주정차중,안전운전불이행,습기,비,단일로 - 기타,승용,남,33세,부상신고,화물,남,47세,상해없음
2014080800100070,2014년 8월 8일 04시,금요일,대구광역시 중구 공평동,중상사고,0,1,0,0,차대사람 - 횡단중,안전운전불이행,건조,흐림,단일로 - 기타,승용,남,55세,상해없음,보행자,남,26세,중상
2014080800100102,2014년 8월 8일 07시,금요일,대구광역시 달서구 갈산동,부상신고사고,0,0,0,1,차대차 - 기타,안전운전불이행,습기,비,교차로 - 교차로안,자전거,남,45세,부상신고,건설기계,남,49세,상해없음
2014080800100132,2014년 8월 8일 08시,금요일,대구광역시 동구 신암동,경상사고,0,0,4,0,차대차 - 추돌 - 주정차중,안전운전불이행,건조,맑음,단일로 - 기타,승용,남,49세,상해없음,승용,여,30세,경상
2014080800100133,2014년 8월 8일 08시,금요일,대구광역시 수성구 범물동,중상사고,0,2,2,0,차대차 - 측면직각충돌,교차로운행방법위반,습기,비,교차로 - 교차로안,승용,남,60세,경상,승용,남,40세,중상
2014080800100134,2014년 8월 8일 08시,금요일,대구광역시 수성구 상동,중상사고,0,1,1,0,차대차 - 추돌 - 주정차중,안전거리미확보,습기,비,교차로 - 교차로부근,승용,남,57세,상해없음,승용,여,49세,경상
2014080800100160,2014년 8월 8일 09시,금요일,대구광역시 남구 봉덕동,중상사고,0,1,0,0,차대차 - 측면직각충돌,안전거리미확보,건조,맑음,단일로 - 기타,자전거,남,72세,중상,승용,남,36세,상해없음
2014080800100161,2014년 8월 8일 09시,금요일,대구광역시 북구 읍내동,중상사고,0,1,0,0,차대사람 - 횡단중,안전운전불이행,건조,맑음,단일로 - 기타,승용,여,51세,상해없음,보행자,남,73세,중상
2014080800100225,2014년 8월 8일 11시,금요일,대구광역시 달서구 두류동,부상신고사고,0,0,0,1,차대차 - 측면직각충돌,안전거리미확보,건조,흐림,단일로 - 기타,이륜,남,49세,부상신고,승용,여,31세,상해없음
2014080800100226,2014년 8월 8일 11시,금요일,대구광역시 달서구 성당동,부상신고사고,0,0,0,1,차대차 - 기타,안전운전불이행,건조,맑음,교차로 - 교차로부근,이륜,남,64세,부상신고,승용,여,49세,상해없음
2014080800100254,2014년 8월 8일 12시,금요일,대구광역시 동구 신암동,경상사고,0,0,1,0,차대사람 - 기타,안전운전불이행,건조,맑음,기타 - 기타,화물,남,28세,상해없음,보행자,남,92세,경상
2014080800100255,2014년 8월 8일 12시,금요일,대구광역시 수성구 매호동,경상사고,0,0,1,0,차대차 - 측면직각충돌,안전운전불이행,건조,맑음,단일로 - 기타,승용,남,19세,상해없음,승용,여,39세,경상
2014080800100256,2014년 8월 8일 12시,금요일,대구광역시 북구 침산동,중상사고,0,1,0,0,차대차 - 측면직각충돌,교차로운행방법위반,건조,맑음,교차로 - 교차로부근,화물,남,70세,상해없음,원동기,남,72세,중상
2014080800100290,2014년 8월 8일 13시,금요일,대구광역시 달서구 용산동,중상사고,0,1,1,0,차대차 - 추돌 - 진행중,안전거리미확보,습기,비,단일로 - 기타,화물,남,55세,상해없음,승용,남,53세,경상
2014080800100320,2014년 8월 8일 14시,금요일,대구광역시 중구 동인동1가,부상신고사고,0,0,0,1,차대차 - 추돌 - 진행중,안전운전불이행,건조,흐림,기타 - 기타,승용,기타불명,기타불명,기타불명,승용,남,34세,부상신고
2014080800100354,2014년 8월 8일 15시,금요일,대구광역시 수성구 범어동,경상사고,0,0,1,0,차량단독 - 기타,안전운전불이행,건조,맑음,단일로 - 기타,자전거,남,16세,경상,,,,
2014080800100426,2014년 8월 8일 17시,금요일,대구광역시 달서구 용산동,중상사고,0,1,0,0,차대사람 - 횡단중,보행자보호의무위반,건조,맑음,단일로 - 횡단보도상,승용,남,28세,상해없음,보행자,남,9세,중상