사고번호,사고일시,요일,시군구,사고내용,사망자수,중상자수,경상자수,부상신고자수,사고유형,법규위반,노면상태,기상상태,도로형태,가해운전자 차종,가해운전자 성별,가해운전자 연령,가해운전자 상해정도,피해운전자 차종,피해운전자 성별,피해운전자 연령,피해운전자 상해정도
2014081400100239,2014년 8월 14일 11시,목요일,대구광역시 달성군 다사읍,중상사고,0,1,3,0,차대차 - 기타,차로위반,습기,비,단일로 - 기타,승용,여,63세,경상,승용,남,57세,경상
2014081400100240,2014년 8월 14일 11시,목요일,대구광역시 서구 이현동,경상사고,0,0,1,0,차대차 - 기타,안전운전불이행,습기,비,단일로 - 기타,화물,남,33세,상해없음,화물,남,50세,경상
2014081400100241,2014년 8월 14일 11시,목요일,대구광역시 서구 평리동,경상사고,0,0,1,0,차대차 - 추돌 - 주정차중,안전운전불이행,건조,맑음,단일로 - 기타,승합,여,57세,상해없음,승용,남,48세,경상
2014081400100242,2014년 8월 14일 11시,목요일,대구광역시 달서구 호산동,중상사고,0,1,0,1,차대차 - 기타,교차로운행방법위반,습기,비,교차로 - 교차로안,승용,남,43세,부상신고,승용,남,55세,중상
2014081400100325,2014년 8월 14일 13시,목요일,대구광역시 동구 신천동,중상사고,0,1,0,0,차대차 - 기타,신호위반,건조,맑음,교차로 - 교차로안,승용,여,52세,상해없음,이륜,여,50세,중상
2014081400100326,2014년 8월 14일 13시,목요일,대구광역시 동구 신천동,중상사고,0,1,0,0,차대차 - 측면직각충돌,신호위반,건조,맑음,교차로 - 교차로안,기타불명,기타불명,기타불명,기타불명,이륜,여,40세,중상
2014081400100394,2014년 8월 14일 15시,목요일,대구광역시 수성구 신매동,경상사고,0,0,1,0,차대차 - 측면직각충돌,안전거리미확보,습기,비,단일로 - 기타,승용,남,76세,상해없음,이륜,남,21세,경상
2014081400100395,2014년 8월 14일 15시,목요일,대구광역시 중구 태평로2가,중상사고,0,1,1,0,차대차 - 기타,안전운전불이행,건조,맑음,단일로 - 기타,이륜,남,19세,경상,승용,여,49세,중상
2014081400100429,2014년 8월 14일 16시,목요일,대구광역시 수성구 수성동4가,경상사고,0,0,1,0,차대차 - 측면직각충돌,교차로운행방법위반,습기,비,교차로 - 교차로안,승용,여,35세,상해없음,승용,여,43세,경상
2014081400100430,2014년 8월 14일 16시,목요일,대구광역시 중구 삼덕동2가,경상사고,0,0,2,0,차대차 - 추돌 - 주정차중,안전운전불이행,습기,비,단일로 - 기타,승용,여,36세,상해없음,승용,남,34세,경상
2014081400100431,2014년 8월 14일 16시,목요일,대구광역시 달서구 용산동,경상사고,0,0,1,0,차대차 - 추돌 - 진행중,안전거리미확보,습기,비,교차로 - 교차로안,승용,남,54세,경상,승용,남,41세,상해없음
2014081400100432,2014년 8월 14일 16시,목요일,대구광역시 북구 팔달동,경상사고,0,0,1,0,차대차 - 측면직각충돌,신호위반,습기,비,교차로 - 교차로부근,화물,남,32세,상해없음,승용,남,24세,경상
2014081400100464,2014년 8월 14일 17시,목요일,대구광역시 동구 신암동,부상신고사고,0,0,0,2,차대차 - 추돌 - 진행중,안전거리미확보,건조,맑음,교차로 - 교차로안,승용,남,53세,상해없음,승용,남,29세,부상신고
2014081400100465,2014년 8월 14일 17시,목요일,대구광역시 동구 용계동,경상사고,0,0,3,0,차대차 - 측면직각충돌,교차로운행방법위반,습기,비,교차로 - 교차로안,승용,여,53세,경상,승합,남,34세,경상
2014081400100467,2014년 8월 14일 17시,목요일,대구광역시 달서구 호산동,중상사고,0,1,0,0,차대차 - 정면충돌,신호위반,습기,비,교차로 - 교차로안,화물,남,33세,상해없음,승용,남,30세,중상
2014081400100468,2014년 8월 14일 17시,목요일,대구광역시 북구 관음동,경상사고,0,0,4,0,차대차 - 측면직각충돌,안전거리미확보,습기,비,단일로 - 기타,승합,남,62세,상해없음,승용,남,67세,경상
2014081400100498,2014년 8월 14일 18시,목요일,대구광역시 북구 태전동,부상신고사고,0,0,0,1,차량단독 - 기타,안전운전불이행,습기,비,단일로 - 기타,승합,남,53세,상해없음,,,,
2014081400100537,2014년 8월 14일 19시,목요일,대구광역시 수성구 지산동,경상사고,0,0,2,0,차대차 - 추돌 - 주정차중,안전운전불이행,건조,맑음,단일로 - 기타,화물,남,60세,상해없음,승용,여,52세,경상
2014081400100538,2014년 8월 14일 19시,목요일,대구광역시 달성군 가창면,경상사고,0,0,1,0,차대차 - 기타,안전운전불이행,습기,비,교차로 - 교차로부근,승용,남,50세,상해없음,승용,남,51세,경상
2014081400100582,2014년 8월 14일 20시,목요일,대구광역시 북구 고성동2가,중상사고,0,1,0,0,차대사람 - 기타,안전운전불이행,습기,비,교차로 - 교차로안,화물,남,71세,상해없음,보행자,남,51세,중상
2014081400100583,2014년 8월 14일 20시,목요일,대구광역시 서구 비산동,경상사고,0,0,1,0,차대차 - 측면직각충돌,안전거리미확보,건조,맑음,교차로 - 교차로부근,승용,남,22세,상해없음,승합,여,52세,경상
2014081400100584,2014년 8월 14일 20시,목요일,대구광역시 중구 남산동,중상사고,0,1,1,0,차대차 - 측면직각충돌,안전운전불이행,습기,흐림,단일로 - 기타,승용,남,56세,상해없음,승용,남,30세,중상
2014081400100585,2014년 8월 14일 20시,목요일,대구광역시 중구 삼덕동2가,부상신고사고,0,0,0,2,차대차 - 기타,기타,건조,맑음,단일로 - 기타,승용,남,25세,상해없음,승용,남,50세,부상신고
2014081400100586,2014년 8월 14일 20시,목요일,대구광역시 달서구 신당동,경상사고,0,0,1,0,차대차 - 추돌 - 진행중,안전거리미확보,건조,맑음,단일로 - 기타,승용,남,25세,상해없음,승용,남,48세,경상
2014081400100587,2014년 8월 14일 20시,목요일,대구광역시 달서구 장기동,경상사고,0,0,1,0,차대차 - 기타,안전운전불이행,습기,비,단일로 - 기타,승용,남,48세,기타불명,승용,남,54세,경상
2014081400100629,2014년 8월 14일 21시,목요일,대구광역시 달서구 월암동,경상사고,0,0,1,0,차대차 - 기타,안전운전불이행,건조,흐림,단일로 - 기타,승용,여,58세,상해없음,승용,남,27세,경상
2014081400100630,2014년 8월 14일 21시,목요일,대구광역시 달성군 가창면,중상사고,0,1,0,0,차대차 - 추돌 - 진행중,안전운전불이행,건조,맑음,단일로 - 기타,기타불명,기타불명,기타불명,기타불명,승용,남,68세,중상
2014081400100631,2014년 8월 14일 21시,목요일,대구광역시 북구 관음동,부상신고사고,0,0,0,2,차대차 - 추돌 - 진행중,안전운전불이행,건조,맑음,교차로 - 교차로안,승용,여,27세,부상신고,승용,여,48세,부상신고
2014081400100667,2014년 8월 14일 22시,목요일,대구광역시 달서구 상인동,중상사고,0,1,0,0,차대사람 - 횡단중,안전운전불이행,건조,맑음,단일로 - 기타,승용,여,44세,상해없음,보행자,여,23세,중상
2014081400100668,2014년 8월 14일 22시,목요일,대구광역시 북구 복현동,경상사고,0,0,1,0,차대차 - 추돌 - 진행중,안전거리미확보,습기,흐림,교차로 - 교차로부근,화물,남,44세,상해없음,승용,남,44세,경상
2014081400100669,2014년 8월 14일 22시,목요일,대구광역시 서구 내당동,사망사고,1,0,0,0,차대차 - 추돌 - 주정차중,안전운전불이행,건조,맑음,단일로 - 기타,승용,여,49세,사망,화물,남,56세,기타불명
2014081400100670,2014년 8월 14일 22시,목요일,대구광역시 달서구 죽전동,경상사고,0,0,1,0,차대사람 - 보도통행중,기타,건조,맑음,단일로 - 기타,승용,남,40세,상해없음,보행자,여,27세,경상
2014081400100706,2014년 8월 14일 23시,목요일,대구광역시 수성구 황금동,경상사고,0,0,3,0,차대차 - 기타,안전운전불이행,건조,맑음,단일로 - 기타,승용,여,37세,상해없음,승용,남,57세,경상
2014081400100707,2014년 8월 14일 23시,목요일,대구광역시 서구 평리동,중상사고,0,1,0,0,차대사람 - 횡단중,안전운전불이행,건조,맑음,단일로 - 기타,승용,남,29세,상해없음,보행자,남,54세,중상
2014081500100028,2014년 8월 15일 00시,금요일,대구광역시 동구 신암동,중상사고,0,1,0,0,차대차 - 추돌 - 진행중,신호위반,건조,흐림,교차로 - 교차로안,승용,남,58세,상해없음,이륜,남,22세,중상
2014081500100029,2014년 8월 15일 00시,금요일,대구광역시 중구 삼덕동2가,경상사고,0,0,1,0,차대차 - 기타,안전운전불이행,건조,맑음,단일로 - 기타,승용,남,33세,상해없음,승용,여,31세,경상
2014081500100048,2014년 8월 15일 01시,금요일,대구광역시 달서구 송현동,경상사고,0,0,1,0,차대차 - 기타,안전운전불이행,건조,맑음,단일로 - 기타,승용,남,23세,상해없음,승용,남,25세,기타불명
2014081500100049,2014년 8월 15일 01시,금요일,대구광역시 서구 내당동,경상사고,0,0,5,0,차대차 - 기타,안전거리미확보,건조,맑음,단일로 - 기타,승용,남,21세,상해없음,승용,남,25세,경상
2014081500100050,2014년 8월 15일 01시,금요일,대구광역시 중구 공평동,중상사고,0,1,0,0,차대차 - 정면충돌,신호위반,건조,맑음,교차로 - 교차로안,승용,여,35세,상해없음,승용,남,55세,중상
2014081500100067,2014년 8월 15일 02시,금요일,대구광역시 남구 대명동,경상사고,0,0,1,0,차대차 - 측면직각충돌,안전운전불이행,습기,비,교차로 - 교차로안,승용,남,50세,상해없음,승용,남,50세,경상
2014081500100068,2014년 8월 15일 02시,금요일,대구광역시 수성구 범어동,경상사고,0,0,3,0,차량단독 - 공작물충돌,안전운전불이행,건조,맑음,교차로 - 교차로부근,승용,남,44세,상해없음,,,,
2014081500100069,2014년 8월 15일 02시,금요일,대구광역시 달성군 현풍면,경상사고,0,0,1,0,차대사람 - 기타,안전운전불이행,습기,비,교차로 - 교차로안,기타불명,기타불명,기타불명,기타불명,보행자,남,37세,경상
2014081500100083,2014년 8월 15일 03시,금요일,대구광역시 북구 구암동,경상사고,0,0,1,0,차대차 - 측면직각충돌,직진우회전진행방해,습기,비,교차로 - 교차로안,승용,남,48세,상해없음,승용,남,66세,상해없음
2014081500100089,2014년 8월 15일 04시,금요일,대구광역시 동구 신천동,경상사고,0,0,1,0,차대차 - 기타,교차로운행방법위반,습기,비,교차로 - 교차로안,승용,남,57세,상해없음,이륜,남,29세,경상
2014081500100090,2014년 8월 15일 04시,금요일,대구광역시 달서구 두류동,중상사고,0,1,0,0,차량단독 - 공작물충돌,안전운전불이행,습기,비,단일로 - 기타,승용,남,67세,상해없음,,,,
2014081500100108,2014년 8월 15일 05시,금요일,대구광역시 동구 효목동,경상사고,0,0,1,0,차대차 - 측면직각충돌,신호위반,건조,흐림,교차로 - 교차로부근,화물,남,78세,상해없음,승용,남,65세,경상
2014081500100109,2014년 8월 15일 05시,금요일,대구광역시 중구 남산동,중상사고,0,1,0,0,차대차 - 측면직각충돌,안전거리미확보,습기,비,단일로 - 기타,승용,남,47세,상해없음,이륜,남,22세,중상
2014081500100126,2014년 8월 15일 06시,금요일,대구광역시 남구 대명동,경상사고,0,0,2,1,차대차 - 추돌 - 주정차중,안전거리미확보,습기,비,교차로 - 교차로부근,화물,남,53세,상해없음,승용,여,56세,경상
2014081500100146,2014년 8월 15일 07시,금요일,대구광역시 남구 대명동,경상사고,0,0,1,0,차대차 - 측면직각충돌,안전거리미확보,건조,맑음,단일로 - 기타,승용,남,27세,상해없음,승용,남,61세,경상
2014081500100147,2014년 8월 15일 07시,금요일,대구광역시 중구 동문동,경상사고,0,0,1,0,차대차 - 측면직각충돌,신호위반,습기,흐림,교차로 - 교차로안,승용,남,24세,상해없음,승용,남,56세,경상
2014081500100168,2014년 8월 15일 08시,금요일,대구광역시 북구 서변동,경상사고,0,0,1,1,차대차 - 추돌 - 진행중,안전운전불이행,건조,맑음,미분류 - 미분류,승용,여,31세,부상신고,승용,여,66세,경상
2014081500100188,2014년 8월 15일 09시,금요일,대구광역시 수성구 만촌동,중상사고,0,1,0,0,차대사람 - 횡단중,신호위반,건조,맑음,단일로 - 횡단보도상,승용,여,41세,상해없음,보행자,여,54세,중상
2014081500100189,2014년 8월 15일 09시,금요일,대구광역시 수성구 황금동,중상사고,0,1,1,0,차대차 - 측면직각충돌,신호위반,건조,흐림,교차로 - 교차로안,승용,남,46세,상해없음,승용,남,53세,경상
2014081500100213,2014년 8월 15일 10시,금요일,대구광역시 수성구 지산동,경상사고,0,0,1,0,차대차 - 기타,안전거리미확보,건조,맑음,단일로 - 기타,승용,남,68세,상해없음,화물,남,39세,경상
2014081500100238,2014년 8월 15일 11시,금요일,대구광역시 북구 노원동2가,중상사고,0,1,0,0,차대차 - 측면직각충돌,직진우회전진행방해,건조,맑음,교차로 - 교차로안,승용,여,31세,상해없음,승용,여,39세,중상
2014081500100261,2014년 8월 15일 12시,금요일,대구광역시 달성군 가창면,중상사고,0,1,0,0,차대차 - 기타,안전운전불이행,건조,맑음,단일로 - 기타,승용,여,37세,상해없음,자전거,남,47세,중상
2014081500100262,2014년 8월 15일 12시,금요일,대구광역시 달서구 감삼동,경상사고,0,0,1,0,차대차 - 기타,안전운전불이행,건조,맑음,교차로 - 교차로안,승용,남,36세,상해없음,자전거,여,20세,경상
2014081500100298,2014년 8월 15일 13시,금요일,대구광역시 중구 공평동,경상사고,0,0,1,0,차대사람 - 기타,안전운전불이행,건조,맑음,단일로 - 기타,승용,여,23세,기타불명,보행자,여,24세,경상
2014081500100299,2014년 8월 15일 13시,금요일,대구광역시 달서구 장기동,경상사고,0,0,1,0,차대사람 - 횡단중,안전운전불이행,건조,맑음,교차로 - 교차로안,승용,남,57세,상해없음,보행자,여,45세,경상
2014081500100331,2014년 8월 15일 14시,금요일,대구광역시 동구 용계동,경상사고,0,0,2,0,차대차 - 측면직각충돌,신호위반,건조,맑음,교차로 - 교차로안,승용,남,42세,상해없음,승용,여,37세,경상
2014081500100332,2014년 8월 15일 14시,금요일,대구광역시 수성구 두산동,경상사고,0,0,4,1,차대차 - 추돌 - 진행중,안전운전불이행,건조,맑음,단일로 - 기타,화물,남,63세,상해없음,승용,여,28세,부상신고
2014081500100333,2014년 8월 15일 14시,금요일,대구광역시 북구 침산동,경상사고,0,0,3,0,차대차 - 추돌 - 주정차중,중앙선침범,건조,맑음,교차로 - 교차로부근,승용,여,20세,상해없음,승용,여,47세,경상
2014081500100334,2014년 8월 15일 14시,금요일,대구광역시 달서구 신당동,중상사고,0,1,3,0,차대차 - 측면직각충돌,안전운전불이행,건조,맑음,교차로 - 교차로부근,승용,여,44세,경상,승용,여,50세,중상
2014081500100358,2014년 8월 15일 15시,금요일,대구광역시 북구 복현동,경상사고,0,0,1,0,차대차 - 추돌 - 진행중,안전운전불이행,건조,맑음,단일로 - 기타,승용,남,34세,상해없음,승용,여,53세,경상
2014081500100359,2014년 8월 15일 15시,금요일,대구광역시 중구 동인동2가,경상사고,0,0,1,0,차대차 - 기타,안전거리미확보,건조,맑음,단일로 - 기타,승용,남,53세,기타불명,승합,남,41세,상해없음
2014081500100404,2014년 8월 15일 16시,금요일,대구광역시 북구 노원동3가,경상사고,0,0,2,0,차대차 - 정면충돌,중앙선침범,건조,맑음,단일로 - 기타,원동기,남,18세,상해없음,승용,남,58세,경상
2014081500100405,2014년 8월 15일 16시,금요일,대구광역시 중구 대봉동,경상사고,0,0,1,0,차대사람 - 기타,안전운전불이행,건조,맑음,기타 - 기타,승용,남,54세,상해없음,보행자,남,66세,경상
2014081500100439,2014년 8월 15일 17시,금요일,대구광역시 서구 내당동,부상신고사고,0,0,0,1,차대사람 - 기타,안전운전불이행,건조,맑음,단일로 - 기타,승용,여,47세,상해없음,보행자,남,64세,부상신고
2014081500100440,2014년 8월 15일 17시,금요일,대구광역시 달서구 이곡동,중상사고,0,1,0,0,차대사람 - 횡단중,안전운전불이행,건조,맑음,기타 - 기타,승용,남,55세,상해없음,보행자,남,65세,중상
2014081500100485,2014년 8월 15일 18시,금요일,대구광역시 동구 불로동,경상사고,0,0,1,0,차대차 - 기타,안전운전불이행,건조,맑음,교차로 - 교차로부근,자전거,여,71세,경상,승용,여,50세,상해없음
2014081500100486,2014년 8월 15일 18시,금요일,대구광역시 달성군 논공읍,경상사고,0,0,1,0,차대차 - 기타,안전운전불이행,건조,맑음,단일로 - 기타,자전거,남,41세,상해없음,자전거,남,64세,경상
2014081500100487,2014년 8월 15일 18시,금요일,대구광역시 달성군 유가면,부상신고사고,0,0,0,1,차대차 - 기타,교차로운행방법위반,건조,맑음,교차로 - 교차로안,원동기,남,30세,부상신고,승용,남,66세,상해없음
2014081500100488,2014년 8월 15일 18시,금요일,대구광역시 달성군 다사읍,중상사고,0,1,0,2,차대차 - 기타,안전운전불이행,건조,맑음,교차로 - 교차로안,자전거,여,36세,부상신고,자전거,남,27세,중상
2014081500100489,2014년 8월 15일 18시,금요일,대구광역시 달성군 가창면,경상사고,0,0,2,0,차대차 - 기타,안전운전불이행,건조,맑음,단일로 - 기타,승용,남,49세,상해없음,승용,남,26세,경상
2014081500100515,2014년 8월 15일 19시,금요일,대구광역시 동구 방촌동,경상사고,0,0,1,0,차대차 - 정면충돌,중앙선침범,건조,맑음,단일로 - 기타,자전거,기타불명,기타불명,기타불명,자전거,남,37세,경상
2014081500100516,2014년 8월 15일 19시,금요일,대구광역시 동구 신암동,경상사고,0,0,2,0,차대차 - 기타,안전운전불이행,건조,맑음,교차로 - 교차로부근,승용,남,57세,상해없음,승용,남,30세,경상
2014081500100517,2014년 8월 15일 19시,금요일,대구광역시 수성구 지산동,부상신고사고,0,0,0,1,차대차 - 측면직각충돌,안전운전불이행,건조,맑음,교차로 - 교차로부근,자전거,남,10세,부상신고,승용,남,23세,상해없음
2014081500100518,2014년 8월 15일 19시,금요일,대구광역시 북구 산격동,사망사고,1,0,0,0,차대사람 - 횡단중,안전운전불이행,건조,맑음,단일로 - 기타,승용,남,47세,상해없음,보행자,여,76세,사망
2014081500100519,2014년 8월 15일 19시,금요일,대구광역시 북구 학정동,경상사고,0,0,1,0,차대차 - 측면직각충돌,교차로운행방법위반,건조,맑음,교차로 - 교차로안,승용,여,53세,상해없음,승용,남,37세,경상
2014081500100557,2014년 8월 15일 20시,금요일,대구광역시 동구 신암동,중상사고,0,1,0,0,차대차 - 추돌 - 진행중,안전거리미확보,건조,맑음,교차로 - 교차로안,승합,남,38세,상해없음,승용,남,42세,중상
2014081500100558,2014년 8월 15일 20시,금요일,대구광역시 중구 동인동1가,경상사고,0,0,1,0,차대차 - 측면직각충돌,안전운전불이행,건조,맑음,교차로 - 교차로안,승용,남,62세,상해없음,자전거,남,38세,경상
2014081500100559,2014년 8월 15일 20시,금요일,대구광역시 달서구 죽전동,부상신고사고,0,0,0,1,차대차 - 측면직각충돌,안전거리미확보,건조,맑음,단일로 - 기타,이륜,남,20세,부상신고,승용,남,49세,상해없음
2014081500100588,2014년 8월 15일 21시,금요일,대구광역시 북구 대현동,경상사고,0,0,1,0,차대차 - 측면직각충돌,안전운전불이행,건조,맑음,교차로 - 교차로안,승용,남,41세,상해없음,자전거,남,21세,경상
2014081500100608,2014년 8월 15일 22시,금요일,대구광역시 서구 내당동,중상사고,0,1,0,0,차대사람 - 횡단중,안전운전불이행,건조,맑음,단일로 - 횡단보도상,원동기,남,20세,상해없음,보행자,남,4세,중상
2014081500100630,2014년 8월 15일 23시,금요일,대구광역시 동구 신기동,경상사고,0,0,1,0,차대차 - 정면충돌,중앙선침범,건조,맑음,교차로 - 교차로안,승용,남,22세,상해없음,승용,남,28세,경상
2014081500100631,2014년 8월 15일 23시,금요일,대구광역시 북구 읍내동,경상사고,0,0,1,0,차대차 - 측면직각충돌,안전운전불이행,건조,맑음,단일로 - 기타,승용,남,34세,상해없음,승용,여,22세,경상
2014081600100030,2014년 8월 16일 01시,토요일,대구광역시 수성구 범어동,부상신고사고,0,0,0,1,차대차 - 측면직각충돌,안전거리미확보,건조,맑음,교차로 - 교차로안,이륜,남,19세,부상신고,승용,남,57세,상해없음
2014081600100031,2014년 8월 16일 01시,토요일,대구광역시 서구 평리동,중상사고,0,1,0,0,차대사람 - 횡단중,보행자보호의무위반,건조,맑음,단일로 - 횡단보도상,승용,남,54세,상해없음,보행자,남,22세,중상
2014081600100032,2014년 8월 16일 01시,토요일,대구광역시 달서구 본리동,경상사고,0,0,1,0,차대차 - 측면직각충돌,안전운전불이행,건조,맑음,교차로 - 교차로안,승용,남,41세,기타불명,승용,여,45세,경상
2014081600100068,2014년 8월 16일 04시,토요일,대구광역시 남구 대명동,경상사고,0,0,4,1,차대차 - 추돌 - 주정차중,안전운전불이행,건조,흐림,교차로 - 교차로부근,승용,남,35세,부상신고,승용,남,32세,경상
2014081600100082,2014년 8월 16일 05시,토요일,대구광역시 북구 노원동3가,경상사고,0,0,1,0,차대차 - 추돌 - 주정차중,안전운전불이행,건조,맑음,단일로 - 기타,승용,여,65세,경상,승용,여,56세,상해없음
2014081600100095,2014년 8월 16일 06시,토요일,대구광역시 북구 노원동3가,중상사고,0,1,0,0,차대사람 - 횡단중,안전운전불이행,건조,흐림,단일로 - 기타,기타불명,기타불명,기타불명,기타불명,보행자,여,73세,중상
2014081600100126,2014년 8월 16일 08시,토요일,대구광역시 북구 산격동,경상사고,0,0,1,0,차대차 - 기타,안전운전불이행,건조,맑음,기타 - 기타,특수,남,58세,상해없음,승용,남,26세,경상
2014081600100127,2014년 8월 16일 08시,토요일,대구광역시 달서구 두류동,경상사고,0,0,1,0,차대사람 - 길가장자리구역통행중,안전운전불이행,건조,맑음,단일로 - 기타,기타불명,기타불명,기타불명,기타불명,보행자,남,18세,경상
2014081600100158,2014년 8월 16일 09시,토요일,대구광역시 달서구 월암동,중상사고,0,1,0,0,차대차 - 측면직각충돌,안전운전불이행,건조,맑음,교차로 - 교차로부근,승용,남,47세,상해없음,원동기,여,44세,중상
2014081600100159,2014년 8월 16일 09시,토요일,대구광역시 달서구 상인동,경상사고,0,0,1,0,차대차 - 기타,안전거리미확보,건조,맑음,단일로 - 기타,원동기,남,71세,상해없음,승용,남,34세,상해없음
2014081600100160,2014년 8월 16일 09시,토요일,대구광역시 북구 칠성동1가,경상사고,0,0,1,0,차대사람 - 길가장자리구역통행중,안전운전불이행,건조,맑음,단일로 - 기타,승용,남,19세,상해없음,보행자,여,55세,경상
2014081600100182,2014년 8월 16일 10시,토요일,대구광역시 수성구 상동,경상사고,0,0,1,0,차대차 - 기타,차로위반,건조,맑음,교차로 - 교차로안,승용,남,64세,상해없음,승합,남,51세,상해없음
2014081600100183,2014년 8월 16일 10시,토요일,대구광역시 달서구 대천동,경상사고,0,0,1,0,차대차 - 추돌 - 주정차중,안전운전불이행,건조,맑음,단일로 - 기타,승용,남,44세,상해없음,승용,남,33세,경상
2014081600100184,2014년 8월 16일 10시,토요일,대구광역시 달성군 화원읍,경상사고,0,0,2,0,차대차 - 추돌 - 주정차중,안전거리미확보,건조,맑음,단일로 - 기타,승용,남,38세,상해없음,승용,여,49세,경상
2014081600100185,2014년 8월 16일 10시,토요일,대구광역시 달서구 이곡동,경상사고,0,0,1,0,차대차 - 추돌 - 진행중,안전운전불이행,건조,맑음,교차로 - 교차로부근,승합,남,69세,상해없음,자전거,남,52세,경상
2014081600100205,2014년 8월 16일 11시,토요일,대구광역시 북구 읍내동,중상사고,0,2,12,0,차대차 - 추돌 - 주정차중,안전거리미확보,건조,맑음,단일로 - 터널,승용,여,53세,상해없음,승용,남,46세,상해없음
2014081600100209,2014년 8월 16일 11시,토요일,대구광역시 북구 노원동3가,경상사고,0,0,1,0,차대차 - 측면직각충돌,직진우회전진행방해,건조,맑음,교차로 - 교차로안,승용,남,40세,상해없음,원동기,여,53세,경상
2014081600100210,2014년 8월 16일 11시,토요일,대구광역시 서구 원대동3가,경상사고,0,0,1,0,차대차 - 기타,교차로운행방법위반,건조,맑음,교차로 - 교차로부근,승용,남,48세,상해없음,자전거,여,61세,경상
2014081600100245,2014년 8월 16일 12시,토요일,대구광역시 남구 대명동,중상사고,0,1,4,0,차대차 - 기타,보행자보호의무위반,건조,맑음,교차로 - 교차로부근,승용,남,64세,상해없음,이륜,남,20세,경상
2014081600100246,2014년 8월 16일 12시,토요일,대구광역시 서구 내당동,경상사고,0,0,1,0,차대차 - 추돌 - 진행중,안전운전불이행,건조,맑음,교차로 - 교차로안,이륜,남,30세,상해없음,이륜,남,18세,경상
2014081600100278,2014년 8월 16일 13시,토요일,대구광역시 달서구 대천동,경상사고,0,0,1,0,차대차 - 추돌 - 주정차중,안전운전불이행,건조,맑음,단일로 - 기타,승용,남,68세,상해없음,승용,남,36세,상해없음
2014081600100279,2014년 8월 16일 13시,토요일,대구광역시 서구 내당동,중상사고,0,1,0,0,차량단독 - 전도전복,안전운전불이행,건조,맑음,단일로 - 기타,자전거,남,53세,중상,,,,
2014081600100318,2014년 8월 16일 14시,토요일,대구광역시 달성군 논공읍,경상사고,0,0,2,0,차대차 - 측면직각충돌,안전운전불이행,건조,맑음,교차로 - 교차로안,화물,남,43세,경상,승용,남,45세,경상
2014081600100319,2014년 8월 16일 14시,토요일,대구광역시 북구 산격동,경상사고,0,0,1,0,차대사람 - 보도통행중,기타,건조,맑음,단일로 - 기타,승용,여,51세,상해없음,보행자,여,42세,경상
2014081600100355,2014년 8월 16일 15시,토요일,대구광역시 달서구 장동,경상사고,0,0,2,0,차대차 - 측면직각충돌,안전운전불이행,건조,맑음,단일로 - 기타,승용,남,33세,상해없음,원동기,남,16세,경상
2014081600100356,2014년 8월 16일 15시,토요일,대구광역시 달성군 논공읍,중상사고,0,1,0,1,차대차 - 측면직각충돌,교차로운행방법위반,건조,맑음,교차로 - 교차로안,승용,남,77세,부상신고,승용,여,35세,중상
2014081600100390,2014년 8월 16일 16시,토요일,대구광역시 동구 율하동,경상사고,0,0,1,0,차대사람 - 차도통행중,안전운전불이행,건조,맑음,단일로 - 기타,승용,여,63세,상해없음,보행자,여,22세,경상
2014081600100427,2014년 8월 16일 17시,토요일,대구광역시 동구 입석동,부상신고사고,0,0,0,1,차대사람 - 기타,안전운전불이행,건조,맑음,단일로 - 기타,승용,남,40세,상해없음,보행자,여,8세,부상신고
2014081600100428,2014년 8월 16일 17시,토요일,대구광역시 수성구 사월동,경상사고,0,0,2,0,차대차 - 기타,안전운전불이행,건조,맑음,단일로 - 기타,원동기,남,18세,상해없음,승용,여,31세,경상
2014081600100429,2014년 8월 16일 17시,토요일,대구광역시 남구 대명동,경상사고,0,0,3,0,차대차 - 기타,안전운전불이행,건조,맑음,교차로 - 교차로안,이륜,남,18세,경상,이륜,남,19세,경상
2014081600100430,2014년 8월 16일 17시,토요일,대구광역시 북구 구암동,부상신고사고,0,0,0,1,차대차 - 측면직각충돌,안전운전불이행,건조,맑음,단일로 - 기타,자전거,남,17세,부상신고,자전거,남,18세,상해없음
2014081600100464,2014년 8월 16일 18시,토요일,대구광역시 동구 방촌동,경상사고,0,0,1,0,차대차 - 기타,안전운전불이행,건조,맑음,교차로 - 교차로안,승용,남,54세,상해없음,자전거,여,6세,경상
2014081600100465,2014년 8월 16일 18시,토요일,대구광역시 달서구 감삼동,경상사고,0,0,1,0,차대사람 - 길가장자리구역통행중,안전운전불이행,건조,맑음,단일로 - 기타,승용,남,47세,상해없음,보행자,여,26세,경상
2014081600100489,2014년 8월 16일 19시,토요일,대구광역시 동구 신기동,경상사고,0,0,1,0,차대사람 - 기타,안전운전불이행,건조,맑음,단일로 - 기타,승용,남,29세,상해없음,보행자,남,51세,경상
2014081600100553,2014년 8월 16일 21시,토요일,대구광역시 남구 대명동,경상사고,0,0,1,0,차대사람 - 기타,불법유턴,건조,맑음,단일로 - 기타,화물,남,37세,상해없음,보행자,여,57세,경상