사고번호,사고일시,요일,시군구,사고내용,사망자수,중상자수,경상자수,부상신고자수,사고유형,법규위반,노면상태,기상상태,도로형태,가해운전자 차종,가해운전자 성별,가해운전자 연령,가해운전자 상해정도,피해운전자 차종,피해운전자 성별,피해운전자 연령,피해운전자 상해정도
2014082000100066,2014년 8월 20일 04시,수요일,대구광역시 중구 삼덕동3가,부상신고사고,0,0,0,1,차대사람 - 기타,안전운전불이행,습기,비,기타 - 기타,승용,남,40세,상해없음,보행자,남,39세,부상신고
2014082000100079,2014년 8월 20일 06시,수요일,대구광역시 수성구 범물동,경상사고,0,0,1,0,차대차 - 측면직각충돌,교차로운행방법위반,건조,맑음,교차로 - 교차로안,화물,남,41세,상해없음,승용,남,71세,경상
2014082000100103,2014년 8월 20일 07시,수요일,대구광역시 북구 복현동,경상사고,0,0,1,0,차대사람 - 길가장자리구역통행중,안전운전불이행,건조,맑음,단일로 - 기타,승용,여,27세,상해없음,보행자,남,47세,경상
2014082000100104,2014년 8월 20일 07시,수요일,대구광역시 달서구 용산동,경상사고,0,0,1,0,차대차 - 추돌 - 주정차중,안전거리미확보,습기,흐림,단일로 - 기타,승용,남,62세,상해없음,승용,남,28세,경상
2014082000100132,2014년 8월 20일 08시,수요일,대구광역시 서구 내당동,중상사고,0,1,0,0,차대사람 - 횡단중,중앙선침범,습기,흐림,단일로 - 기타,승용,남,37세,상해없음,보행자,여,59세,중상
2014082000100162,2014년 8월 20일 09시,수요일,대구광역시 동구 신천동,경상사고,0,0,1,1,차대차 - 기타,안전거리미확보,건조,맑음,교차로 - 교차로부근,승용,남,21세,상해없음,승용,여,43세,경상
2014082000100163,2014년 8월 20일 09시,수요일,대구광역시 달성군 하빈면,경상사고,0,0,2,0,차대차 - 측면직각충돌,안전거리미확보,습기,비,교차로 - 교차로안,승용,남,71세,상해없음,승합,남,61세,경상
2014082000100191,2014년 8월 20일 10시,수요일,대구광역시 서구 상리동,중상사고,0,3,23,1,차대차 - 추돌 - 진행중,안전거리미확보,습기,비,단일로 - 기타,건설기계,남,34세,상해없음,승용,남,45세,경상
2014082000100195,2014년 8월 20일 10시,수요일,대구광역시 달서구 상인동,경상사고,0,0,1,0,차대사람 - 기타,보행자보호의무위반,건조,맑음,단일로 - 횡단보도상,승용,여,48세,상해없음,보행자,남,10세,경상
2014082000100216,2014년 8월 20일 11시,수요일,대구광역시 남구 대명동,중상사고,0,1,0,0,차대사람 - 기타,안전운전불이행,건조,맑음,단일로 - 기타,승용,남,40세,상해없음,보행자,여,83세,중상
2014082000100217,2014년 8월 20일 11시,수요일,대구광역시 중구 봉산동,경상사고,0,0,1,0,차대차 - 측면직각충돌,안전운전불이행,건조,맑음,단일로 - 기타,승용,남,43세,상해없음,자전거,여,33세,경상
2014082000100252,2014년 8월 20일 12시,수요일,대구광역시 남구 봉덕동,중상사고,0,1,0,0,차대차 - 기타,안전운전불이행,건조,맑음,단일로 - 기타,화물,남,24세,상해없음,승용,여,45세,중상
2014082000100307,2014년 8월 20일 14시,수요일,대구광역시 동구 신천동,경상사고,0,0,1,0,차대차 - 추돌 - 주정차중,안전거리미확보,습기,비,단일로 - 기타,승용,남,66세,상해없음,승용,여,35세,경상
2014082000100346,2014년 8월 20일 15시,수요일,대구광역시 북구 대현동,중상사고,0,1,0,0,차대사람 - 횡단중,안전운전불이행,습기,비,단일로 - 기타,승용,남,30세,상해없음,보행자,여,78세,중상
2014082000100376,2014년 8월 20일 16시,수요일,대구광역시 달성군 다사읍,중상사고,0,1,0,0,차대차 - 기타,안전운전불이행,건조,맑음,교차로 - 교차로부근,승용,여,64세,중상,승용,남,59세,상해없음
2014082000100400,2014년 8월 20일 17시,수요일,대구광역시 달서구 대곡동,경상사고,0,0,1,0,차대차 - 기타,안전운전불이행,건조,맑음,단일로 - 기타,승용,남,44세,상해없음,건설기계,남,62세,경상
2014082000100401,2014년 8월 20일 17시,수요일,대구광역시 북구 칠성동2가,경상사고,0,0,1,0,차대차 - 기타,안전거리미확보,습기,비,단일로 - 기타,원동기,남,55세,경상,화물,남,58세,상해없음
2014082000100426,2014년 8월 20일 18시,수요일,대구광역시 서구 내당동,경상사고,0,0,1,0,차대차 - 기타,교차로운행방법위반,습기,비,교차로 - 교차로안,이륜,남,19세,경상,승용,남,57세,상해없음
2014082000100427,2014년 8월 20일 18시,수요일,대구광역시 북구 국우동,중상사고,0,1,0,0,차대사람 - 횡단중,보행자보호의무위반,습기,비,교차로 - 교차로부근,승용,여,32세,상해없음,보행자,여,24세,중상
2014082000100465,2014년 8월 20일 19시,수요일,대구광역시 동구 신암동,경상사고,0,0,1,0,차대차 - 측면직각충돌,안전운전불이행,습기,비,단일로 - 기타,승용,남,54세,상해없음,원동기,남,28세,경상
2014082000100466,2014년 8월 20일 19시,수요일,대구광역시 수성구 지산동,중상사고,0,1,1,0,차대차 - 기타,신호위반,습기,맑음,교차로 - 교차로안,승용,여,40세,상해없음,승용,남,54세,경상
2014082000100467,2014년 8월 20일 19시,수요일,대구광역시 달서구 월성동,경상사고,0,0,1,0,차대차 - 추돌 - 주정차중,안전운전불이행,습기,비,교차로 - 교차로안,승용,남,51세,상해없음,승용,남,57세,경상
2014082000100468,2014년 8월 20일 19시,수요일,대구광역시 달서구 대천동,경상사고,0,0,2,0,차대차 - 측면직각충돌,중앙선침범,습기,비,단일로 - 기타,승용,남,50세,상해없음,승용,여,55세,경상
2014082000100469,2014년 8월 20일 19시,수요일,대구광역시 달성군 구지면,중상사고,0,1,0,0,차대차 - 기타,신호위반,습기,비,교차로 - 교차로부근,승합,남,57세,상해없음,승용,남,59세,상해없음
2014082000100517,2014년 8월 20일 20시,수요일,대구광역시 달서구 본동,경상사고,0,0,1,0,차대차 - 추돌 - 진행중,안전거리미확보,습기,비,단일로 - 기타,승용,남,31세,상해없음,승용,남,56세,경상
2014082000100518,2014년 8월 20일 20시,수요일,대구광역시 북구 태전동,부상신고사고,0,0,0,1,차대차 - 측면직각충돌,안전운전불이행,건조,맑음,단일로 - 기타,승용,남,70세,상해없음,승용,남,30세,기타불명
2014082000100589,2014년 8월 20일 22시,수요일,대구광역시 동구 율하동,중상사고,0,1,0,0,차대차 - 측면직각충돌,안전운전불이행,습기,비,단일로 - 기타,승용,남,55세,상해없음,이륜,남,69세,중상
2014082000100590,2014년 8월 20일 22시,수요일,대구광역시 달서구 호산동,경상사고,0,0,1,0,차대차 - 정면충돌,신호위반,건조,맑음,교차로 - 교차로안,승용,남,30세,상해없음,화물,남,54세,경상
2014082000100632,2014년 8월 20일 23시,수요일,대구광역시 달서구 본동,경상사고,0,0,1,0,차대사람 - 기타,안전운전불이행,습기,비,교차로 - 교차로안,승용,여,28세,상해없음,보행자,남,41세,경상
2014082000100633,2014년 8월 20일 23시,수요일,대구광역시 달서구 월성동,경상사고,0,0,2,0,차대차 - 추돌 - 주정차중,안전운전불이행,습기,비,교차로 - 교차로부근,승용,남,55세,상해없음,승용,남,58세,경상
2014082000100634,2014년 8월 20일 23시,수요일,대구광역시 서구 내당동,경상사고,0,0,1,0,차대사람 - 기타,안전운전불이행,습기,비,단일로 - 기타,승용,남,57세,상해없음,보행자,남,49세,경상
2014082000100635,2014년 8월 20일 23시,수요일,대구광역시 서구 평리동,중상사고,0,1,0,0,차대차 - 기타,신호위반,습기,비,교차로 - 교차로안,승용,남,26세,상해없음,이륜,남,17세,중상
2014082000100636,2014년 8월 20일 23시,수요일,대구광역시 중구 교동,경상사고,0,0,1,0,차대사람 - 기타,안전운전불이행,습기,비,단일로 - 기타,기타불명,기타불명,기타불명,기타불명,보행자,남,30세,경상
2014082100100047,2014년 8월 21일 01시,목요일,대구광역시 서구 내당동,경상사고,0,0,1,0,차대사람 - 횡단중,안전운전불이행,습기,비,단일로 - 횡단보도상,승용,남,25세,상해없음,보행자,남,33세,경상
2014082100100080,2014년 8월 21일 03시,목요일,대구광역시 동구 신천동,경상사고,0,0,1,0,차대차 - 기타,안전운전불이행,습기,비,단일로 - 기타,화물,남,44세,상해없음,화물,남,36세,경상
2014082100100111,2014년 8월 21일 05시,목요일,대구광역시 북구 태전동,중상사고,0,1,0,0,차대차 - 측면직각충돌,신호위반,습기,비,교차로 - 교차로안,승용,남,44세,상해없음,이륜,남,64세,중상
2014082100100125,2014년 8월 21일 06시,목요일,대구광역시 수성구 수성동4가,중상사고,0,1,0,0,차대차 - 측면직각충돌,안전운전불이행,습기,비,교차로 - 교차로부근,승용,남,61세,상해없음,승용,남,31세,중상
2014082100100144,2014년 8월 21일 07시,목요일,대구광역시 동구 덕곡동,경상사고,0,0,1,0,차대차 - 기타,교차로운행방법위반,습기,비,교차로 - 교차로안,승용,여,40세,상해없음,승용,남,62세,경상
2014082100100145,2014년 8월 21일 07시,목요일,대구광역시 달서구 장기동,경상사고,0,0,1,0,차대차 - 기타,안전운전불이행,습기,비,교차로 - 교차로안,승용,여,35세,상해없음,승용,남,27세,경상
2014082100100179,2014년 8월 21일 08시,목요일,대구광역시 중구 남산동,경상사고,0,0,1,0,차대차 - 측면직각충돌,교차로운행방법위반,습기,흐림,교차로 - 교차로안,이륜,남,40세,상해없음,자전거,여,64세,경상
2014082100100210,2014년 8월 21일 09시,목요일,대구광역시 북구 서변동,중상사고,0,1,1,0,차대차 - 기타,안전운전불이행,건조,맑음,기타 - 기타,화물,남,56세,상해없음,승용,여,36세,중상
2014082100100256,2014년 8월 21일 11시,목요일,대구광역시 달서구 진천동,경상사고,0,0,1,0,차대차 - 기타,안전거리미확보,건조,맑음,교차로 - 교차로부근,화물,남,57세,기타불명,승용,남,62세,경상
2014082100100257,2014년 8월 21일 11시,목요일,대구광역시 달성군 논공읍,부상신고사고,0,0,0,1,차대차 - 기타,안전운전불이행,건조,맑음,단일로 - 기타,자전거,남,75세,부상신고,화물,남,56세,상해없음
2014082100100298,2014년 8월 21일 12시,목요일,대구광역시 수성구 연호동,경상사고,0,0,1,0,차대차 - 기타,신호위반,건조,맑음,교차로 - 교차로안,이륜,남,19세,경상,승용,여,51세,상해없음
2014082100100299,2014년 8월 21일 12시,목요일,대구광역시 수성구 중동,경상사고,0,0,1,0,차대차 - 추돌 - 진행중,불법유턴,건조,맑음,기타 - 기타,승용,남,56세,상해없음,승용,남,34세,경상
2014082100100300,2014년 8월 21일 12시,목요일,대구광역시 달성군 현풍면,경상사고,0,0,1,0,차대차 - 기타,안전운전불이행,건조,맑음,단일로 - 기타,승용,남,25세,경상,승용,남,46세,기타불명
2014082100100329,2014년 8월 21일 13시,목요일,대구광역시 남구 봉덕동,중상사고,0,1,0,0,차대사람 - 기타,안전운전불이행,건조,맑음,교차로 - 교차로부근,화물,남,21세,상해없음,보행자,여,77세,중상
2014082100100330,2014년 8월 21일 13시,목요일,대구광역시 서구 내당동,중상사고,0,1,0,0,차대차 - 측면직각충돌,안전운전불이행,건조,맑음,단일로 - 기타,승용,여,55세,상해없음,이륜,남,31세,중상
2014082100100331,2014년 8월 21일 13시,목요일,대구광역시 중구 삼덕동1가,부상신고사고,0,0,0,1,차대사람 - 기타,안전운전불이행,건조,맑음,단일로 - 기타,승용,남,56세,상해없음,보행자,남,56세,부상신고
2014082100100332,2014년 8월 21일 13시,목요일,대구광역시 북구 동변동,부상신고사고,0,0,0,1,차대차 - 측면직각충돌,안전운전불이행,건조,맑음,교차로 - 교차로안,이륜,남,34세,부상신고,화물,남,31세,상해없음
2014082100100358,2014년 8월 21일 14시,목요일,대구광역시 달서구 상인동,중상사고,0,1,0,0,차대차 - 기타,안전운전불이행,건조,맑음,단일로 - 교량,기타불명,기타불명,기타불명,기타불명,이륜,남,23세,중상
2014082100100359,2014년 8월 21일 14시,목요일,대구광역시 중구 남산동,중상사고,0,1,0,0,차대차 - 측면직각충돌,안전거리미확보,건조,맑음,교차로 - 교차로부근,화물,남,24세,상해없음,이륜,남,55세,중상
2014082100100385,2014년 8월 21일 15시,목요일,대구광역시 서구 중리동,경상사고,0,0,1,0,차대차 - 기타,안전운전불이행,건조,맑음,단일로 - 기타,화물,남,65세,상해없음,화물,남,54세,경상
2014082100100453,2014년 8월 21일 17시,목요일,대구광역시 남구 봉덕동,경상사고,0,0,1,0,차대차 - 측면직각충돌,안전운전불이행,건조,맑음,교차로 - 교차로안,승용,여,57세,상해없음,원동기,남,83세,경상
2014082100100454,2014년 8월 21일 17시,목요일,대구광역시 달서구 도원동,중상사고,0,1,1,0,차대사람 - 횡단중,신호위반,건조,맑음,단일로 - 횡단보도상,승용,남,58세,상해없음,보행자,여,47세,경상
2014082100100455,2014년 8월 21일 17시,목요일,대구광역시 중구 수동,경상사고,0,0,1,0,차대사람 - 기타,안전운전불이행,건조,맑음,단일로 - 기타,승용,여,65세,상해없음,보행자,남,54세,경상
2014082100100456,2014년 8월 21일 17시,목요일,대구광역시 달서구 신당동,경상사고,0,0,2,0,차대차 - 기타,안전운전불이행,건조,맑음,단일로 - 기타,승용,남,42세,상해없음,이륜,남,16세,경상
2014082100100495,2014년 8월 21일 18시,목요일,대구광역시 남구 대명동,경상사고,0,0,1,1,차대차 - 추돌 - 진행중,안전운전불이행,건조,흐림,단일로 - 기타,이륜,남,18세,부상신고,승용,여,50세,상해없음
2014082100100496,2014년 8월 21일 18시,목요일,대구광역시 달서구 진천동,경상사고,0,0,1,0,차대차 - 기타,불법유턴,건조,맑음,단일로 - 기타,승용,남,34세,상해없음,승용,남,24세,경상
2014082100100497,2014년 8월 21일 18시,목요일,대구광역시 달서구 두류동,중상사고,0,1,0,0,차대차 - 측면직각충돌,교차로운행방법위반,건조,흐림,교차로 - 교차로안,승용,여,54세,상해없음,이륜,남,55세,중상
2014082100100530,2014년 8월 21일 19시,목요일,대구광역시 달성군 옥포면,경상사고,0,0,1,0,차대차 - 추돌 - 주정차중,안전운전불이행,건조,맑음,교차로 - 교차로부근,화물,남,56세,상해없음,화물,남,71세,경상
2014082100100531,2014년 8월 21일 19시,목요일,대구광역시 달서구 용산동,경상사고,0,0,1,0,차대차 - 측면직각충돌,신호위반,건조,맑음,교차로 - 교차로안,승용,여,23세,상해없음,이륜,남,28세,경상
2014082100100532,2014년 8월 21일 19시,목요일,대구광역시 북구 태전동,중상사고,0,1,0,0,차대차 - 측면직각충돌,신호위반,건조,맑음,단일로 - 횡단보도상,승용,여,60세,상해없음,이륜,여,27세,중상
2014082100100574,2014년 8월 21일 20시,목요일,대구광역시 북구 태전동,경상사고,0,0,1,0,차대차 - 측면직각충돌,교차로운행방법위반,건조,맑음,교차로 - 교차로안,원동기,여,67세,상해없음,승용,남,58세,상해없음
2014082100100610,2014년 8월 21일 21시,목요일,대구광역시 동구 신암동,경상사고,0,0,1,0,차대차 - 기타,신호위반,건조,맑음,교차로 - 교차로안,승용,남,53세,상해없음,승용,남,66세,경상
2014082100100611,2014년 8월 21일 21시,목요일,대구광역시 북구 산격동,경상사고,0,0,1,0,차대차 - 측면직각충돌,안전운전불이행,건조,맑음,단일로 - 기타,승용,여,58세,상해없음,자전거,여,25세,경상
2014082100100612,2014년 8월 21일 21시,목요일,대구광역시 북구 복현동,중상사고,0,1,1,0,차대차 - 추돌 - 진행중,안전거리미확보,건조,맑음,단일로 - 기타,원동기,남,24세,중상,이륜,남,37세,경상
2014082100100613,2014년 8월 21일 21시,목요일,대구광역시 달서구 이곡동,경상사고,0,0,2,0,차대차 - 추돌 - 진행중,안전운전불이행,건조,맑음,단일로 - 기타,승용,여,43세,상해없음,원동기,남,17세,경상
2014082100100637,2014년 8월 21일 22시,목요일,대구광역시 수성구 삼덕동,경상사고,0,0,1,1,차대차 - 기타,안전운전불이행,건조,맑음,단일로 - 기타,승용,남,57세,상해없음,승용,남,53세,부상신고
2014082100100661,2014년 8월 21일 23시,목요일,대구광역시 동구 효목동,중상사고,0,1,0,0,차량단독 - 공작물충돌,안전운전불이행,건조,맑음,단일로 - 기타,승용,남,21세,상해없음,,,,
2014082100100662,2014년 8월 21일 23시,목요일,대구광역시 서구 내당동,중상사고,0,2,0,0,차대차 - 추돌 - 주정차중,안전운전불이행,건조,맑음,단일로 - 기타,승용,남,47세,상해없음,승합,남,63세,중상
2014082100100663,2014년 8월 21일 23시,목요일,대구광역시 달서구 용산동,경상사고,0,0,1,0,차대사람 - 횡단중,신호위반,건조,흐림,교차로 - 교차로부근,승용,남,46세,상해없음,보행자,남,54세,경상
2014082200100020,2014년 8월 22일 00시,금요일,대구광역시 달서구 신당동,경상사고,0,0,2,0,차대차 - 추돌 - 주정차중,안전운전불이행,건조,맑음,단일로 - 기타,기타불명,기타불명,기타불명,기타불명,승용,남,40세,경상
2014082200100040,2014년 8월 22일 01시,금요일,대구광역시 중구 달성동,부상신고사고,0,0,0,1,차량단독 - 기타,안전운전불이행,기타,맑음,단일로 - 기타,승용,남,18세,부상신고,,,,
2014082200100041,2014년 8월 22일 01시,금요일,대구광역시 달서구 감삼동,경상사고,0,0,1,0,차대차 - 기타,안전운전불이행,건조,맑음,단일로 - 기타,승용,여,22세,상해없음,이륜,남,65세,경상
2014082200100058,2014년 8월 22일 02시,금요일,대구광역시 달서구 두류동,중상사고,0,1,0,0,차량단독 - 기타,안전운전불이행,건조,흐림,교차로 - 교차로부근,이륜,남,19세,중상,,,,
2014082200100067,2014년 8월 22일 03시,금요일,대구광역시 중구 삼덕동1가,경상사고,0,0,1,0,차대사람 - 길가장자리구역통행중,신호위반,건조,맑음,단일로 - 기타,승용,남,22세,상해없음,보행자,남,20세,경상
2014082200100068,2014년 8월 22일 03시,금요일,대구광역시 중구 달성동,경상사고,0,0,3,0,차대차 - 추돌 - 진행중,안전운전불이행,건조,맑음,단일로 - 기타,승용,남,28세,기타불명,승용,남,24세,경상
2014082200100075,2014년 8월 22일 04시,금요일,대구광역시 수성구 사월동,중상사고,0,1,0,0,차대차 - 기타,교차로운행방법위반,건조,맑음,교차로 - 교차로안,승용,남,54세,상해없음,승용,남,77세,중상
2014082200100116,2014년 8월 22일 07시,금요일,대구광역시 달서구 성당동,경상사고,0,0,4,0,차대차 - 기타,안전운전불이행,건조,맑음,교차로 - 교차로부근,승용,남,67세,상해없음,승용,남,53세,경상
2014082200100155,2014년 8월 22일 08시,금요일,대구광역시 동구 방촌동,중상사고,0,1,0,0,차대차 - 기타,교차로운행방법위반,건조,맑음,단일로 - 횡단보도상,승용,남,39세,상해없음,자전거,남,36세,중상
2014082200100156,2014년 8월 22일 08시,금요일,대구광역시 북구 노원동3가,경상사고,0,0,1,0,차대차 - 측면직각충돌,중앙선침범,건조,맑음,단일로 - 기타,자전거,여,46세,경상,승용,남,63세,상해없음
2014082200100157,2014년 8월 22일 08시,금요일,대구광역시 서구 이현동,경상사고,0,0,2,0,차대차 - 기타,교차로운행방법위반,건조,맑음,교차로 - 교차로부근,화물,남,45세,경상,승용,여,41세,경상
2014082200100158,2014년 8월 22일 08시,금요일,대구광역시 달서구 장기동,경상사고,0,0,1,0,차대차 - 기타,안전운전불이행,건조,기타,단일로 - 기타,자전거,남,73세,경상,기타불명,기타불명,기타불명,기타불명
2014082200100189,2014년 8월 22일 09시,금요일,대구광역시 수성구 지산동,중상사고,0,1,0,0,차대사람 - 횡단중,안전운전불이행,건조,맑음,단일로 - 기타,원동기,기타불명,기타불명,기타불명,보행자,여,56세,중상
2014082200100190,2014년 8월 22일 09시,금요일,대구광역시 수성구 황금동,경상사고,0,0,1,0,차대차 - 추돌 - 주정차중,안전운전불이행,건조,맑음,단일로 - 기타,승용,남,57세,상해없음,승용,여,42세,경상
2014082200100213,2014년 8월 22일 10시,금요일,대구광역시 동구 신천동,중상사고,0,1,0,0,차대차 - 기타,안전거리미확보,건조,맑음,단일로 - 기타,승용,여,40세,상해없음,원동기,남,58세,중상
2014082200100214,2014년 8월 22일 10시,금요일,대구광역시 북구 읍내동,경상사고,0,0,1,0,차대사람 - 횡단중,안전운전불이행,건조,맑음,교차로 - 교차로안,승용,여,36세,상해없음,보행자,여,73세,경상
2014082200100242,2014년 8월 22일 11시,금요일,대구광역시 달서구 대천동,경상사고,0,0,1,0,차대차 - 기타,신호위반,건조,맑음,교차로 - 교차로안,화물,남,50세,상해없음,승용,남,60세,경상
2014082200100243,2014년 8월 22일 11시,금요일,대구광역시 달서구 본동,중상사고,0,1,0,0,차량단독 - 기타,안전운전불이행,건조,맑음,단일로 - 기타,승합,기타불명,기타불명,기타불명,,,,
2014082200100244,2014년 8월 22일 11시,금요일,대구광역시 북구 산격동,중상사고,0,1,0,0,차대사람 - 횡단중,보행자보호의무위반,건조,맑음,단일로 - 기타,자전거,남,54세,상해없음,보행자,여,72세,중상
2014082200100245,2014년 8월 22일 11시,금요일,대구광역시 달서구 이곡동,경상사고,0,0,1,0,차대사람 - 기타,안전운전불이행,건조,맑음,단일로 - 기타,승용,남,53세,상해없음,보행자,남,33세,경상
2014082200100279,2014년 8월 22일 12시,금요일,대구광역시 동구 신암동,경상사고,0,0,1,0,차대사람 - 횡단중,보행자보호의무위반,건조,맑음,단일로 - 횡단보도상,승용,남,33세,상해없음,보행자,여,10세,경상
2014082200100280,2014년 8월 22일 12시,금요일,대구광역시 북구 노원동1가,중상사고,0,1,0,0,차대차 - 기타,안전운전불이행,건조,맑음,교차로 - 교차로부근,원동기,여,64세,상해없음,원동기,남,48세,중상
2014082200100281,2014년 8월 22일 12시,금요일,대구광역시 북구 동천동,경상사고,0,0,3,1,차대차 - 측면직각충돌,안전운전불이행,건조,맑음,단일로 - 기타,승용,남,48세,부상신고,승용,남,47세,경상
2014082200100310,2014년 8월 22일 13시,금요일,대구광역시 수성구 만촌동,경상사고,0,0,1,0,차대차 - 측면직각충돌,안전운전불이행,건조,맑음,단일로 - 기타,승용,여,69세,상해없음,자전거,남,11세,경상
2014082200100311,2014년 8월 22일 13시,금요일,대구광역시 달성군 가창면,경상사고,0,0,1,0,차대차 - 측면직각충돌,안전운전불이행,건조,맑음,단일로 - 기타,승용,남,60세,상해없음,승용,남,65세,경상
2014082200100312,2014년 8월 22일 13시,금요일,대구광역시 북구 침산동,부상신고사고,0,0,0,1,차대차 - 기타,중앙선침범,건조,맑음,기타 - 기타,자전거,여,10세,부상신고,승용,여,27세,상해없음
2014082200100345,2014년 8월 22일 14시,금요일,대구광역시 달서구 이곡동,중상사고,0,1,0,0,차량단독 - 기타,기타,건조,맑음,교차로 - 교차로부근,기타불명,기타불명,기타불명,기타불명,,,,
2014082200100346,2014년 8월 22일 14시,금요일,대구광역시 북구 동천동,부상신고사고,0,0,0,1,차대차 - 측면직각충돌,신호위반,건조,맑음,교차로 - 교차로안,원동기,여,50세,부상신고,승용,남,28세,상해없음
2014082200100374,2014년 8월 22일 15시,금요일,대구광역시 동구 신암동,경상사고,0,0,1,0,차대차 - 기타,안전운전불이행,건조,맑음,교차로 - 교차로안,화물,남,58세,상해없음,자전거,남,72세,경상
2014082200100375,2014년 8월 22일 15시,금요일,대구광역시 수성구 만촌동,중상사고,0,1,0,0,차대차 - 기타,안전거리미확보,건조,맑음,단일로 - 기타,승용,남,38세,상해없음,이륜,여,44세,중상
2014082200100376,2014년 8월 22일 15시,금요일,대구광역시 수성구 황금동,경상사고,0,0,1,0,차대차 - 추돌 - 진행중,안전거리미확보,건조,맑음,교차로 - 교차로안,승용,여,32세,상해없음,승용,여,41세,경상
2014082200100377,2014년 8월 22일 15시,금요일,대구광역시 달서구 성당동,중상사고,0,2,2,0,차대차 - 측면직각충돌,신호위반,건조,맑음,교차로 - 교차로안,승용,남,66세,경상,화물,남,48세,경상
2014082200100378,2014년 8월 22일 15시,금요일,대구광역시 북구 학정동,경상사고,0,0,2,0,차대차 - 측면직각충돌,중앙선침범,건조,맑음,교차로 - 교차로부근,승용,남,46세,상해없음,승용,남,34세,경상
2014082200100379,2014년 8월 22일 15시,금요일,대구광역시 북구 읍내동,부상신고사고,0,0,0,1,차대차 - 추돌 - 진행중,안전거리미확보,기타,맑음,단일로 - 기타,이륜,남,51세,부상신고,승용,여,47세,상해없음
2014082200100420,2014년 8월 22일 16시,금요일,대구광역시 동구 동호동,경상사고,0,0,1,0,차대차 - 추돌 - 진행중,안전거리미확보,건조,맑음,단일로 - 기타,승용,남,37세,상해없음,화물,남,48세,경상
2014082200100421,2014년 8월 22일 16시,금요일,대구광역시 달서구 월성동,경상사고,0,0,2,0,차대차 - 측면직각충돌,신호위반,건조,맑음,교차로 - 교차로안,승용,남,59세,상해없음,승용,여,40세,경상
2014082200100463,2014년 8월 22일 17시,금요일,대구광역시 남구 대명동,중상사고,0,1,0,0,차대사람 - 횡단중,안전운전불이행,건조,맑음,단일로 - 기타,승용,남,65세,상해없음,보행자,여,15세,중상
2014082200100505,2014년 8월 22일 18시,금요일,대구광역시 북구 검단동,중상사고,0,1,0,0,차대사람 - 횡단중,안전운전불이행,건조,맑음,단일로 - 기타,승용,남,67세,상해없음,보행자,남,39세,중상
2014082200100548,2014년 8월 22일 19시,금요일,대구광역시 남구 대명동,중상사고,0,1,0,0,차대차 - 기타,중앙선침범,건조,맑음,단일로 - 기타,이륜,남,18세,상해없음,이륜,남,63세,중상
2014082200100549,2014년 8월 22일 19시,금요일,대구광역시 동구 방촌동,경상사고,0,0,1,0,차대차 - 추돌 - 진행중,안전운전불이행,건조,맑음,단일로 - 기타,승용,남,55세,상해없음,승용,남,26세,경상
2014082200100550,2014년 8월 22일 19시,금요일,대구광역시 달서구 진천동,경상사고,0,0,4,0,차대차 - 측면직각충돌,교차로운행방법위반,건조,맑음,교차로 - 교차로안,화물,남,25세,상해없음,승합,남,42세,상해없음
2014082200100551,2014년 8월 22일 19시,금요일,대구광역시 북구 노원동1가,경상사고,0,0,2,0,차대차 - 측면직각충돌,안전운전불이행,건조,맑음,단일로 - 기타,승용,남,62세,상해없음,승용,남,52세,경상
2014082200100552,2014년 8월 22일 19시,금요일,대구광역시 서구 이현동,경상사고,0,0,3,0,차대차 - 기타,안전운전불이행,건조,맑음,단일로 - 기타,화물,남,64세,기타불명,승용,남,32세,경상
2014082200100586,2014년 8월 22일 20시,금요일,대구광역시 수성구 만촌동,경상사고,0,0,1,0,차대차 - 기타,기타,건조,맑음,교차로 - 교차로부근,승용,남,55세,상해없음,이륜,남,34세,경상
2014082200100587,2014년 8월 22일 20시,금요일,대구광역시 북구 관음동,중상사고,0,1,0,0,차대사람 - 횡단중,안전운전불이행,건조,맑음,단일로 - 기타,승용,남,19세,상해없음,보행자,여,70세,중상
2014082200100625,2014년 8월 22일 21시,금요일,대구광역시 남구 대명동,경상사고,0,0,1,0,차대차 - 기타,안전운전불이행,건조,맑음,교차로 - 교차로부근,자전거,남,17세,상해없음,이륜,남,24세,경상
2014082200100626,2014년 8월 22일 21시,금요일,대구광역시 동구 신천동,부상신고사고,0,0,0,1,차대차 - 측면직각충돌,안전운전불이행,건조,맑음,단일로 - 기타,자전거,남,78세,부상신고,승용,남,44세,상해없음
2014082200100627,2014년 8월 22일 21시,금요일,대구광역시 달서구 송현동,경상사고,0,0,1,0,차대차 - 추돌 - 진행중,안전운전불이행,건조,맑음,교차로 - 교차로부근,승용,남,55세,상해없음,승용,여,46세,경상
2014082200100628,2014년 8월 22일 21시,금요일,대구광역시 서구 내당동,부상신고사고,0,0,0,1,차대사람 - 횡단중,안전운전불이행,건조,맑음,단일로 - 기타,승용,남,30세,상해없음,보행자,남,54세,부상신고
2014082200100629,2014년 8월 22일 21시,금요일,대구광역시 달서구 용산동,중상사고,0,1,0,0,차대차 - 기타,안전거리미확보,건조,맑음,단일로 - 기타,승용,남,43세,상해없음,이륜,남,16세,중상