사고번호,사고일시,요일,시군구,사고내용,사망자수,중상자수,경상자수,부상신고자수,사고유형,법규위반,노면상태,기상상태,도로형태,가해운전자 차종,가해운전자 성별,가해운전자 연령,가해운전자 상해정도,피해운전자 차종,피해운전자 성별,피해운전자 연령,피해운전자 상해정도
2014082200100630,2014년 8월 22일 21시,금요일,대구광역시 달서구 신당동,경상사고,0,0,1,0,차대차 - 기타,안전운전불이행,건조,맑음,단일로 - 기타,승용,남,24세,상해없음,자전거,여,58세,경상
2014082200100631,2014년 8월 22일 21시,금요일,대구광역시 북구 국우동,경상사고,0,0,1,0,차대사람 - 보도통행중,기타,건조,맑음,단일로 - 기타,화물,남,53세,상해없음,보행자,남,23세,경상
2014082200100664,2014년 8월 22일 22시,금요일,대구광역시 동구 율하동,경상사고,0,0,3,0,차대차 - 추돌 - 진행중,안전운전불이행,건조,맑음,단일로 - 기타,화물,남,46세,상해없음,승용,남,39세,경상
2014082200100665,2014년 8월 22일 22시,금요일,대구광역시 북구 침산동,경상사고,0,0,1,0,차대차 - 기타,안전운전불이행,건조,맑음,교차로 - 교차로안,승용,남,52세,상해없음,원동기,남,48세,경상
2014082200100666,2014년 8월 22일 22시,금요일,대구광역시 서구 비산동,경상사고,0,0,1,0,차대차 - 기타,안전운전불이행,건조,맑음,교차로 - 교차로부근,승용,여,42세,상해없음,승용,남,31세,경상
2014082200100667,2014년 8월 22일 22시,금요일,대구광역시 달서구 감삼동,경상사고,0,0,2,0,차대차 - 추돌 - 주정차중,안전거리미확보,건조,맑음,단일로 - 기타,승용,남,45세,상해없음,승용,남,64세,경상
2014082200100701,2014년 8월 22일 23시,금요일,대구광역시 동구 검사동,경상사고,0,0,1,0,차대차 - 추돌 - 진행중,안전운전불이행,건조,맑음,교차로 - 교차로부근,기타불명,기타불명,기타불명,기타불명,승용,여,42세,경상
2014082200100702,2014년 8월 22일 23시,금요일,대구광역시 동구 입석동,경상사고,0,0,2,0,차대차 - 측면직각충돌,교차로운행방법위반,건조,맑음,교차로 - 교차로안,승용,여,63세,상해없음,승용,남,68세,경상
2014082200100703,2014년 8월 22일 23시,금요일,대구광역시 서구 내당동,경상사고,0,0,1,0,차대차 - 측면직각충돌,안전거리미확보,건조,맑음,단일로 - 기타,승용,남,36세,상해없음,승용,남,57세,경상
2014082300100020,2014년 8월 23일 00시,토요일,대구광역시 동구 신천동,중상사고,0,1,0,0,차대차 - 측면직각충돌,안전운전불이행,건조,맑음,단일로 - 기타,승용,남,42세,상해없음,승용,남,54세,중상
2014082300100021,2014년 8월 23일 00시,토요일,대구광역시 수성구 만촌동,중상사고,0,1,2,0,차대차 - 추돌 - 진행중,안전운전불이행,건조,맑음,단일로 - 기타,승용,남,25세,상해없음,승용,남,23세,경상
2014082300100022,2014년 8월 23일 00시,토요일,대구광역시 달서구 송현동,경상사고,0,0,1,0,차대사람 - 기타,안전운전불이행,건조,맑음,교차로 - 교차로부근,승용,남,44세,상해없음,보행자,남,68세,경상
2014082300100023,2014년 8월 23일 00시,토요일,대구광역시 북구 침산동,중상사고,0,1,0,0,차대차 - 기타,불법유턴,건조,맑음,단일로 - 횡단보도상,자전거,남,23세,중상,승용,남,46세,상해없음
2014082300100042,2014년 8월 23일 01시,토요일,대구광역시 달서구 두류동,중상사고,0,1,0,0,차대차 - 측면직각충돌,안전운전불이행,건조,맑음,단일로 - 기타,승용,남,44세,상해없음,자전거,남,27세,중상
2014082300100084,2014년 8월 23일 04시,토요일,대구광역시 달서구 본동,부상신고사고,0,0,0,1,차대차 - 기타,신호위반,건조,맑음,교차로 - 교차로안,자전거,남,46세,부상신고,승용,여,46세,상해없음
2014082300100085,2014년 8월 23일 04시,토요일,대구광역시 달성군 다사읍,경상사고,0,0,1,0,차대차 - 기타,신호위반,건조,맑음,교차로 - 교차로안,승용,남,29세,상해없음,자전거,남,25세,경상
2014082300100140,2014년 8월 23일 07시,토요일,대구광역시 달서구 상인동,중상사고,0,1,0,0,차대차 - 기타,안전거리미확보,건조,맑음,단일로 - 기타,승용,남,24세,상해없음,이륜,남,47세,중상
2014082300100141,2014년 8월 23일 07시,토요일,대구광역시 달성군 현풍면,경상사고,0,0,1,0,차대차 - 추돌 - 진행중,안전운전불이행,건조,맑음,단일로 - 기타,기타불명,기타불명,기타불명,기타불명,원동기,남,75세,경상
2014082300100162,2014년 8월 23일 08시,토요일,대구광역시 동구 각산동,경상사고,0,0,1,0,차대차 - 기타,신호위반,건조,맑음,교차로 - 교차로부근,승용,남,70세,기타불명,승용,남,37세,경상
2014082300100163,2014년 8월 23일 08시,토요일,대구광역시 북구 칠성동1가,중상사고,0,1,0,0,차대사람 - 차도통행중,안전운전불이행,건조,맑음,단일로 - 기타,승용,여,59세,상해없음,보행자,여,55세,중상
2014082300100213,2014년 8월 23일 10시,토요일,대구광역시 북구 노곡동,경상사고,0,0,4,0,차대차 - 추돌 - 주정차중,안전거리미확보,건조,맑음,단일로 - 기타,승용,남,26세,상해없음,승용,남,53세,경상
2014082300100220,2014년 8월 23일 10시,토요일,대구광역시 수성구 범물동,경상사고,0,0,1,0,차대차 - 측면직각충돌,안전거리미확보,건조,맑음,단일로 - 기타,승용,남,52세,상해없음,승용,남,31세,경상
2014082300100221,2014년 8월 23일 10시,토요일,대구광역시 중구 사일동,경상사고,0,0,1,0,차대차 - 기타,신호위반,건조,맑음,교차로 - 교차로안,자전거,남,67세,경상,승용,남,40세,상해없음
2014082300100298,2014년 8월 23일 13시,토요일,대구광역시 동구 방촌동,경상사고,0,0,1,0,차대차 - 기타,안전운전불이행,건조,맑음,단일로 - 기타,승용,여,52세,상해없음,승용,남,26세,경상
2014082300100299,2014년 8월 23일 13시,토요일,대구광역시 북구 매천동,중상사고,0,1,0,0,차대사람 - 차도통행중,안전운전불이행,건조,맑음,교차로 - 교차로부근,승용,남,53세,상해없음,보행자,남,74세,중상
2014082300100342,2014년 8월 23일 14시,토요일,대구광역시 수성구 연호동,중상사고,0,1,0,0,차대차 - 기타,안전운전불이행,건조,맑음,교차로 - 교차로부근,승용,남,63세,상해없음,이륜,남,32세,중상
2014082300100343,2014년 8월 23일 14시,토요일,대구광역시 중구 삼덕동1가,경상사고,0,0,1,0,차대사람 - 기타,안전운전불이행,건조,맑음,단일로 - 기타,승용,여,25세,상해없음,보행자,남,22세,경상
2014082300100483,2014년 8월 23일 18시,토요일,대구광역시 북구 고성동1가,경상사고,0,0,3,0,차대차 - 측면직각충돌,안전운전불이행,건조,맑음,교차로 - 교차로부근,승용,남,47세,상해없음,승용,남,56세,경상
2014082300100484,2014년 8월 23일 18시,토요일,대구광역시 북구 동변동,경상사고,0,0,1,0,차대차 - 측면직각충돌,안전운전불이행,건조,맑음,단일로 - 기타,승용,여,41세,상해없음,자전거,남,7세,경상
2014082300100532,2014년 8월 23일 19시,토요일,대구광역시 동구 신암동,경상사고,0,0,1,0,차대차 - 기타,신호위반,건조,맑음,교차로 - 교차로안,승용,여,56세,상해없음,원동기,남,17세,경상
2014082300100558,2014년 8월 23일 20시,토요일,대구광역시 수성구 수성동2가,중상사고,0,2,1,0,차대차 - 측면직각충돌,신호위반,건조,맑음,교차로 - 교차로안,승용,남,32세,상해없음,이륜,남,26세,중상
2014082300100587,2014년 8월 23일 21시,토요일,대구광역시 수성구 지산동,경상사고,0,0,4,0,차대차 - 추돌 - 진행중,안전거리미확보,건조,맑음,단일로 - 기타,승용,남,20세,상해없음,승용,여,51세,경상
2014082300100588,2014년 8월 23일 21시,토요일,대구광역시 수성구 두산동,중상사고,0,1,0,0,차대사람 - 기타,안전운전불이행,건조,맑음,단일로 - 기타,승용,남,53세,상해없음,보행자,남,46세,중상
2014082300100589,2014년 8월 23일 21시,토요일,대구광역시 수성구 파동,경상사고,0,0,1,0,차대사람 - 횡단중,안전운전불이행,건조,맑음,단일로 - 기타,승용,남,38세,상해없음,보행자,남,53세,경상
2014082300100590,2014년 8월 23일 21시,토요일,대구광역시 서구 비산동,경상사고,0,0,1,0,차대사람 - 기타,기타,건조,맑음,단일로 - 기타,자전거,남,22세,상해없음,보행자,여,38세,경상
2014082300100617,2014년 8월 23일 22시,토요일,대구광역시 북구 산격동,경상사고,0,0,1,0,차대차 - 추돌 - 주정차중,안전거리미확보,건조,맑음,교차로 - 교차로부근,승용,남,29세,상해없음,원동기,남,30세,경상
2014082300100618,2014년 8월 23일 22시,토요일,대구광역시 서구 중리동,부상신고사고,0,0,0,1,차대차 - 기타,신호위반,건조,맑음,교차로 - 교차로안,자전거,여,72세,부상신고,승용,남,57세,상해없음
2014082300100619,2014년 8월 23일 22시,토요일,대구광역시 북구 태전동,경상사고,0,0,1,0,차대사람 - 길가장자리구역통행중,안전운전불이행,건조,기타,단일로 - 기타,승용,남,24세,상해없음,보행자,남,40세,경상
2014082300100620,2014년 8월 23일 22시,토요일,대구광역시 북구 읍내동,중상사고,0,1,1,0,차대차 - 측면직각충돌,신호위반,건조,맑음,교차로 - 교차로안,승용,여,50세,경상,이륜,남,16세,중상
2014082300100645,2014년 8월 23일 23시,토요일,대구광역시 수성구 만촌동,경상사고,0,0,1,0,차대차 - 추돌 - 진행중,중앙선침범,건조,맑음,단일로 - 기타,승용,남,28세,상해없음,이륜,남,16세,경상
2014082300100646,2014년 8월 23일 23시,토요일,대구광역시 달서구 감삼동,부상신고사고,0,0,0,1,차대차 - 측면직각충돌,중앙선침범,건조,맑음,교차로 - 교차로부근,승용,남,60세,상해없음,이륜,남,34세,부상신고
2014082300100647,2014년 8월 23일 23시,토요일,대구광역시 달서구 용산동,경상사고,0,0,1,0,차대차 - 측면직각충돌,안전거리미확보,건조,맑음,교차로 - 교차로부근,승용,남,60세,상해없음,이륜,남,42세,경상
2014082400100031,2014년 8월 24일 01시,일요일,대구광역시 수성구 수성동4가,경상사고,0,0,3,0,차대차 - 측면직각충돌,안전거리미확보,건조,맑음,교차로 - 교차로부근,승용,남,28세,상해없음,승용,여,60세,경상
2014082400100032,2014년 8월 24일 01시,일요일,대구광역시 중구 삼덕동1가,경상사고,0,0,1,0,차대사람 - 기타,안전운전불이행,건조,맑음,단일로 - 기타,승용,남,22세,기타불명,보행자,남,23세,경상
2014082400100054,2014년 8월 24일 03시,일요일,대구광역시 남구 대명동,중상사고,0,1,0,0,차대사람 - 기타,안전운전불이행,건조,맑음,단일로 - 기타,승용,여,27세,상해없음,보행자,남,53세,중상
2014082400100055,2014년 8월 24일 03시,일요일,대구광역시 달서구 두류동,경상사고,0,0,4,0,차대차 - 기타,안전거리미확보,건조,맑음,교차로 - 교차로부근,특수,남,54세,상해없음,승용,남,39세,경상
2014082400100061,2014년 8월 24일 04시,일요일,대구광역시 남구 대명동,중상사고,0,1,0,0,차대사람 - 기타,불법유턴,건조,맑음,단일로 - 기타,승용,남,53세,상해없음,보행자,여,59세,중상
2014082400100062,2014년 8월 24일 04시,일요일,대구광역시 수성구 수성동2가,경상사고,0,0,1,0,차대차 - 측면직각충돌,안전거리미확보,건조,맑음,단일로 - 기타,이륜,남,17세,상해없음,이륜,남,17세,경상
2014082400100076,2014년 8월 24일 05시,일요일,대구광역시 중구 삼덕동3가,사망사고,1,0,0,0,차대사람 - 기타,안전운전불이행,건조,맑음,단일로 - 횡단보도상,승용,남,22세,상해없음,보행자,여,67세,사망
2014082400100093,2014년 8월 24일 06시,일요일,대구광역시 동구 용계동,중상사고,0,1,1,0,차대차 - 정면충돌,신호위반,건조,맑음,교차로 - 교차로안,승용,남,61세,경상,화물,남,55세,중상
2014082400100094,2014년 8월 24일 06시,일요일,대구광역시 달서구 두류동,중상사고,0,1,1,0,차대차 - 추돌 - 진행중,안전거리미확보,건조,맑음,단일로 - 기타,화물,여,51세,경상,승용,남,38세,상해없음
2014082400100115,2014년 8월 24일 08시,일요일,대구광역시 수성구 범물동,중상사고,0,1,0,0,차대차 - 측면직각충돌,직진우회전진행방해,건조,맑음,교차로 - 교차로안,승용,남,43세,상해없음,승용,여,36세,중상
2014082400100116,2014년 8월 24일 08시,일요일,대구광역시 수성구 지산동,경상사고,0,0,1,0,차대사람 - 횡단중,보행자보호의무위반,건조,맑음,단일로 - 기타,승용,여,60세,상해없음,보행자,여,19세,경상
2014082400100131,2014년 8월 24일 09시,일요일,대구광역시 수성구 매호동,경상사고,0,0,4,1,차대차 - 기타,교차로운행방법위반,건조,맑음,교차로 - 교차로안,승용,여,30세,부상신고,승용,남,64세,경상
2014082400100132,2014년 8월 24일 09시,일요일,대구광역시 서구 평리동,중상사고,0,1,0,0,차대사람 - 길가장자리구역통행중,안전운전불이행,건조,맑음,단일로 - 기타,승합,남,57세,상해없음,보행자,여,76세,중상
2014082400100156,2014년 8월 24일 10시,일요일,대구광역시 서구 상리동,사망사고,1,1,0,0,차대차 - 정면충돌,중앙선침범,습기,비,단일로 - 기타,화물,남,58세,사망,화물,남,57세,중상
2014082400100203,2014년 8월 24일 12시,일요일,대구광역시 달서구 호림동,경상사고,0,0,1,0,차대차 - 측면직각충돌,직진우회전진행방해,건조,맑음,교차로 - 교차로안,이륜,남,47세,경상,승용,남,44세,상해없음
2014082400100264,2014년 8월 24일 14시,일요일,대구광역시 중구 동인동2가,부상신고사고,0,0,0,1,차대차 - 기타,안전거리미확보,건조,맑음,단일로 - 기타,이륜,남,17세,부상신고,화물,남,58세,상해없음
2014082400100265,2014년 8월 24일 14시,일요일,대구광역시 중구 동인동3가,경상사고,0,0,1,0,차대사람 - 기타,안전운전불이행,건조,맑음,단일로 - 기타,자전거,남,75세,상해없음,보행자,여,10세,경상
2014082400100266,2014년 8월 24일 14시,일요일,대구광역시 달서구 두류동,경상사고,0,0,1,0,차대사람 - 기타,안전운전불이행,건조,맑음,단일로 - 기타,승용,여,40세,상해없음,보행자,남,33세,경상
2014082400100293,2014년 8월 24일 15시,일요일,대구광역시 중구 동문동,중상사고,0,1,0,0,차대차 - 측면직각충돌,안전운전불이행,건조,맑음,단일로 - 기타,이륜,남,26세,중상,승용,여,36세,상해없음
2014082400100323,2014년 8월 24일 16시,일요일,대구광역시 중구 공평동,경상사고,0,0,1,0,차대사람 - 보도통행중,안전운전불이행,건조,맑음,기타 - 기타,승용,남,23세,기타불명,보행자,여,16세,경상
2014082400100375,2014년 8월 24일 18시,일요일,대구광역시 북구 복현동,경상사고,0,0,1,0,차대차 - 기타,안전운전불이행,습기,흐림,단일로 - 기타,승용,남,28세,상해없음,이륜,남,32세,경상
2014082400100376,2014년 8월 24일 18시,일요일,대구광역시 중구 대봉동,경상사고,0,0,1,0,차대차 - 추돌 - 주정차중,안전운전불이행,건조,맑음,단일로 - 기타,승용,남,22세,상해없음,승용,남,58세,경상
2014082400100417,2014년 8월 24일 19시,일요일,대구광역시 달서구 송현동,중상사고,0,1,0,0,차량단독 - 기타,기타,건조,맑음,교차로 - 교차로안,승합,남,48세,상해없음,,,,
2014082400100418,2014년 8월 24일 19시,일요일,대구광역시 달서구 두류동,중상사고,0,1,0,0,차대사람 - 기타,안전운전불이행,건조,맑음,교차로 - 교차로안,승용,남,22세,상해없음,보행자,여,13세,중상
2014082400100459,2014년 8월 24일 20시,일요일,대구광역시 서구 비산동,경상사고,0,0,1,0,차대차 - 기타,안전운전불이행,건조,맑음,교차로 - 교차로부근,승용,남,39세,상해없음,승용,남,50세,경상
2014082400100460,2014년 8월 24일 20시,일요일,대구광역시 중구 동성로2가,경상사고,0,0,1,0,차대차 - 측면직각충돌,안전거리미확보,건조,맑음,단일로 - 기타,승용,남,64세,상해없음,이륜,남,16세,경상
2014082400100486,2014년 8월 24일 21시,일요일,대구광역시 북구 산격동,경상사고,0,0,2,0,차대차 - 기타,교차로운행방법위반,건조,맑음,교차로 - 교차로안,승용,남,51세,상해없음,승용,여,37세,경상
2014082500100026,2014년 8월 25일 02시,월요일,대구광역시 달서구 상인동,중상사고,0,1,0,0,차대차 - 기타,직진우회전진행방해,습기,비,교차로 - 교차로안,승용,여,53세,상해없음,원동기,남,40세,중상
2014082500100052,2014년 8월 25일 05시,월요일,대구광역시 달성군 현풍면,경상사고,0,0,2,0,차대차 - 추돌 - 주정차중,안전운전불이행,건조,흐림,단일로 - 기타,화물,남,57세,경상,특수,남,41세,경상
2014082500100054,2014년 8월 25일 05시,월요일,대구광역시 북구 구암동,중상사고,0,1,0,0,차대차 - 측면직각충돌,중앙선침범,습기,비,교차로 - 교차로부근,승용,여,47세,상해없음,자전거,남,59세,중상
2014082500100071,2014년 8월 25일 06시,월요일,대구광역시 서구 비산동,경상사고,0,0,1,0,차대사람 - 기타,안전운전불이행,습기,비,단일로 - 기타,승용,남,49세,상해없음,보행자,남,59세,경상
2014082500100097,2014년 8월 25일 07시,월요일,대구광역시 동구 효목동,부상신고사고,0,0,0,1,차량단독 - 기타,안전운전불이행,습기,비,단일로 - 기타,자전거,여,57세,부상신고,,,,
2014082500100098,2014년 8월 25일 07시,월요일,대구광역시 달성군 가창면,경상사고,0,0,2,0,차대차 - 측면직각충돌,안전운전불이행,습기,비,교차로 - 교차로부근,화물,남,33세,상해없음,승용,여,31세,경상
2014082500100129,2014년 8월 25일 08시,월요일,대구광역시 동구 신천동,경상사고,0,0,1,0,차대차 - 기타,안전거리미확보,건조,맑음,교차로 - 교차로부근,승용,남,72세,상해없음,승용,남,42세,경상
2014082500100130,2014년 8월 25일 08시,월요일,대구광역시 달서구 송현동,경상사고,0,0,1,0,차대차 - 추돌 - 진행중,안전운전불이행,습기,비,교차로 - 교차로부근,화물,남,66세,상해없음,승용,여,35세,경상
2014082500100168,2014년 8월 25일 09시,월요일,대구광역시 달성군 가창면,중상사고,0,1,0,0,차대사람 - 기타,신호위반,습기,비,교차로 - 교차로안,화물,남,24세,상해없음,보행자,남,89세,중상
2014082500100193,2014년 8월 25일 10시,월요일,대구광역시 중구 삼덕동3가,중상사고,0,1,1,0,차대차 - 측면직각충돌,교차로운행방법위반,건조,맑음,교차로 - 교차로안,승용,여,46세,경상,승용,남,63세,중상
2014082500100224,2014년 8월 25일 11시,월요일,대구광역시 동구 동호동,경상사고,0,0,1,1,차대차 - 측면직각충돌,신호위반,습기,비,교차로 - 교차로안,승용,남,73세,부상신고,승용,여,56세,경상
2014082500100225,2014년 8월 25일 11시,월요일,대구광역시 서구 중리동,중상사고,0,1,0,0,차대차 - 추돌 - 진행중,안전거리미확보,습기,비,단일로 - 기타,승용,남,36세,상해없음,승용,남,45세,중상
2014082500100226,2014년 8월 25일 11시,월요일,대구광역시 서구 내당동,경상사고,0,0,1,0,차대차 - 측면직각충돌,신호위반,습기,비,교차로 - 교차로안,승용,여,56세,상해없음,승용,남,41세,경상
2014082500100227,2014년 8월 25일 11시,월요일,대구광역시 남구 대명동,중상사고,0,2,1,0,차대차 - 추돌 - 주정차중,안전운전불이행,습기,비,단일로 - 기타,승용,남,26세,상해없음,승용,여,40세,중상
2014082500100253,2014년 8월 25일 12시,월요일,대구광역시 북구 복현동,경상사고,0,0,1,0,차대차 - 기타,차로위반,습기,비,단일로 - 기타,승용,남,75세,상해없음,승용,남,30세,경상
2014082500100254,2014년 8월 25일 12시,월요일,대구광역시 북구 노원동3가,경상사고,0,0,1,0,차대차 - 기타,안전운전불이행,습기,비,교차로 - 교차로안,승용,남,65세,상해없음,승용,여,34세,경상
2014082500100255,2014년 8월 25일 12시,월요일,대구광역시 서구 내당동,경상사고,0,0,1,0,차대차 - 기타,안전운전불이행,습기,비,단일로 - 기타,승용,여,56세,상해없음,승합,남,49세,상해없음
2014082500100284,2014년 8월 25일 13시,월요일,대구광역시 달성군 다사읍,경상사고,0,0,2,0,차대차 - 추돌 - 주정차중,안전운전불이행,건조,맑음,교차로 - 교차로부근,승용,남,54세,상해없음,승용,남,35세,경상
2014082500100350,2014년 8월 25일 15시,월요일,대구광역시 남구 봉덕동,경상사고,0,0,1,0,차대차 - 기타,안전운전불이행,건조,맑음,단일로 - 기타,이륜,남,38세,경상,승용,남,41세,상해없음
2014082500100391,2014년 8월 25일 16시,월요일,대구광역시 남구 대명동,경상사고,0,0,1,0,차대차 - 기타,안전운전불이행,건조,맑음,교차로 - 교차로부근,기타불명,기타불명,기타불명,기타불명,승용,남,53세,상해없음
2014082500100392,2014년 8월 25일 16시,월요일,대구광역시 수성구 만촌동,중상사고,0,1,0,0,차대사람 - 횡단중,보행자보호의무위반,습기,비,교차로 - 교차로부근,승합,남,54세,상해없음,보행자,여,9세,중상
2014082500100393,2014년 8월 25일 16시,월요일,대구광역시 서구 평리동,경상사고,0,0,1,0,차대차 - 측면직각충돌,안전거리미확보,건조,맑음,단일로 - 기타,화물,남,64세,상해없음,화물,남,64세,경상
2014082500100429,2014년 8월 25일 17시,월요일,대구광역시 남구 대명동,중상사고,0,1,0,0,차대차 - 기타,안전운전불이행,건조,맑음,단일로 - 기타,승용,여,52세,상해없음,자전거,남,74세,중상
2014082500100430,2014년 8월 25일 17시,월요일,대구광역시 동구 신암동,경상사고,0,0,1,0,차대차 - 추돌 - 진행중,안전운전불이행,습기,비,교차로 - 교차로안,승용,남,37세,상해없음,자전거,남,13세,경상
2014082500100460,2014년 8월 25일 18시,월요일,대구광역시 북구 산격동,경상사고,0,0,1,0,차대차 - 기타,교차로운행방법위반,습기,흐림,교차로 - 교차로안,기타불명,기타불명,기타불명,기타불명,원동기,남,56세,경상
2014082500100461,2014년 8월 25일 18시,월요일,대구광역시 달서구 죽전동,경상사고,0,0,1,0,차대차 - 측면직각충돌,차로위반,건조,맑음,단일로 - 기타,화물,남,64세,상해없음,승용,남,52세,경상
2014082500100495,2014년 8월 25일 19시,월요일,대구광역시 동구 방촌동,경상사고,0,0,1,0,차대차 - 기타,안전운전불이행,건조,맑음,단일로 - 기타,승용,남,42세,상해없음,화물,여,52세,경상
2014082500100496,2014년 8월 25일 19시,월요일,대구광역시 달성군 화원읍,중상사고,0,1,0,0,차대차 - 추돌 - 진행중,안전운전불이행,습기,비,단일로 - 기타,화물,남,59세,기타불명,승용,여,49세,중상
2014082500100497,2014년 8월 25일 19시,월요일,대구광역시 달서구 성당동,경상사고,0,0,1,0,차대차 - 기타,교차로운행방법위반,습기,흐림,교차로 - 교차로안,승용,남,41세,상해없음,이륜,남,29세,경상
2014082500100532,2014년 8월 25일 20시,월요일,대구광역시 달서구 갈산동,경상사고,0,0,1,0,차대차 - 기타,안전운전불이행,습기,흐림,교차로 - 교차로부근,화물,남,26세,상해없음,이륜,남,47세,경상
2014082500100572,2014년 8월 25일 21시,월요일,대구광역시 동구 율하동,경상사고,0,0,3,0,차대사람 - 횡단중,보행자보호의무위반,건조,맑음,교차로 - 교차로안,승용,여,30세,상해없음,보행자,여,18세,경상
2014082500100573,2014년 8월 25일 21시,월요일,대구광역시 달서구 용산동,경상사고,0,0,2,0,차대차 - 추돌 - 진행중,안전운전불이행,건조,흐림,교차로 - 교차로부근,승용,여,29세,경상,승용,남,30세,경상
2014082500100601,2014년 8월 25일 22시,월요일,대구광역시 동구 신천동,중상사고,0,1,0,0,차대사람 - 횡단중,안전운전불이행,건조,맑음,교차로 - 교차로부근,승용,남,55세,상해없음,보행자,남,18세,중상
2014082500100602,2014년 8월 25일 22시,월요일,대구광역시 달서구 진천동,중상사고,0,1,0,0,차대사람 - 횡단중,보행자보호의무위반,습기,비,단일로 - 기타,승용,남,40세,상해없음,보행자,여,20세,중상
2014082500100625,2014년 8월 25일 23시,월요일,대구광역시 동구 방촌동,경상사고,0,0,1,0,차대사람 - 횡단중,신호위반,건조,맑음,단일로 - 횡단보도상,승용,남,50세,상해없음,보행자,남,18세,경상
2014082600100016,2014년 8월 26일 00시,화요일,대구광역시 수성구 수성동1가,중상사고,0,1,3,0,차대차 - 측면직각충돌,안전운전불이행,습기,비,단일로 - 교량,승용,남,35세,상해없음,승용,여,31세,경상
2014082600100017,2014년 8월 26일 00시,화요일,대구광역시 중구 삼덕동1가,경상사고,0,0,3,0,차대사람 - 기타,안전운전불이행,건조,맑음,단일로 - 기타,승용,남,22세,기타불명,보행자,남,21세,경상
2014082600100018,2014년 8월 26일 00시,화요일,대구광역시 달서구 호산동,경상사고,0,0,1,0,차대차 - 기타,교차로운행방법위반,건조,맑음,교차로 - 교차로안,승용,남,37세,상해없음,승용,남,44세,경상
2014082600100031,2014년 8월 26일 01시,화요일,대구광역시 북구 침산동,경상사고,0,0,1,0,차대차 - 추돌 - 주정차중,안전운전불이행,건조,맑음,단일로 - 횡단보도상,승용,남,50세,상해없음,승용,남,33세,경상
2014082600100051,2014년 8월 26일 02시,화요일,대구광역시 수성구 만촌동,경상사고,0,0,1,0,차대차 - 기타,안전운전불이행,건조,맑음,단일로 - 기타,승용,남,59세,상해없음,승용,남,41세,경상
2014082600100055,2014년 8월 26일 03시,화요일,대구광역시 북구 노원동3가,경상사고,0,0,2,0,차대차 - 추돌 - 주정차중,안전운전불이행,습기,비,단일로 - 횡단보도부근,승용,남,57세,상해없음,승용,남,64세,경상
2014082600100066,2014년 8월 26일 04시,화요일,대구광역시 동구 신암동,경상사고,0,0,1,0,차대사람 - 횡단중,신호위반,건조,맑음,교차로 - 교차로부근,승용,남,62세,상해없음,보행자,남,55세,경상
2014082600100073,2014년 8월 26일 05시,화요일,대구광역시 서구 내당동,중상사고,0,1,0,0,차대사람 - 기타,안전운전불이행,건조,맑음,교차로 - 교차로부근,승용,남,35세,상해없음,보행자,여,62세,중상
2014082600100079,2014년 8월 26일 06시,화요일,대구광역시 동구 불로동,부상신고사고,0,0,0,1,차량단독 - 기타,안전운전불이행,건조,맑음,단일로 - 기타,승합,남,43세,상해없음,,,,
2014082600100080,2014년 8월 26일 06시,화요일,대구광역시 서구 원대동3가,경상사고,0,0,1,0,차대차 - 기타,안전운전불이행,건조,맑음,교차로 - 교차로부근,승용,여,38세,상해없음,승용,남,49세,경상
2014082600100104,2014년 8월 26일 07시,화요일,대구광역시 서구 평리동,경상사고,0,0,1,0,차대차 - 기타,안전운전불이행,건조,맑음,교차로 - 교차로안,승용,남,24세,상해없음,기타불명,여,71세,경상
2014082600100105,2014년 8월 26일 07시,화요일,대구광역시 달서구 용산동,경상사고,0,0,1,0,차대차 - 측면직각충돌,신호위반,건조,맑음,교차로 - 교차로안,승용,남,24세,상해없음,자전거,남,53세,경상
2014082600100134,2014년 8월 26일 08시,화요일,대구광역시 동구 신천동,중상사고,0,1,0,0,차대사람 - 횡단중,보행자보호의무위반,건조,맑음,교차로 - 교차로부근,승용,남,61세,상해없음,보행자,남,34세,중상
2014082600100135,2014년 8월 26일 08시,화요일,대구광역시 수성구 수성동4가,중상사고,0,1,0,0,차대사람 - 횡단중,보행자보호의무위반,건조,맑음,단일로 - 횡단보도상,승용,여,58세,상해없음,보행자,남,63세,중상
2014082600100136,2014년 8월 26일 08시,화요일,대구광역시 서구 비산동,경상사고,0,0,1,0,차대차 - 기타,안전운전불이행,건조,맑음,단일로 - 기타,승용,남,59세,상해없음,이륜,남,64세,경상
2014082600100137,2014년 8월 26일 08시,화요일,대구광역시 서구 평리동,경상사고,0,0,1,0,차대차 - 기타,기타,건조,맑음,단일로 - 기타,승용,남,66세,기타불명,자전거,남,28세,경상
2014082600100176,2014년 8월 26일 09시,화요일,대구광역시 북구 침산동,중상사고,0,1,0,0,차량단독 - 기타,안전운전불이행,건조,맑음,단일로 - 기타,승합,남,64세,상해없음,,,,
2014082600100199,2014년 8월 26일 10시,화요일,대구광역시 달서구 상인동,경상사고,0,0,1,0,차대차 - 추돌 - 주정차중,안전운전불이행,건조,맑음,교차로 - 교차로안,승용,남,65세,상해없음,승용,남,36세,경상