사고번호,사고일시,요일,시군구,사고내용,사망자수,중상자수,경상자수,부상신고자수,사고유형,법규위반,노면상태,기상상태,도로형태,가해운전자 차종,가해운전자 성별,가해운전자 연령,가해운전자 상해정도,피해운전자 차종,피해운전자 성별,피해운전자 연령,피해운전자 상해정도
2014082600100200,2014년 8월 26일 10시,화요일,대구광역시 달성군 다사읍,중상사고,0,1,0,0,차대사람 - 횡단중,신호위반,건조,맑음,교차로 - 교차로안,승용,여,30세,상해없음,보행자,남,81세,중상
2014082600100230,2014년 8월 26일 11시,화요일,대구광역시 중구 전동,경상사고,0,0,1,1,차대차 - 기타,중앙선침범,건조,맑음,단일로 - 기타,이륜,남,44세,부상신고,승용,남,33세,경상
2014082600100254,2014년 8월 26일 12시,화요일,대구광역시 수성구 고모동,중상사고,0,3,0,0,차대차 - 추돌 - 진행중,안전거리미확보,건조,맑음,단일로 - 기타,화물,남,54세,상해없음,승용,남,40세,중상
2014082600100286,2014년 8월 26일 13시,화요일,대구광역시 수성구 범어동,경상사고,0,0,1,0,차대사람 - 기타,보행자보호의무위반,건조,맑음,단일로 - 기타,승용,여,47세,상해없음,보행자,여,31세,경상
2014082600100318,2014년 8월 26일 14시,화요일,대구광역시 동구 괴전동,중상사고,0,1,0,0,차대차 - 기타,안전운전불이행,건조,맑음,교차로 - 교차로부근,승용,남,58세,상해없음,원동기,남,70세,중상
2014082600100319,2014년 8월 26일 14시,화요일,대구광역시 중구 남산동,중상사고,0,1,0,0,차대차 - 기타,안전운전불이행,건조,맑음,단일로 - 기타,승용,여,24세,상해없음,자전거,여,72세,중상
2014082600100320,2014년 8월 26일 14시,화요일,대구광역시 중구 동인동2가,경상사고,0,0,2,0,차대차 - 기타,안전운전불이행,건조,맑음,교차로 - 교차로부근,승용,남,25세,상해없음,승용,남,42세,경상
2014082600100357,2014년 8월 26일 15시,화요일,대구광역시 동구 신기동,중상사고,0,1,0,0,차대사람 - 횡단중,안전운전불이행,건조,맑음,교차로 - 교차로안,승용,여,50세,상해없음,보행자,여,76세,중상
2014082600100358,2014년 8월 26일 15시,화요일,대구광역시 동구 지저동,경상사고,0,0,1,0,차대차 - 기타,안전거리미확보,건조,맑음,단일로 - 기타,승용,남,70세,상해없음,승용,여,62세,경상
2014082600100359,2014년 8월 26일 15시,화요일,대구광역시 달서구 상인동,경상사고,0,0,2,0,차대차 - 추돌 - 주정차중,안전운전불이행,건조,맑음,교차로 - 교차로부근,승용,남,51세,상해없음,승용,여,39세,경상
2014082600100360,2014년 8월 26일 15시,화요일,대구광역시 달서구 유천동,경상사고,0,0,2,0,차대차 - 추돌 - 주정차중,안전운전불이행,건조,맑음,교차로 - 교차로부근,승용,남,28세,상해없음,승용,여,58세,경상
2014082600100361,2014년 8월 26일 15시,화요일,대구광역시 북구 읍내동,중상사고,0,1,0,0,차대차 - 측면직각충돌,안전운전불이행,건조,맑음,단일로 - 기타,화물,남,51세,상해없음,화물,남,46세,중상
2014082600100409,2014년 8월 26일 16시,화요일,대구광역시 동구 신기동,중상사고,0,1,0,0,차대차 - 기타,안전운전불이행,건조,맑음,교차로 - 교차로안,승용,남,60세,상해없음,자전거,남,59세,중상
2014082600100410,2014년 8월 26일 16시,화요일,대구광역시 달서구 대곡동,중상사고,0,1,2,0,차대차 - 추돌 - 주정차중,안전운전불이행,건조,맑음,단일로 - 기타,승용,남,24세,상해없음,승용,여,45세,경상
2014082600100451,2014년 8월 26일 17시,화요일,대구광역시 동구 신암동,경상사고,0,0,1,0,차대차 - 기타,안전운전불이행,습기,비,단일로 - 기타,승용,남,47세,상해없음,승용,남,24세,경상
2014082600100452,2014년 8월 26일 17시,화요일,대구광역시 수성구 황금동,중상사고,0,1,0,0,차대사람 - 기타,기타,건조,맑음,단일로 - 기타,승합,남,56세,상해없음,보행자,남,55세,중상
2014082600100453,2014년 8월 26일 17시,화요일,대구광역시 서구 내당동,경상사고,0,0,1,0,차대차 - 기타,안전운전불이행,건조,맑음,교차로 - 교차로안,승용,여,58세,상해없음,승용,남,58세,상해없음
2014082600100498,2014년 8월 26일 18시,화요일,대구광역시 수성구 범어동,경상사고,0,0,1,0,차대차 - 기타,안전운전불이행,습기,비,단일로 - 기타,승용,여,38세,상해없음,승용,남,26세,경상
2014082600100499,2014년 8월 26일 18시,화요일,대구광역시 수성구 범물동,부상신고사고,0,0,0,1,차대차 - 측면직각충돌,안전거리미확보,습기,비,단일로 - 기타,승용,여,48세,부상신고,화물,남,39세,상해없음
2014082600100500,2014년 8월 26일 18시,화요일,대구광역시 북구 산격동,경상사고,0,0,2,0,차대차 - 측면직각충돌,교차로운행방법위반,건조,맑음,교차로 - 교차로안,승용,남,50세,상해없음,승용,남,29세,경상
2014082600100501,2014년 8월 26일 18시,화요일,대구광역시 북구 국우동,경상사고,0,0,1,0,차대차 - 기타,안전운전불이행,건조,맑음,단일로 - 기타,승합,남,62세,상해없음,승용,남,58세,경상
2014082600100542,2014년 8월 26일 19시,화요일,대구광역시 동구 각산동,경상사고,0,0,1,0,차대차 - 추돌 - 진행중,안전거리미확보,습기,비,단일로 - 기타,화물,남,61세,상해없음,승용,여,32세,경상
2014082600100543,2014년 8월 26일 19시,화요일,대구광역시 수성구 황금동,중상사고,0,1,0,0,차대사람 - 횡단중,안전운전불이행,건조,맑음,교차로 - 교차로안,승용,남,55세,상해없음,보행자,여,74세,중상
2014082600100544,2014년 8월 26일 19시,화요일,대구광역시 수성구 상동,경상사고,0,0,2,0,차대차 - 추돌 - 진행중,교차로운행방법위반,습기,비,교차로 - 교차로안,승용,남,64세,경상,화물,남,31세,경상
2014082600100545,2014년 8월 26일 19시,화요일,대구광역시 수성구 범어동,경상사고,0,0,1,0,차대차 - 기타,안전거리미확보,습기,비,단일로 - 기타,승용,남,35세,상해없음,승용,남,29세,경상
2014082600100546,2014년 8월 26일 19시,화요일,대구광역시 달성군 구지면,중상사고,0,1,1,0,차대차 - 측면직각충돌,신호위반,건조,맑음,교차로 - 교차로안,화물,남,55세,기타불명,승용,남,29세,중상
2014082600100547,2014년 8월 26일 19시,화요일,대구광역시 북구 태전동,경상사고,0,0,1,0,차대차 - 추돌 - 주정차중,안전운전불이행,건조,맑음,단일로 - 기타,화물,남,23세,상해없음,승용,남,31세,경상
2014082600100582,2014년 8월 26일 20시,화요일,대구광역시 달서구 신당동,경상사고,0,0,2,0,차대차 - 측면직각충돌,안전거리미확보,건조,맑음,단일로 - 기타,승용,여,53세,상해없음,승용,여,24세,경상
2014082600100616,2014년 8월 26일 21시,화요일,대구광역시 수성구 파동,경상사고,0,0,1,0,차대차 - 기타,안전운전불이행,건조,맑음,교차로 - 교차로안,승용,여,47세,상해없음,이륜,남,52세,경상
2014082600100617,2014년 8월 26일 21시,화요일,대구광역시 서구 내당동,경상사고,0,0,2,0,차대차 - 측면직각충돌,중앙선침범,건조,맑음,단일로 - 기타,승용,남,58세,상해없음,이륜,남,16세,경상
2014082600100618,2014년 8월 26일 21시,화요일,대구광역시 달서구 죽전동,부상신고사고,0,0,0,1,차대차 - 기타,안전거리미확보,건조,맑음,교차로 - 교차로안,승용,여,48세,상해없음,승용,남,28세,부상신고
2014082600100619,2014년 8월 26일 21시,화요일,대구광역시 달서구 이곡동,중상사고,0,1,0,0,차대차 - 측면직각충돌,교차로운행방법위반,건조,맑음,교차로 - 교차로안,화물,남,46세,상해없음,승용,남,64세,중상
2014082600100652,2014년 8월 26일 22시,화요일,대구광역시 동구 신암동,경상사고,0,0,1,0,차대차 - 측면직각충돌,안전거리미확보,건조,맑음,단일로 - 기타,승합,남,61세,상해없음,승용,남,58세,경상
2014082600100653,2014년 8월 26일 22시,화요일,대구광역시 수성구 가천동,중상사고,0,1,1,0,차대사람 - 횡단중,보행자보호의무위반,건조,맑음,교차로 - 교차로부근,승용,남,50세,상해없음,보행자,여,57세,중상
2014082600100654,2014년 8월 26일 22시,화요일,대구광역시 서구 내당동,경상사고,0,0,1,0,차대차 - 추돌 - 주정차중,안전운전불이행,건조,맑음,단일로 - 기타,승용,남,34세,상해없음,승합,남,56세,경상
2014082600100681,2014년 8월 26일 23시,화요일,대구광역시 북구 산격동,경상사고,0,0,1,0,차대사람 - 기타,안전운전불이행,건조,맑음,단일로 - 기타,승용,남,24세,상해없음,보행자,남,24세,경상
2014082600100682,2014년 8월 26일 23시,화요일,대구광역시 북구 태전동,경상사고,0,0,1,0,차대차 - 측면직각충돌,안전거리미확보,건조,맑음,단일로 - 기타,승용,남,57세,상해없음,이륜,남,19세,경상
2014082700100036,2014년 8월 27일 02시,수요일,대구광역시 달서구 감삼동,중상사고,0,1,1,0,차대차 - 추돌 - 주정차중,안전운전불이행,건조,맑음,단일로 - 기타,승용,남,38세,상해없음,승용,남,46세,중상
2014082700100049,2014년 8월 27일 03시,수요일,대구광역시 남구 이천동,중상사고,0,1,0,0,차대차 - 기타,안전운전불이행,건조,맑음,단일로 - 기타,승용,남,41세,상해없음,승용,여,66세,중상
2014082700100099,2014년 8월 27일 07시,수요일,대구광역시 중구 봉산동,중상사고,0,1,0,0,차대차 - 기타,안전운전불이행,건조,흐림,교차로 - 교차로부근,기타불명,기타불명,기타불명,기타불명,자전거,남,69세,중상
2014082700100132,2014년 8월 27일 08시,수요일,대구광역시 달서구 상인동,중상사고,0,2,0,0,차대차 - 기타,중앙선침범,건조,맑음,단일로 - 기타,승용,여,63세,상해없음,승용,여,55세,중상
2014082700100133,2014년 8월 27일 08시,수요일,대구광역시 북구 노원동2가,부상신고사고,0,0,0,1,차대차 - 기타,불법유턴,건조,맑음,교차로 - 교차로안,자전거,여,47세,부상신고,화물,남,29세,상해없음
2014082700100166,2014년 8월 27일 09시,수요일,대구광역시 북구 산격동,부상신고사고,0,0,0,1,차대차 - 측면직각충돌,차로위반,건조,맑음,단일로 - 교량,자전거,남,76세,부상신고,승용,여,55세,상해없음
2014082700100167,2014년 8월 27일 09시,수요일,대구광역시 중구 문화동,경상사고,0,0,1,0,차대차 - 추돌 - 진행중,안전거리미확보,건조,맑음,단일로 - 기타,화물,남,37세,상해없음,승용,남,24세,경상
2014082700100198,2014년 8월 27일 10시,수요일,대구광역시 북구 침산동,중상사고,0,1,0,0,차대차 - 측면직각충돌,안전운전불이행,건조,맑음,단일로 - 기타,승용,남,53세,상해없음,자전거,남,66세,중상
2014082700100256,2014년 8월 27일 12시,수요일,대구광역시 남구 봉덕동,경상사고,0,0,1,0,차대사람 - 횡단중,안전운전불이행,건조,맑음,교차로 - 교차로부근,승용,남,25세,상해없음,보행자,여,67세,경상
2014082700100329,2014년 8월 27일 14시,수요일,대구광역시 달서구 월성동,중상사고,0,1,0,0,차대차 - 측면직각충돌,신호위반,건조,맑음,교차로 - 교차로안,원동기,여,47세,중상,화물,남,51세,상해없음
2014082700100330,2014년 8월 27일 14시,수요일,대구광역시 중구 덕산동,중상사고,0,1,0,0,차대차 - 기타,중앙선침범,건조,맑음,교차로 - 교차로안,원동기,남,25세,기타불명,원동기,남,43세,중상
2014082700100362,2014년 8월 27일 15시,수요일,대구광역시 동구 율하동,경상사고,0,0,1,0,차대차 - 측면직각충돌,안전운전불이행,건조,맑음,단일로 - 기타,승용,남,44세,상해없음,자전거,남,9세,경상
2014082700100363,2014년 8월 27일 15시,수요일,대구광역시 수성구 범어동,부상신고사고,0,0,0,1,차대차 - 추돌 - 진행중,안전운전불이행,건조,맑음,교차로 - 교차로안,승용,남,37세,상해없음,승용,여,42세,부상신고
2014082700100364,2014년 8월 27일 15시,수요일,대구광역시 달서구 장동,경상사고,0,0,1,0,차대차 - 측면직각충돌,안전거리미확보,건조,맑음,단일로 - 기타,특수,남,52세,상해없음,승용,여,42세,경상
2014082700100405,2014년 8월 27일 16시,수요일,대구광역시 중구 계산동1가,경상사고,0,0,1,0,차대차 - 기타,안전운전불이행,건조,맑음,교차로 - 교차로부근,원동기,남,18세,상해없음,화물,남,41세,상해없음
2014082700100453,2014년 8월 27일 17시,수요일,대구광역시 달서구 두류동,경상사고,0,0,2,0,차대차 - 측면직각충돌,교차로운행방법위반,건조,맑음,교차로 - 교차로안,승용,남,51세,상해없음,승용,여,51세,경상
2014082700100454,2014년 8월 27일 17시,수요일,대구광역시 북구 서변동,경상사고,0,0,1,0,차대차 - 추돌 - 진행중,안전거리미확보,건조,맑음,단일로 - 기타,승용,여,40세,상해없음,승용,남,28세,경상
2014082700100499,2014년 8월 27일 18시,수요일,대구광역시 중구 동인동2가,경상사고,0,0,1,0,차대차 - 기타,신호위반,건조,흐림,교차로 - 교차로안,원동기,남,67세,상해없음,승용,남,58세,경상
2014082700100500,2014년 8월 27일 18시,수요일,대구광역시 중구 서문로2가,중상사고,0,1,0,0,차대차 - 기타,안전운전불이행,건조,맑음,교차로 - 교차로부근,승용,남,76세,상해없음,승용,남,48세,중상
2014082700100546,2014년 8월 27일 19시,수요일,대구광역시 수성구 수성동2가,경상사고,0,0,1,0,차대차 - 측면직각충돌,차로위반,건조,맑음,단일로 - 기타,화물,남,20세,상해없음,승용,남,62세,상해없음
2014082700100547,2014년 8월 27일 19시,수요일,대구광역시 북구 태전동,경상사고,0,0,5,0,차대차 - 추돌 - 주정차중,안전운전불이행,건조,맑음,단일로 - 기타,승용,여,48세,경상,승용,여,38세,경상
2014082700100582,2014년 8월 27일 20시,수요일,대구광역시 달서구 송현동,경상사고,0,0,2,0,차대차 - 측면직각충돌,안전운전불이행,건조,맑음,교차로 - 교차로부근,승용,남,60세,상해없음,승용,남,57세,경상
2014082700100609,2014년 8월 27일 21시,수요일,대구광역시 수성구 두산동,경상사고,0,0,1,0,차대차 - 정면충돌,중앙선침범,건조,맑음,교차로 - 교차로안,자전거,남,26세,경상,승용,남,48세,상해없음
2014082700100610,2014년 8월 27일 21시,수요일,대구광역시 서구 평리동,경상사고,0,0,2,0,차대차 - 추돌 - 주정차중,안전거리미확보,건조,맑음,단일로 - 기타,승용,여,44세,상해없음,승용,여,29세,경상
2014082700100611,2014년 8월 27일 21시,수요일,대구광역시 달서구 성당동,중상사고,0,2,4,0,차대차 - 측면직각충돌,신호위반,건조,맑음,교차로 - 교차로안,승용,여,46세,상해없음,승용,남,30세,중상
2014082700100612,2014년 8월 27일 21시,수요일,대구광역시 달서구 신당동,부상신고사고,0,0,0,1,차대차 - 기타,안전운전불이행,건조,맑음,교차로 - 교차로부근,승용,기타불명,기타불명,기타불명,자전거,남,43세,부상신고
2014082700100613,2014년 8월 27일 21시,수요일,대구광역시 달서구 신당동,경상사고,0,0,1,0,차대차 - 기타,안전거리미확보,건조,맑음,단일로 - 기타,승용,남,44세,기타불명,승용,남,42세,경상
2014082700100614,2014년 8월 27일 21시,수요일,대구광역시 북구 금호동,중상사고,0,1,0,0,차대차 - 측면직각충돌,중앙선침범,건조,맑음,교차로 - 교차로부근,승용,남,62세,상해없음,이륜,남,42세,중상
2014082700100645,2014년 8월 27일 22시,수요일,대구광역시 달성군 다사읍,경상사고,0,0,1,0,차대사람 - 기타,안전운전불이행,건조,맑음,단일로 - 기타,자전거,기타불명,기타불명,기타불명,보행자,남,20세,경상
2014082700100646,2014년 8월 27일 22시,수요일,대구광역시 달성군 다사읍,중상사고,0,1,0,0,차대사람 - 횡단중,신호위반,건조,맑음,단일로 - 기타,승용,여,44세,상해없음,보행자,남,64세,중상
2014082700100647,2014년 8월 27일 22시,수요일,대구광역시 북구 서변동,중상사고,0,1,0,0,차대차 - 측면직각충돌,안전운전불이행,건조,맑음,교차로 - 교차로안,승용,여,67세,기타불명,원동기,남,40세,중상
2014082700100667,2014년 8월 27일 23시,수요일,대구광역시 북구 동천동,중상사고,0,2,0,0,차대차 - 정면충돌,신호위반,건조,맑음,교차로 - 교차로안,원동기,남,17세,중상,승합,남,54세,중상
2014082800100035,2014년 8월 28일 01시,목요일,대구광역시 중구 도원동,중상사고,0,1,0,0,차대사람 - 기타,안전운전불이행,건조,맑음,단일로 - 기타,기타불명,기타불명,기타불명,기타불명,보행자,남,28세,중상
2014082800100045,2014년 8월 28일 02시,목요일,대구광역시 달서구 월성동,중상사고,0,1,1,0,차대차 - 기타,중앙선침범,건조,맑음,교차로 - 교차로안,승용,남,47세,상해없음,이륜,남,15세,중상
2014082800100046,2014년 8월 28일 02시,목요일,대구광역시 달서구 감삼동,중상사고,0,1,1,0,차대차 - 추돌 - 주정차중,안전운전불이행,건조,맑음,단일로 - 기타,승용,여,25세,상해없음,승용,남,53세,중상
2014082800100071,2014년 8월 28일 05시,목요일,대구광역시 중구 삼덕동1가,경상사고,0,0,1,0,차대사람 - 기타,안전운전불이행,건조,맑음,단일로 - 기타,이륜,남,65세,상해없음,보행자,남,24세,경상
2014082800100114,2014년 8월 28일 07시,목요일,대구광역시 북구 침산동,경상사고,0,0,1,0,차대차 - 측면직각충돌,안전거리미확보,건조,맑음,단일로 - 기타,화물,남,63세,상해없음,승용,남,37세,경상
2014082800100115,2014년 8월 28일 07시,목요일,대구광역시 달서구 신당동,경상사고,0,0,1,0,차대차 - 측면직각충돌,안전운전불이행,건조,맑음,단일로 - 기타,이륜,남,26세,경상,승용,남,29세,상해없음
2014082800100209,2014년 8월 28일 10시,목요일,대구광역시 남구 대명동,경상사고,0,0,3,0,차대차 - 측면직각충돌,안전운전불이행,건조,맑음,교차로 - 교차로부근,승용,남,53세,상해없음,승용,남,47세,경상
2014082800100258,2014년 8월 28일 12시,목요일,대구광역시 수성구 중동,부상신고사고,0,0,0,1,차대차 - 기타,안전운전불이행,건조,맑음,교차로 - 교차로안,자전거,여,63세,부상신고,승용,여,41세,상해없음
2014082800100293,2014년 8월 28일 13시,목요일,대구광역시 달서구 진천동,중상사고,0,2,0,0,차대차 - 추돌 - 주정차중,안전거리미확보,건조,맑음,단일로 - 기타,승용,남,47세,상해없음,승용,여,47세,중상
2014082800100294,2014년 8월 28일 13시,목요일,대구광역시 달성군 유가면,중상사고,0,1,3,0,차대차 - 추돌 - 진행중,안전운전불이행,건조,맑음,교차로 - 교차로안,건설기계,남,57세,중상,화물,남,50세,상해없음
2014082800100295,2014년 8월 28일 13시,목요일,대구광역시 달서구 본리동,중상사고,0,1,0,0,차대차 - 기타,안전운전불이행,건조,맑음,교차로 - 교차로부근,승용,남,47세,상해없음,자전거,여,59세,중상
2014082800100327,2014년 8월 28일 14시,목요일,대구광역시 달성군 화원읍,중상사고,0,1,0,0,차대사람 - 횡단중,안전운전불이행,건조,맑음,교차로 - 교차로부근,승용,남,59세,상해없음,보행자,여,16세,중상
2014082800100328,2014년 8월 28일 14시,목요일,대구광역시 서구 상리동,경상사고,0,0,1,0,차대차 - 기타,안전운전불이행,건조,맑음,단일로 - 기타,승용,여,29세,상해없음,승용,여,42세,경상
2014082800100329,2014년 8월 28일 14시,목요일,대구광역시 달서구 용산동,경상사고,0,0,1,0,차대차 - 측면직각충돌,보행자보호의무위반,건조,맑음,단일로 - 횡단보도상,승용,여,38세,상해없음,자전거,남,7세,경상
2014082800100368,2014년 8월 28일 15시,목요일,대구광역시 중구 달성동,중상사고,0,1,0,0,차대차 - 기타,안전운전불이행,건조,흐림,교차로 - 교차로부근,승용,남,82세,상해없음,이륜,남,38세,중상
2014082800100403,2014년 8월 28일 16시,목요일,대구광역시 수성구 범어동,중상사고,0,1,0,0,차대차 - 기타,기타,건조,맑음,단일로 - 횡단보도부근,승용,남,37세,상해없음,자전거,남,65세,중상
2014082800100404,2014년 8월 28일 16시,목요일,대구광역시 수성구 만촌동,경상사고,0,0,4,0,차대차 - 기타,안전운전불이행,건조,맑음,교차로 - 교차로부근,승용,여,54세,상해없음,승용,여,28세,경상
2014082800100405,2014년 8월 28일 16시,목요일,대구광역시 북구 칠성동1가,경상사고,0,0,1,0,차대차 - 측면직각충돌,중앙선침범,건조,맑음,단일로 - 횡단보도부근,화물,남,56세,상해없음,원동기,남,50세,경상
2014082800100406,2014년 8월 28일 16시,목요일,대구광역시 북구 산격동,중상사고,0,1,2,0,차대차 - 측면직각충돌,신호위반,건조,맑음,교차로 - 교차로안,승용,남,64세,경상,화물,남,52세,중상
2014082800100444,2014년 8월 28일 17시,목요일,대구광역시 남구 봉덕동,경상사고,0,0,1,0,차대차 - 측면직각충돌,안전운전불이행,건조,맑음,단일로 - 기타,승용,여,33세,상해없음,이륜,남,42세,경상
2014082800100445,2014년 8월 28일 17시,목요일,대구광역시 동구 신암동,중상사고,0,1,0,1,차대차 - 기타,안전운전불이행,건조,맑음,단일로 - 기타,이륜,남,18세,부상신고,이륜,남,46세,중상
2014082800100446,2014년 8월 28일 17시,목요일,대구광역시 수성구 수성동1가,중상사고,0,1,0,0,차대사람 - 횡단중,신호위반,건조,맑음,단일로 - 기타,화물,남,41세,상해없음,보행자,여,60세,중상
2014082800100491,2014년 8월 28일 18시,목요일,대구광역시 동구 동호동,경상사고,0,0,2,0,차대차 - 측면직각충돌,안전운전불이행,건조,맑음,단일로 - 기타,이륜,남,18세,경상,이륜,남,44세,경상
2014082800100492,2014년 8월 28일 18시,목요일,대구광역시 달서구 대곡동,경상사고,0,0,2,0,차대차 - 기타,신호위반,건조,맑음,교차로 - 교차로안,승용,여,43세,상해없음,승용,여,35세,경상
2014082800100493,2014년 8월 28일 18시,목요일,대구광역시 서구 내당동,경상사고,0,0,1,0,차대차 - 측면직각충돌,교차로운행방법위반,건조,맑음,교차로 - 교차로안,화물,남,55세,상해없음,승용,여,54세,경상
2014082800100494,2014년 8월 28일 18시,목요일,대구광역시 남구 대명동,경상사고,0,0,1,0,차대차 - 기타,안전거리미확보,건조,맑음,교차로 - 교차로부근,화물,남,59세,상해없음,이륜,남,29세,경상
2014082800100495,2014년 8월 28일 18시,목요일,대구광역시 북구 매천동,경상사고,0,0,1,0,차대차 - 추돌 - 진행중,안전거리미확보,건조,맑음,단일로 - 기타,이륜,남,52세,상해없음,이륜,남,28세,경상
2014082800100528,2014년 8월 28일 19시,목요일,대구광역시 동구 신암동,중상사고,0,1,0,0,차대사람 - 횡단중,안전운전불이행,건조,맑음,단일로 - 기타,승용,남,44세,상해없음,보행자,여,71세,중상
2014082800100529,2014년 8월 28일 19시,목요일,대구광역시 동구 효목동,부상신고사고,0,0,0,1,차대차 - 기타,안전운전불이행,건조,맑음,단일로 - 기타,자전거,남,76세,부상신고,원동기,남,31세,상해없음
2014082800100530,2014년 8월 28일 19시,목요일,대구광역시 수성구 수성동4가,부상신고사고,0,0,0,1,차량단독 - 공작물충돌,기타,건조,맑음,단일로 - 기타,자전거,남,54세,부상신고,,,,
2014082800100531,2014년 8월 28일 19시,목요일,대구광역시 달서구 진천동,중상사고,0,1,0,0,차대차 - 측면직각충돌,안전운전불이행,건조,맑음,단일로 - 기타,승용,남,46세,상해없음,원동기,남,22세,중상
2014082800100532,2014년 8월 28일 19시,목요일,대구광역시 달서구 진천동,경상사고,0,0,1,0,차대사람 - 길가장자리구역통행중,보행자보호의무위반,건조,맑음,교차로 - 교차로안,승용,여,30세,기타불명,보행자,남,53세,경상
2014082800100533,2014년 8월 28일 19시,목요일,대구광역시 달서구 월성동,경상사고,0,0,2,0,차대차 - 기타,안전운전불이행,건조,맑음,교차로 - 교차로부근,승합,남,66세,상해없음,승용,남,48세,경상
2014082800100572,2014년 8월 28일 20시,목요일,대구광역시 동구 효목동,중상사고,0,1,0,0,차대차 - 기타,안전운전불이행,건조,맑음,단일로 - 기타,화물,남,47세,상해없음,이륜,남,65세,중상
2014082800100573,2014년 8월 28일 20시,목요일,대구광역시 달성군 논공읍,부상신고사고,0,0,0,1,차대사람 - 기타,안전운전불이행,건조,맑음,단일로 - 기타,기타불명,기타불명,기타불명,기타불명,보행자,남,36세,부상신고
2014082900100030,2014년 8월 29일 01시,금요일,대구광역시 달서구 장기동,경상사고,0,0,1,0,차대차 - 추돌 - 진행중,안전운전불이행,건조,맑음,단일로 - 기타,승용,남,40세,상해없음,승용,남,30세,상해없음
2014082900100041,2014년 8월 29일 02시,금요일,대구광역시 수성구 황금동,중상사고,0,1,1,0,차대사람 - 횡단중,보행자보호의무위반,건조,맑음,단일로 - 횡단보도상,승용,남,30세,상해없음,보행자,남,36세,중상
2014082900100042,2014년 8월 29일 02시,금요일,대구광역시 달성군 논공읍,경상사고,0,0,4,0,차대차 - 기타,직진우회전진행방해,건조,맑음,교차로 - 교차로안,승용,남,49세,경상,승용,남,46세,경상
2014082900100057,2014년 8월 29일 04시,금요일,대구광역시 서구 내당동,중상사고,0,1,1,0,차대차 - 추돌 - 진행중,안전거리미확보,건조,맑음,교차로 - 교차로부근,승용,남,68세,상해없음,승용,남,50세,중상
2014082900100104,2014년 8월 29일 07시,금요일,대구광역시 달서구 상인동,부상신고사고,0,0,0,1,차대사람 - 횡단중,안전운전불이행,건조,맑음,단일로 - 기타,승용,남,52세,상해없음,보행자,남,17세,부상신고
2014082900100143,2014년 8월 29일 08시,금요일,대구광역시 북구 노원동2가,중상사고,0,1,0,0,차대사람 - 기타,안전운전불이행,건조,맑음,교차로 - 교차로안,승용,남,54세,상해없음,보행자,남,59세,중상
2014082900100144,2014년 8월 29일 08시,금요일,대구광역시 중구 남산동,경상사고,0,0,1,0,차대차 - 기타,안전운전불이행,건조,흐림,단일로 - 기타,특수,남,44세,상해없음,승용,남,71세,경상
2014082900100145,2014년 8월 29일 08시,금요일,대구광역시 달서구 감삼동,경상사고,0,0,1,0,차대사람 - 기타,안전운전불이행,건조,맑음,단일로 - 기타,승합,남,44세,상해없음,보행자,여,26세,경상
2014082900100146,2014년 8월 29일 08시,금요일,대구광역시 달서구 성당동,경상사고,0,0,1,0,차대차 - 기타,안전거리미확보,건조,맑음,단일로 - 기타,승합,여,54세,상해없음,승합,남,37세,경상
2014082900100174,2014년 8월 29일 09시,금요일,대구광역시 남구 봉덕동,중상사고,0,1,0,0,차대사람 - 보도통행중,보행자보호의무위반,건조,맑음,교차로 - 교차로안,승용,여,61세,상해없음,보행자,여,57세,중상
2014082900100175,2014년 8월 29일 09시,금요일,대구광역시 달서구 도원동,중상사고,0,1,0,0,차대사람 - 횡단중,신호위반,건조,맑음,교차로 - 교차로부근,승합,남,46세,상해없음,보행자,여,45세,중상
2014082900100176,2014년 8월 29일 09시,금요일,대구광역시 달서구 갈산동,경상사고,0,0,2,0,차대차 - 정면충돌,교차로운행방법위반,건조,맑음,교차로 - 교차로안,승용,여,52세,경상,승용,여,46세,경상
2014082900100232,2014년 8월 29일 11시,금요일,대구광역시 북구 노원동3가,경상사고,0,0,1,0,차대사람 - 기타,안전운전불이행,건조,맑음,단일로 - 기타,기타불명,기타불명,기타불명,기타불명,보행자,남,41세,경상
2014082900100257,2014년 8월 29일 12시,금요일,대구광역시 달서구 송현동,중상사고,0,1,0,0,차대차 - 기타,차로위반,건조,맑음,교차로 - 교차로부근,화물,남,70세,상해없음,이륜,남,41세,중상
2014082900100291,2014년 8월 29일 13시,금요일,대구광역시 남구 대명동,중상사고,0,1,1,0,차대차 - 측면직각충돌,신호위반,건조,맑음,교차로 - 교차로부근,이륜,남,20세,중상,승용,여,43세,경상
2014082900100292,2014년 8월 29일 13시,금요일,대구광역시 동구 신암동,부상신고사고,0,0,0,1,차량단독 - 기타,안전운전불이행,건조,맑음,교차로 - 교차로안,승합,남,42세,상해없음,,,,
2014082900100293,2014년 8월 29일 13시,금요일,대구광역시 북구 노원동3가,경상사고,0,0,1,0,차대차 - 추돌 - 진행중,안전운전불이행,건조,맑음,교차로 - 교차로안,승합,남,53세,상해없음,승용,남,62세,경상
2014082900100294,2014년 8월 29일 13시,금요일,대구광역시 서구 비산동,경상사고,0,0,1,1,차대차 - 기타,신호위반,건조,맑음,교차로 - 교차로부근,이륜,남,37세,부상신고,승용,여,37세,경상