사고번호,사고일시,요일,시군구,사고내용,사망자수,중상자수,경상자수,부상신고자수,사고유형,법규위반,노면상태,기상상태,도로형태,가해운전자 차종,가해운전자 성별,가해운전자 연령,가해운전자 상해정도,피해운전자 차종,피해운전자 성별,피해운전자 연령,피해운전자 상해정도
2014082900100295,2014년 8월 29일 13시,금요일,대구광역시 중구 서성로2가,경상사고,0,0,1,0,차대차 - 기타,안전운전불이행,건조,맑음,단일로 - 기타,승용,여,54세,기타불명,승용,남,34세,경상
2014082900100296,2014년 8월 29일 13시,금요일,대구광역시 중구 동인동1가,중상사고,0,1,0,0,차대차 - 기타,안전운전불이행,건조,맑음,교차로 - 교차로안,화물,남,50세,상해없음,원동기,남,75세,중상
2014082900100335,2014년 8월 29일 14시,금요일,대구광역시 남구 대명동,중상사고,0,1,0,0,차대차 - 기타,신호위반,건조,맑음,단일로 - 기타,승용,남,54세,상해없음,자전거,남,72세,중상
2014082900100336,2014년 8월 29일 14시,금요일,대구광역시 달서구 용산동,중상사고,0,1,0,0,차대차 - 기타,중앙선침범,건조,맑음,단일로 - 기타,화물,남,40세,상해없음,이륜,남,34세,중상
2014082900100337,2014년 8월 29일 14시,금요일,대구광역시 북구 학정동,중상사고,0,1,1,0,차대차 - 기타,신호위반,건조,맑음,교차로 - 교차로안,화물,남,68세,상해없음,승용,남,46세,중상
2014082900100371,2014년 8월 29일 15시,금요일,대구광역시 달성군 다사읍,경상사고,0,0,1,0,차대차 - 기타,신호위반,건조,맑음,교차로 - 교차로부근,기타불명,기타불명,기타불명,기타불명,승합,남,47세,상해없음
2014082900100407,2014년 8월 29일 16시,금요일,대구광역시 남구 봉덕동,경상사고,0,0,1,0,차대차 - 측면직각충돌,직진우회전진행방해,건조,맑음,교차로 - 교차로안,승용,여,35세,상해없음,승용,남,56세,경상
2014082900100408,2014년 8월 29일 16시,금요일,대구광역시 달서구 송현동,중상사고,0,4,1,0,차대차 - 기타,안전운전불이행,건조,맑음,단일로 - 기타,승용,여,54세,중상,승용,남,51세,경상
2014082900100409,2014년 8월 29일 16시,금요일,대구광역시 서구 원대동3가,경상사고,0,0,2,0,차대차 - 측면직각충돌,안전거리미확보,건조,맑음,단일로 - 기타,승용,남,54세,상해없음,승합,남,52세,상해없음
2014082900100461,2014년 8월 29일 17시,금요일,대구광역시 북구 고성동2가,경상사고,0,0,1,0,차대차 - 기타,교차로운행방법위반,건조,맑음,교차로 - 교차로안,화물,남,64세,상해없음,원동기,남,66세,경상
2014082900100462,2014년 8월 29일 17시,금요일,대구광역시 북구 고성동2가,경상사고,0,0,1,0,차대차 - 기타,신호위반,건조,맑음,단일로 - 횡단보도상,원동기,남,18세,상해없음,자전거,남,8세,경상
2014082900100463,2014년 8월 29일 17시,금요일,대구광역시 서구 평리동,경상사고,0,0,2,0,차대차 - 추돌 - 진행중,안전운전불이행,건조,맑음,단일로 - 기타,화물,남,62세,상해없음,승용,남,32세,경상
2014082900100507,2014년 8월 29일 18시,금요일,대구광역시 달서구 진천동,경상사고,0,0,1,0,차대차 - 추돌 - 주정차중,안전거리미확보,건조,맑음,교차로 - 교차로부근,승용,남,50세,상해없음,승용,남,44세,경상
2014082900100549,2014년 8월 29일 19시,금요일,대구광역시 동구 신암동,중상사고,0,1,1,0,차대차 - 측면직각충돌,신호위반,건조,맑음,교차로 - 교차로안,승용,남,70세,상해없음,승용,남,39세,경상
2014082900100585,2014년 8월 29일 20시,금요일,대구광역시 남구 대명동,중상사고,0,1,0,0,차대차 - 측면직각충돌,교차로운행방법위반,건조,맑음,교차로 - 교차로안,승용,남,32세,상해없음,이륜,남,32세,중상
2014082900100586,2014년 8월 29일 20시,금요일,대구광역시 달성군 다사읍,경상사고,0,0,2,0,차대차 - 추돌 - 주정차중,안전운전불이행,건조,맑음,단일로 - 기타,화물,남,53세,상해없음,화물,남,42세,경상
2014082900100587,2014년 8월 29일 20시,금요일,대구광역시 중구 동인동2가,경상사고,0,0,1,0,차대차 - 기타,안전거리미확보,건조,맑음,교차로 - 교차로부근,승용,남,35세,상해없음,승용,남,35세,경상
2014082900100588,2014년 8월 29일 20시,금요일,대구광역시 북구 동천동,경상사고,0,0,1,0,차대사람 - 횡단중,안전운전불이행,건조,맑음,단일로 - 기타,승용,여,42세,상해없음,보행자,남,15세,경상
2014082900100628,2014년 8월 29일 21시,금요일,대구광역시 동구 불로동,부상신고사고,0,0,0,1,차대차 - 측면직각충돌,안전운전불이행,건조,맑음,교차로 - 교차로부근,이륜,남,16세,부상신고,승용,남,44세,상해없음
2014082900100629,2014년 8월 29일 21시,금요일,대구광역시 북구 노원동3가,경상사고,0,0,1,0,차대사람 - 횡단중,신호위반,건조,맑음,단일로 - 횡단보도상,승용,여,55세,상해없음,보행자,남,49세,경상
2014082900100630,2014년 8월 29일 21시,금요일,대구광역시 달서구 두류동,경상사고,0,0,1,0,차대차 - 추돌 - 진행중,교차로운행방법위반,건조,맑음,교차로 - 교차로안,승용,남,20세,상해없음,자전거,남,23세,경상
2014082900100631,2014년 8월 29일 21시,금요일,대구광역시 달서구 이곡동,경상사고,0,0,1,0,차대차 - 추돌 - 주정차중,안전운전불이행,건조,흐림,단일로 - 기타,승합,남,39세,상해없음,이륜,남,50세,경상
2014082900100632,2014년 8월 29일 21시,금요일,대구광역시 달서구 용산동,경상사고,0,0,1,0,차대차 - 추돌 - 주정차중,안전운전불이행,건조,맑음,단일로 - 기타,승용,남,28세,상해없음,승용,남,61세,경상
2014082900100674,2014년 8월 29일 22시,금요일,대구광역시 달서구 상인동,경상사고,0,0,1,0,차대사람 - 횡단중,기타,건조,맑음,단일로 - 기타,승용,남,68세,상해없음,보행자,남,8세,경상
2014082900100675,2014년 8월 29일 22시,금요일,대구광역시 달서구 상인동,경상사고,0,0,1,0,차대차 - 기타,안전거리미확보,건조,맑음,단일로 - 기타,승용,남,36세,상해없음,원동기,남,43세,경상
2014082900100676,2014년 8월 29일 22시,금요일,대구광역시 달성군 논공읍,경상사고,0,0,1,0,차대차 - 추돌 - 진행중,신호위반,건조,맑음,교차로 - 교차로안,이륜,남,15세,기타불명,승용,남,54세,상해없음
2014082900100677,2014년 8월 29일 22시,금요일,대구광역시 서구 중리동,경상사고,0,0,1,0,차대사람 - 기타,안전운전불이행,건조,맑음,단일로 - 기타,승용,여,64세,상해없음,보행자,남,50세,경상
2014082900100678,2014년 8월 29일 22시,금요일,대구광역시 북구 국우동,중상사고,0,1,1,0,차대차 - 추돌 - 진행중,안전거리미확보,건조,맑음,단일로 - 기타,승용,여,44세,중상,승용,남,52세,상해없음
2014082900100728,2014년 8월 29일 23시,금요일,대구광역시 동구 신암동,경상사고,0,0,1,0,차대차 - 추돌 - 진행중,차로위반,건조,맑음,교차로 - 교차로부근,승용,남,18세,상해없음,승용,남,51세,경상
2014083000100024,2014년 8월 30일 00시,토요일,대구광역시 달서구 호림동,경상사고,0,0,5,0,차대차 - 측면직각충돌,교차로운행방법위반,건조,흐림,교차로 - 교차로안,승용,남,20세,경상,승용,남,58세,경상
2014083000100025,2014년 8월 30일 00시,토요일,대구광역시 달서구 용산동,경상사고,0,0,1,0,차대차 - 추돌 - 진행중,안전운전불이행,건조,맑음,단일로 - 기타,승용,남,42세,상해없음,승용,남,22세,경상
2014083000100097,2014년 8월 30일 03시,토요일,대구광역시 수성구 황금동,경상사고,0,0,1,0,차대사람 - 기타,기타,건조,맑음,기타 - 기타,승용,남,35세,상해없음,보행자,남,39세,경상
2014083000100110,2014년 8월 30일 04시,토요일,대구광역시 중구 삼덕동1가,부상신고사고,0,0,0,1,차대사람 - 길가장자리구역통행중,안전운전불이행,건조,맑음,단일로 - 기타,승용,남,19세,기타불명,보행자,남,20세,부상신고
2014083000100198,2014년 8월 30일 08시,토요일,대구광역시 남구 대명동,경상사고,0,0,2,0,차대차 - 추돌 - 주정차중,안전운전불이행,건조,맑음,단일로 - 기타,승용,남,45세,상해없음,승용,남,39세,상해없음
2014083000100199,2014년 8월 30일 08시,토요일,대구광역시 수성구 범어동,경상사고,0,0,2,0,차대차 - 측면직각충돌,신호위반,건조,맑음,교차로 - 교차로안,승용,남,75세,상해없음,승용,남,37세,경상
2014083000100200,2014년 8월 30일 08시,토요일,대구광역시 서구 평리동,경상사고,0,0,1,0,차대차 - 측면직각충돌,안전운전불이행,건조,맑음,기타 - 기타,자전거,남,50세,경상,승용,여,24세,상해없음
2014083000100201,2014년 8월 30일 08시,토요일,대구광역시 중구 태평로3가,경상사고,0,0,1,0,차대사람 - 기타,안전운전불이행,건조,맑음,교차로 - 교차로부근,건설기계,남,45세,상해없음,보행자,남,84세,경상
2014083000100235,2014년 8월 30일 09시,토요일,대구광역시 북구 산격동,중상사고,0,1,0,0,차대차 - 측면직각충돌,신호위반,건조,맑음,교차로 - 교차로안,승용,남,42세,상해없음,이륜,남,65세,중상
2014083000100273,2014년 8월 30일 10시,토요일,대구광역시 수성구 수성동1가,경상사고,0,0,1,0,차대차 - 기타,안전운전불이행,건조,맑음,단일로 - 기타,승용,남,69세,상해없음,자전거,남,13세,경상
2014083000100274,2014년 8월 30일 10시,토요일,대구광역시 중구 계산동2가,중상사고,0,1,0,0,차대사람 - 기타,안전운전불이행,건조,맑음,단일로 - 기타,승용,남,67세,상해없음,보행자,여,51세,중상
2014083000100306,2014년 8월 30일 11시,토요일,대구광역시 동구 지저동,경상사고,0,0,2,1,차대차 - 추돌 - 주정차중,안전운전불이행,건조,맑음,단일로 - 기타,승용,남,55세,상해없음,승용,여,55세,경상
2014083000100347,2014년 8월 30일 12시,토요일,대구광역시 남구 봉덕동,경상사고,0,0,1,0,차대사람 - 횡단중,안전운전불이행,건조,맑음,단일로 - 기타,승용,여,72세,상해없음,보행자,여,72세,경상
2014083000100376,2014년 8월 30일 13시,토요일,대구광역시 동구 검사동,부상신고사고,0,0,0,1,차대차 - 측면직각충돌,안전운전불이행,건조,맑음,단일로 - 기타,승용,여,37세,상해없음,자전거,남,68세,부상신고
2014083000100377,2014년 8월 30일 13시,토요일,대구광역시 수성구 신매동,중상사고,0,1,5,0,차대차 - 추돌 - 진행중,안전운전불이행,건조,맑음,교차로 - 교차로부근,건설기계,남,57세,상해없음,승용,남,57세,중상
2014083000100411,2014년 8월 30일 14시,토요일,대구광역시 동구 지묘동,부상신고사고,0,0,0,1,차대사람 - 기타,안전운전불이행,건조,맑음,단일로 - 기타,승용,남,47세,상해없음,보행자,여,82세,부상신고
2014083000100412,2014년 8월 30일 14시,토요일,대구광역시 달성군 옥포면,경상사고,0,0,1,0,차대사람 - 기타,안전운전불이행,건조,맑음,교차로 - 교차로안,화물,남,53세,상해없음,보행자,남,5세,경상
2014083000100413,2014년 8월 30일 14시,토요일,대구광역시 북구 매천동,중상사고,0,1,2,0,차대차 - 측면직각충돌,안전운전불이행,건조,맑음,교차로 - 교차로부근,승용,남,58세,중상,승용,남,34세,경상
2014083000100455,2014년 8월 30일 15시,토요일,대구광역시 수성구 수성동1가,경상사고,0,0,2,0,차대차 - 추돌 - 주정차중,안전운전불이행,건조,맑음,단일로 - 기타,승용,남,27세,상해없음,승용,여,28세,경상
2014083000100456,2014년 8월 30일 15시,토요일,대구광역시 서구 내당동,중상사고,0,1,3,0,차대차 - 추돌 - 주정차중,안전거리미확보,건조,맑음,단일로 - 기타,승용,남,39세,상해없음,승용,남,75세,상해없음
2014083000100457,2014년 8월 30일 15시,토요일,대구광역시 중구 봉산동,경상사고,0,0,2,0,차대차 - 추돌 - 진행중,안전운전불이행,건조,맑음,단일로 - 기타,승용,여,24세,기타불명,승용,남,30세,상해없음
2014083000100458,2014년 8월 30일 15시,토요일,대구광역시 달서구 신당동,경상사고,0,0,1,0,차대차 - 기타,안전거리미확보,건조,맑음,단일로 - 기타,승용,남,29세,상해없음,승용,남,53세,경상
2014083000100495,2014년 8월 30일 16시,토요일,대구광역시 동구 입석동,경상사고,0,0,1,0,차대차 - 측면직각충돌,신호위반,건조,맑음,교차로 - 교차로안,승용,여,47세,상해없음,원동기,남,36세,경상
2014083000100496,2014년 8월 30일 16시,토요일,대구광역시 달성군 화원읍,중상사고,0,1,0,0,차대차 - 측면직각충돌,안전운전불이행,건조,맑음,교차로 - 교차로안,기타불명,기타불명,기타불명,기타불명,이륜,남,50세,중상
2014083000100497,2014년 8월 30일 16시,토요일,대구광역시 서구 평리동,경상사고,0,0,2,0,차대차 - 측면직각충돌,안전운전불이행,건조,맑음,단일로 - 기타,승용,남,25세,상해없음,화물,남,29세,경상
2014083000100498,2014년 8월 30일 16시,토요일,대구광역시 달서구 감삼동,중상사고,0,1,0,0,차대차 - 기타,불법유턴,건조,맑음,단일로 - 기타,자전거,남,66세,중상,승용,남,39세,상해없음
2014083000100541,2014년 8월 30일 17시,토요일,대구광역시 동구 신암동,경상사고,0,0,2,0,차대차 - 기타,안전운전불이행,건조,맑음,단일로 - 기타,승합,남,51세,상해없음,승용,남,67세,경상
2014083000100542,2014년 8월 30일 17시,토요일,대구광역시 달서구 이곡동,경상사고,0,0,1,0,차대차 - 기타,안전운전불이행,건조,맑음,단일로 - 기타,승용,기타불명,기타불명,기타불명,자전거,남,73세,경상
2014083000100578,2014년 8월 30일 18시,토요일,대구광역시 남구 봉덕동,사망사고,1,0,0,0,차대차 - 기타,안전운전불이행,건조,맑음,단일로 - 기타,화물,여,36세,상해없음,이륜,남,59세,사망
2014083000100579,2014년 8월 30일 18시,토요일,대구광역시 남구 대명동,중상사고,0,1,0,0,차대사람 - 기타,기타,건조,맑음,단일로 - 기타,승합,남,50세,상해없음,보행자,여,55세,중상
2014083000100580,2014년 8월 30일 18시,토요일,대구광역시 달서구 본동,경상사고,0,0,1,0,차대사람 - 기타,안전운전불이행,건조,맑음,단일로 - 기타,승용,남,53세,상해없음,보행자,남,42세,경상
2014083000100581,2014년 8월 30일 18시,토요일,대구광역시 달성군 논공읍,중상사고,0,1,0,0,차대차 - 측면직각충돌,안전운전불이행,건조,맑음,단일로 - 기타,승용,여,45세,상해없음,승용,남,55세,중상
2014083000100582,2014년 8월 30일 18시,토요일,대구광역시 북구 침산동,중상사고,0,1,0,0,차대차 - 추돌 - 진행중,안전운전불이행,건조,맑음,단일로 - 기타,자전거,남,54세,상해없음,자전거,남,71세,중상
2014083000100583,2014년 8월 30일 18시,토요일,대구광역시 중구 태평로3가,경상사고,0,0,2,0,차대차 - 측면직각충돌,안전거리미확보,건조,맑음,단일로 - 기타,화물,남,25세,상해없음,승용,남,47세,경상
2014083000100615,2014년 8월 30일 19시,토요일,대구광역시 수성구 두산동,중상사고,0,1,3,0,차대차 - 측면직각충돌,안전운전불이행,건조,맑음,교차로 - 교차로부근,승용,남,26세,상해없음,승용,여,22세,경상
2014083000100616,2014년 8월 30일 19시,토요일,대구광역시 달성군 가창면,부상신고사고,0,0,0,1,차대차 - 추돌 - 주정차중,안전운전불이행,건조,맑음,단일로 - 기타,이륜,남,65세,부상신고,승합,남,44세,상해없음
2014083000100617,2014년 8월 30일 19시,토요일,대구광역시 달성군 가창면,중상사고,0,1,0,0,차대차 - 기타,안전운전불이행,건조,맑음,단일로 - 기타,승용,남,62세,상해없음,자전거,남,46세,중상
2014083000100618,2014년 8월 30일 19시,토요일,대구광역시 서구 평리동,부상신고사고,0,0,0,1,차대사람 - 기타,안전운전불이행,건조,맑음,단일로 - 기타,승용,남,62세,상해없음,보행자,남,57세,부상신고
2014083000100619,2014년 8월 30일 19시,토요일,대구광역시 달서구 본리동,경상사고,0,0,1,0,차대사람 - 기타,안전운전불이행,건조,맑음,단일로 - 기타,승용,남,41세,상해없음,보행자,남,42세,경상
2014083000100658,2014년 8월 30일 20시,토요일,대구광역시 동구 불로동,경상사고,0,0,1,0,차대차 - 측면직각충돌,안전운전불이행,건조,맑음,단일로 - 기타,승용,남,30세,상해없음,승용,남,19세,경상
2014083000100659,2014년 8월 30일 20시,토요일,대구광역시 중구 봉산동,부상신고사고,0,0,0,1,차대차 - 정면충돌,중앙선침범,건조,맑음,단일로 - 기타,이륜,남,15세,상해없음,승용,남,59세,상해없음
2014083000100687,2014년 8월 30일 21시,토요일,대구광역시 남구 봉덕동,경상사고,0,0,2,0,차대차 - 기타,안전운전불이행,건조,맑음,단일로 - 기타,승용,남,49세,상해없음,승용,남,50세,경상
2014083000100722,2014년 8월 30일 22시,토요일,대구광역시 달서구 대곡동,경상사고,0,0,1,0,차대차 - 기타,차로위반,건조,맑음,단일로 - 기타,화물,남,54세,상해없음,원동기,남,41세,경상
2014083000100723,2014년 8월 30일 22시,토요일,대구광역시 달서구 상인동,경상사고,0,0,1,0,차대사람 - 기타,안전운전불이행,건조,맑음,단일로 - 기타,자전거,남,27세,상해없음,보행자,여,33세,경상
2014083000100724,2014년 8월 30일 22시,토요일,대구광역시 달서구 월성동,경상사고,0,0,2,0,차대차 - 추돌 - 진행중,안전운전불이행,건조,맑음,단일로 - 기타,승용,남,24세,상해없음,승용,남,44세,경상
2014083000100725,2014년 8월 30일 22시,토요일,대구광역시 달성군 다사읍,중상사고,0,1,0,0,차대차 - 정면충돌,안전운전불이행,건조,맑음,단일로 - 기타,자전거,남,13세,중상,자전거,남,22세,상해없음
2014083000100754,2014년 8월 30일 23시,토요일,대구광역시 수성구 지산동,경상사고,0,0,1,0,차대사람 - 기타,안전운전불이행,건조,맑음,교차로 - 교차로안,화물,남,51세,상해없음,보행자,남,53세,경상
2014083000100755,2014년 8월 30일 23시,토요일,대구광역시 수성구 욱수동,경상사고,0,0,3,0,차대차 - 기타,불법유턴,건조,맑음,단일로 - 횡단보도부근,화물,남,47세,상해없음,승용,여,42세,경상
2014083000100756,2014년 8월 30일 23시,토요일,대구광역시 북구 태전동,경상사고,0,0,2,0,차대차 - 기타,안전운전불이행,건조,맑음,단일로 - 기타,화물,남,38세,기타불명,승용,남,39세,경상
2014083100100013,2014년 8월 31일 00시,일요일,대구광역시 동구 지저동,경상사고,0,0,1,0,차대사람 - 기타,안전운전불이행,건조,맑음,단일로 - 기타,승용,기타불명,기타불명,기타불명,보행자,남,47세,경상
2014083100100032,2014년 8월 31일 01시,일요일,대구광역시 달서구 송현동,경상사고,0,0,2,0,차대차 - 기타,안전거리미확보,건조,맑음,단일로 - 기타,승용,남,19세,상해없음,이륜,남,17세,경상
2014083100100043,2014년 8월 31일 02시,일요일,대구광역시 수성구 두산동,경상사고,0,0,1,0,차대차 - 추돌 - 진행중,안전운전불이행,건조,맑음,단일로 - 기타,승용,기타불명,기타불명,기타불명,승용,여,46세,경상
2014083100100057,2014년 8월 31일 03시,일요일,대구광역시 달서구 호산동,경상사고,0,0,2,1,차대차 - 기타,교차로운행방법위반,건조,맑음,교차로 - 교차로안,승용,남,32세,경상,승용,남,50세,부상신고
2014083100100066,2014년 8월 31일 04시,일요일,대구광역시 수성구 중동,경상사고,0,0,2,0,차대차 - 정면충돌,중앙선침범,건조,맑음,교차로 - 교차로안,승용,남,45세,상해없음,승용,남,37세,경상
2014083100100113,2014년 8월 31일 07시,일요일,대구광역시 북구 금호동,경상사고,0,0,3,0,차대차 - 추돌 - 주정차중,안전거리미확보,건조,맑음,단일로 - 기타,승용,남,27세,상해없음,승용,남,52세,경상
2014083100100116,2014년 8월 31일 07시,일요일,대구광역시 달성군 화원읍,중상사고,0,1,0,0,차대차 - 기타,직진우회전진행방해,건조,맑음,교차로 - 교차로안,승용,남,69세,상해없음,자전거,남,31세,중상
2014083100100132,2014년 8월 31일 08시,일요일,대구광역시 남구 대명동,경상사고,0,0,1,0,차대차 - 기타,신호위반,건조,맑음,단일로 - 기타,자전거,남,20세,경상,원동기,남,60세,상해없음
2014083100100133,2014년 8월 31일 08시,일요일,대구광역시 중구 달성동,부상신고사고,0,0,0,1,차대사람 - 차도통행중,안전운전불이행,건조,맑음,기타 - 기타,이륜,여,59세,상해없음,보행자,여,53세,부상신고
2014083100100145,2014년 8월 31일 09시,일요일,대구광역시 남구 대명동,경상사고,0,0,1,0,차량단독 - 공작물충돌,안전운전불이행,건조,맑음,단일로 - 기타,자전거,남,75세,경상,,,,
2014083100100164,2014년 8월 31일 10시,일요일,대구광역시 중구 봉산동,사망사고,1,0,0,0,차대사람 - 횡단중,안전운전불이행,건조,맑음,단일로 - 기타,승용,남,32세,상해없음,보행자,여,76세,사망
2014083100100165,2014년 8월 31일 10시,일요일,대구광역시 달서구 두류동,경상사고,0,0,1,0,차대사람 - 횡단중,신호위반,건조,맑음,단일로 - 기타,승합,남,52세,상해없음,보행자,여,7세,경상
2014083100100191,2014년 8월 31일 11시,일요일,대구광역시 수성구 매호동,경상사고,0,0,1,0,차대차 - 측면직각충돌,안전운전불이행,건조,맑음,단일로 - 교량,승용,남,59세,상해없음,승용,남,24세,경상
2014083100100192,2014년 8월 31일 11시,일요일,대구광역시 서구 중리동,경상사고,0,0,3,1,차대차 - 기타,안전운전불이행,건조,맑음,교차로 - 교차로부근,승용,여,57세,부상신고,승용,남,50세,경상
2014083100100219,2014년 8월 31일 12시,일요일,대구광역시 중구 태평로1가,중상사고,0,1,1,0,차대차 - 측면직각충돌,과속,건조,맑음,단일로 - 기타,승용,남,30세,경상,승용,남,59세,중상
2014083100100262,2014년 8월 31일 13시,일요일,대구광역시 북구 태전동,경상사고,0,0,2,0,차대차 - 측면직각충돌,안전거리미확보,건조,맑음,단일로 - 기타,승용,남,27세,상해없음,승용,남,67세,상해없음
2014083100100326,2014년 8월 31일 15시,일요일,대구광역시 남구 대명동,경상사고,0,0,1,0,차대차 - 기타,안전운전불이행,건조,맑음,단일로 - 기타,승용,남,32세,상해없음,자전거,남,16세,경상
2014083100100327,2014년 8월 31일 15시,일요일,대구광역시 달성군 화원읍,중상사고,0,1,0,0,차대차 - 기타,안전운전불이행,건조,맑음,단일로 - 기타,원동기,남,79세,중상,승용,남,27세,상해없음
2014083100100352,2014년 8월 31일 16시,일요일,대구광역시 동구 불로동,부상신고사고,0,0,0,1,차대차 - 기타,중앙선침범,건조,맑음,교차로 - 교차로안,자전거,남,63세,부상신고,승용,남,26세,상해없음
2014083100100353,2014년 8월 31일 16시,일요일,대구광역시 수성구 범어동,경상사고,0,0,2,0,차대차 - 측면직각충돌,안전운전불이행,건조,맑음,단일로 - 기타,승용,여,57세,상해없음,승용,남,21세,경상
2014083100100390,2014년 8월 31일 17시,일요일,대구광역시 수성구 황금동,중상사고,0,1,1,0,차대차 - 추돌 - 주정차중,안전운전불이행,건조,맑음,단일로 - 기타,승용,여,22세,상해없음,승용,여,35세,중상
2014083100100391,2014년 8월 31일 17시,일요일,대구광역시 서구 비산동,경상사고,0,0,1,0,차대차 - 측면직각충돌,안전운전불이행,건조,맑음,단일로 - 기타,승용,남,55세,상해없음,승용,남,29세,경상
2014083100100392,2014년 8월 31일 17시,일요일,대구광역시 중구 문화동,경상사고,0,0,2,0,차대차 - 측면직각충돌,안전운전불이행,건조,맑음,교차로 - 교차로안,승용,남,52세,상해없음,승용,여,41세,경상
2014083100100453,2014년 8월 31일 19시,일요일,대구광역시 달성군 가창면,경상사고,0,0,1,0,차대사람 - 횡단중,안전운전불이행,건조,맑음,단일로 - 기타,승용,남,46세,상해없음,보행자,남,46세,경상
2014083100100454,2014년 8월 31일 19시,일요일,대구광역시 달서구 이곡동,중상사고,0,1,0,0,차대차 - 측면직각충돌,안전운전불이행,건조,맑음,단일로 - 기타,승용,남,65세,상해없음,이륜,남,18세,중상
2014083100100455,2014년 8월 31일 19시,일요일,대구광역시 달서구 두류동,경상사고,0,0,6,0,차대차 - 추돌 - 진행중,안전거리미확보,건조,맑음,교차로 - 교차로안,승용,여,55세,상해없음,승용,남,57세,경상
2014083100100509,2014년 8월 31일 21시,일요일,대구광역시 동구 신암동,경상사고,0,0,6,0,차대차 - 추돌 - 주정차중,안전운전불이행,건조,맑음,단일로 - 기타,승용,남,26세,상해없음,승용,남,41세,경상
2014083100100510,2014년 8월 31일 21시,일요일,대구광역시 동구 용계동,중상사고,0,1,3,0,차대차 - 측면직각충돌,신호위반,건조,맑음,교차로 - 교차로안,승용,여,59세,경상,승용,남,36세,중상
2014083100100511,2014년 8월 31일 21시,일요일,대구광역시 북구 구암동,중상사고,0,1,0,0,차대차 - 측면직각충돌,안전거리미확보,건조,맑음,단일로 - 기타,승용,남,40세,상해없음,원동기,남,16세,중상
2014083100100532,2014년 8월 31일 22시,일요일,대구광역시 수성구 수성동2가,중상사고,0,1,0,0,차대차 - 측면직각충돌,안전거리미확보,건조,맑음,교차로 - 교차로부근,승용,남,41세,상해없음,이륜,남,23세,중상
2014083100100548,2014년 8월 31일 23시,일요일,대구광역시 동구 신암동,부상신고사고,0,0,0,1,차대차 - 기타,기타,건조,맑음,단일로 - 기타,승용,남,42세,상해없음,원동기,남,59세,부상신고
2014083100100549,2014년 8월 31일 23시,일요일,대구광역시 수성구 수성동1가,중상사고,0,1,0,0,차대사람 - 기타,안전운전불이행,건조,맑음,교차로 - 교차로부근,승용,남,21세,상해없음,보행자,남,61세,중상
2014083100100550,2014년 8월 31일 23시,일요일,대구광역시 중구 공평동,경상사고,0,0,2,0,차대차 - 추돌 - 진행중,안전운전불이행,건조,맑음,단일로 - 기타,승용,여,34세,상해없음,승용,남,46세,경상
2014090100100009,2014년 9월 1일 00시,월요일,대구광역시 달서구 호산동,경상사고,0,0,1,0,차대차 - 측면직각충돌,신호위반,건조,맑음,교차로 - 교차로안,이륜,남,18세,경상,승용,남,63세,상해없음
2014090100100018,2014년 9월 1일 01시,월요일,대구광역시 달서구 상인동,중상사고,0,1,1,0,차대차 - 측면직각충돌,교차로운행방법위반,건조,맑음,교차로 - 교차로안,승용,남,25세,경상,승용,남,32세,중상
2014090100100019,2014년 9월 1일 01시,월요일,대구광역시 남구 대명동,경상사고,0,0,1,0,차량단독 - 기타,안전운전불이행,건조,맑음,단일로 - 기타,승용,남,43세,상해없음,,,,
2014090100100037,2014년 9월 1일 03시,월요일,대구광역시 달성군 화원읍,부상신고사고,0,0,0,1,차량단독 - 공작물충돌,안전운전불이행,건조,맑음,교차로 - 교차로안,승용,남,21세,부상신고,,,,
2014090100100071,2014년 9월 1일 06시,월요일,대구광역시 수성구 범물동,부상신고사고,0,0,0,1,차대차 - 측면직각충돌,중앙선침범,건조,맑음,단일로 - 기타,이륜,남,66세,부상신고,승용,여,26세,상해없음
2014090100100072,2014년 9월 1일 06시,월요일,대구광역시 달서구 파호동,경상사고,0,0,1,0,차대차 - 측면직각충돌,신호위반,건조,맑음,교차로 - 교차로안,승용,남,58세,상해없음,승용,남,47세,경상
2014090100100092,2014년 9월 1일 07시,월요일,대구광역시 수성구 범어동,중상사고,0,1,0,0,차대사람 - 횡단중,안전운전불이행,건조,맑음,단일로 - 기타,자전거,남,14세,상해없음,보행자,남,71세,중상
2014090100100141,2014년 9월 1일 08시,월요일,대구광역시 수성구 지산동,중상사고,0,2,1,0,차대차 - 추돌 - 진행중,안전운전불이행,건조,맑음,단일로 - 기타,승용,남,54세,상해없음,승용,남,36세,경상
2014090100100177,2014년 9월 1일 09시,월요일,대구광역시 수성구 삼덕동,중상사고,0,1,0,0,차량단독 - 공작물충돌,안전운전불이행,건조,맑음,단일로 - 기타,승용,남,23세,상해없음,,,,
2014090100100178,2014년 9월 1일 09시,월요일,대구광역시 중구 남산동,중상사고,0,1,1,0,차대차 - 기타,안전거리미확보,건조,맑음,단일로 - 횡단보도부근,승용,여,53세,상해없음,승합,남,41세,상해없음
2014090100100179,2014년 9월 1일 09시,월요일,대구광역시 달서구 죽전동,중상사고,0,1,0,0,차대차 - 측면직각충돌,안전거리미확보,건조,맑음,단일로 - 기타,화물,남,36세,상해없음,이륜,남,50세,중상