사고번호,사고일시,요일,시군구,사고내용,사망자수,중상자수,경상자수,부상신고자수,사고유형,법규위반,노면상태,기상상태,도로형태,가해운전자 차종,가해운전자 성별,가해운전자 연령,가해운전자 상해정도,피해운전자 차종,피해운전자 성별,피해운전자 연령,피해운전자 상해정도
2014090900100384,2014년 9월 9일 20시,화요일,대구광역시 수성구 범어동,경상사고,0,0,1,0,차대차 - 기타,차로위반,건조,맑음,단일로 - 기타,승용,남,42세,상해없음,원동기,남,40세,경상
2014090900100385,2014년 9월 9일 20시,화요일,대구광역시 달서구 진천동,경상사고,0,0,1,0,차대차 - 추돌 - 주정차중,안전운전불이행,건조,맑음,교차로 - 교차로부근,승용,남,52세,기타불명,승용,여,48세,경상
2014090900100386,2014년 9월 9일 20시,화요일,대구광역시 서구 내당동,경상사고,0,0,2,0,차대차 - 추돌 - 진행중,안전거리미확보,건조,맑음,교차로 - 교차로부근,승용,남,54세,상해없음,승용,여,26세,경상
2014090900100413,2014년 9월 9일 21시,화요일,대구광역시 북구 칠성동1가,사망사고,1,0,0,0,차대사람 - 보도통행중,안전운전불이행,건조,맑음,단일로 - 횡단보도상,승용,남,50세,상해없음,보행자,남,62세,사망
2014090900100433,2014년 9월 9일 22시,화요일,대구광역시 남구 대명동,경상사고,0,0,1,0,차대차 - 측면직각충돌,교차로운행방법위반,건조,맑음,교차로 - 교차로안,승용,남,51세,상해없음,자전거,남,27세,경상
2014090900100434,2014년 9월 9일 22시,화요일,대구광역시 달서구 두류동,경상사고,0,0,2,0,차대차 - 추돌 - 진행중,안전운전불이행,건조,맑음,교차로 - 교차로부근,승용,남,33세,상해없음,승용,남,52세,상해없음
2014091000100014,2014년 9월 10일 00시,수요일,대구광역시 달서구 성당동,경상사고,0,0,1,0,차대차 - 기타,안전운전불이행,건조,맑음,기타 - 기타,승용,남,31세,상해없음,승용,남,20세,경상
2014091000100026,2014년 9월 10일 02시,수요일,대구광역시 수성구 황금동,경상사고,0,0,1,0,차대차 - 기타,안전운전불이행,건조,맑음,단일로 - 기타,승용,남,43세,상해없음,승용,남,42세,경상
2014091000100027,2014년 9월 10일 02시,수요일,대구광역시 달서구 본동,중상사고,0,3,1,0,차대차 - 추돌 - 주정차중,안전운전불이행,건조,맑음,단일로 - 기타,승용,남,64세,상해없음,화물,남,55세,경상
2014091000100111,2014년 9월 10일 09시,수요일,대구광역시 서구 이현동,중상사고,0,1,0,0,차대차 - 기타,안전운전불이행,건조,맑음,단일로 - 기타,자전거,여,48세,중상,승용,남,52세,상해없음
2014091000100112,2014년 9월 10일 09시,수요일,대구광역시 서구 중리동,경상사고,0,0,1,0,차대차 - 추돌 - 주정차중,안전운전불이행,건조,맑음,교차로 - 교차로부근,승용,남,66세,상해없음,승용,남,70세,경상
2014091000100168,2014년 9월 10일 11시,수요일,대구광역시 달서구 유천동,부상신고사고,0,0,0,1,차대차 - 기타,안전운전불이행,건조,맑음,단일로 - 기타,이륜,남,19세,부상신고,승용,남,25세,상해없음
2014091000100184,2014년 9월 10일 12시,수요일,대구광역시 달성군 화원읍,경상사고,0,0,1,0,차대차 - 기타,안전운전불이행,건조,맑음,단일로 - 기타,승합,남,55세,상해없음,이륜,남,48세,경상
2014091000100185,2014년 9월 10일 12시,수요일,대구광역시 북구 조야동,부상신고사고,0,0,0,1,차대사람 - 길가장자리구역통행중,안전운전불이행,건조,맑음,단일로 - 기타,화물,남,53세,상해없음,보행자,남,69세,부상신고
2014091000100213,2014년 9월 10일 13시,수요일,대구광역시 서구 내당동,사망사고,1,0,0,0,차대사람 - 기타,안전운전불이행,건조,맑음,교차로 - 교차로안,화물,남,56세,상해없음,보행자,남,79세,사망
2014091000100249,2014년 9월 10일 14시,수요일,대구광역시 북구 고성동1가,경상사고,0,0,1,0,차대차 - 기타,안전운전불이행,건조,맑음,교차로 - 교차로안,승용,남,40세,상해없음,자전거,남,61세,경상
2014091000100250,2014년 9월 10일 14시,수요일,대구광역시 달서구 이곡동,경상사고,0,0,1,0,차대차 - 기타,안전운전불이행,건조,맑음,단일로 - 기타,승용,여,42세,상해없음,자전거,남,25세,경상
2014091000100251,2014년 9월 10일 14시,수요일,대구광역시 북구 태전동,경상사고,0,0,2,0,차대차 - 추돌 - 주정차중,안전운전불이행,건조,맑음,단일로 - 기타,승합,기타불명,기타불명,기타불명,화물,남,47세,경상
2014091000100293,2014년 9월 10일 15시,수요일,대구광역시 달서구 성당동,경상사고,0,0,1,0,차대차 - 측면직각충돌,안전운전불이행,건조,맑음,교차로 - 교차로부근,승용,남,30세,상해없음,이륜,남,28세,경상
2014091000100294,2014년 9월 10일 15시,수요일,대구광역시 북구 학정동,중상사고,0,1,0,0,차대사람 - 기타,안전운전불이행,건조,맑음,단일로 - 기타,승용,남,57세,상해없음,보행자,남,8세,중상
2014091000100295,2014년 9월 10일 15시,수요일,대구광역시 북구 구암동,경상사고,0,0,3,0,차대차 - 추돌 - 주정차중,안전운전불이행,건조,맑음,단일로 - 기타,승용,남,42세,상해없음,승용,남,44세,경상
2014091000100336,2014년 9월 10일 16시,수요일,대구광역시 중구 동성로3가,경상사고,0,0,1,0,차대사람 - 기타,안전운전불이행,건조,맑음,단일로 - 기타,기타불명,기타불명,기타불명,기타불명,보행자,여,27세,경상
2014091000100368,2014년 9월 10일 17시,수요일,대구광역시 수성구 범어동,경상사고,0,0,1,0,차대차 - 기타,불법유턴,건조,맑음,단일로 - 기타,승용,남,28세,상해없음,이륜,남,18세,경상
2014091000100369,2014년 9월 10일 17시,수요일,대구광역시 수성구 시지동,경상사고,0,0,1,0,차대사람 - 기타,안전운전불이행,건조,맑음,단일로 - 기타,이륜,남,79세,상해없음,보행자,남,6세,경상
2014091000100370,2014년 9월 10일 17시,수요일,대구광역시 달서구 감삼동,경상사고,0,0,1,0,차대차 - 기타,안전운전불이행,건조,맑음,교차로 - 교차로부근,승용,남,51세,상해없음,승용,여,48세,경상
2014091000100392,2014년 9월 10일 18시,수요일,대구광역시 동구 능성동,경상사고,0,0,1,0,차대차 - 기타,안전운전불이행,건조,맑음,단일로 - 기타,승용,여,47세,상해없음,자전거,남,36세,경상
2014091000100393,2014년 9월 10일 18시,수요일,대구광역시 동구 괴전동,경상사고,0,0,2,0,차대차 - 추돌 - 진행중,안전거리미확보,건조,맑음,교차로 - 교차로부근,승용,여,55세,상해없음,승용,남,37세,경상
2014091000100394,2014년 9월 10일 18시,수요일,대구광역시 수성구 수성동2가,중상사고,0,1,0,0,차대차 - 기타,신호위반,건조,맑음,교차로 - 교차로안,승용,여,25세,상해없음,이륜,남,19세,중상
2014091000100395,2014년 9월 10일 18시,수요일,대구광역시 북구 복현동,경상사고,0,0,1,0,차대사람 - 기타,안전운전불이행,건조,맑음,단일로 - 기타,승용,남,46세,상해없음,보행자,여,58세,경상
2014091000100425,2014년 9월 10일 19시,수요일,대구광역시 수성구 수성동4가,부상신고사고,0,0,0,1,차대차 - 기타,안전운전불이행,건조,맑음,기타 - 기타,자전거,남,39세,부상신고,승용,여,33세,기타불명
2014091000100426,2014년 9월 10일 19시,수요일,대구광역시 서구 내당동,경상사고,0,0,3,0,차대차 - 측면직각충돌,신호위반,건조,맑음,교차로 - 교차로안,승용,남,67세,상해없음,화물,남,31세,경상
2014091000100427,2014년 9월 10일 19시,수요일,대구광역시 중구 달성동,경상사고,0,0,1,0,차대차 - 기타,안전운전불이행,건조,맑음,단일로 - 기타,승용,남,58세,상해없음,이륜,남,36세,경상
2014091000100428,2014년 9월 10일 19시,수요일,대구광역시 북구 읍내동,경상사고,0,0,1,0,차대차 - 기타,안전거리미확보,건조,맑음,단일로 - 기타,화물,남,46세,상해없음,승용,남,28세,경상
2014091000100447,2014년 9월 10일 20시,수요일,대구광역시 달서구 이곡동,경상사고,0,0,3,0,차대차 - 추돌 - 진행중,안전운전불이행,건조,맑음,단일로 - 기타,승용,남,34세,상해없음,승용,남,27세,경상
2014091000100468,2014년 9월 10일 21시,수요일,대구광역시 북구 침산동,경상사고,0,0,1,0,차대사람 - 보도통행중,중앙선침범,건조,맑음,단일로 - 기타,자전거,여,27세,상해없음,보행자,여,50세,경상
2014091000100469,2014년 9월 10일 21시,수요일,대구광역시 서구 중리동,경상사고,0,0,1,0,차대차 - 측면직각충돌,교차로운행방법위반,건조,맑음,교차로 - 교차로안,승용,여,46세,상해없음,승용,남,66세,상해없음
2014091000100525,2014년 9월 10일 23시,수요일,대구광역시 달서구 송현동,중상사고,0,1,0,0,차대사람 - 기타,안전운전불이행,건조,맑음,단일로 - 기타,승용,남,46세,상해없음,보행자,여,53세,중상
2014091000100526,2014년 9월 10일 23시,수요일,대구광역시 북구 침산동,경상사고,0,0,1,0,차대차 - 추돌 - 진행중,안전운전불이행,건조,맑음,단일로 - 기타,화물,남,39세,상해없음,승용,남,51세,경상
2014091100100016,2014년 9월 11일 00시,목요일,대구광역시 중구 남산동,경상사고,0,0,1,0,차량단독 - 기타,안전운전불이행,건조,맑음,교차로 - 교차로부근,승용,남,61세,상해없음,,,,
2014091100100049,2014년 9월 11일 05시,목요일,대구광역시 동구 신천동,중상사고,0,1,1,0,차대차 - 측면직각충돌,신호위반,건조,맑음,단일로 - 기타,건설기계,남,46세,상해없음,승용,남,63세,중상
2014091100100050,2014년 9월 11일 05시,목요일,대구광역시 수성구 매호동,중상사고,0,1,0,0,차대사람 - 길가장자리구역통행중,안전운전불이행,건조,맑음,교차로 - 교차로안,승용,남,64세,상해없음,보행자,여,73세,중상
2014091100100062,2014년 9월 11일 06시,목요일,대구광역시 달성군 현풍면,중상사고,0,1,0,0,차대차 - 추돌 - 주정차중,안전운전불이행,건조,맑음,교차로 - 교차로부근,승용,남,68세,상해없음,승용,남,68세,중상
2014091100100090,2014년 9월 11일 07시,목요일,대구광역시 동구 신천동,경상사고,0,0,1,0,차대차 - 측면직각충돌,신호위반,건조,맑음,교차로 - 교차로안,승용,남,23세,상해없음,이륜,여,55세,경상
2014091100100091,2014년 9월 11일 07시,목요일,대구광역시 수성구 대흥동,경상사고,0,0,3,0,차대차 - 기타,안전거리미확보,건조,맑음,단일로 - 기타,승용,남,52세,상해없음,승용,여,54세,경상
2014091100100092,2014년 9월 11일 07시,목요일,대구광역시 달서구 월성동,경상사고,0,0,1,0,차대차 - 측면직각충돌,직진우회전진행방해,건조,맑음,교차로 - 교차로안,승용,남,57세,상해없음,승용,남,43세,경상
2014091100100093,2014년 9월 11일 07시,목요일,대구광역시 서구 내당동,경상사고,0,0,1,0,차대차 - 측면직각충돌,교차로운행방법위반,건조,맑음,교차로 - 교차로안,원동기,남,67세,경상,승용,남,48세,상해없음
2014091100100094,2014년 9월 11일 07시,목요일,대구광역시 달서구 이곡동,부상신고사고,0,0,0,1,차대차 - 측면직각충돌,안전운전불이행,건조,맑음,교차로 - 교차로안,자전거,남,51세,부상신고,승용,남,30세,상해없음
2014091100100133,2014년 9월 11일 08시,목요일,대구광역시 달성군 가창면,경상사고,0,0,1,0,차대사람 - 기타,교차로운행방법위반,건조,맑음,교차로 - 교차로부근,기타불명,기타불명,기타불명,기타불명,보행자,남,8세,경상
2014091100100134,2014년 9월 11일 08시,목요일,대구광역시 서구 평리동,경상사고,0,0,1,1,차대차 - 기타,신호위반,건조,맑음,교차로 - 교차로안,승용,남,59세,부상신고,승용,남,66세,경상
2014091100100135,2014년 9월 11일 08시,목요일,대구광역시 달서구 신당동,경상사고,0,0,1,0,차대차 - 기타,안전운전불이행,건조,맑음,기타 - 기타,승용,여,45세,상해없음,자전거,남,15세,경상
2014091100100178,2014년 9월 11일 09시,목요일,대구광역시 남구 봉덕동,경상사고,0,0,3,0,차대차 - 추돌 - 주정차중,안전운전불이행,건조,맑음,단일로 - 기타,승용,여,38세,상해없음,승용,여,55세,경상
2014091100100179,2014년 9월 11일 09시,목요일,대구광역시 수성구 수성동1가,부상신고사고,0,0,0,1,차대차 - 추돌 - 진행중,안전운전불이행,건조,맑음,단일로 - 기타,기타불명,기타불명,기타불명,기타불명,이륜,남,75세,부상신고
2014091100100180,2014년 9월 11일 09시,목요일,대구광역시 달서구 송현동,경상사고,0,0,1,0,차대사람 - 기타,안전운전불이행,건조,맑음,교차로 - 교차로부근,원동기,남,22세,상해없음,보행자,남,45세,경상
2014091100100219,2014년 9월 11일 10시,목요일,대구광역시 서구 평리동,경상사고,0,0,1,1,차대차 - 기타,안전운전불이행,건조,맑음,단일로 - 기타,승용,남,39세,상해없음,승용,남,65세,부상신고
2014091100100220,2014년 9월 11일 10시,목요일,대구광역시 달서구 두류동,경상사고,0,0,3,0,차대차 - 추돌 - 진행중,안전거리미확보,건조,맑음,단일로 - 기타,승용,남,44세,상해없음,승용,남,62세,경상
2014091100100253,2014년 9월 11일 11시,목요일,대구광역시 달서구 유천동,부상신고사고,0,0,0,1,차량단독 - 공작물충돌,안전운전불이행,건조,맑음,교차로 - 교차로부근,화물,남,44세,부상신고,,,,
2014091100100276,2014년 9월 11일 12시,목요일,대구광역시 중구 대신동,경상사고,0,0,1,0,차대차 - 기타,교차로운행방법위반,건조,맑음,단일로 - 기타,승합,남,57세,상해없음,승용,남,70세,상해없음
2014091100100299,2014년 9월 11일 13시,목요일,대구광역시 달서구 용산동,부상신고사고,0,0,0,1,차대차 - 측면직각충돌,안전거리미확보,건조,맑음,단일로 - 기타,이륜,남,26세,부상신고,승용,여,53세,상해없음
2014091100100344,2014년 9월 11일 14시,목요일,대구광역시 달성군 구지면,중상사고,0,1,0,0,차대사람 - 기타,보행자보호의무위반,건조,맑음,교차로 - 교차로안,승용,남,26세,상해없음,보행자,여,76세,중상
2014091100100376,2014년 9월 11일 15시,목요일,대구광역시 동구 신천동,경상사고,0,0,1,0,차대차 - 기타,신호위반,건조,맑음,단일로 - 횡단보도부근,승합,남,44세,상해없음,자전거,남,70세,경상
2014091100100377,2014년 9월 11일 15시,목요일,대구광역시 동구 중대동,경상사고,0,0,2,0,차대차 - 기타,안전거리미확보,건조,맑음,단일로 - 기타,승용,여,33세,상해없음,승용,남,54세,경상
2014091100100404,2014년 9월 11일 16시,목요일,대구광역시 수성구 지산동,경상사고,0,0,1,0,차대차 - 기타,중앙선침범,건조,맑음,교차로 - 교차로부근,화물,남,52세,상해없음,이륜,남,49세,경상
2014091100100434,2014년 9월 11일 17시,목요일,대구광역시 달서구 송현동,경상사고,0,0,1,0,차대차 - 기타,안전운전불이행,건조,맑음,단일로 - 기타,승용,여,62세,상해없음,원동기,남,17세,경상
2014091100100435,2014년 9월 11일 17시,목요일,대구광역시 달서구 송현동,경상사고,0,0,1,0,차대사람 - 길가장자리구역통행중,안전운전불이행,건조,맑음,교차로 - 교차로부근,승용,남,64세,기타불명,보행자,여,11세,경상
2014091100100462,2014년 9월 11일 18시,목요일,대구광역시 수성구 두산동,경상사고,0,0,1,0,차대차 - 기타,안전운전불이행,건조,맑음,단일로 - 기타,승용,남,28세,상해없음,승용,남,30세,경상
2014091100100463,2014년 9월 11일 18시,목요일,대구광역시 달서구 대천동,경상사고,0,0,5,0,차대차 - 기타,교차로운행방법위반,건조,맑음,교차로 - 교차로안,승용,남,53세,경상,승용,여,55세,경상
2014091100100464,2014년 9월 11일 18시,목요일,대구광역시 중구 종로2가,부상신고사고,0,0,0,1,차대사람 - 보도통행중,안전운전불이행,건조,맑음,단일로 - 기타,기타불명,기타불명,기타불명,기타불명,보행자,여,23세,부상신고
2014091100100502,2014년 9월 11일 19시,목요일,대구광역시 남구 봉덕동,중상사고,0,1,0,0,차대차 - 측면직각충돌,신호위반,건조,맑음,교차로 - 교차로안,승용,남,74세,상해없음,승용,남,61세,상해없음
2014091100100503,2014년 9월 11일 19시,목요일,대구광역시 동구 용계동,중상사고,0,1,1,0,차대차 - 측면직각충돌,안전거리미확보,건조,맑음,단일로 - 기타,승용,남,48세,상해없음,이륜,남,17세,중상
2014091100100504,2014년 9월 11일 19시,목요일,대구광역시 수성구 수성동1가,경상사고,0,0,1,0,차대사람 - 기타,안전운전불이행,건조,맑음,단일로 - 기타,승용,남,35세,상해없음,보행자,남,36세,경상
2014091100100505,2014년 9월 11일 19시,목요일,대구광역시 수성구 지산동,중상사고,0,1,0,0,차대차 - 기타,안전운전불이행,건조,맑음,단일로 - 기타,승용,남,57세,기타불명,승용,여,46세,중상
2014091100100506,2014년 9월 11일 19시,목요일,대구광역시 북구 노원동3가,중상사고,0,1,1,0,차대차 - 추돌 - 진행중,안전운전불이행,건조,맑음,단일로 - 기타,승합,남,26세,상해없음,승용,여,55세,중상
2014091100100507,2014년 9월 11일 19시,목요일,대구광역시 달서구 이곡동,중상사고,0,1,1,0,차대차 - 측면직각충돌,신호위반,건조,맑음,교차로 - 교차로안,승용,남,28세,상해없음,승용,남,22세,중상
2014091100100561,2014년 9월 11일 21시,목요일,대구광역시 수성구 만촌동,중상사고,0,1,0,0,차대사람 - 횡단중,안전운전불이행,건조,맑음,단일로 - 기타,승용,여,44세,상해없음,보행자,남,56세,중상
2014091100100562,2014년 9월 11일 21시,목요일,대구광역시 수성구 황금동,경상사고,0,0,2,0,차대차 - 추돌 - 주정차중,안전운전불이행,건조,맑음,단일로 - 기타,승용,남,66세,상해없음,승용,남,22세,경상
2014091100100563,2014년 9월 11일 21시,목요일,대구광역시 달서구 진천동,경상사고,0,0,1,0,차대차 - 기타,안전운전불이행,건조,맑음,단일로 - 기타,자전거,남,15세,경상,승용,남,59세,상해없음
2014091100100564,2014년 9월 11일 21시,목요일,대구광역시 달성군 가창면,경상사고,0,0,1,0,차대차 - 측면직각충돌,안전운전불이행,건조,맑음,단일로 - 기타,승용,여,51세,상해없음,승합,남,41세,경상
2014091100100592,2014년 9월 11일 22시,목요일,대구광역시 동구 율하동,중상사고,0,1,0,0,차대사람 - 횡단중,보행자보호의무위반,건조,맑음,교차로 - 교차로안,승용,여,34세,상해없음,보행자,여,19세,중상
2014091100100619,2014년 9월 11일 23시,목요일,대구광역시 달서구 이곡동,경상사고,0,0,1,0,차대차 - 정면충돌,안전운전불이행,건조,맑음,단일로 - 기타,승용,남,50세,상해없음,승용,남,46세,경상
2014091100100620,2014년 9월 11일 23시,목요일,대구광역시 달서구 이곡동,경상사고,0,0,2,0,차대차 - 추돌 - 주정차중,안전운전불이행,건조,맑음,교차로 - 교차로부근,승용,여,18세,상해없음,승용,남,50세,경상
2014091200100020,2014년 9월 12일 01시,금요일,대구광역시 북구 산격동,경상사고,0,0,1,0,차대사람 - 기타,안전운전불이행,건조,맑음,단일로 - 기타,승용,남,20세,상해없음,보행자,남,21세,경상
2014091200100034,2014년 9월 12일 02시,금요일,대구광역시 북구 산격동,경상사고,0,0,1,0,차대차 - 측면직각충돌,안전운전불이행,건조,맑음,교차로 - 교차로부근,승용,남,21세,상해없음,승용,남,54세,경상
2014091200100045,2014년 9월 12일 03시,금요일,대구광역시 수성구 만촌동,중상사고,0,1,0,0,차대차 - 추돌 - 진행중,안전운전불이행,건조,맑음,단일로 - 기타,승용,남,24세,기타불명,자전거,여,66세,중상
2014091200100092,2014년 9월 12일 07시,금요일,대구광역시 수성구 황금동,경상사고,0,0,1,0,차대차 - 추돌 - 주정차중,안전운전불이행,건조,맑음,단일로 - 기타,승용,남,59세,상해없음,승용,남,47세,경상
2014091200100093,2014년 9월 12일 07시,금요일,대구광역시 달서구 죽전동,부상신고사고,0,0,0,1,차대차 - 기타,안전운전불이행,건조,맑음,단일로 - 기타,기타불명,기타불명,기타불명,기타불명,자전거,남,22세,부상신고
2014091200100126,2014년 9월 12일 08시,금요일,대구광역시 수성구 두산동,경상사고,0,0,1,0,차대차 - 추돌 - 진행중,안전운전불이행,건조,맑음,교차로 - 교차로안,승용,여,30세,상해없음,이륜,남,50세,경상
2014091200100127,2014년 9월 12일 08시,금요일,대구광역시 달서구 본동,경상사고,0,0,1,0,차대차 - 기타,안전운전불이행,건조,맑음,단일로 - 기타,화물,남,55세,기타불명,자전거,여,24세,경상
2014091200100128,2014년 9월 12일 08시,금요일,대구광역시 달서구 호산동,경상사고,0,0,1,0,차대사람 - 기타,기타,건조,맑음,단일로 - 기타,승합,남,57세,상해없음,보행자,남,29세,경상
2014091200100181,2014년 9월 12일 10시,금요일,대구광역시 달성군 유가면,중상사고,0,1,1,0,차대차 - 측면직각충돌,교차로운행방법위반,건조,맑음,교차로 - 교차로안,건설기계,남,54세,경상,건설기계,남,54세,중상
2014091200100239,2014년 9월 12일 12시,금요일,대구광역시 남구 봉덕동,경상사고,0,0,1,0,차대차 - 측면직각충돌,신호위반,건조,맑음,교차로 - 교차로안,승용,남,65세,상해없음,승용,남,39세,경상
2014091200100240,2014년 9월 12일 12시,금요일,대구광역시 중구 태평로1가,중상사고,0,1,0,0,차대차 - 기타,안전운전불이행,건조,맑음,단일로 - 기타,승용,남,52세,기타불명,자전거,남,56세,중상
2014091200100268,2014년 9월 12일 13시,금요일,대구광역시 서구 비산동,부상신고사고,0,0,0,1,차대차 - 기타,안전운전불이행,건조,맑음,단일로 - 기타,원동기,남,65세,부상신고,승용,남,22세,상해없음
2014091200100292,2014년 9월 12일 14시,금요일,대구광역시 달서구 갈산동,사망사고,1,0,0,0,차대차 - 측면직각충돌,신호위반,건조,맑음,단일로 - 횡단보도상,건설기계,남,57세,상해없음,이륜,남,55세,사망
2014091200100320,2014년 9월 12일 15시,금요일,대구광역시 남구 대명동,경상사고,0,0,3,0,차대차 - 추돌 - 진행중,안전운전불이행,건조,맑음,단일로 - 기타,승용,남,61세,상해없음,승용,남,46세,경상
2014091200100321,2014년 9월 12일 15시,금요일,대구광역시 수성구 신매동,경상사고,0,0,1,0,차대차 - 기타,안전운전불이행,건조,맑음,단일로 - 기타,승합,남,35세,기타불명,승용,여,45세,경상
2014091200100322,2014년 9월 12일 15시,금요일,대구광역시 달서구 진천동,부상신고사고,0,0,0,1,차대차 - 기타,안전운전불이행,건조,맑음,교차로 - 교차로안,자전거,여,11세,부상신고,승용,여,38세,상해없음
2014091200100323,2014년 9월 12일 15시,금요일,대구광역시 서구 비산동,경상사고,0,0,2,0,차대차 - 측면직각충돌,안전운전불이행,건조,맑음,교차로 - 교차로부근,승합,남,53세,기타불명,승용,남,33세,경상
2014091200100324,2014년 9월 12일 15시,금요일,대구광역시 달서구 이곡동,중상사고,0,1,0,0,차대차 - 측면직각충돌,신호위반,건조,맑음,교차로 - 교차로안,승용,여,49세,상해없음,이륜,남,23세,중상
2014091200100358,2014년 9월 12일 16시,금요일,대구광역시 동구 신암동,중상사고,0,1,0,0,차량단독 - 기타,안전운전불이행,건조,맑음,단일로 - 기타,승합,남,59세,상해없음,,,,
2014091200100359,2014년 9월 12일 16시,금요일,대구광역시 달서구 대곡동,경상사고,0,0,1,0,차대차 - 기타,안전운전불이행,건조,맑음,교차로 - 교차로부근,화물,남,54세,상해없음,승용,남,52세,경상
2014091200100392,2014년 9월 12일 17시,금요일,대구광역시 동구 방촌동,경상사고,0,0,1,0,차대차 - 기타,안전운전불이행,건조,맑음,단일로 - 기타,승용,여,39세,상해없음,자전거,여,41세,경상
2014091200100393,2014년 9월 12일 17시,금요일,대구광역시 동구 신천동,중상사고,0,1,0,0,차대사람 - 횡단중,안전운전불이행,건조,맑음,단일로 - 기타,승용,남,60세,상해없음,보행자,여,78세,중상
2014091200100423,2014년 9월 12일 18시,금요일,대구광역시 남구 대명동,경상사고,0,0,1,0,차대차 - 추돌 - 주정차중,안전운전불이행,건조,맑음,교차로 - 교차로부근,승용,남,44세,상해없음,승용,남,29세,경상
2014091200100424,2014년 9월 12일 18시,금요일,대구광역시 남구 대명동,중상사고,0,2,0,0,차대차 - 측면직각충돌,신호위반,건조,맑음,교차로 - 교차로안,승용,여,38세,상해없음,승용,남,38세,중상
2014091200100425,2014년 9월 12일 18시,금요일,대구광역시 수성구 지산동,중상사고,0,1,0,0,차대사람 - 기타,안전운전불이행,건조,맑음,단일로 - 기타,승용,남,25세,상해없음,보행자,남,62세,중상
2014091200100426,2014년 9월 12일 18시,금요일,대구광역시 달서구 상인동,부상신고사고,0,0,0,1,차대차 - 측면직각충돌,차로위반,건조,맑음,교차로 - 교차로안,승용,남,59세,상해없음,원동기,남,18세,부상신고
2014091200100427,2014년 9월 12일 18시,금요일,대구광역시 중구 계산동2가,경상사고,0,0,2,0,차대차 - 기타,안전운전불이행,건조,맑음,단일로 - 기타,승용,남,38세,상해없음,이륜,남,20세,경상
2014091200100467,2014년 9월 12일 19시,금요일,대구광역시 수성구 신매동,경상사고,0,0,2,0,차량단독 - 기타,안전운전불이행,건조,맑음,단일로 - 기타,승합,남,41세,상해없음,,,,
2014091200100468,2014년 9월 12일 19시,금요일,대구광역시 북구 산격동,경상사고,0,0,3,0,차대차 - 기타,안전운전불이행,건조,맑음,교차로 - 교차로부근,승용,남,51세,상해없음,승용,여,40세,경상
2014091200100469,2014년 9월 12일 19시,금요일,대구광역시 중구 남산동,경상사고,0,0,1,0,차대차 - 기타,중앙선침범,건조,맑음,단일로 - 기타,이륜,남,25세,상해없음,이륜,남,19세,경상
2014091200100513,2014년 9월 12일 20시,금요일,대구광역시 달서구 본동,경상사고,0,0,1,0,차대사람 - 기타,기타,건조,맑음,교차로 - 교차로부근,승용,남,55세,기타불명,보행자,여,50세,경상
2014091200100514,2014년 9월 12일 20시,금요일,대구광역시 북구 동천동,경상사고,0,0,1,1,차대차 - 측면직각충돌,안전거리미확보,건조,맑음,단일로 - 기타,원동기,남,18세,부상신고,원동기,남,49세,경상
2014091200100558,2014년 9월 12일 21시,금요일,대구광역시 달서구 상인동,중상사고,0,1,0,0,차대사람 - 기타,안전운전불이행,건조,맑음,교차로 - 교차로안,승용,남,66세,상해없음,보행자,남,63세,중상
2014091200100559,2014년 9월 12일 21시,금요일,대구광역시 달서구 상인동,중상사고,0,2,0,0,차대차 - 기타,신호위반,건조,맑음,교차로 - 교차로안,이륜,남,20세,중상,이륜,남,27세,중상
2014091200100560,2014년 9월 12일 21시,금요일,대구광역시 달서구 송현동,경상사고,0,0,2,0,차대차 - 기타,안전운전불이행,건조,맑음,단일로 - 기타,승용,남,33세,상해없음,승용,남,22세,경상
2014091200100561,2014년 9월 12일 21시,금요일,대구광역시 달서구 이곡동,중상사고,0,1,2,0,차대차 - 기타,안전운전불이행,건조,맑음,단일로 - 기타,승용,남,24세,상해없음,승용,남,26세,경상
2014091200100562,2014년 9월 12일 21시,금요일,대구광역시 북구 읍내동,경상사고,0,0,1,0,차대차 - 측면직각충돌,안전운전불이행,건조,맑음,교차로 - 교차로안,승합,여,53세,상해없음,이륜,남,45세,경상
2014091200100585,2014년 9월 12일 22시,금요일,대구광역시 달서구 본동,경상사고,0,0,2,0,차대차 - 기타,안전거리미확보,건조,맑음,단일로 - 기타,승용,남,44세,상해없음,승합,남,62세,상해없음
2014091200100586,2014년 9월 12일 22시,금요일,대구광역시 달서구 이곡동,경상사고,0,0,1,0,차대차 - 기타,안전운전불이행,건조,맑음,단일로 - 횡단보도상,승용,남,59세,상해없음,자전거,남,15세,경상
2014091200100606,2014년 9월 12일 23시,금요일,대구광역시 달서구 진천동,중상사고,0,1,0,0,차대사람 - 기타,안전운전불이행,건조,맑음,교차로 - 교차로안,승용,여,32세,상해없음,보행자,남,31세,중상
2014091200100607,2014년 9월 12일 23시,금요일,대구광역시 남구 대명동,중상사고,0,1,0,0,차량단독 - 공작물충돌,안전운전불이행,건조,맑음,단일로 - 기타,승용,남,23세,중상,,,,
2014091300100017,2014년 9월 13일 00시,토요일,대구광역시 달서구 월성동,중상사고,0,1,4,0,차대차 - 기타,교차로운행방법위반,건조,맑음,교차로 - 교차로안,승용,남,30세,상해없음,승용,남,48세,경상