사고번호,사고일시,요일,시군구,사고내용,사망자수,중상자수,경상자수,부상신고자수,사고유형,법규위반,노면상태,기상상태,도로형태,가해운전자 차종,가해운전자 성별,가해운전자 연령,가해운전자 상해정도,피해운전자 차종,피해운전자 성별,피해운전자 연령,피해운전자 상해정도
2014091600100431,2014년 9월 16일 18시,화요일,대구광역시 동구 신천동,경상사고,0,0,1,0,차대차 - 기타,안전거리미확보,건조,맑음,단일로 - 기타,승용,남,37세,상해없음,승합,남,49세,경상
2014091600100432,2014년 9월 16일 18시,화요일,대구광역시 동구 신천동,경상사고,0,0,1,0,차대차 - 측면직각충돌,안전거리미확보,건조,맑음,단일로 - 기타,승용,여,51세,상해없음,승용,남,33세,경상
2014091600100465,2014년 9월 16일 19시,화요일,대구광역시 남구 대명동,경상사고,0,0,1,0,차대차 - 기타,직진우회전진행방해,건조,맑음,교차로 - 교차로안,이륜,남,56세,경상,승용,남,40세,상해없음
2014091600100466,2014년 9월 16일 19시,화요일,대구광역시 남구 대명동,중상사고,0,1,0,0,차대차 - 기타,안전운전불이행,건조,맑음,단일로 - 기타,승용,남,57세,상해없음,이륜,남,28세,중상
2014091600100467,2014년 9월 16일 19시,화요일,대구광역시 달서구 성당동,경상사고,0,0,1,0,차대사람 - 기타,안전운전불이행,건조,맑음,단일로 - 기타,승용,여,29세,상해없음,보행자,남,46세,경상
2014091600100468,2014년 9월 16일 19시,화요일,대구광역시 북구 구암동,경상사고,0,0,1,0,차대차 - 추돌 - 주정차중,안전운전불이행,건조,맑음,단일로 - 기타,승용,여,39세,상해없음,승용,여,40세,경상
2014091600100492,2014년 9월 16일 20시,화요일,대구광역시 동구 봉무동,경상사고,0,0,2,0,차대차 - 측면직각충돌,교차로운행방법위반,건조,맑음,교차로 - 교차로안,승용,남,35세,상해없음,승용,여,27세,경상
2014091600100493,2014년 9월 16일 20시,화요일,대구광역시 달서구 월암동,경상사고,0,0,1,0,차대차 - 기타,교차로운행방법위반,건조,맑음,교차로 - 교차로안,승용,남,28세,상해없음,승용,남,58세,경상
2014091600100494,2014년 9월 16일 20시,화요일,대구광역시 달서구 상인동,부상신고사고,0,0,0,1,차대사람 - 횡단중,보행자보호의무위반,건조,맑음,교차로 - 교차로부근,승용,기타불명,기타불명,기타불명,보행자,여,16세,부상신고
2014091600100495,2014년 9월 16일 20시,화요일,대구광역시 중구 삼덕동2가,경상사고,0,0,1,0,차대사람 - 기타,안전운전불이행,건조,맑음,단일로 - 기타,승용,남,55세,기타불명,보행자,남,65세,경상
2014091600100522,2014년 9월 16일 21시,화요일,대구광역시 달성군 옥포면,중상사고,0,2,0,0,차대차 - 측면직각충돌,안전운전불이행,건조,맑음,단일로 - 기타,승용,여,24세,상해없음,승용,여,31세,중상
2014091600100523,2014년 9월 16일 21시,화요일,대구광역시 달서구 두류동,경상사고,0,0,1,0,차대사람 - 기타,안전운전불이행,건조,맑음,교차로 - 교차로부근,승합,남,24세,상해없음,보행자,남,62세,경상
2014091600100550,2014년 9월 16일 22시,화요일,대구광역시 수성구 파동,중상사고,0,1,0,0,차대차 - 측면직각충돌,안전거리미확보,건조,맑음,단일로 - 기타,승합,남,68세,상해없음,이륜,남,18세,중상
2014091600100551,2014년 9월 16일 22시,화요일,대구광역시 북구 복현동,경상사고,0,0,1,0,차대사람 - 기타,안전운전불이행,건조,맑음,기타 - 기타,승용,남,47세,상해없음,보행자,여,17세,경상
2014091600100552,2014년 9월 16일 22시,화요일,대구광역시 북구 구암동,중상사고,0,1,0,1,차대차 - 추돌 - 주정차중,안전운전불이행,건조,맑음,단일로 - 횡단보도부근,승용,여,36세,부상신고,승용,남,35세,중상
2014091600100570,2014년 9월 16일 23시,화요일,대구광역시 북구 복현동,경상사고,0,0,1,0,차대사람 - 횡단중,안전운전불이행,건조,맑음,단일로 - 기타,승용,남,50세,상해없음,보행자,여,19세,경상
2014091700100026,2014년 9월 17일 01시,수요일,대구광역시 달서구 대천동,경상사고,0,0,2,0,차대차 - 추돌 - 주정차중,안전운전불이행,건조,맑음,단일로 - 기타,승용,남,26세,상해없음,승용,여,24세,경상
2014091700100044,2014년 9월 17일 02시,수요일,대구광역시 중구 동인동4가,중상사고,0,1,1,0,차대차 - 기타,신호위반,건조,맑음,교차로 - 교차로안,승용,남,66세,상해없음,승용,남,63세,경상
2014091700100051,2014년 9월 17일 03시,수요일,대구광역시 남구 대명동,중상사고,0,1,0,0,차량단독 - 공작물충돌,불법유턴,건조,맑음,교차로 - 교차로부근,승용,남,19세,상해없음,,,,
2014091700100074,2014년 9월 17일 05시,수요일,대구광역시 서구 내당동,중상사고,0,1,0,0,차대차 - 추돌 - 진행중,안전운전불이행,건조,맑음,단일로 - 횡단보도부근,승용,남,32세,상해없음,승용,남,47세,중상
2014091700100075,2014년 9월 17일 05시,수요일,대구광역시 북구 학정동,중상사고,0,1,0,0,차대사람 - 횡단중,안전운전불이행,건조,흐림,교차로 - 교차로부근,승용,여,25세,상해없음,보행자,여,66세,중상
2014091700100111,2014년 9월 17일 07시,수요일,대구광역시 남구 대명동,경상사고,0,0,1,0,차대차 - 기타,차로위반,습기,비,단일로 - 기타,승용,남,34세,상해없음,원동기,남,63세,경상
2014091700100112,2014년 9월 17일 07시,수요일,대구광역시 달서구 월성동,경상사고,0,0,1,0,차대차 - 기타,교차로운행방법위반,건조,맑음,단일로 - 기타,승용,여,47세,상해없음,승합,남,54세,상해없음
2014091700100113,2014년 9월 17일 07시,수요일,대구광역시 달성군 논공읍,경상사고,0,0,1,0,차대차 - 추돌 - 주정차중,신호위반,건조,맑음,교차로 - 교차로안,승용,여,46세,상해없음,승용,남,29세,경상
2014091700100147,2014년 9월 17일 08시,수요일,대구광역시 동구 신천동,경상사고,0,0,1,0,차대차 - 추돌 - 주정차중,안전운전불이행,건조,맑음,단일로 - 기타,승용,여,45세,상해없음,승용,남,32세,경상
2014091700100148,2014년 9월 17일 08시,수요일,대구광역시 서구 이현동,중상사고,0,1,0,0,차대차 - 기타,안전운전불이행,건조,맑음,단일로 - 기타,승합,남,62세,상해없음,승용,여,34세,중상
2014091700100149,2014년 9월 17일 08시,수요일,대구광역시 중구 전동,경상사고,0,0,4,0,차대차 - 측면직각충돌,안전거리미확보,습기,비,단일로 - 기타,승용,여,36세,상해없음,승용,남,62세,경상
2014091700100150,2014년 9월 17일 08시,수요일,대구광역시 달서구 본리동,중상사고,0,1,0,0,차대차 - 기타,안전운전불이행,습기,비,단일로 - 기타,화물,남,67세,상해없음,자전거,남,12세,중상
2014091700100175,2014년 9월 17일 09시,수요일,대구광역시 서구 비산동,중상사고,0,2,1,0,차대차 - 측면직각충돌,신호위반,습기,흐림,교차로 - 교차로안,승용,남,54세,중상,화물,남,54세,경상
2014091700100196,2014년 9월 17일 10시,수요일,대구광역시 서구 내당동,경상사고,0,0,3,0,차대차 - 측면직각충돌,교차로운행방법위반,건조,맑음,교차로 - 교차로안,승용,남,64세,상해없음,승용,여,38세,경상
2014091700100256,2014년 9월 17일 12시,수요일,대구광역시 수성구 지산동,경상사고,0,0,1,0,차대사람 - 기타,안전운전불이행,건조,맑음,단일로 - 기타,승용,여,46세,상해없음,보행자,남,52세,경상
2014091700100289,2014년 9월 17일 13시,수요일,대구광역시 동구 입석동,경상사고,0,0,1,0,차대차 - 측면직각충돌,안전운전불이행,건조,맑음,교차로 - 교차로부근,화물,남,53세,상해없음,자전거,남,72세,경상
2014091700100321,2014년 9월 17일 14시,수요일,대구광역시 달서구 송현동,중상사고,0,1,0,0,차대차 - 측면직각충돌,신호위반,건조,맑음,교차로 - 교차로안,승용,남,50세,상해없음,자전거,여,48세,중상
2014091700100380,2014년 9월 17일 16시,수요일,대구광역시 동구 효목동,중상사고,0,1,0,0,차량단독 - 기타,안전운전불이행,건조,맑음,단일로 - 기타,이륜,남,46세,중상,,,,
2014091700100381,2014년 9월 17일 16시,수요일,대구광역시 중구 북성로1가,경상사고,0,0,1,0,차대차 - 기타,안전운전불이행,건조,맑음,교차로 - 교차로안,화물,남,63세,상해없음,화물,남,47세,경상
2014091700100421,2014년 9월 17일 17시,수요일,대구광역시 달성군 유가면,경상사고,0,0,2,0,차대차 - 측면직각충돌,교차로운행방법위반,건조,맑음,교차로 - 교차로안,원동기,남,68세,경상,승용,남,39세,상해없음
2014091700100422,2014년 9월 17일 17시,수요일,대구광역시 서구 비산동,경상사고,0,0,1,0,차대차 - 측면직각충돌,안전거리미확보,건조,맑음,단일로 - 기타,화물,남,28세,상해없음,이륜,남,62세,경상
2014091700100477,2014년 9월 17일 18시,수요일,대구광역시 동구 봉무동,경상사고,0,0,1,0,차대차 - 측면직각충돌,신호위반,건조,맑음,교차로 - 교차로안,화물,남,59세,상해없음,승용,여,53세,경상
2014091700100478,2014년 9월 17일 18시,수요일,대구광역시 동구 신천동,경상사고,0,0,1,0,차대차 - 기타,안전운전불이행,건조,맑음,교차로 - 교차로안,승용,남,33세,상해없음,승용,남,40세,경상
2014091700100526,2014년 9월 17일 19시,수요일,대구광역시 달서구 용산동,경상사고,0,0,2,0,차대차 - 추돌 - 진행중,신호위반,건조,맑음,교차로 - 교차로부근,승용,남,48세,경상,화물,남,54세,상해없음
2014091700100527,2014년 9월 17일 19시,수요일,대구광역시 달서구 감삼동,중상사고,0,1,0,0,차대차 - 기타,중앙선침범,건조,맑음,단일로 - 기타,자전거,남,27세,중상,승용,여,74세,상해없음
2014091700100565,2014년 9월 17일 20시,수요일,대구광역시 중구 태평로1가,부상신고사고,0,0,0,1,차대차 - 기타,안전운전불이행,건조,맑음,교차로 - 교차로부근,자전거,남,65세,부상신고,승용,남,52세,상해없음
2014091700100566,2014년 9월 17일 20시,수요일,대구광역시 달서구 신당동,중상사고,0,1,0,0,차대차 - 추돌 - 진행중,안전운전불이행,건조,맑음,단일로 - 기타,이륜,남,16세,상해없음,승용,남,40세,상해없음
2014091700100633,2014년 9월 17일 22시,수요일,대구광역시 중구 동인동1가,경상사고,0,0,2,0,차대차 - 측면직각충돌,신호위반,건조,맑음,교차로 - 교차로안,승용,남,59세,상해없음,승용,남,35세,경상
2014091700100657,2014년 9월 17일 23시,수요일,대구광역시 수성구 두산동,경상사고,0,0,3,0,차대차 - 측면직각충돌,안전운전불이행,건조,맑음,단일로 - 기타,승용,남,41세,상해없음,승용,남,54세,경상
2014091700100658,2014년 9월 17일 23시,수요일,대구광역시 북구 복현동,경상사고,0,0,2,0,차대차 - 추돌 - 진행중,안전운전불이행,건조,맑음,단일로 - 기타,승용,남,51세,상해없음,승용,남,21세,경상
2014091700100659,2014년 9월 17일 23시,수요일,대구광역시 달서구 용산동,경상사고,0,0,1,0,차대차 - 기타,안전운전불이행,건조,맑음,교차로 - 교차로부근,승용,여,26세,상해없음,승용,여,55세,경상
2014091800100045,2014년 9월 18일 02시,목요일,대구광역시 달서구 감삼동,중상사고,0,1,3,0,차대차 - 기타,안전운전불이행,건조,맑음,단일로 - 기타,승용,여,37세,상해없음,승용,남,64세,경상
2014091800100046,2014년 9월 18일 02시,목요일,대구광역시 중구 도원동,부상신고사고,0,0,0,1,차대차 - 기타,안전운전불이행,건조,맑음,단일로 - 기타,승용,남,22세,상해없음,승용,남,35세,부상신고
2014091800100052,2014년 9월 18일 03시,목요일,대구광역시 남구 이천동,경상사고,0,0,1,0,차대차 - 기타,안전거리미확보,건조,맑음,단일로 - 기타,승용,남,50세,상해없음,승용,남,61세,상해없음
2014091800100058,2014년 9월 18일 04시,목요일,대구광역시 서구 비산동,중상사고,0,1,1,1,차대차 - 측면직각충돌,신호위반,건조,맑음,교차로 - 교차로안,승용,남,59세,부상신고,건설기계,남,59세,경상
2014091800100078,2014년 9월 18일 06시,목요일,대구광역시 남구 대명동,경상사고,0,0,1,0,차대차 - 측면직각충돌,신호위반,건조,맑음,교차로 - 교차로안,승용,여,49세,상해없음,원동기,남,57세,경상
2014091800100079,2014년 9월 18일 06시,목요일,대구광역시 북구 태전동,중상사고,0,1,0,0,차대차 - 측면직각충돌,차로위반,습기,비,단일로 - 기타,화물,남,58세,상해없음,이륜,남,46세,중상
2014091800100108,2014년 9월 18일 07시,목요일,대구광역시 수성구 만촌동,중상사고,0,1,1,0,차대차 - 기타,안전운전불이행,건조,맑음,단일로 - 기타,자전거,남,17세,경상,자전거,여,47세,중상
2014091800100172,2014년 9월 18일 09시,목요일,대구광역시 남구 대명동,경상사고,0,0,1,0,차대사람 - 기타,안전운전불이행,건조,맑음,단일로 - 기타,승용,남,62세,상해없음,보행자,남,20세,경상
2014091800100173,2014년 9월 18일 09시,목요일,대구광역시 달성군 하빈면,경상사고,0,0,2,0,차대차 - 측면직각충돌,안전운전불이행,건조,맑음,단일로 - 기타,화물,남,49세,상해없음,승용,여,59세,경상
2014091800100174,2014년 9월 18일 09시,목요일,대구광역시 북구 태전동,경상사고,0,0,1,0,차대차 - 기타,안전운전불이행,건조,맑음,단일로 - 기타,승용,남,42세,상해없음,원동기,남,58세,경상
2014091800100207,2014년 9월 18일 10시,목요일,대구광역시 달서구 도원동,경상사고,0,0,1,0,차대차 - 추돌 - 진행중,안전거리미확보,건조,맑음,단일로 - 기타,승용,여,42세,상해없음,승용,여,37세,경상
2014091800100208,2014년 9월 18일 10시,목요일,대구광역시 달서구 감삼동,중상사고,0,1,0,0,차량단독 - 기타,안전운전불이행,건조,맑음,교차로 - 교차로부근,승합,남,50세,상해없음,,,,
2014091800100233,2014년 9월 18일 11시,목요일,대구광역시 북구 칠성동2가,경상사고,0,0,1,0,차대사람 - 차도통행중,안전운전불이행,건조,맑음,단일로 - 기타,승합,남,53세,상해없음,보행자,남,41세,경상
2014091800100254,2014년 9월 18일 12시,목요일,대구광역시 북구 태전동,경상사고,0,0,1,0,차대차 - 기타,안전운전불이행,건조,맑음,단일로 - 기타,이륜,남,55세,상해없음,이륜,남,71세,경상
2014091800100344,2014년 9월 18일 15시,목요일,대구광역시 달성군 화원읍,경상사고,0,0,1,0,차대차 - 측면직각충돌,안전운전불이행,건조,맑음,단일로 - 기타,화물,남,55세,상해없음,자전거,남,14세,경상
2014091800100392,2014년 9월 18일 16시,목요일,대구광역시 수성구 범어동,경상사고,0,0,1,0,차대차 - 측면직각충돌,신호위반,건조,맑음,교차로 - 교차로안,승용,여,62세,상해없음,화물,남,39세,경상
2014091800100424,2014년 9월 18일 17시,목요일,대구광역시 남구 대명동,경상사고,0,0,1,0,차대사람 - 기타,안전운전불이행,건조,맑음,단일로 - 기타,승용,여,46세,상해없음,보행자,여,58세,경상
2014091800100425,2014년 9월 18일 17시,목요일,대구광역시 동구 율하동,중상사고,0,1,0,0,차대차 - 기타,안전운전불이행,건조,맑음,기타 - 기타,이륜,남,42세,상해없음,자전거,여,54세,중상
2014091800100426,2014년 9월 18일 17시,목요일,대구광역시 중구 남산동,경상사고,0,0,1,0,차대차 - 기타,안전운전불이행,건조,맑음,교차로 - 교차로부근,승용,여,52세,상해없음,승용,여,29세,경상
2014091800100470,2014년 9월 18일 18시,목요일,대구광역시 달서구 송현동,경상사고,0,0,1,0,차대차 - 기타,교차로운행방법위반,건조,맑음,교차로 - 교차로안,승용,남,38세,상해없음,이륜,남,52세,경상
2014091800100508,2014년 9월 18일 19시,목요일,대구광역시 달서구 상인동,경상사고,0,0,1,0,차대차 - 추돌 - 주정차중,안전운전불이행,건조,맑음,단일로 - 기타,승용,남,24세,상해없음,이륜,남,19세,경상
2014091800100509,2014년 9월 18일 19시,목요일,대구광역시 달서구 대천동,경상사고,0,0,2,0,차대차 - 추돌 - 주정차중,안전운전불이행,건조,맑음,교차로 - 교차로부근,승용,남,41세,상해없음,승용,남,26세,경상
2014091800100510,2014년 9월 18일 19시,목요일,대구광역시 서구 중리동,중상사고,0,1,0,0,차대사람 - 기타,안전운전불이행,건조,맑음,단일로 - 기타,승용,남,54세,상해없음,보행자,여,76세,중상
2014091800100543,2014년 9월 18일 20시,목요일,대구광역시 수성구 욱수동,경상사고,0,0,1,0,차대차 - 기타,안전운전불이행,건조,맑음,교차로 - 교차로부근,승용,여,38세,상해없음,이륜,남,37세,경상
2014091800100544,2014년 9월 18일 20시,목요일,대구광역시 수성구 황금동,중상사고,0,1,0,0,차대차 - 측면직각충돌,안전운전불이행,건조,맑음,단일로 - 기타,승용,남,39세,상해없음,승용,남,56세,중상
2014091800100545,2014년 9월 18일 20시,목요일,대구광역시 달서구 장동,경상사고,0,0,2,0,차대차 - 기타,안전거리미확보,건조,맑음,단일로 - 기타,화물,남,59세,상해없음,이륜,남,16세,경상
2014091800100546,2014년 9월 18일 20시,목요일,대구광역시 북구 산격동,경상사고,0,0,1,0,차대차 - 추돌 - 주정차중,안전운전불이행,습기,비,단일로 - 기타,승용,남,50세,상해없음,승용,남,32세,경상
2014091800100584,2014년 9월 18일 21시,목요일,대구광역시 동구 동호동,경상사고,0,0,2,0,차대차 - 추돌 - 주정차중,안전운전불이행,건조,맑음,단일로 - 기타,승용,남,33세,상해없음,승용,남,29세,경상
2014091800100585,2014년 9월 18일 21시,목요일,대구광역시 수성구 두산동,경상사고,0,0,1,0,차대사람 - 횡단중,안전운전불이행,건조,맑음,교차로 - 교차로안,승용,남,35세,상해없음,보행자,남,48세,경상
2014091800100586,2014년 9월 18일 21시,목요일,대구광역시 달서구 본동,경상사고,0,0,3,0,차대차 - 측면직각충돌,안전거리미확보,건조,맑음,교차로 - 교차로안,승용,여,52세,경상,승용,남,43세,경상
2014091800100617,2014년 9월 18일 22시,목요일,대구광역시 북구 조야동,경상사고,0,0,2,0,차대차 - 측면직각충돌,안전운전불이행,건조,맑음,단일로 - 기타,화물,남,59세,상해없음,화물,남,44세,경상
2014091800100620,2014년 9월 18일 22시,목요일,대구광역시 달서구 월성동,중상사고,0,1,0,0,차대사람 - 횡단중,보행자보호의무위반,건조,맑음,교차로 - 교차로안,화물,남,46세,상해없음,보행자,여,20세,중상
2014091800100642,2014년 9월 18일 23시,목요일,대구광역시 북구 노원동1가,경상사고,0,0,1,0,차대사람 - 기타,불법유턴,건조,맑음,단일로 - 기타,승용,남,29세,상해없음,보행자,남,37세,경상
2014091900100042,2014년 9월 19일 01시,금요일,대구광역시 북구 학정동,경상사고,0,0,1,0,차대차 - 추돌 - 주정차중,안전운전불이행,건조,맑음,기타 - 기타,승용,남,30세,상해없음,승용,남,51세,경상
2014091900100072,2014년 9월 19일 05시,금요일,대구광역시 남구 봉덕동,중상사고,0,1,0,0,차대사람 - 횡단중,보행자보호의무위반,건조,맑음,단일로 - 횡단보도상,화물,남,57세,상해없음,보행자,남,70세,중상
2014091900100073,2014년 9월 19일 05시,금요일,대구광역시 북구 침산동,경상사고,0,0,1,0,차대사람 - 횡단중,신호위반,건조,맑음,단일로 - 횡단보도상,승용,남,59세,상해없음,보행자,남,74세,경상
2014091900100074,2014년 9월 19일 05시,금요일,대구광역시 중구 동인동2가,경상사고,0,0,2,0,차대차 - 추돌 - 주정차중,안전운전불이행,건조,맑음,단일로 - 기타,승용,남,33세,상해없음,승용,남,27세,경상
2014091900100124,2014년 9월 19일 07시,금요일,대구광역시 북구 침산동,부상신고사고,0,0,0,1,차대차 - 기타,신호위반,건조,맑음,교차로 - 교차로안,자전거,남,60세,부상신고,화물,남,53세,상해없음
2014091900100125,2014년 9월 19일 07시,금요일,대구광역시 북구 침산동,중상사고,0,1,0,0,차대차 - 기타,안전운전불이행,건조,맑음,교차로 - 교차로부근,승용,남,52세,상해없음,이륜,남,65세,중상
2014091900100126,2014년 9월 19일 07시,금요일,대구광역시 서구 평리동,부상신고사고,0,0,0,1,차대차 - 기타,안전운전불이행,건조,맑음,단일로 - 기타,승용,남,76세,부상신고,화물,남,55세,기타불명
2014091900100127,2014년 9월 19일 07시,금요일,대구광역시 달서구 죽전동,경상사고,0,0,1,0,차대차 - 측면직각충돌,안전거리미확보,건조,맑음,단일로 - 기타,승용,여,50세,상해없음,승용,남,59세,경상
2014091900100208,2014년 9월 19일 09시,금요일,대구광역시 북구 침산동,경상사고,0,0,1,0,차대차 - 측면직각충돌,안전운전불이행,건조,맑음,교차로 - 교차로부근,승용,남,59세,상해없음,자전거,여,46세,경상
2014091900100236,2014년 9월 19일 10시,금요일,대구광역시 동구 지저동,중상사고,0,1,0,0,차대사람 - 횡단중,보행자보호의무위반,건조,맑음,교차로 - 교차로안,화물,남,73세,상해없음,보행자,여,54세,중상
2014091900100257,2014년 9월 19일 11시,금요일,대구광역시 동구 봉무동,경상사고,0,0,1,0,차대차 - 측면직각충돌,안전거리미확보,건조,맑음,단일로 - 기타,화물,기타불명,기타불명,기타불명,승용,여,51세,경상
2014091900100292,2014년 9월 19일 12시,금요일,대구광역시 달성군 다사읍,경상사고,0,0,1,0,차대차 - 기타,안전운전불이행,건조,맑음,단일로 - 기타,자전거,남,58세,경상,자전거,남,65세,상해없음
2014091900100356,2014년 9월 19일 14시,금요일,대구광역시 달서구 이곡동,경상사고,0,0,2,0,차대차 - 추돌 - 주정차중,안전운전불이행,건조,맑음,단일로 - 기타,승용,여,53세,상해없음,승용,여,44세,경상
2014091900100393,2014년 9월 19일 15시,금요일,대구광역시 수성구 중동,중상사고,0,1,0,0,차대차 - 측면직각충돌,안전운전불이행,건조,맑음,교차로 - 교차로부근,화물,남,23세,상해없음,자전거,여,61세,중상
2014091900100394,2014년 9월 19일 15시,금요일,대구광역시 달서구 갈산동,경상사고,0,0,2,0,차대차 - 기타,안전거리미확보,건조,맑음,단일로 - 기타,승용,남,55세,상해없음,이륜,남,17세,경상
2014091900100395,2014년 9월 19일 15시,금요일,대구광역시 달서구 유천동,경상사고,0,0,1,0,차대차 - 기타,안전운전불이행,건조,맑음,단일로 - 기타,승용,여,36세,상해없음,자전거,남,10세,경상
2014091900100424,2014년 9월 19일 16시,금요일,대구광역시 수성구 황금동,경상사고,0,0,1,0,차대차 - 추돌 - 주정차중,안전운전불이행,건조,맑음,단일로 - 기타,자전거,남,9세,경상,화물,남,40세,상해없음
2014091900100425,2014년 9월 19일 16시,금요일,대구광역시 수성구 범어동,경상사고,0,0,1,0,차대차 - 기타,안전운전불이행,건조,맑음,단일로 - 기타,승합,남,57세,상해없음,승용,남,52세,경상
2014091900100426,2014년 9월 19일 16시,금요일,대구광역시 달서구 상인동,중상사고,0,1,0,0,차대사람 - 차도통행중,안전운전불이행,건조,맑음,교차로 - 교차로부근,승용,남,25세,상해없음,보행자,여,57세,중상
2014091900100427,2014년 9월 19일 16시,금요일,대구광역시 달서구 진천동,부상신고사고,0,0,0,1,차대차 - 측면직각충돌,안전운전불이행,건조,맑음,단일로 - 횡단보도상,승용,남,31세,상해없음,자전거,남,12세,부상신고
2014091900100428,2014년 9월 19일 16시,금요일,대구광역시 달성군 다사읍,부상신고사고,0,0,0,1,차대차 - 기타,안전운전불이행,건조,맑음,단일로 - 기타,승용,여,44세,부상신고,화물,남,42세,기타불명
2014091900100476,2014년 9월 19일 17시,금요일,대구광역시 동구 신암동,경상사고,0,0,1,0,차대차 - 측면직각충돌,교차로운행방법위반,건조,맑음,교차로 - 교차로안,승용,남,27세,상해없음,승용,남,63세,상해없음
2014091900100523,2014년 9월 19일 18시,금요일,대구광역시 달서구 갈산동,경상사고,0,0,3,0,차대차 - 기타,안전운전불이행,건조,맑음,단일로 - 기타,건설기계,남,46세,상해없음,승용,남,30세,경상
2014091900100524,2014년 9월 19일 18시,금요일,대구광역시 북구 칠성동1가,경상사고,0,0,2,0,차대차 - 측면직각충돌,교차로운행방법위반,건조,맑음,교차로 - 교차로안,자전거,여,54세,경상,자전거,남,50세,경상
2014091900100571,2014년 9월 19일 19시,금요일,대구광역시 달서구 대천동,경상사고,0,0,2,0,차대차 - 추돌 - 진행중,안전운전불이행,건조,맑음,단일로 - 기타,승용,남,18세,상해없음,승용,남,28세,경상
2014091900100578,2014년 9월 19일 19시,금요일,대구광역시 동구 효목동,경상사고,0,0,1,0,차대사람 - 기타,안전운전불이행,건조,맑음,단일로 - 기타,자전거,남,15세,상해없음,보행자,여,46세,경상
2014091900100579,2014년 9월 19일 19시,금요일,대구광역시 달서구 장동,부상신고사고,0,0,0,2,차대차 - 기타,안전거리미확보,건조,맑음,단일로 - 기타,승용,여,60세,상해없음,이륜,남,16세,부상신고
2014091900100622,2014년 9월 19일 20시,금요일,대구광역시 중구 하서동,중상사고,0,1,0,0,차대사람 - 기타,안전운전불이행,건조,맑음,단일로 - 기타,이륜,남,27세,상해없음,보행자,여,75세,중상
2014091900100623,2014년 9월 19일 20시,금요일,대구광역시 북구 학정동,경상사고,0,0,1,0,차대차 - 측면직각충돌,안전운전불이행,건조,맑음,교차로 - 교차로안,승용,기타불명,기타불명,기타불명,자전거,남,12세,경상
2014091900100663,2014년 9월 19일 21시,금요일,대구광역시 서구 원대동2가,경상사고,0,0,1,0,차대차 - 기타,교차로운행방법위반,건조,맑음,교차로 - 교차로안,승용,남,54세,상해없음,자전거,남,43세,경상
2014091900100664,2014년 9월 19일 21시,금요일,대구광역시 서구 비산동,경상사고,0,0,2,0,차대차 - 추돌 - 주정차중,안전운전불이행,건조,맑음,단일로 - 기타,승합,남,56세,상해없음,승용,남,32세,경상
2014091900100665,2014년 9월 19일 21시,금요일,대구광역시 달서구 감삼동,경상사고,0,0,1,1,차대차 - 추돌 - 주정차중,안전거리미확보,건조,맑음,단일로 - 기타,승용,남,51세,상해없음,승용,남,30세,부상신고
2014091900100666,2014년 9월 19일 21시,금요일,대구광역시 달서구 두류동,경상사고,0,0,1,0,차대사람 - 기타,안전운전불이행,건조,맑음,단일로 - 기타,승용,기타불명,기타불명,기타불명,보행자,여,23세,경상
2014091900100699,2014년 9월 19일 22시,금요일,대구광역시 달서구 갈산동,중상사고,0,1,0,0,차대차 - 추돌 - 주정차중,안전운전불이행,건조,맑음,교차로 - 교차로부근,승용,남,48세,기타불명,승용,여,34세,중상
2014091900100700,2014년 9월 19일 22시,금요일,대구광역시 달서구 신당동,경상사고,0,0,1,0,차대차 - 기타,기타,건조,맑음,단일로 - 기타,승용,남,57세,상해없음,이륜,남,16세,경상
2014091900100735,2014년 9월 19일 23시,금요일,대구광역시 수성구 범어동,경상사고,0,0,1,0,차대차 - 측면직각충돌,안전운전불이행,건조,맑음,단일로 - 기타,승용,남,41세,상해없음,승용,남,55세,상해없음
2014092000100020,2014년 9월 20일 00시,토요일,대구광역시 남구 대명동,경상사고,0,0,5,0,차대차 - 추돌 - 주정차중,안전운전불이행,건조,맑음,교차로 - 교차로부근,승용,남,23세,상해없음,승용,남,47세,경상
2014092000100047,2014년 9월 20일 01시,토요일,대구광역시 달서구 송현동,부상신고사고,0,0,0,1,차대차 - 기타,안전운전불이행,건조,맑음,교차로 - 교차로부근,자전거,남,55세,부상신고,승용,남,56세,상해없음
2014092000100048,2014년 9월 20일 01시,토요일,대구광역시 달서구 본동,경상사고,0,0,1,0,차대차 - 기타,안전운전불이행,건조,맑음,단일로 - 기타,화물,남,35세,상해없음,자전거,남,31세,경상
2014092000100063,2014년 9월 20일 02시,토요일,대구광역시 남구 대명동,경상사고,0,0,1,0,차대차 - 추돌 - 주정차중,안전운전불이행,건조,맑음,교차로 - 교차로안,승용,남,47세,상해없음,승용,남,62세,경상
2014092000100064,2014년 9월 20일 02시,토요일,대구광역시 동구 신암동,경상사고,0,0,3,0,차대차 - 측면직각충돌,신호위반,건조,맑음,교차로 - 교차로안,승용,남,52세,상해없음,승용,남,62세,경상
2014092000100065,2014년 9월 20일 02시,토요일,대구광역시 수성구 신매동,경상사고,0,0,1,0,차대사람 - 기타,안전운전불이행,건조,맑음,단일로 - 기타,승용,남,32세,상해없음,보행자,남,32세,경상