사고번호,사고일시,요일,시군구,사고내용,사망자수,중상자수,경상자수,부상신고자수,사고유형,법규위반,노면상태,기상상태,도로형태,가해운전자 차종,가해운전자 성별,가해운전자 연령,가해운전자 상해정도,피해운전자 차종,피해운전자 성별,피해운전자 연령,피해운전자 상해정도
2014092000100066,2014년 9월 20일 02시,토요일,대구광역시 달서구 송현동,경상사고,0,0,1,0,차대차 - 추돌 - 주정차중,안전운전불이행,건조,맑음,단일로 - 기타,승용,남,39세,경상,승합,남,44세,기타불명
2014092000100138,2014년 9월 20일 06시,토요일,대구광역시 동구 검사동,사망사고,1,0,0,0,차대차 - 측면직각충돌,안전운전불이행,건조,맑음,단일로 - 기타,화물,남,47세,상해없음,자전거,남,74세,사망
2014092000100139,2014년 9월 20일 06시,토요일,대구광역시 달성군 화원읍,경상사고,0,0,1,0,차대차 - 기타,신호위반,건조,맑음,교차로 - 교차로안,승용,남,38세,상해없음,승용,남,69세,경상
2014092000100140,2014년 9월 20일 06시,토요일,대구광역시 서구 비산동,중상사고,0,1,0,0,차대차 - 기타,안전운전불이행,건조,맑음,단일로 - 기타,기타불명,기타불명,기타불명,기타불명,자전거,남,78세,중상
2014092000100159,2014년 9월 20일 07시,토요일,대구광역시 남구 대명동,부상신고사고,0,0,0,1,차대차 - 추돌 - 진행중,안전운전불이행,건조,맑음,단일로 - 횡단보도상,승용,남,35세,상해없음,승합,남,63세,부상신고
2014092000100189,2014년 9월 20일 08시,토요일,대구광역시 달서구 본동,경상사고,0,0,1,0,차대차 - 기타,직진우회전진행방해,건조,맑음,교차로 - 교차로안,원동기,남,71세,경상,승용,여,45세,상해없음
2014092000100190,2014년 9월 20일 08시,토요일,대구광역시 달성군 옥포면,경상사고,0,0,1,0,차량단독 - 전도전복,안전운전불이행,건조,맑음,교차로 - 교차로안,자전거,남,16세,경상,,,,
2014092000100191,2014년 9월 20일 08시,토요일,대구광역시 중구 남산동,중상사고,0,1,0,0,차대차 - 측면직각충돌,신호위반,건조,맑음,교차로 - 교차로안,승용,여,32세,상해없음,이륜,남,26세,중상
2014092000100220,2014년 9월 20일 09시,토요일,대구광역시 남구 대명동,경상사고,0,0,1,0,차대사람 - 기타,안전운전불이행,건조,맑음,단일로 - 기타,화물,남,55세,상해없음,보행자,남,52세,경상
2014092000100221,2014년 9월 20일 09시,토요일,대구광역시 서구 이현동,경상사고,0,0,1,0,차대차 - 기타,안전운전불이행,건조,맑음,교차로 - 교차로안,이륜,남,27세,경상,화물,남,47세,상해없음
2014092000100245,2014년 9월 20일 10시,토요일,대구광역시 달성군 가창면,중상사고,0,1,0,0,차량단독 - 기타,안전운전불이행,건조,맑음,단일로 - 기타,승합,남,51세,상해없음,,,,
2014092000100280,2014년 9월 20일 11시,토요일,대구광역시 서구 내당동,사망사고,1,0,1,0,차대차 - 기타,안전운전불이행,건조,맑음,단일로 - 기타,승용,남,59세,상해없음,이륜,남,32세,사망
2014092000100281,2014년 9월 20일 11시,토요일,대구광역시 중구 동문동,부상신고사고,0,0,0,1,차대사람 - 기타,안전운전불이행,건조,맑음,교차로 - 교차로부근,화물,남,40세,기타불명,보행자,남,23세,부상신고
2014092000100320,2014년 9월 20일 12시,토요일,대구광역시 수성구 황금동,경상사고,0,0,1,0,차대차 - 추돌 - 진행중,안전거리미확보,건조,맑음,단일로 - 기타,승용,남,52세,상해없음,승용,남,31세,경상
2014092000100354,2014년 9월 20일 13시,토요일,대구광역시 동구 불로동,중상사고,0,1,0,0,차대차 - 기타,안전거리미확보,건조,맑음,단일로 - 기타,승용,여,55세,상해없음,이륜,남,71세,중상
2014092000100355,2014년 9월 20일 13시,토요일,대구광역시 수성구 만촌동,경상사고,0,0,1,0,차대사람 - 기타,안전운전불이행,건조,맑음,단일로 - 기타,승용,여,32세,기타불명,보행자,남,10세,경상
2014092000100356,2014년 9월 20일 13시,토요일,대구광역시 수성구 신매동,중상사고,0,1,0,0,차대차 - 측면직각충돌,기타,건조,맑음,단일로 - 기타,원동기,남,76세,중상,승용,남,37세,상해없음
2014092000100357,2014년 9월 20일 13시,토요일,대구광역시 북구 칠성동2가,경상사고,0,0,2,0,차대차 - 기타,안전거리미확보,건조,맑음,단일로 - 기타,화물,남,48세,상해없음,승용,남,31세,경상
2014092000100358,2014년 9월 20일 13시,토요일,대구광역시 북구 대현동,경상사고,0,0,1,0,차대차 - 기타,안전거리미확보,건조,맑음,단일로 - 기타,화물,남,48세,상해없음,승용,여,43세,경상
2014092000100359,2014년 9월 20일 13시,토요일,대구광역시 북구 매천동,중상사고,0,1,0,0,차대차 - 측면직각충돌,안전운전불이행,건조,맑음,단일로 - 기타,자전거,남,17세,중상,원동기,남,18세,상해없음
2014092000100407,2014년 9월 20일 14시,토요일,대구광역시 남구 대명동,중상사고,0,1,0,0,차대사람 - 기타,안전운전불이행,건조,맑음,교차로 - 교차로안,승용,남,54세,상해없음,보행자,여,9세,중상
2014092000100408,2014년 9월 20일 14시,토요일,대구광역시 동구 입석동,중상사고,0,1,1,1,차대차 - 기타,안전운전불이행,건조,맑음,교차로 - 교차로안,화물,남,30세,부상신고,승용,남,59세,경상
2014092000100410,2014년 9월 20일 14시,토요일,대구광역시 북구 대현동,중상사고,0,1,0,0,차대차 - 기타,안전거리미확보,건조,맑음,교차로 - 교차로부근,승용,남,52세,상해없음,승용,남,72세,중상
2014092000100455,2014년 9월 20일 15시,토요일,대구광역시 서구 평리동,부상신고사고,0,0,0,1,차대차 - 기타,안전운전불이행,건조,맑음,단일로 - 기타,자전거,남,62세,부상신고,승용,남,28세,상해없음
2014092000100529,2014년 9월 20일 17시,토요일,대구광역시 동구 봉무동,경상사고,0,0,3,0,차대차 - 기타,교차로운행방법위반,건조,맑음,교차로 - 교차로안,승용,남,41세,상해없음,승용,남,31세,경상
2014092000100530,2014년 9월 20일 17시,토요일,대구광역시 북구 동천동,중상사고,0,1,0,0,차대차 - 추돌 - 진행중,안전운전불이행,건조,맑음,단일로 - 기타,승용,남,35세,상해없음,이륜,남,18세,중상
2014092000100570,2014년 9월 20일 18시,토요일,대구광역시 북구 대현동,경상사고,0,0,1,0,차대사람 - 횡단중,보행자보호의무위반,건조,맑음,단일로 - 횡단보도상,승용,남,55세,상해없음,보행자,남,4세,경상
2014092000100571,2014년 9월 20일 18시,토요일,대구광역시 달서구 진천동,경상사고,0,0,1,0,차대사람 - 보도통행중,기타,건조,맑음,단일로 - 기타,원동기,남,17세,상해없음,보행자,남,48세,경상
2014092000100572,2014년 9월 20일 18시,토요일,대구광역시 북구 구암동,경상사고,0,0,1,1,차대차 - 측면직각충돌,직진우회전진행방해,건조,맑음,교차로 - 교차로부근,승용,남,30세,부상신고,원동기,남,17세,경상
2014092000100621,2014년 9월 20일 19시,토요일,대구광역시 동구 신천동,경상사고,0,0,2,0,차대차 - 기타,안전거리미확보,건조,맑음,단일로 - 기타,승용,남,24세,상해없음,승용,남,24세,경상
2014092000100651,2014년 9월 20일 20시,토요일,대구광역시 남구 봉덕동,경상사고,0,0,1,0,차대사람 - 횡단중,안전운전불이행,건조,맑음,교차로 - 교차로안,승용,남,66세,상해없음,보행자,남,53세,경상
2014092000100652,2014년 9월 20일 20시,토요일,대구광역시 달서구 송현동,부상신고사고,0,0,0,1,차대차 - 측면직각충돌,안전운전불이행,건조,맑음,교차로 - 교차로안,승용,남,54세,상해없음,승용,남,63세,상해없음
2014092000100653,2014년 9월 20일 20시,토요일,대구광역시 달서구 상인동,경상사고,0,0,1,0,차대사람 - 보도통행중,중앙선침범,건조,맑음,교차로 - 교차로안,자전거,남,15세,상해없음,보행자,여,19세,경상
2014092000100693,2014년 9월 20일 21시,토요일,대구광역시 수성구 범어동,경상사고,0,0,1,0,차대차 - 추돌 - 진행중,안전거리미확보,건조,맑음,단일로 - 기타,이륜,남,19세,상해없음,승용,남,54세,경상
2014092000100755,2014년 9월 20일 23시,토요일,대구광역시 달서구 이곡동,경상사고,0,0,2,0,차대차 - 기타,안전운전불이행,건조,맑음,단일로 - 기타,승용,남,39세,상해없음,승용,남,28세,경상
2014092100100020,2014년 9월 21일 00시,일요일,대구광역시 수성구 범어동,경상사고,0,0,2,1,차대차 - 추돌 - 주정차중,안전운전불이행,건조,맑음,단일로 - 기타,승용,남,35세,상해없음,승용,여,42세,경상
2014092100100021,2014년 9월 21일 00시,일요일,대구광역시 수성구 두산동,경상사고,0,0,1,0,차대차 - 추돌 - 진행중,안전운전불이행,건조,맑음,단일로 - 기타,승용,남,50세,상해없음,이륜,남,19세,경상
2014092100100022,2014년 9월 21일 00시,일요일,대구광역시 달서구 상인동,경상사고,0,0,1,0,차대차 - 측면직각충돌,교차로운행방법위반,건조,맑음,교차로 - 교차로안,승용,남,52세,상해없음,자전거,남,65세,경상
2014092100100023,2014년 9월 21일 00시,일요일,대구광역시 달서구 이곡동,경상사고,0,0,1,0,차대차 - 추돌 - 주정차중,안전운전불이행,건조,맑음,교차로 - 교차로부근,화물,남,47세,상해없음,승용,남,43세,경상
2014092100100035,2014년 9월 21일 01시,일요일,대구광역시 북구 국우동,부상신고사고,0,0,0,1,차량단독 - 전도전복,안전운전불이행,건조,맑음,단일로 - 기타,원동기,남,32세,부상신고,,,,
2014092100100067,2014년 9월 21일 03시,일요일,대구광역시 수성구 만촌동,중상사고,0,1,0,0,차량단독 - 공작물충돌,안전운전불이행,건조,맑음,단일로 - 기타,화물,남,52세,상해없음,,,,
2014092100100079,2014년 9월 21일 04시,일요일,대구광역시 동구 신암동,중상사고,0,1,1,0,차대차 - 기타,안전거리미확보,건조,맑음,단일로 - 기타,승용,남,47세,상해없음,원동기,남,17세,경상
2014092100100102,2014년 9월 21일 06시,일요일,대구광역시 수성구 수성동4가,경상사고,0,0,1,0,차대차 - 정면충돌,중앙선침범,건조,맑음,단일로 - 기타,이륜,남,50세,상해없음,승용,여,60세,경상
2014092100100103,2014년 9월 21일 06시,일요일,대구광역시 북구 대현동,경상사고,0,0,1,0,차대사람 - 횡단중,안전운전불이행,건조,맑음,단일로 - 기타,승용,남,34세,상해없음,보행자,여,67세,경상
2014092100100120,2014년 9월 21일 07시,일요일,대구광역시 북구 침산동,중상사고,0,1,1,0,차대차 - 기타,신호위반,건조,맑음,교차로 - 교차로안,승용,여,46세,상해없음,승용,남,42세,경상
2014092100100138,2014년 9월 21일 08시,일요일,대구광역시 달성군 다사읍,중상사고,0,1,0,0,차량단독 - 전도전복,안전운전불이행,건조,맑음,단일로 - 기타,승용,남,52세,중상,,,,
2014092100100152,2014년 9월 21일 09시,일요일,대구광역시 동구 신천동,경상사고,0,0,1,0,차대차 - 측면직각충돌,안전운전불이행,건조,맑음,단일로 - 기타,승합,기타불명,기타불명,기타불명,승용,남,66세,상해없음
2014092100100176,2014년 9월 21일 10시,일요일,대구광역시 수성구 두산동,중상사고,0,1,0,0,차대차 - 기타,안전운전불이행,건조,맑음,단일로 - 기타,승용,남,44세,상해없음,승용,여,52세,중상
2014092100100177,2014년 9월 21일 10시,일요일,대구광역시 수성구 범어동,경상사고,0,0,1,0,차대차 - 측면직각충돌,안전거리미확보,건조,맑음,단일로 - 기타,승용,남,26세,상해없음,이륜,남,31세,경상
2014092100100199,2014년 9월 21일 11시,일요일,대구광역시 달서구 이곡동,경상사고,0,0,3,0,차대차 - 추돌 - 주정차중,안전운전불이행,건조,맑음,단일로 - 기타,승용,남,53세,상해없음,승용,여,42세,경상
2014092100100213,2014년 9월 21일 12시,일요일,대구광역시 수성구 황금동,중상사고,0,1,0,0,차대차 - 기타,안전운전불이행,건조,맑음,교차로 - 교차로부근,승용,남,32세,기타불명,이륜,남,38세,중상
2014092100100248,2014년 9월 21일 13시,일요일,대구광역시 달서구 호림동,중상사고,0,1,0,0,차대차 - 기타,교차로운행방법위반,건조,맑음,교차로 - 교차로안,승용,남,50세,상해없음,이륜,여,50세,중상
2014092100100290,2014년 9월 21일 14시,일요일,대구광역시 서구 내당동,경상사고,0,0,1,0,차대차 - 기타,안전거리미확보,건조,맑음,단일로 - 기타,승용,남,85세,상해없음,승용,남,31세,상해없음
2014092100100323,2014년 9월 21일 15시,일요일,대구광역시 달서구 송현동,중상사고,0,1,0,0,차대차 - 기타,기타,건조,맑음,단일로 - 기타,승용,남,23세,상해없음,이륜,남,33세,중상
2014092100100324,2014년 9월 21일 15시,일요일,대구광역시 북구 팔달동,중상사고,0,1,1,0,차대차 - 측면직각충돌,안전운전불이행,건조,맑음,단일로 - 기타,승용,남,61세,상해없음,이륜,남,52세,경상
2014092100100353,2014년 9월 21일 16시,일요일,대구광역시 달성군 유가면,중상사고,0,1,0,0,차대차 - 측면직각충돌,직진우회전진행방해,건조,맑음,교차로 - 교차로안,승용,기타불명,기타불명,기타불명,원동기,남,73세,중상
2014092100100354,2014년 9월 21일 16시,일요일,대구광역시 북구 노곡동,경상사고,0,0,1,0,차대차 - 추돌 - 주정차중,안전운전불이행,건조,맑음,단일로 - 기타,승용,여,34세,상해없음,승용,여,35세,경상
2014092100100379,2014년 9월 21일 17시,일요일,대구광역시 서구 비산동,경상사고,0,0,3,0,차대차 - 측면직각충돌,안전거리미확보,건조,맑음,단일로 - 기타,승용,여,33세,상해없음,승합,남,45세,상해없음
2014092100100380,2014년 9월 21일 17시,일요일,대구광역시 북구 관음동,부상신고사고,0,0,0,1,차대사람 - 기타,안전운전불이행,건조,맑음,기타 - 기타,기타불명,기타불명,기타불명,기타불명,보행자,여,1세,부상신고
2014092100100406,2014년 9월 21일 18시,일요일,대구광역시 수성구 중동,중상사고,0,1,1,0,차대차 - 추돌 - 주정차중,안전운전불이행,건조,맑음,교차로 - 교차로부근,승용,남,29세,기타불명,승용,남,72세,중상
2014092100100448,2014년 9월 21일 19시,일요일,대구광역시 달서구 상인동,부상신고사고,0,0,0,1,차대사람 - 기타,안전운전불이행,건조,맑음,단일로 - 기타,승용,남,41세,상해없음,보행자,여,10세,부상신고
2014092100100449,2014년 9월 21일 19시,일요일,대구광역시 북구 산격동,경상사고,0,0,1,0,차량단독 - 기타,안전운전불이행,건조,맑음,단일로 - 기타,승합,남,59세,기타불명,,,,
2014092100100450,2014년 9월 21일 19시,일요일,대구광역시 북구 동천동,경상사고,0,0,1,0,차대차 - 측면직각충돌,차로위반,건조,맑음,단일로 - 기타,승용,남,26세,상해없음,이륜,남,16세,경상
2014092100100451,2014년 9월 21일 19시,일요일,대구광역시 북구 동천동,부상신고사고,0,0,0,1,차대차 - 추돌 - 진행중,안전운전불이행,건조,맑음,단일로 - 기타,자전거,남,56세,부상신고,승용,여,58세,상해없음
2014092100100490,2014년 9월 21일 20시,일요일,대구광역시 달성군 논공읍,중상사고,0,1,0,0,차대사람 - 횡단중,보행자보호의무위반,건조,맑음,단일로 - 기타,승용,남,60세,상해없음,보행자,여,46세,중상
2014092100100491,2014년 9월 21일 20시,일요일,대구광역시 북구 국우동,경상사고,0,0,1,0,차대차 - 추돌 - 진행중,안전운전불이행,건조,맑음,교차로 - 교차로부근,승용,남,48세,상해없음,승용,남,29세,경상
2014092100100524,2014년 9월 21일 21시,일요일,대구광역시 달서구 두류동,경상사고,0,0,1,0,차대사람 - 기타,기타,건조,맑음,단일로 - 기타,자전거,여,59세,상해없음,보행자,여,45세,경상
2014092100100542,2014년 9월 21일 22시,일요일,대구광역시 동구 용계동,사망사고,1,0,0,0,차대사람 - 횡단중,안전운전불이행,건조,맑음,교차로 - 교차로부근,승용,남,50세,상해없음,보행자,여,66세,사망
2014092100100573,2014년 9월 21일 23시,일요일,대구광역시 동구 검사동,부상신고사고,0,0,0,1,차량단독 - 기타,안전운전불이행,건조,맑음,기타 - 기타,자전거,남,23세,부상신고,,,,
2014092200100038,2014년 9월 22일 05시,월요일,대구광역시 서구 이현동,중상사고,0,1,0,0,차대차 - 추돌 - 진행중,안전운전불이행,건조,맑음,단일로 - 기타,승용,남,25세,상해없음,화물,남,47세,중상
2014092200100087,2014년 9월 22일 07시,월요일,대구광역시 남구 대명동,경상사고,0,0,1,0,차대차 - 추돌 - 주정차중,안전운전불이행,건조,맑음,단일로 - 기타,승용,남,49세,경상,화물,남,47세,기타불명
2014092200100126,2014년 9월 22일 08시,월요일,대구광역시 동구 지저동,경상사고,0,0,1,0,차대차 - 추돌 - 진행중,안전운전불이행,건조,맑음,단일로 - 기타,기타불명,기타불명,기타불명,기타불명,승용,남,34세,경상
2014092200100196,2014년 9월 22일 10시,월요일,대구광역시 남구 봉덕동,경상사고,0,0,1,0,차대차 - 기타,안전운전불이행,건조,맑음,기타 - 기타,화물,남,62세,상해없음,승용,여,50세,경상
2014092200100197,2014년 9월 22일 10시,월요일,대구광역시 동구 효목동,중상사고,0,1,0,0,차대사람 - 기타,안전운전불이행,건조,맑음,단일로 - 기타,기타불명,기타불명,기타불명,기타불명,보행자,여,52세,중상
2014092200100258,2014년 9월 22일 12시,월요일,대구광역시 남구 대명동,경상사고,0,0,1,0,차대차 - 추돌 - 주정차중,안전운전불이행,건조,맑음,교차로 - 교차로부근,승용,남,26세,상해없음,승용,남,59세,경상
2014092200100259,2014년 9월 22일 12시,월요일,대구광역시 수성구 지산동,경상사고,0,0,1,0,차대차 - 기타,교차로운행방법위반,건조,맑음,단일로 - 기타,승용,남,44세,상해없음,이륜,남,32세,경상
2014092200100293,2014년 9월 22일 13시,월요일,대구광역시 남구 대명동,경상사고,0,0,2,0,차대차 - 측면직각충돌,교차로운행방법위반,건조,맑음,교차로 - 교차로안,이륜,남,70세,경상,승용,남,73세,경상
2014092200100294,2014년 9월 22일 13시,월요일,대구광역시 수성구 수성동1가,경상사고,0,0,1,0,차량단독 - 기타,기타,건조,맑음,단일로 - 기타,승합,남,63세,상해없음,,,,
2014092200100295,2014년 9월 22일 13시,월요일,대구광역시 달서구 이곡동,경상사고,0,0,3,0,차대차 - 측면직각충돌,교차로운행방법위반,건조,맑음,교차로 - 교차로안,승용,남,33세,상해없음,승용,남,29세,경상
2014092200100327,2014년 9월 22일 14시,월요일,대구광역시 달서구 월성동,중상사고,0,1,0,0,차대차 - 측면직각충돌,직진우회전진행방해,건조,맑음,교차로 - 교차로안,승용,여,43세,상해없음,승용,남,50세,중상
2014092200100328,2014년 9월 22일 14시,월요일,대구광역시 북구 고성동2가,부상신고사고,0,0,0,1,차대차 - 기타,안전운전불이행,건조,맑음,교차로 - 교차로안,자전거,여,67세,부상신고,화물,남,28세,상해없음
2014092200100329,2014년 9월 22일 14시,월요일,대구광역시 달서구 신당동,부상신고사고,0,0,0,1,차대차 - 기타,안전거리미확보,건조,맑음,단일로 - 기타,승용,여,51세,부상신고,승용,남,43세,상해없음
2014092200100330,2014년 9월 22일 14시,월요일,대구광역시 북구 매천동,경상사고,0,0,1,0,차대사람 - 기타,안전운전불이행,건조,맑음,기타 - 기타,승합,남,37세,상해없음,보행자,남,57세,경상
2014092200100367,2014년 9월 22일 15시,월요일,대구광역시 남구 대명동,경상사고,0,0,1,0,차대차 - 추돌 - 주정차중,안전거리미확보,건조,맑음,단일로 - 기타,자전거,여,58세,경상,승용,남,78세,상해없음
2014092200100368,2014년 9월 22일 15시,월요일,대구광역시 달서구 월성동,경상사고,0,0,2,0,차대차 - 기타,교차로운행방법위반,건조,맑음,교차로 - 교차로안,승용,여,40세,상해없음,승용,남,64세,경상
2014092200100369,2014년 9월 22일 15시,월요일,대구광역시 달서구 이곡동,중상사고,0,1,2,0,차대사람 - 기타,기타,건조,맑음,단일로 - 기타,화물,남,68세,상해없음,보행자,여,65세,중상
2014092200100406,2014년 9월 22일 16시,월요일,대구광역시 수성구 가천동,경상사고,0,0,1,0,차대차 - 추돌 - 진행중,안전운전불이행,건조,맑음,교차로 - 교차로부근,화물,남,45세,상해없음,승용,여,51세,경상
2014092200100407,2014년 9월 22일 16시,월요일,대구광역시 달서구 본동,중상사고,0,1,0,0,차대차 - 추돌 - 진행중,신호위반,건조,맑음,교차로 - 교차로안,원동기,남,23세,중상,승용,남,59세,상해없음
2014092200100443,2014년 9월 22일 17시,월요일,대구광역시 수성구 수성동4가,경상사고,0,0,2,0,차대차 - 기타,안전거리미확보,건조,맑음,단일로 - 기타,승용,남,50세,상해없음,승용,여,64세,경상
2014092200100444,2014년 9월 22일 17시,월요일,대구광역시 달성군 다사읍,중상사고,0,1,0,0,차대사람 - 기타,안전운전불이행,건조,맑음,단일로 - 기타,자전거,남,41세,상해없음,보행자,여,31세,중상
2014092200100445,2014년 9월 22일 17시,월요일,대구광역시 달서구 감삼동,경상사고,0,0,1,0,차대사람 - 기타,안전운전불이행,건조,맑음,단일로 - 기타,승용,남,53세,상해없음,보행자,남,3세,경상
2014092200100497,2014년 9월 22일 18시,월요일,대구광역시 달서구 대천동,경상사고,0,0,2,0,차대차 - 추돌 - 진행중,안전운전불이행,건조,맑음,교차로 - 교차로안,승용,남,63세,상해없음,승용,남,32세,경상
2014092200100536,2014년 9월 22일 19시,월요일,대구광역시 북구 산격동,경상사고,0,0,3,0,차대차 - 추돌 - 진행중,안전운전불이행,건조,맑음,단일로 - 기타,승용,남,59세,상해없음,승용,남,61세,경상
2014092200100537,2014년 9월 22일 19시,월요일,대구광역시 달서구 본리동,경상사고,0,0,2,0,차대차 - 기타,안전운전불이행,건조,맑음,단일로 - 횡단보도상,승용,남,78세,상해없음,자전거,남,11세,경상
2014092200100538,2014년 9월 22일 19시,월요일,대구광역시 북구 학정동,중상사고,0,1,0,0,차대차 - 측면직각충돌,직진우회전진행방해,건조,맑음,교차로 - 교차로안,승용,남,57세,상해없음,이륜,남,41세,중상
2014092200100568,2014년 9월 22일 20시,월요일,대구광역시 동구 방촌동,경상사고,0,0,1,0,차대차 - 기타,교차로운행방법위반,건조,맑음,교차로 - 교차로안,승용,여,55세,상해없음,이륜,남,18세,경상
2014092200100569,2014년 9월 22일 20시,월요일,대구광역시 수성구 수성동2가,경상사고,0,0,7,0,차대차 - 추돌 - 주정차중,안전거리미확보,건조,맑음,교차로 - 교차로부근,승용,남,62세,상해없음,승용,남,27세,경상
2014092200100570,2014년 9월 22일 20시,월요일,대구광역시 북구 복현동,경상사고,0,0,1,0,차대사람 - 기타,기타,건조,맑음,단일로 - 기타,승용,남,36세,상해없음,보행자,여,79세,경상
2014092200100571,2014년 9월 22일 20시,월요일,대구광역시 북구 동천동,중상사고,0,1,0,0,차대차 - 측면직각충돌,중앙선침범,건조,맑음,단일로 - 기타,승용,여,43세,상해없음,이륜,남,18세,중상
2014092200100591,2014년 9월 22일 21시,월요일,대구광역시 수성구 상동,중상사고,0,1,0,0,차대차 - 기타,안전운전불이행,건조,기타,교차로 - 교차로안,승용,남,53세,상해없음,이륜,남,37세,중상
2014092200100618,2014년 9월 22일 22시,월요일,대구광역시 수성구 지산동,부상신고사고,0,0,0,1,차량단독 - 기타,안전운전불이행,건조,맑음,단일로 - 기타,승용,남,60세,상해없음,,,,
2014092200100619,2014년 9월 22일 22시,월요일,대구광역시 달서구 상인동,경상사고,0,0,2,0,차대사람 - 보도통행중,안전운전불이행,건조,맑음,단일로 - 기타,자전거,남,12세,경상,보행자,여,48세,경상
2014092200100620,2014년 9월 22일 22시,월요일,대구광역시 달서구 월성동,중상사고,0,1,3,0,차대차 - 기타,신호위반,건조,맑음,교차로 - 교차로안,승용,여,45세,상해없음,승용,남,44세,경상
2014092200100621,2014년 9월 22일 22시,월요일,대구광역시 달서구 송현동,경상사고,0,0,1,0,차대차 - 측면직각충돌,안전운전불이행,건조,맑음,단일로 - 기타,승용,남,36세,상해없음,자전거,남,9세,경상
2014092200100646,2014년 9월 22일 23시,월요일,대구광역시 서구 내당동,경상사고,0,0,1,0,차대차 - 측면직각충돌,신호위반,건조,맑음,교차로 - 교차로안,자전거,남,20세,경상,승용,남,51세,상해없음
2014092200100647,2014년 9월 22일 23시,월요일,대구광역시 달서구 성당동,경상사고,0,0,1,0,차대차 - 추돌 - 진행중,안전운전불이행,건조,맑음,단일로 - 기타,승용,남,32세,상해없음,승용,남,25세,경상
2014092300100014,2014년 9월 23일 00시,화요일,대구광역시 서구 내당동,경상사고,0,0,1,0,차대차 - 기타,안전거리미확보,건조,맑음,교차로 - 교차로부근,승용,남,48세,상해없음,승용,남,64세,상해없음
2014092300100093,2014년 9월 23일 06시,화요일,대구광역시 달서구 두류동,경상사고,0,0,2,0,차대차 - 추돌 - 진행중,안전운전불이행,건조,맑음,단일로 - 기타,승용,남,40세,상해없음,승용,남,19세,경상
2014092300100094,2014년 9월 23일 06시,화요일,대구광역시 달서구 본리동,경상사고,0,0,1,0,차대사람 - 기타,안전운전불이행,건조,맑음,교차로 - 교차로안,승용,남,70세,상해없음,보행자,남,77세,경상
2014092300100121,2014년 9월 23일 07시,화요일,대구광역시 북구 고성동1가,경상사고,0,0,1,0,차대사람 - 기타,안전운전불이행,건조,맑음,단일로 - 기타,승합,남,60세,상해없음,보행자,여,64세,경상
2014092300100122,2014년 9월 23일 07시,화요일,대구광역시 서구 비산동,경상사고,0,0,1,0,차대차 - 추돌 - 진행중,안전운전불이행,건조,맑음,단일로 - 기타,승용,남,23세,상해없음,원동기,남,58세,경상
2014092300100164,2014년 9월 23일 08시,화요일,대구광역시 동구 봉무동,경상사고,0,0,1,2,차대차 - 측면직각충돌,안전운전불이행,건조,맑음,단일로 - 기타,승합,남,55세,상해없음,이륜,남,49세,경상
2014092300100165,2014년 9월 23일 08시,화요일,대구광역시 달서구 월성동,경상사고,0,0,1,1,차대차 - 측면직각충돌,안전거리미확보,건조,맑음,단일로 - 기타,승용,남,36세,상해없음,이륜,남,16세,경상
2014092300100197,2014년 9월 23일 09시,화요일,대구광역시 달서구 월성동,중상사고,0,1,0,0,차대사람 - 기타,안전운전불이행,건조,맑음,기타 - 기타,승용,남,41세,상해없음,보행자,여,65세,중상
2014092300100233,2014년 9월 23일 10시,화요일,대구광역시 중구 남산동,경상사고,0,0,2,0,차대차 - 측면직각충돌,교차로운행방법위반,건조,맑음,교차로 - 교차로안,승용,남,57세,경상,승용,남,40세,경상
2014092300100254,2014년 9월 23일 11시,화요일,대구광역시 남구 대명동,경상사고,0,0,1,0,차대차 - 추돌 - 진행중,안전운전불이행,건조,맑음,단일로 - 기타,승용,여,34세,상해없음,이륜,남,78세,경상
2014092300100255,2014년 9월 23일 11시,화요일,대구광역시 북구 태전동,경상사고,0,0,1,0,차대차 - 측면직각충돌,안전운전불이행,건조,맑음,단일로 - 기타,승용,여,38세,상해없음,원동기,남,79세,경상
2014092300100288,2014년 9월 23일 12시,화요일,대구광역시 북구 태전동,경상사고,0,0,1,0,차대차 - 기타,안전거리미확보,건조,맑음,단일로 - 기타,화물,남,50세,상해없음,승용,남,59세,경상
2014092300100317,2014년 9월 23일 13시,화요일,대구광역시 북구 대현동,경상사고,0,0,1,0,차대차 - 정면충돌,중앙선침범,건조,맑음,단일로 - 기타,특수,남,35세,상해없음,승용,여,29세,경상
2014092300100351,2014년 9월 23일 14시,화요일,대구광역시 동구 봉무동,경상사고,0,0,1,0,차대차 - 기타,안전운전불이행,건조,맑음,교차로 - 교차로부근,화물,남,33세,상해없음,자전거,남,7세,경상
2014092300100352,2014년 9월 23일 14시,화요일,대구광역시 북구 칠성동1가,중상사고,0,1,0,0,차대차 - 측면직각충돌,안전거리미확보,건조,맑음,단일로 - 교량,승용,남,69세,상해없음,이륜,남,22세,중상
2014092300100353,2014년 9월 23일 14시,화요일,대구광역시 중구 남산동,경상사고,0,0,1,0,차대차 - 기타,중앙선침범,건조,맑음,단일로 - 기타,자전거,남,57세,경상,이륜,남,68세,상해없음