사고번호,사고일시,요일,시군구,사고내용,사망자수,중상자수,경상자수,부상신고자수,사고유형,법규위반,노면상태,기상상태,도로형태,가해운전자 차종,가해운전자 성별,가해운전자 연령,가해운전자 상해정도,피해운전자 차종,피해운전자 성별,피해운전자 연령,피해운전자 상해정도
2014092300100354,2014년 9월 23일 14시,화요일,대구광역시 달서구 이곡동,경상사고,0,0,1,0,차대차 - 추돌 - 주정차중,안전운전불이행,건조,맑음,교차로 - 교차로부근,화물,남,48세,상해없음,승용,여,52세,경상
2014092300100355,2014년 9월 23일 14시,화요일,대구광역시 달서구 용산동,중상사고,0,1,0,0,차대사람 - 기타,안전운전불이행,건조,맑음,단일로 - 횡단보도상,승용,남,65세,상해없음,보행자,여,77세,중상
2014092300100388,2014년 9월 23일 15시,화요일,대구광역시 남구 대명동,중상사고,0,1,0,0,차대차 - 측면직각충돌,중앙선침범,건조,맑음,교차로 - 교차로부근,승용,여,61세,상해없음,승용,여,48세,중상
2014092300100458,2014년 9월 23일 17시,화요일,대구광역시 서구 평리동,중상사고,0,1,0,0,차대차 - 기타,안전운전불이행,건조,맑음,단일로 - 기타,원동기,남,57세,중상,원동기,남,47세,상해없음
2014092300100459,2014년 9월 23일 17시,화요일,대구광역시 달서구 성당동,중상사고,0,2,0,0,차대차 - 기타,안전거리미확보,건조,맑음,단일로 - 기타,승용,여,44세,상해없음,이륜,남,18세,중상
2014092300100508,2014년 9월 23일 18시,화요일,대구광역시 남구 봉덕동,경상사고,0,0,3,0,차대차 - 추돌 - 진행중,안전운전불이행,건조,맑음,단일로 - 기타,승용,남,31세,상해없음,승용,남,35세,상해없음
2014092300100509,2014년 9월 23일 18시,화요일,대구광역시 수성구 상동,경상사고,0,0,1,0,차대차 - 기타,안전거리미확보,건조,맑음,단일로 - 기타,승용,남,44세,상해없음,이륜,남,34세,경상
2014092300100510,2014년 9월 23일 18시,화요일,대구광역시 수성구 지산동,경상사고,0,0,1,0,차대사람 - 기타,기타,건조,맑음,단일로 - 기타,승합,남,35세,기타불명,보행자,여,66세,경상
2014092300100511,2014년 9월 23일 18시,화요일,대구광역시 달서구 본동,경상사고,0,0,1,0,차대차 - 측면직각충돌,신호위반,건조,맑음,단일로 - 기타,승용,남,39세,상해없음,원동기,남,23세,경상
2014092300100512,2014년 9월 23일 18시,화요일,대구광역시 북구 칠성동1가,경상사고,0,0,1,0,차대차 - 측면직각충돌,안전운전불이행,건조,맑음,단일로 - 기타,화물,남,71세,상해없음,승용,남,42세,경상
2014092300100513,2014년 9월 23일 18시,화요일,대구광역시 달서구 갈산동,부상신고사고,0,0,0,1,차대차 - 추돌 - 진행중,안전운전불이행,건조,맑음,교차로 - 교차로부근,이륜,남,46세,부상신고,화물,남,44세,상해없음
2014092300100514,2014년 9월 23일 18시,화요일,대구광역시 북구 태전동,경상사고,0,0,1,0,차대차 - 측면직각충돌,교차로운행방법위반,건조,맑음,교차로 - 교차로안,이륜,여,48세,상해없음,이륜,남,32세,경상
2014092300100562,2014년 9월 23일 19시,화요일,대구광역시 동구 입석동,중상사고,0,1,0,0,차대사람 - 횡단중,보행자보호의무위반,건조,맑음,단일로 - 횡단보도상,승용,남,60세,상해없음,보행자,여,77세,중상
2014092300100563,2014년 9월 23일 19시,화요일,대구광역시 동구 율하동,중상사고,0,1,0,0,차대사람 - 기타,안전운전불이행,건조,맑음,단일로 - 기타,승용,남,42세,상해없음,보행자,남,78세,중상
2014092300100564,2014년 9월 23일 19시,화요일,대구광역시 달서구 상인동,중상사고,0,1,0,0,차대차 - 추돌 - 진행중,안전거리미확보,건조,맑음,단일로 - 기타,승용,남,64세,상해없음,승용,여,24세,상해없음
2014092300100565,2014년 9월 23일 19시,화요일,대구광역시 북구 노원동2가,중상사고,0,1,0,0,차대사람 - 횡단중,안전운전불이행,건조,맑음,단일로 - 기타,승용,남,64세,상해없음,보행자,여,53세,중상
2014092300100611,2014년 9월 23일 20시,화요일,대구광역시 서구 평리동,부상신고사고,0,0,0,1,차대차 - 기타,안전거리미확보,습기,비,단일로 - 기타,이륜,남,27세,부상신고,승용,남,35세,상해없음
2014092300100664,2014년 9월 23일 21시,화요일,대구광역시 동구 신암동,중상사고,0,1,0,0,차대사람 - 기타,안전운전불이행,습기,비,단일로 - 기타,승용,남,32세,상해없음,보행자,남,51세,중상
2014092300100665,2014년 9월 23일 21시,화요일,대구광역시 수성구 두산동,경상사고,0,0,2,0,차대차 - 기타,안전거리미확보,습기,비,단일로 - 기타,승용,남,26세,상해없음,승용,여,33세,경상
2014092300100666,2014년 9월 23일 21시,화요일,대구광역시 북구 관음동,부상신고사고,0,0,0,1,차대차 - 기타,안전운전불이행,습기,비,기타 - 기타,이륜,남,46세,부상신고,승용,남,34세,상해없음
2014092300100667,2014년 9월 23일 21시,화요일,대구광역시 북구 태전동,경상사고,0,0,1,0,차대차 - 기타,안전운전불이행,기타,비,단일로 - 기타,승용,남,56세,상해없음,승용,여,26세,경상
2014092300100713,2014년 9월 23일 22시,화요일,대구광역시 달서구 송현동,부상신고사고,0,0,0,1,차대차 - 측면직각충돌,교차로운행방법위반,건조,맑음,교차로 - 교차로안,원동기,남,44세,부상신고,승용,남,23세,상해없음
2014092300100714,2014년 9월 23일 22시,화요일,대구광역시 달서구 호산동,경상사고,0,0,1,0,차대차 - 측면직각충돌,안전운전불이행,습기,비,단일로 - 기타,기타불명,기타불명,기타불명,기타불명,승합,남,65세,경상
2014092300100715,2014년 9월 23일 22시,화요일,대구광역시 북구 구암동,중상사고,0,1,0,0,차대차 - 기타,안전운전불이행,기타,비,단일로 - 기타,승용,남,42세,상해없음,이륜,남,25세,중상
2014092300100716,2014년 9월 23일 22시,화요일,대구광역시 북구 구암동,중상사고,0,1,0,0,차대차 - 측면직각충돌,안전운전불이행,습기,비,단일로 - 기타,이륜,기타불명,기타불명,기타불명,승용,남,45세,중상
2014092300100753,2014년 9월 23일 23시,화요일,대구광역시 달서구 상인동,경상사고,0,0,3,0,차대차 - 추돌 - 주정차중,안전운전불이행,습기,비,단일로 - 기타,승용,남,27세,상해없음,승용,남,63세,경상
2014092300100754,2014년 9월 23일 23시,화요일,대구광역시 북구 복현동,경상사고,0,0,1,0,차대차 - 추돌 - 주정차중,안전운전불이행,습기,비,교차로 - 교차로부근,승용,남,28세,상해없음,승용,남,33세,경상
2014092400100026,2014년 9월 24일 00시,수요일,대구광역시 남구 봉덕동,중상사고,0,1,0,0,차대차 - 추돌 - 진행중,안전거리미확보,습기,비,단일로 - 기타,승용,여,40세,상해없음,승용,남,65세,중상
2014092400100027,2014년 9월 24일 00시,수요일,대구광역시 수성구 지산동,경상사고,0,0,1,0,차대사람 - 기타,안전운전불이행,건조,맑음,단일로 - 기타,승용,남,41세,상해없음,보행자,남,28세,경상
2014092400100028,2014년 9월 24일 00시,수요일,대구광역시 달서구 송현동,경상사고,0,0,1,0,차대차 - 기타,중앙선침범,습기,비,단일로 - 기타,승용,기타불명,기타불명,기타불명,승용,남,60세,경상
2014092400100029,2014년 9월 24일 00시,수요일,대구광역시 달성군 논공읍,경상사고,0,0,1,0,차량단독 - 공작물충돌,안전운전불이행,습기,비,교차로 - 교차로안,승용,남,29세,경상,,,,
2014092400100030,2014년 9월 24일 00시,수요일,대구광역시 중구 남산동,경상사고,0,0,1,0,차대사람 - 기타,안전운전불이행,습기,비,단일로 - 기타,승용,남,29세,상해없음,보행자,남,35세,경상
2014092400100031,2014년 9월 24일 00시,수요일,대구광역시 북구 서변동,중상사고,0,1,0,0,차량단독 - 공작물충돌,안전운전불이행,습기,비,단일로 - 기타,승용,남,58세,중상,,,,
2014092400100049,2014년 9월 24일 01시,수요일,대구광역시 동구 신암동,경상사고,0,0,1,0,차대사람 - 기타,안전운전불이행,건조,맑음,단일로 - 기타,승용,남,46세,상해없음,보행자,남,34세,경상
2014092400100050,2014년 9월 24일 01시,수요일,대구광역시 동구 효목동,경상사고,0,0,1,0,차대차 - 기타,안전운전불이행,습기,비,단일로 - 기타,승용,남,48세,상해없음,승용,여,33세,경상
2014092400100051,2014년 9월 24일 01시,수요일,대구광역시 달서구 감삼동,중상사고,0,1,0,0,차대사람 - 기타,보행자보호의무위반,습기,비,단일로 - 기타,승용,남,40세,상해없음,보행자,남,22세,중상
2014092400100052,2014년 9월 24일 01시,수요일,대구광역시 북구 매천동,경상사고,0,0,1,0,차량단독 - 공작물충돌,안전운전불이행,습기,비,기타 - 기타,승용,여,45세,경상,,,,
2014092400100064,2014년 9월 24일 02시,수요일,대구광역시 달서구 본리동,중상사고,0,1,1,0,차대차 - 기타,신호위반,습기,비,교차로 - 교차로안,승용,여,41세,상해없음,승용,남,51세,경상
2014092400100065,2014년 9월 24일 02시,수요일,대구광역시 달서구 성당동,중상사고,0,1,0,0,차대차 - 측면직각충돌,교차로운행방법위반,습기,비,교차로 - 교차로안,승용,남,46세,상해없음,승용,남,28세,상해없음
2014092400100066,2014년 9월 24일 02시,수요일,대구광역시 달서구 장동,사망사고,1,0,0,0,차대사람 - 기타,안전운전불이행,습기,비,단일로 - 기타,승용,남,46세,상해없음,보행자,남,31세,사망
2014092400100096,2014년 9월 24일 04시,수요일,대구광역시 달서구 진천동,중상사고,0,2,1,0,차대사람 - 횡단중,안전운전불이행,습기,비,교차로 - 교차로안,승용,여,52세,상해없음,보행자,남,22세,중상
2014092400100097,2014년 9월 24일 04시,수요일,대구광역시 북구 읍내동,중상사고,0,1,0,0,차대차 - 기타,안전운전불이행,기타,비,교차로 - 교차로부근,화물,남,67세,상해없음,승용,여,37세,중상
2014092400100158,2014년 9월 24일 07시,수요일,대구광역시 동구 신암동,중상사고,0,1,0,0,차량단독 - 기타,안전운전불이행,습기,비,단일로 - 기타,승합,남,56세,상해없음,,,,
2014092400100159,2014년 9월 24일 07시,수요일,대구광역시 중구 태평로2가,중상사고,0,1,0,0,차대사람 - 횡단중,안전운전불이행,습기,비,교차로 - 교차로부근,화물,남,53세,상해없음,보행자,남,54세,중상
2014092400100194,2014년 9월 24일 08시,수요일,대구광역시 수성구 신매동,경상사고,0,0,1,0,차대차 - 추돌 - 주정차중,안전운전불이행,습기,맑음,단일로 - 기타,승용,여,43세,상해없음,승용,여,35세,경상
2014092400100196,2014년 9월 24일 08시,수요일,대구광역시 달서구 신당동,경상사고,0,0,1,0,차대사람 - 기타,안전운전불이행,습기,비,단일로 - 기타,승용,남,42세,상해없음,보행자,여,12세,경상
2014092400100237,2014년 9월 24일 09시,수요일,대구광역시 남구 봉덕동,중상사고,0,1,0,0,차대차 - 기타,안전운전불이행,건조,맑음,단일로 - 기타,승용,남,66세,상해없음,승용,남,44세,상해없음
2014092400100238,2014년 9월 24일 09시,수요일,대구광역시 북구 산격동,경상사고,0,0,1,2,차대차 - 기타,안전운전불이행,건조,맑음,단일로 - 기타,승용,남,21세,기타불명,승용,여,36세,경상
2014092400100239,2014년 9월 24일 09시,수요일,대구광역시 중구 남산동,중상사고,0,1,1,1,차대차 - 기타,신호위반,습기,비,교차로 - 교차로안,승용,남,54세,상해없음,승용,남,39세,중상
2014092400100293,2014년 9월 24일 11시,수요일,대구광역시 달서구 호산동,경상사고,0,0,2,0,차대차 - 측면직각충돌,교차로운행방법위반,습기,비,교차로 - 교차로안,화물,남,35세,상해없음,승용,남,23세,경상
2014092400100325,2014년 9월 24일 12시,수요일,대구광역시 동구 신천동,경상사고,0,0,1,0,차대차 - 측면직각충돌,신호위반,습기,비,교차로 - 교차로부근,승용,남,69세,상해없음,승용,남,33세,경상
2014092400100359,2014년 9월 24일 13시,수요일,대구광역시 수성구 지산동,경상사고,0,0,2,0,차대차 - 기타,안전운전불이행,건조,맑음,교차로 - 교차로안,승용,남,74세,상해없음,승용,여,41세,경상
2014092400100404,2014년 9월 24일 14시,수요일,대구광역시 동구 효목동,경상사고,0,0,1,0,차대차 - 추돌 - 주정차중,안전운전불이행,습기,비,단일로 - 기타,승용,여,60세,상해없음,승용,남,58세,경상
2014092400100405,2014년 9월 24일 14시,수요일,대구광역시 서구 비산동,경상사고,0,0,1,0,차대차 - 추돌 - 주정차중,안전거리미확보,건조,맑음,단일로 - 기타,승용,남,42세,상해없음,승용,남,59세,경상
2014092400100440,2014년 9월 24일 15시,수요일,대구광역시 동구 신천동,경상사고,0,0,1,0,차량단독 - 기타,안전운전불이행,건조,맑음,단일로 - 기타,승합,남,54세,상해없음,,,,
2014092400100441,2014년 9월 24일 15시,수요일,대구광역시 달서구 상인동,경상사고,0,0,3,0,차대차 - 측면직각충돌,교차로운행방법위반,습기,비,교차로 - 교차로안,승용,여,46세,상해없음,승용,남,58세,경상
2014092400100442,2014년 9월 24일 15시,수요일,대구광역시 북구 대현동,중상사고,0,1,2,0,차대차 - 기타,안전운전불이행,습기,비,기타 - 기타,승용,여,49세,상해없음,승용,여,42세,중상
2014092400100443,2014년 9월 24일 15시,수요일,대구광역시 달서구 신당동,중상사고,0,1,0,0,차대차 - 추돌 - 주정차중,안전운전불이행,습기,비,단일로 - 기타,승용,여,58세,중상,승합,남,54세,상해없음
2014092400100444,2014년 9월 24일 15시,수요일,대구광역시 달서구 감삼동,경상사고,0,0,1,0,차대사람 - 기타,기타,건조,맑음,단일로 - 기타,승합,남,59세,상해없음,보행자,여,55세,경상
2014092400100477,2014년 9월 24일 16시,수요일,대구광역시 북구 구암동,경상사고,0,0,1,0,차대차 - 추돌 - 진행중,안전운전불이행,건조,맑음,단일로 - 기타,화물,남,34세,상해없음,승합,남,68세,경상
2014092400100506,2014년 9월 24일 17시,수요일,대구광역시 서구 내당동,경상사고,0,0,3,0,차대차 - 추돌 - 주정차중,안전운전불이행,습기,비,교차로 - 교차로부근,승용,남,52세,상해없음,승용,남,40세,경상
2014092400100540,2014년 9월 24일 18시,수요일,대구광역시 동구 용계동,경상사고,0,0,1,0,차대차 - 기타,안전거리미확보,습기,비,단일로 - 기타,승합,남,66세,상해없음,승용,남,33세,경상
2014092400100541,2014년 9월 24일 18시,수요일,대구광역시 수성구 황금동,경상사고,0,0,1,0,차대차 - 기타,안전운전불이행,습기,비,교차로 - 교차로안,승용,남,45세,상해없음,이륜,남,23세,경상
2014092400100542,2014년 9월 24일 18시,수요일,대구광역시 수성구 만촌동,중상사고,0,1,0,0,차대사람 - 기타,신호위반,건조,맑음,단일로 - 기타,승용,남,38세,상해없음,보행자,남,10세,중상
2014092400100595,2014년 9월 24일 19시,수요일,대구광역시 남구 대명동,중상사고,0,1,0,0,차대차 - 측면직각충돌,안전거리미확보,건조,흐림,단일로 - 기타,승용,기타불명,기타불명,기타불명,승용,여,53세,중상
2014092400100596,2014년 9월 24일 19시,수요일,대구광역시 수성구 범어동,경상사고,0,0,2,0,차대차 - 추돌 - 진행중,안전거리미확보,습기,비,단일로 - 기타,승용,여,42세,상해없음,승용,남,36세,경상
2014092400100597,2014년 9월 24일 19시,수요일,대구광역시 달성군 논공읍,중상사고,0,3,1,0,차대차 - 추돌 - 진행중,안전운전불이행,건조,맑음,교차로 - 교차로부근,승용,남,23세,상해없음,승합,남,58세,상해없음
2014092400100598,2014년 9월 24일 19시,수요일,대구광역시 달서구 용산동,중상사고,0,1,0,0,차대사람 - 횡단중,안전운전불이행,습기,비,단일로 - 기타,승용,남,53세,상해없음,보행자,남,10세,중상
2014092400100642,2014년 9월 24일 20시,수요일,대구광역시 수성구 지산동,경상사고,0,0,1,0,차대차 - 추돌 - 진행중,교차로운행방법위반,습기,비,교차로 - 교차로안,승용,여,20세,기타불명,승합,남,57세,상해없음
2014092400100643,2014년 9월 24일 20시,수요일,대구광역시 달서구 송현동,경상사고,0,0,1,0,차대차 - 기타,교차로운행방법위반,습기,비,교차로 - 교차로부근,승용,남,60세,상해없음,이륜,남,35세,경상
2014092400100644,2014년 9월 24일 20시,수요일,대구광역시 달서구 송현동,경상사고,0,0,1,0,차대사람 - 길가장자리구역통행중,안전운전불이행,습기,비,교차로 - 교차로부근,승용,남,51세,기타불명,보행자,남,18세,경상
2014092400100645,2014년 9월 24일 20시,수요일,대구광역시 달서구 신당동,경상사고,0,0,1,0,차대차 - 기타,안전거리미확보,습기,비,단일로 - 기타,승용,여,56세,상해없음,이륜,남,27세,경상
2014092400100667,2014년 9월 24일 21시,수요일,대구광역시 동구 방촌동,경상사고,0,0,2,0,차대차 - 측면직각충돌,안전거리미확보,습기,맑음,단일로 - 기타,승합,남,63세,상해없음,화물,남,38세,경상
2014092400100668,2014년 9월 24일 21시,수요일,대구광역시 수성구 신매동,중상사고,0,1,0,0,차대차 - 기타,안전거리미확보,습기,비,교차로 - 교차로부근,승용,남,31세,상해없음,이륜,남,23세,중상
2014092400100669,2014년 9월 24일 21시,수요일,대구광역시 북구 산격동,중상사고,0,1,0,0,차대차 - 추돌 - 주정차중,안전운전불이행,건조,맑음,단일로 - 기타,이륜,남,52세,중상,승용,남,59세,상해없음
2014092400100708,2014년 9월 24일 22시,수요일,대구광역시 동구 검사동,경상사고,0,0,1,0,차대사람 - 보도통행중,기타,건조,맑음,단일로 - 기타,승용,남,69세,상해없음,보행자,여,22세,경상
2014092400100709,2014년 9월 24일 22시,수요일,대구광역시 달서구 상인동,중상사고,0,1,0,0,차대사람 - 횡단중,안전운전불이행,습기,비,단일로 - 기타,승용,남,58세,상해없음,보행자,여,18세,중상
2014092400100735,2014년 9월 24일 23시,수요일,대구광역시 달서구 송현동,경상사고,0,0,1,0,차대사람 - 차도통행중,안전운전불이행,건조,맑음,교차로 - 교차로안,승용,남,59세,상해없음,보행자,남,49세,경상
2014092500100024,2014년 9월 25일 01시,목요일,대구광역시 중구 동성로3가,부상신고사고,0,0,0,1,차대차 - 기타,교차로운행방법위반,건조,맑음,교차로 - 교차로안,이륜,남,27세,부상신고,승용,남,22세,상해없음
2014092500100074,2014년 9월 25일 06시,목요일,대구광역시 달서구 진천동,경상사고,0,0,1,0,차대차 - 측면직각충돌,차로위반,건조,맑음,단일로 - 기타,승용,남,51세,상해없음,승용,남,50세,경상
2014092500100175,2014년 9월 25일 09시,목요일,대구광역시 동구 신기동,중상사고,0,1,2,0,차대차 - 측면직각충돌,직진우회전진행방해,건조,맑음,교차로 - 교차로안,승용,여,33세,경상,승용,남,59세,경상
2014092500100176,2014년 9월 25일 09시,목요일,대구광역시 수성구 황금동,경상사고,0,0,1,0,차대차 - 추돌 - 주정차중,안전거리미확보,건조,맑음,단일로 - 횡단보도부근,승용,남,59세,상해없음,화물,여,65세,경상
2014092500100177,2014년 9월 25일 09시,목요일,대구광역시 북구 산격동,경상사고,0,0,2,0,차대차 - 기타,안전거리미확보,건조,맑음,단일로 - 기타,승용,남,66세,상해없음,승용,남,56세,상해없음
2014092500100178,2014년 9월 25일 09시,목요일,대구광역시 서구 비산동,중상사고,0,1,0,0,차대차 - 측면직각충돌,안전운전불이행,건조,맑음,단일로 - 기타,자전거,여,63세,중상,승합,남,51세,상해없음
2014092500100216,2014년 9월 25일 10시,목요일,대구광역시 동구 신천동,경상사고,0,0,1,0,차대사람 - 횡단중,신호위반,건조,맑음,교차로 - 교차로안,기타불명,기타불명,기타불명,기타불명,보행자,여,20세,경상
2014092500100217,2014년 9월 25일 10시,목요일,대구광역시 달서구 본동,중상사고,0,3,1,0,차대차 - 측면직각충돌,안전거리미확보,건조,맑음,교차로 - 교차로안,승용,남,62세,상해없음,승용,남,41세,중상
2014092500100218,2014년 9월 25일 10시,목요일,대구광역시 달성군 현풍면,중상사고,0,2,0,0,차대차 - 측면직각충돌,안전거리미확보,건조,맑음,교차로 - 교차로부근,이륜,남,78세,중상,화물,남,68세,상해없음
2014092500100219,2014년 9월 25일 10시,목요일,대구광역시 서구 내당동,중상사고,0,1,0,0,차대차 - 기타,안전운전불이행,건조,맑음,단일로 - 기타,승용,남,57세,상해없음,승용,여,52세,중상
2014092500100251,2014년 9월 25일 11시,목요일,대구광역시 달성군 유가면,중상사고,0,1,0,0,차대차 - 측면직각충돌,중앙선침범,건조,맑음,단일로 - 기타,건설기계,남,51세,상해없음,화물,남,46세,중상
2014092500100252,2014년 9월 25일 11시,목요일,대구광역시 달서구 두류동,중상사고,0,1,0,0,차대사람 - 기타,안전운전불이행,건조,맑음,단일로 - 기타,기타불명,기타불명,기타불명,기타불명,보행자,남,55세,중상
2014092500100302,2014년 9월 25일 13시,목요일,대구광역시 수성구 지산동,경상사고,0,0,1,0,차대차 - 기타,안전운전불이행,건조,맑음,교차로 - 교차로안,승용,남,70세,상해없음,승용,남,43세,경상
2014092500100303,2014년 9월 25일 13시,목요일,대구광역시 수성구 수성동3가,중상사고,0,1,0,0,차대차 - 기타,신호위반,건조,맑음,교차로 - 교차로안,승용,여,42세,상해없음,이륜,남,49세,중상
2014092500100304,2014년 9월 25일 13시,목요일,대구광역시 수성구 연호동,경상사고,0,0,1,0,차대차 - 기타,안전운전불이행,건조,맑음,단일로 - 기타,승용,여,44세,상해없음,이륜,남,32세,경상
2014092500100337,2014년 9월 25일 14시,목요일,대구광역시 동구 신암동,경상사고,0,0,1,0,차대차 - 기타,안전운전불이행,건조,맑음,교차로 - 교차로부근,승용,남,60세,상해없음,승용,남,35세,경상
2014092500100338,2014년 9월 25일 14시,목요일,대구광역시 달서구 송현동,경상사고,0,0,1,0,차대차 - 측면직각충돌,직진우회전진행방해,건조,맑음,교차로 - 교차로안,이륜,남,54세,경상,승용,남,60세,상해없음
2014092500100339,2014년 9월 25일 14시,목요일,대구광역시 중구 동문동,중상사고,0,1,1,0,차대차 - 추돌 - 주정차중,안전운전불이행,건조,맑음,단일로 - 기타,승용,남,73세,상해없음,이륜,남,36세,상해없음
2014092500100340,2014년 9월 25일 14시,목요일,대구광역시 북구 태전동,중상사고,0,1,1,0,차대차 - 측면직각충돌,신호위반,건조,맑음,단일로 - 기타,이륜,남,58세,경상,자전거,남,23세,중상
2014092500100371,2014년 9월 25일 15시,목요일,대구광역시 달서구 신당동,경상사고,0,0,6,0,차대차 - 추돌 - 주정차중,안전운전불이행,건조,맑음,단일로 - 기타,승용,여,47세,상해없음,승용,남,55세,상해없음
2014092500100372,2014년 9월 25일 15시,목요일,대구광역시 달서구 용산동,중상사고,0,1,0,0,차대사람 - 보도통행중,보행자보호의무위반,건조,맑음,단일로 - 횡단보도상,승용,남,62세,상해없음,보행자,여,69세,중상
2014092500100373,2014년 9월 25일 15시,목요일,대구광역시 달서구 두류동,중상사고,0,1,0,0,차대사람 - 횡단중,안전운전불이행,건조,맑음,단일로 - 횡단보도부근,승용,남,53세,상해없음,보행자,여,49세,중상
2014092500100398,2014년 9월 25일 16시,목요일,대구광역시 동구 검사동,중상사고,0,1,0,0,차대사람 - 기타,기타,건조,맑음,단일로 - 기타,승합,남,58세,상해없음,보행자,여,77세,중상
2014092500100399,2014년 9월 25일 16시,목요일,대구광역시 수성구 상동,중상사고,0,1,0,1,차대차 - 기타,안전운전불이행,건조,맑음,교차로 - 교차로안,화물,남,46세,부상신고,승용,남,41세,중상
2014092500100400,2014년 9월 25일 16시,목요일,대구광역시 달서구 본동,경상사고,0,0,1,0,차대차 - 측면직각충돌,신호위반,건조,맑음,교차로 - 교차로안,승용,남,53세,상해없음,승용,여,57세,경상
2014092500100445,2014년 9월 25일 17시,목요일,대구광역시 달성군 논공읍,경상사고,0,0,1,0,차대사람 - 기타,보행자보호의무위반,건조,맑음,교차로 - 교차로안,승용,여,43세,상해없음,보행자,남,7세,경상
2014092500100476,2014년 9월 25일 18시,목요일,대구광역시 달서구 본리동,경상사고,0,0,1,0,차대차 - 추돌 - 주정차중,안전거리미확보,건조,맑음,교차로 - 교차로부근,승합,남,55세,상해없음,화물,남,56세,상해없음
2014092500100477,2014년 9월 25일 18시,목요일,대구광역시 북구 태전동,중상사고,0,1,1,0,차대사람 - 횡단중,보행자보호의무위반,건조,맑음,단일로 - 횡단보도상,승용,여,42세,상해없음,보행자,여,8세,중상
2014092500100478,2014년 9월 25일 18시,목요일,대구광역시 북구 매천동,경상사고,0,0,5,0,차대차 - 추돌 - 진행중,안전운전불이행,건조,맑음,단일로 - 기타,승용,남,55세,상해없음,승합,남,32세,경상
2014092500100521,2014년 9월 25일 19시,목요일,대구광역시 달성군 화원읍,중상사고,0,1,0,0,차대사람 - 기타,안전운전불이행,건조,맑음,단일로 - 기타,원동기,남,33세,상해없음,보행자,여,75세,중상
2014092500100553,2014년 9월 25일 20시,목요일,대구광역시 달서구 도원동,중상사고,0,1,1,0,차대차 - 기타,안전운전불이행,건조,맑음,교차로 - 교차로부근,승용,여,55세,경상,승용,남,43세,중상
2014092500100554,2014년 9월 25일 20시,목요일,대구광역시 북구 노원동1가,경상사고,0,0,1,0,차대차 - 기타,안전운전불이행,건조,맑음,단일로 - 기타,승용,남,55세,상해없음,자전거,남,30세,경상
2014092500100555,2014년 9월 25일 20시,목요일,대구광역시 북구 구암동,부상신고사고,0,0,0,1,차대차 - 측면직각충돌,신호위반,건조,맑음,교차로 - 교차로부근,이륜,남,22세,부상신고,승용,남,63세,상해없음
2014092500100584,2014년 9월 25일 21시,목요일,대구광역시 수성구 지산동,경상사고,0,0,1,0,차대차 - 기타,안전운전불이행,건조,맑음,단일로 - 기타,승용,남,38세,상해없음,자전거,남,7세,경상
2014092500100585,2014년 9월 25일 21시,목요일,대구광역시 동구 신암동,중상사고,0,1,1,1,차대차 - 추돌 - 진행중,안전운전불이행,건조,맑음,단일로 - 기타,승용,남,44세,상해없음,승용,남,48세,경상
2014092500100586,2014년 9월 25일 21시,목요일,대구광역시 달성군 다사읍,경상사고,0,0,2,1,차대차 - 기타,안전운전불이행,건조,맑음,단일로 - 기타,화물,기타불명,기타불명,기타불명,승용,남,20세,부상신고
2014092500100619,2014년 9월 25일 22시,목요일,대구광역시 남구 봉덕동,중상사고,0,1,1,0,차대차 - 추돌 - 진행중,안전운전불이행,건조,맑음,교차로 - 교차로부근,자전거,남,16세,경상,자전거,남,59세,중상
2014092500100620,2014년 9월 25일 22시,목요일,대구광역시 동구 각산동,경상사고,0,0,1,0,차량단독 - 기타,기타,건조,맑음,단일로 - 기타,승합,남,44세,상해없음,,,,
2014092500100621,2014년 9월 25일 22시,목요일,대구광역시 수성구 상동,경상사고,0,0,1,0,차대차 - 기타,안전운전불이행,건조,맑음,단일로 - 기타,승용,남,46세,상해없음,자전거,여,32세,경상
2014092500100622,2014년 9월 25일 22시,목요일,대구광역시 북구 칠성동1가,중상사고,0,1,1,0,차대차 - 기타,직진우회전진행방해,건조,맑음,교차로 - 교차로안,승용,남,25세,상해없음,화물,남,48세,경상
2014092500100623,2014년 9월 25일 22시,목요일,대구광역시 서구 평리동,경상사고,0,0,1,0,차대차 - 기타,안전운전불이행,건조,맑음,단일로 - 기타,승용,남,22세,상해없음,이륜,남,31세,경상
2014092500100624,2014년 9월 25일 22시,목요일,대구광역시 서구 내당동,경상사고,0,0,3,0,차대차 - 기타,안전거리미확보,건조,맑음,단일로 - 횡단보도부근,승용,여,53세,경상,승용,여,22세,경상
2014092500100646,2014년 9월 25일 23시,목요일,대구광역시 수성구 범어동,경상사고,0,0,2,0,차대차 - 측면직각충돌,안전거리미확보,건조,맑음,단일로 - 기타,승용,남,58세,상해없음,승용,여,57세,경상
2014092500100647,2014년 9월 25일 23시,목요일,대구광역시 수성구 가천동,경상사고,0,0,1,0,차대차 - 측면직각충돌,안전운전불이행,건조,맑음,단일로 - 기타,승용,여,25세,상해없음,승용,남,35세,경상
2014092500100648,2014년 9월 25일 23시,목요일,대구광역시 북구 침산동,중상사고,0,1,0,0,차대차 - 기타,신호위반,건조,맑음,교차로 - 교차로안,승용,여,44세,상해없음,원동기,남,58세,중상