사고번호,사고일시,요일,시군구,사고내용,사망자수,중상자수,경상자수,부상신고자수,사고유형,법규위반,노면상태,기상상태,도로형태,가해운전자 차종,가해운전자 성별,가해운전자 연령,가해운전자 상해정도,피해운전자 차종,피해운전자 성별,피해운전자 연령,피해운전자 상해정도
2014092600100039,2014년 9월 26일 01시,금요일,대구광역시 수성구 수성동2가,경상사고,0,0,3,0,차대차 - 추돌 - 주정차중,안전운전불이행,건조,맑음,교차로 - 교차로부근,승용,남,41세,상해없음,승용,남,32세,경상
2014092600100067,2014년 9월 26일 04시,금요일,대구광역시 중구 덕산동,경상사고,0,0,8,0,차대차 - 측면직각충돌,신호위반,건조,맑음,교차로 - 교차로안,승용,남,19세,상해없음,승합,남,53세,상해없음
2014092600100081,2014년 9월 26일 05시,금요일,대구광역시 중구 하서동,경상사고,0,0,1,0,차대차 - 기타,안전운전불이행,건조,맑음,교차로 - 교차로부근,승용,여,39세,상해없음,원동기,남,49세,경상
2014092600100163,2014년 9월 26일 08시,금요일,대구광역시 동구 각산동,경상사고,0,0,1,0,차대차 - 정면충돌,안전운전불이행,건조,맑음,교차로 - 교차로안,승용,여,43세,상해없음,승용,남,45세,경상
2014092600100164,2014년 9월 26일 08시,금요일,대구광역시 달성군 다사읍,경상사고,0,0,1,0,차대사람 - 횡단중,신호위반,건조,맑음,교차로 - 교차로부근,승용,여,34세,상해없음,보행자,남,6세,경상
2014092600100165,2014년 9월 26일 08시,금요일,대구광역시 북구 복현동,경상사고,0,0,1,0,차대차 - 측면직각충돌,안전운전불이행,건조,맑음,단일로 - 기타,화물,남,69세,상해없음,이륜,남,19세,경상
2014092600100166,2014년 9월 26일 08시,금요일,대구광역시 중구 대신동,부상신고사고,0,0,0,1,차대차 - 기타,안전운전불이행,건조,맑음,단일로 - 횡단보도상,승용,남,34세,상해없음,자전거,남,15세,부상신고
2014092600100197,2014년 9월 26일 09시,금요일,대구광역시 남구 대명동,경상사고,0,0,1,0,차대차 - 추돌 - 주정차중,안전거리미확보,건조,맑음,교차로 - 교차로부근,승용,남,34세,상해없음,화물,남,31세,경상
2014092600100198,2014년 9월 26일 09시,금요일,대구광역시 달서구 상인동,사망사고,1,0,0,0,차대차 - 기타,안전운전불이행,건조,맑음,단일로 - 횡단보도상,화물,남,35세,상해없음,자전거,여,41세,사망
2014092600100224,2014년 9월 26일 10시,금요일,대구광역시 동구 지저동,중상사고,0,1,0,0,차대사람 - 기타,안전운전불이행,건조,맑음,단일로 - 기타,승용,남,81세,상해없음,보행자,여,66세,중상
2014092600100284,2014년 9월 26일 12시,금요일,대구광역시 서구 중리동,경상사고,0,0,1,0,차대차 - 추돌 - 진행중,안전거리미확보,건조,맑음,단일로 - 기타,승용,여,55세,상해없음,이륜,남,24세,경상
2014092600100309,2014년 9월 26일 13시,금요일,대구광역시 동구 방촌동,중상사고,0,1,0,0,차대차 - 기타,신호위반,건조,맑음,단일로 - 기타,승용,남,56세,기타불명,자전거,남,58세,중상
2014092600100310,2014년 9월 26일 13시,금요일,대구광역시 서구 이현동,중상사고,0,1,0,0,차대차 - 기타,안전거리미확보,건조,맑음,단일로 - 기타,승용,여,59세,상해없음,이륜,남,59세,중상
2014092600100311,2014년 9월 26일 13시,금요일,대구광역시 달서구 신당동,경상사고,0,0,1,0,차대차 - 기타,안전운전불이행,건조,맑음,교차로 - 교차로부근,승용,남,46세,상해없음,화물,남,45세,경상
2014092600100340,2014년 9월 26일 14시,금요일,대구광역시 수성구 신매동,경상사고,0,0,1,1,차대차 - 추돌 - 주정차중,불법유턴,건조,맑음,기타 - 기타,승용,남,55세,상해없음,승용,여,30세,경상
2014092600100341,2014년 9월 26일 14시,금요일,대구광역시 중구 대봉동,경상사고,0,0,2,0,차대차 - 기타,교차로운행방법위반,건조,맑음,교차로 - 교차로안,승용,여,57세,경상,승용,여,53세,경상
2014092600100371,2014년 9월 26일 15시,금요일,대구광역시 중구 봉산동,부상신고사고,0,0,0,1,차대사람 - 기타,안전운전불이행,건조,맑음,단일로 - 기타,승용,남,41세,상해없음,보행자,남,52세,부상신고
2014092600100407,2014년 9월 26일 16시,금요일,대구광역시 남구 봉덕동,중상사고,0,1,0,0,차대차 - 기타,안전거리미확보,건조,맑음,단일로 - 기타,승용,남,61세,상해없음,이륜,남,59세,중상
2014092600100408,2014년 9월 26일 16시,금요일,대구광역시 달서구 월성동,경상사고,0,0,12,0,차대차 - 기타,안전운전불이행,건조,맑음,단일로 - 기타,승용,여,42세,상해없음,승합,남,65세,경상
2014092600100448,2014년 9월 26일 17시,금요일,대구광역시 동구 신암동,경상사고,0,0,1,0,차대사람 - 횡단중,보행자보호의무위반,건조,맑음,단일로 - 횡단보도상,승용,여,53세,상해없음,보행자,남,51세,경상
2014092600100449,2014년 9월 26일 17시,금요일,대구광역시 수성구 범어동,경상사고,0,0,1,0,차대차 - 기타,안전운전불이행,건조,맑음,교차로 - 교차로부근,이륜,남,38세,상해없음,이륜,남,24세,경상
2014092600100450,2014년 9월 26일 17시,금요일,대구광역시 서구 중리동,부상신고사고,0,0,0,1,차대차 - 기타,안전운전불이행,건조,맑음,단일로 - 기타,자전거,남,15세,부상신고,승용,남,55세,상해없음
2014092600100451,2014년 9월 26일 17시,금요일,대구광역시 서구 내당동,경상사고,0,0,1,0,차대차 - 정면충돌,불법유턴,건조,맑음,교차로 - 교차로안,이륜,남,22세,상해없음,이륜,남,41세,경상
2014092600100452,2014년 9월 26일 17시,금요일,대구광역시 북구 서변동,중상사고,0,1,0,0,차대차 - 측면직각충돌,교차로운행방법위반,건조,맑음,교차로 - 교차로안,승용,남,59세,상해없음,이륜,남,73세,중상
2014092600100507,2014년 9월 26일 18시,금요일,대구광역시 동구 율하동,중상사고,0,1,0,0,차대차 - 측면직각충돌,안전운전불이행,건조,맑음,단일로 - 기타,승용,여,38세,상해없음,자전거,여,55세,중상
2014092600100508,2014년 9월 26일 18시,금요일,대구광역시 수성구 범어동,경상사고,0,0,1,0,차대차 - 기타,신호위반,건조,맑음,교차로 - 교차로안,승용,여,55세,상해없음,승용,여,48세,경상
2014092600100509,2014년 9월 26일 18시,금요일,대구광역시 달서구 두류동,경상사고,0,0,1,0,차대사람 - 기타,안전운전불이행,건조,맑음,교차로 - 교차로부근,이륜,남,79세,상해없음,보행자,여,54세,경상
2014092600100566,2014년 9월 26일 19시,금요일,대구광역시 달서구 도원동,경상사고,0,0,1,0,차대차 - 기타,교차로운행방법위반,건조,맑음,교차로 - 교차로부근,승용,남,24세,상해없음,이륜,남,39세,경상
2014092600100567,2014년 9월 26일 19시,금요일,대구광역시 북구 칠성동1가,경상사고,0,0,1,0,차대차 - 기타,안전거리미확보,건조,맑음,미분류 - 미분류,승용,남,28세,상해없음,승용,남,27세,경상
2014092600100568,2014년 9월 26일 19시,금요일,대구광역시 서구 평리동,사망사고,1,0,0,0,차대사람 - 횡단중,안전운전불이행,건조,맑음,단일로 - 횡단보도상,승용,남,75세,상해없음,보행자,여,70세,사망
2014092600100569,2014년 9월 26일 19시,금요일,대구광역시 달서구 호산동,경상사고,0,0,2,0,차대차 - 측면직각충돌,안전거리미확보,건조,맑음,단일로 - 기타,승용,여,51세,상해없음,이륜,남,17세,경상
2014092600100570,2014년 9월 26일 19시,금요일,대구광역시 달서구 이곡동,중상사고,0,1,0,0,차대차 - 추돌 - 진행중,차로위반,건조,맑음,단일로 - 기타,자전거,남,15세,중상,승합,남,47세,상해없음
2014092600100611,2014년 9월 26일 20시,금요일,대구광역시 동구 신천동,중상사고,0,1,0,0,차대차 - 측면직각충돌,안전운전불이행,건조,맑음,단일로 - 기타,승용,남,27세,상해없음,자전거,남,25세,중상
2014092600100612,2014년 9월 26일 20시,금요일,대구광역시 달성군 다사읍,경상사고,0,0,1,0,차대차 - 측면직각충돌,중앙선침범,건조,맑음,교차로 - 교차로부근,승용,남,33세,상해없음,이륜,남,40세,경상
2014092600100613,2014년 9월 26일 20시,금요일,대구광역시 달서구 신당동,경상사고,0,0,1,0,차대차 - 기타,안전운전불이행,건조,맑음,단일로 - 기타,승용,남,25세,상해없음,원동기,남,19세,경상
2014092600100662,2014년 9월 26일 21시,금요일,대구광역시 수성구 상동,경상사고,0,0,1,0,차대차 - 기타,기타,건조,맑음,단일로 - 기타,승합,남,62세,상해없음,자전거,남,24세,경상
2014092600100663,2014년 9월 26일 21시,금요일,대구광역시 수성구 범어동,경상사고,0,0,1,0,차대차 - 기타,중앙선침범,건조,맑음,단일로 - 기타,승용,여,41세,상해없음,자전거,남,49세,경상
2014092600100664,2014년 9월 26일 21시,금요일,대구광역시 달서구 상인동,경상사고,0,0,1,0,차대차 - 기타,안전운전불이행,건조,맑음,교차로 - 교차로부근,승합,남,56세,상해없음,자전거,남,21세,경상
2014092600100665,2014년 9월 26일 21시,금요일,대구광역시 중구 동인동1가,부상신고사고,0,0,0,1,차대차 - 기타,안전운전불이행,건조,맑음,교차로 - 교차로안,이륜,남,43세,부상신고,승용,여,73세,상해없음
2014092600100666,2014년 9월 26일 21시,금요일,대구광역시 달서구 신당동,경상사고,0,0,1,0,차대차 - 추돌 - 진행중,안전운전불이행,건조,맑음,단일로 - 기타,승용,여,45세,상해없음,승용,남,65세,경상
2014092600100743,2014년 9월 26일 23시,금요일,대구광역시 달서구 본리동,경상사고,0,0,1,0,차대차 - 측면직각충돌,안전거리미확보,건조,맑음,단일로 - 기타,승용,여,45세,상해없음,승용,남,64세,경상
2014092700100040,2014년 9월 27일 01시,토요일,대구광역시 서구 내당동,경상사고,0,0,1,0,차대사람 - 횡단중,안전운전불이행,건조,맑음,단일로 - 기타,승용,남,61세,상해없음,보행자,남,52세,경상
2014092700100057,2014년 9월 27일 02시,토요일,대구광역시 북구 노원동3가,경상사고,0,0,2,0,차대차 - 추돌 - 주정차중,안전운전불이행,건조,맑음,단일로 - 기타,승용,남,48세,상해없음,승용,남,21세,경상
2014092700100058,2014년 9월 27일 02시,토요일,대구광역시 북구 칠성동1가,경상사고,0,0,2,0,차대차 - 측면직각충돌,안전운전불이행,건조,맑음,단일로 - 기타,승용,남,32세,상해없음,승용,남,46세,경상
2014092700100059,2014년 9월 27일 02시,토요일,대구광역시 북구 동천동,경상사고,0,0,1,0,차대차 - 기타,차로위반,건조,맑음,단일로 - 기타,승용,남,53세,상해없음,이륜,남,17세,경상
2014092700100113,2014년 9월 27일 05시,토요일,대구광역시 달서구 갈산동,중상사고,0,1,0,0,차대차 - 측면직각충돌,안전운전불이행,건조,맑음,단일로 - 기타,승합,남,50세,상해없음,승용,남,32세,중상
2014092700100130,2014년 9월 27일 06시,토요일,대구광역시 달서구 대곡동,사망사고,1,0,0,0,차대차 - 측면직각충돌,불법유턴,건조,맑음,단일로 - 횡단보도부근,자전거,남,71세,사망,승용,남,44세,상해없음
2014092700100153,2014년 9월 27일 07시,토요일,대구광역시 수성구 황금동,경상사고,0,0,1,0,차대차 - 기타,안전운전불이행,건조,맑음,단일로 - 기타,승용,남,64세,상해없음,승용,남,46세,상해없음
2014092700100154,2014년 9월 27일 07시,토요일,대구광역시 북구 산격동,중상사고,0,1,0,0,차대차 - 추돌 - 주정차중,안전운전불이행,건조,맑음,교차로 - 교차로부근,승용,남,57세,상해없음,승용,남,45세,중상
2014092700100155,2014년 9월 27일 07시,토요일,대구광역시 달서구 신당동,경상사고,0,0,5,0,차대차 - 추돌 - 진행중,안전운전불이행,건조,맑음,단일로 - 기타,승용,남,29세,상해없음,승용,남,47세,경상
2014092700100183,2014년 9월 27일 08시,토요일,대구광역시 수성구 범어동,경상사고,0,0,1,0,차대차 - 기타,안전거리미확보,건조,맑음,교차로 - 교차로부근,승용,남,30세,상해없음,화물,남,53세,경상
2014092700100184,2014년 9월 27일 08시,토요일,대구광역시 북구 칠성동1가,경상사고,0,0,1,0,차대차 - 기타,신호위반,건조,맑음,교차로 - 교차로안,원동기,남,67세,상해없음,자전거,남,66세,경상
2014092700100185,2014년 9월 27일 08시,토요일,대구광역시 달서구 호림동,중상사고,0,2,10,0,차대차 - 추돌 - 주정차중,안전운전불이행,건조,맑음,단일로 - 기타,특수,남,39세,경상,승합,남,60세,경상
2014092700100218,2014년 9월 27일 09시,토요일,대구광역시 달서구 두류동,경상사고,0,0,1,0,차대차 - 추돌 - 진행중,안전거리미확보,건조,맑음,단일로 - 기타,승용,남,63세,상해없음,승용,남,46세,경상
2014092700100254,2014년 9월 27일 10시,토요일,대구광역시 달성군 다사읍,경상사고,0,0,1,0,차대차 - 측면직각충돌,안전운전불이행,건조,맑음,교차로 - 교차로안,승용,남,38세,기타불명,자전거,여,45세,경상
2014092700100284,2014년 9월 27일 11시,토요일,대구광역시 수성구 지산동,경상사고,0,0,1,0,차대사람 - 횡단중,보행자보호의무위반,건조,맑음,단일로 - 기타,승합,남,49세,상해없음,보행자,남,14세,경상
2014092700100285,2014년 9월 27일 11시,토요일,대구광역시 수성구 수성동2가,중상사고,0,2,0,0,차대차 - 추돌 - 진행중,안전거리미확보,건조,맑음,단일로 - 기타,승용,남,74세,상해없음,승용,남,48세,중상
2014092700100286,2014년 9월 27일 11시,토요일,대구광역시 북구 산격동,중상사고,0,1,0,0,차대차 - 기타,중앙선침범,건조,맑음,기타 - 기타,화물,남,32세,상해없음,원동기,남,16세,중상
2014092700100287,2014년 9월 27일 11시,토요일,대구광역시 북구 복현동,중상사고,0,1,1,0,차대차 - 측면직각충돌,안전운전불이행,건조,맑음,교차로 - 교차로안,자전거,남,25세,중상,자전거,남,27세,경상
2014092700100324,2014년 9월 27일 12시,토요일,대구광역시 남구 대명동,중상사고,0,1,0,0,차대사람 - 보도통행중,신호위반,건조,맑음,단일로 - 횡단보도상,화물,남,35세,상해없음,보행자,여,62세,중상
2014092700100325,2014년 9월 27일 12시,토요일,대구광역시 동구 율하동,경상사고,0,0,1,0,차대사람 - 기타,안전운전불이행,건조,맑음,단일로 - 기타,승용,여,42세,상해없음,보행자,남,53세,경상
2014092700100326,2014년 9월 27일 12시,토요일,대구광역시 동구 신천동,중상사고,0,1,4,0,차대차 - 추돌 - 주정차중,안전거리미확보,건조,맑음,단일로 - 기타,승용,남,63세,상해없음,승용,남,29세,중상
2014092700100327,2014년 9월 27일 12시,토요일,대구광역시 달서구 송현동,경상사고,0,0,1,0,차대차 - 추돌 - 주정차중,안전거리미확보,건조,맑음,단일로 - 기타,승용,여,37세,상해없음,승용,여,50세,경상
2014092700100328,2014년 9월 27일 12시,토요일,대구광역시 달성군 유가면,부상신고사고,0,0,0,1,차량단독 - 기타,안전운전불이행,건조,맑음,단일로 - 기타,이륜,남,76세,부상신고,,,,
2014092700100329,2014년 9월 27일 12시,토요일,대구광역시 중구 달성동,부상신고사고,0,0,0,1,차량단독 - 전도전복,기타,건조,맑음,교차로 - 교차로안,이륜,남,77세,부상신고,,,,
2014092700100373,2014년 9월 27일 13시,토요일,대구광역시 동구 신서동,부상신고사고,0,0,0,1,차대차 - 기타,교차로운행방법위반,건조,맑음,교차로 - 교차로안,이륜,남,75세,부상신고,승용,남,40세,상해없음
2014092700100374,2014년 9월 27일 13시,토요일,대구광역시 수성구 매호동,중상사고,0,1,1,0,차대차 - 추돌 - 진행중,안전운전불이행,건조,맑음,단일로 - 기타,승용,여,29세,경상,승용,남,27세,상해없음
2014092700100375,2014년 9월 27일 13시,토요일,대구광역시 달성군 논공읍,경상사고,0,0,2,1,차대차 - 측면직각충돌,안전운전불이행,건조,맑음,단일로 - 기타,건설기계,남,70세,부상신고,승용,여,45세,경상
2014092700100415,2014년 9월 27일 14시,토요일,대구광역시 동구 신서동,중상사고,0,1,0,0,차대차 - 기타,안전거리미확보,건조,맑음,단일로 - 기타,기타불명,기타불명,기타불명,기타불명,승합,남,54세,상해없음
2014092700100448,2014년 9월 27일 15시,토요일,대구광역시 동구 신천동,경상사고,0,0,2,0,차대차 - 추돌 - 진행중,안전운전불이행,건조,맑음,단일로 - 기타,승용,남,55세,상해없음,승용,남,39세,경상
2014092700100449,2014년 9월 27일 15시,토요일,대구광역시 달서구 대곡동,경상사고,0,0,1,0,차대차 - 기타,안전운전불이행,건조,맑음,교차로 - 교차로부근,승용,여,30세,상해없음,승용,여,38세,경상
2014092700100450,2014년 9월 27일 15시,토요일,대구광역시 중구 태평로2가,중상사고,0,1,0,0,차대차 - 기타,교차로운행방법위반,건조,맑음,교차로 - 교차로안,화물,남,53세,상해없음,이륜,남,34세,중상
2014092700100494,2014년 9월 27일 16시,토요일,대구광역시 수성구 사월동,경상사고,0,0,1,0,차대차 - 측면직각충돌,안전거리미확보,건조,맑음,단일로 - 기타,승용,여,35세,상해없음,자전거,남,13세,경상
2014092700100495,2014년 9월 27일 16시,토요일,대구광역시 수성구 사월동,경상사고,0,0,1,0,차대차 - 기타,안전운전불이행,건조,맑음,단일로 - 기타,승용,남,45세,상해없음,자전거,남,14세,경상
2014092700100530,2014년 9월 27일 17시,토요일,대구광역시 달서구 도원동,경상사고,0,0,1,0,차대차 - 기타,안전운전불이행,건조,맑음,단일로 - 기타,이륜,여,25세,상해없음,승용,남,32세,상해없음
2014092700100531,2014년 9월 27일 17시,토요일,대구광역시 달성군 다사읍,사망사고,1,0,0,0,차량단독 - 전도전복,안전운전불이행,건조,맑음,단일로 - 기타,자전거,여,56세,사망,,,,
2014092700100532,2014년 9월 27일 17시,토요일,대구광역시 달서구 이곡동,경상사고,0,0,1,0,차대차 - 추돌 - 주정차중,안전거리미확보,건조,맑음,단일로 - 기타,승용,남,57세,상해없음,승용,남,60세,경상
2014092700100564,2014년 9월 27일 18시,토요일,대구광역시 달서구 상인동,경상사고,0,0,6,0,차대차 - 추돌 - 주정차중,안전운전불이행,건조,맑음,단일로 - 기타,승용,남,49세,상해없음,승용,여,48세,경상
2014092700100565,2014년 9월 27일 18시,토요일,대구광역시 달서구 대곡동,경상사고,0,0,1,0,차대차 - 측면직각충돌,차로위반,건조,맑음,교차로 - 교차로부근,승용,남,73세,상해없음,원동기,남,63세,경상
2014092700100567,2014년 9월 27일 18시,토요일,대구광역시 서구 내당동,중상사고,0,1,0,0,차대사람 - 기타,안전운전불이행,건조,맑음,단일로 - 기타,승용,여,38세,상해없음,보행자,남,70세,중상
2014092700100568,2014년 9월 27일 18시,토요일,대구광역시 서구 평리동,부상신고사고,0,0,0,1,차대차 - 측면직각충돌,안전운전불이행,건조,맑음,교차로 - 교차로안,승용,남,44세,부상신고,승합,남,40세,기타불명
2014092700100614,2014년 9월 27일 19시,토요일,대구광역시 수성구 범어동,경상사고,0,0,1,0,차대차 - 기타,안전운전불이행,건조,맑음,단일로 - 기타,승용,여,58세,상해없음,승용,남,65세,상해없음
2014092700100615,2014년 9월 27일 19시,토요일,대구광역시 서구 비산동,경상사고,0,0,1,0,차대차 - 기타,안전운전불이행,건조,맑음,단일로 - 횡단보도부근,승용,남,38세,상해없음,자전거,남,61세,경상
2014092700100616,2014년 9월 27일 19시,토요일,대구광역시 북구 읍내동,경상사고,0,0,1,0,차대차 - 기타,안전운전불이행,건조,맑음,기타 - 기타,화물,남,29세,상해없음,승용,남,44세,경상
2014092700100617,2014년 9월 27일 19시,토요일,대구광역시 북구 서변동,경상사고,0,0,2,0,차대차 - 기타,안전운전불이행,건조,맑음,기타 - 기타,승용,남,45세,상해없음,승용,남,65세,경상
2014092700100650,2014년 9월 27일 20시,토요일,대구광역시 달성군 가창면,중상사고,0,3,1,0,차대차 - 추돌 - 주정차중,안전운전불이행,건조,맑음,단일로 - 기타,화물,남,54세,상해없음,승용,여,55세,경상
2014092700100685,2014년 9월 27일 21시,토요일,대구광역시 북구 고성동1가,경상사고,0,0,1,0,차대차 - 측면직각충돌,안전운전불이행,건조,맑음,단일로 - 기타,승용,남,56세,상해없음,원동기,남,16세,경상
2014092700100741,2014년 9월 27일 23시,토요일,대구광역시 달서구 죽전동,사망사고,1,2,2,0,차대차 - 측면직각충돌,신호위반,건조,맑음,교차로 - 교차로안,이륜,남,15세,중상,승용,남,57세,경상
2014092800100029,2014년 9월 28일 01시,일요일,대구광역시 수성구 수성동2가,경상사고,0,0,1,0,차대차 - 기타,안전운전불이행,건조,맑음,교차로 - 교차로부근,이륜,남,25세,경상,승용,남,54세,상해없음
2014092800100030,2014년 9월 28일 01시,일요일,대구광역시 달서구 본리동,경상사고,0,0,1,0,차대사람 - 기타,기타,건조,맑음,단일로 - 기타,승용,남,51세,상해없음,보행자,여,48세,경상
2014092800100044,2014년 9월 28일 02시,일요일,대구광역시 북구 구암동,경상사고,0,0,1,0,차대차 - 추돌 - 주정차중,안전운전불이행,건조,맑음,단일로 - 기타,승용,남,44세,상해없음,화물,남,40세,상해없음
2014092800100068,2014년 9월 28일 03시,일요일,대구광역시 남구 대명동,경상사고,0,0,2,0,차대차 - 정면충돌,안전운전불이행,건조,맑음,교차로 - 교차로부근,승용,여,38세,상해없음,승용,남,39세,상해없음
2014092800100069,2014년 9월 28일 03시,일요일,대구광역시 남구 봉덕동,중상사고,0,2,1,0,차대차 - 정면충돌,중앙선침범,건조,맑음,단일로 - 기타,승용,여,43세,중상,승용,남,35세,경상
2014092800100083,2014년 9월 28일 04시,일요일,대구광역시 서구 내당동,부상신고사고,0,0,0,1,차대차 - 추돌 - 주정차중,안전운전불이행,건조,맑음,단일로 - 기타,승용,여,31세,부상신고,승합,남,53세,기타불명
2014092800100084,2014년 9월 28일 04시,일요일,대구광역시 중구 덕산동,중상사고,0,1,1,0,차대차 - 기타,신호위반,건조,맑음,교차로 - 교차로안,승용,여,23세,상해없음,승용,여,35세,경상
2014092800100099,2014년 9월 28일 06시,일요일,대구광역시 달서구 송현동,경상사고,0,0,1,0,차대차 - 추돌 - 진행중,신호위반,건조,맑음,교차로 - 교차로안,원동기,남,18세,경상,승용,남,78세,상해없음
2014092800100100,2014년 9월 28일 06시,일요일,대구광역시 중구 남산동,경상사고,0,0,1,0,차대차 - 추돌 - 주정차중,안전운전불이행,건조,맑음,단일로 - 기타,승용,남,34세,경상,화물,남,50세,상해없음
2014092800100115,2014년 9월 28일 07시,일요일,대구광역시 북구 노원동3가,중상사고,0,1,0,0,차대차 - 기타,불법유턴,건조,맑음,단일로 - 기타,자전거,남,77세,중상,승용,남,53세,상해없음
2014092800100143,2014년 9월 28일 09시,일요일,대구광역시 동구 용계동,중상사고,0,1,1,1,차대차 - 기타,신호위반,건조,맑음,교차로 - 교차로안,승용,여,29세,부상신고,승용,남,37세,경상
2014092800100144,2014년 9월 28일 09시,일요일,대구광역시 동구 신천동,경상사고,0,0,1,0,차대차 - 기타,안전운전불이행,건조,맑음,기타 - 기타,승용,여,40세,상해없음,자전거,여,56세,경상
2014092800100209,2014년 9월 28일 12시,일요일,대구광역시 수성구 지산동,경상사고,0,0,1,0,차대차 - 측면직각충돌,안전운전불이행,건조,맑음,단일로 - 기타,승용,남,56세,상해없음,화물,여,55세,경상
2014092800100210,2014년 9월 28일 12시,일요일,대구광역시 수성구 만촌동,부상신고사고,0,0,0,1,차대차 - 측면직각충돌,신호위반,건조,맑음,교차로 - 교차로안,자전거,남,14세,부상신고,승용,남,22세,상해없음
2014092800100234,2014년 9월 28일 13시,일요일,대구광역시 서구 중리동,경상사고,0,0,1,0,차대차 - 기타,교차로운행방법위반,건조,맑음,교차로 - 교차로안,승용,남,54세,상해없음,승용,여,48세,경상
2014092800100272,2014년 9월 28일 14시,일요일,대구광역시 동구 검사동,경상사고,0,0,1,3,차대차 - 기타,안전운전불이행,건조,맑음,단일로 - 기타,승용,여,70세,경상,승용,여,38세,부상신고
2014092800100273,2014년 9월 28일 14시,일요일,대구광역시 중구 교동,경상사고,0,0,2,3,차대차 - 기타,중앙선침범,건조,맑음,교차로 - 교차로안,승용,남,28세,상해없음,승용,남,27세,부상신고
2014092800100357,2014년 9월 28일 17시,일요일,대구광역시 수성구 두산동,중상사고,0,1,0,0,차대차 - 기타,안전거리미확보,건조,맑음,단일로 - 기타,승용,남,57세,상해없음,이륜,남,49세,중상
2014092800100359,2014년 9월 28일 17시,일요일,대구광역시 달서구 호산동,중상사고,0,2,0,0,차량단독 - 공작물충돌,안전운전불이행,건조,맑음,교차로 - 교차로부근,승용,남,29세,상해없음,,,,
2014092800100401,2014년 9월 28일 18시,일요일,대구광역시 달서구 상인동,경상사고,0,0,2,0,차대차 - 기타,안전운전불이행,건조,맑음,단일로 - 기타,승용,남,52세,상해없음,승용,남,29세,경상
2014092800100402,2014년 9월 28일 18시,일요일,대구광역시 달서구 월성동,중상사고,0,1,3,0,차대차 - 기타,안전운전불이행,건조,맑음,단일로 - 기타,승용,남,63세,상해없음,승합,남,52세,상해없음
2014092800100403,2014년 9월 28일 18시,일요일,대구광역시 달서구 진천동,경상사고,0,0,1,0,차대차 - 측면직각충돌,안전운전불이행,건조,맑음,단일로 - 기타,화물,남,65세,상해없음,원동기,남,54세,경상
2014092800100404,2014년 9월 28일 18시,일요일,대구광역시 달서구 진천동,경상사고,0,0,1,0,차대차 - 기타,안전운전불이행,건조,맑음,단일로 - 기타,승용,남,34세,상해없음,자전거,여,15세,경상
2014092800100405,2014년 9월 28일 18시,일요일,대구광역시 북구 관음동,경상사고,0,0,3,0,차대차 - 추돌 - 진행중,안전운전불이행,건조,맑음,단일로 - 기타,승용,남,28세,상해없음,승용,남,66세,경상
2014092800100440,2014년 9월 28일 19시,일요일,대구광역시 북구 복현동,경상사고,0,0,1,0,차대사람 - 기타,안전운전불이행,건조,맑음,교차로 - 교차로안,승용,남,50세,상해없음,보행자,남,23세,경상
2014092800100441,2014년 9월 28일 19시,일요일,대구광역시 서구 비산동,경상사고,0,0,1,0,차대사람 - 횡단중,보행자보호의무위반,건조,맑음,단일로 - 횡단보도상,승용,남,62세,상해없음,보행자,여,19세,경상
2014092800100442,2014년 9월 28일 19시,일요일,대구광역시 중구 남산동,경상사고,0,0,3,0,차대차 - 기타,안전거리미확보,건조,맑음,단일로 - 기타,승용,남,31세,상해없음,승용,남,38세,경상
2014092800100470,2014년 9월 28일 20시,일요일,대구광역시 북구 산격동,경상사고,0,0,2,0,차대차 - 기타,안전운전불이행,건조,맑음,단일로 - 기타,승용,남,49세,상해없음,승용,남,36세,경상
2014092800100471,2014년 9월 28일 20시,일요일,대구광역시 중구 포정동,경상사고,0,0,1,0,차대사람 - 횡단중,안전운전불이행,건조,맑음,교차로 - 교차로안,승용,남,41세,상해없음,보행자,여,54세,경상
2014092800100472,2014년 9월 28일 20시,일요일,대구광역시 남구 대명동,중상사고,0,1,0,0,차대차 - 기타,교차로운행방법위반,건조,맑음,교차로 - 교차로부근,승용,남,52세,상해없음,이륜,남,41세,중상
2014092800100501,2014년 9월 28일 21시,일요일,대구광역시 서구 평리동,부상신고사고,0,0,0,1,차대차 - 기타,교차로운행방법위반,건조,맑음,교차로 - 교차로안,원동기,남,38세,부상신고,승용,남,46세,상해없음
2014092800100534,2014년 9월 28일 23시,일요일,대구광역시 중구 삼덕동3가,경상사고,0,0,2,0,차대차 - 기타,신호위반,건조,맑음,교차로 - 교차로안,승용,남,66세,상해없음,승용,남,33세,경상
2014092900100010,2014년 9월 29일 00시,월요일,대구광역시 달서구 장동,경상사고,0,0,1,0,차대차 - 측면직각충돌,안전운전불이행,건조,맑음,교차로 - 교차로안,승용,여,40세,상해없음,승용,여,42세,경상
2014092900100037,2014년 9월 29일 04시,월요일,대구광역시 수성구 황금동,부상신고사고,0,0,0,1,차대차 - 추돌 - 진행중,안전운전불이행,건조,맑음,단일로 - 기타,승용,남,51세,상해없음,승용,남,65세,부상신고