사고번호,사고일시,요일,시군구,사고내용,사망자수,중상자수,경상자수,부상신고자수,사고유형,법규위반,노면상태,기상상태,도로형태,가해운전자 차종,가해운전자 성별,가해운전자 연령,가해운전자 상해정도,피해운전자 차종,피해운전자 성별,피해운전자 연령,피해운전자 상해정도
2014092900100038,2014년 9월 29일 04시,월요일,대구광역시 수성구 황금동,중상사고,0,3,1,0,차대차 - 기타,안전운전불이행,건조,맑음,단일로 - 기타,승용,남,51세,기타불명,승용,남,65세,중상
2014092900100054,2014년 9월 29일 05시,월요일,대구광역시 수성구 상동,중상사고,0,1,0,0,차대사람 - 기타,과속,건조,맑음,단일로 - 기타,승용,남,46세,상해없음,보행자,남,73세,중상
2014092900100055,2014년 9월 29일 05시,월요일,대구광역시 북구 칠성동1가,경상사고,0,0,1,0,차대사람 - 기타,안전운전불이행,건조,맑음,단일로 - 기타,승용,남,69세,상해없음,보행자,여,82세,경상
2014092900100073,2014년 9월 29일 06시,월요일,대구광역시 서구 비산동,경상사고,0,0,1,0,차대차 - 추돌 - 진행중,안전거리미확보,습기,맑음,단일로 - 기타,승용,남,23세,상해없음,승용,남,65세,경상
2014092900100095,2014년 9월 29일 07시,월요일,대구광역시 수성구 매호동,중상사고,0,1,1,0,차대차 - 측면직각충돌,안전거리미확보,건조,맑음,교차로 - 교차로안,승용,남,41세,상해없음,승용,남,49세,경상
2014092900100096,2014년 9월 29일 07시,월요일,대구광역시 북구 산격동,경상사고,0,0,1,0,차량단독 - 공작물충돌,안전운전불이행,건조,맑음,기타 - 기타,화물,남,46세,경상,,,,
2014092900100097,2014년 9월 29일 07시,월요일,대구광역시 서구 내당동,경상사고,0,0,1,0,차대사람 - 기타,기타,건조,맑음,단일로 - 횡단보도부근,승용,남,46세,상해없음,보행자,남,38세,경상
2014092900100131,2014년 9월 29일 08시,월요일,대구광역시 달서구 대천동,경상사고,0,0,2,0,차대차 - 추돌 - 주정차중,안전운전불이행,건조,맑음,단일로 - 기타,화물,남,54세,상해없음,승용,남,20세,경상
2014092900100171,2014년 9월 29일 09시,월요일,대구광역시 달서구 송현동,중상사고,0,1,3,0,차대차 - 추돌 - 주정차중,안전운전불이행,건조,맑음,단일로 - 기타,승용,남,19세,상해없음,승용,여,50세,경상
2014092900100201,2014년 9월 29일 10시,월요일,대구광역시 달성군 구지면,중상사고,0,2,0,0,차대차 - 측면직각충돌,안전운전불이행,건조,맑음,교차로 - 교차로안,승용,남,34세,중상,화물,남,62세,상해없음
2014092900100202,2014년 9월 29일 10시,월요일,대구광역시 중구 남산동,경상사고,0,0,1,0,차대차 - 추돌 - 진행중,안전운전불이행,건조,흐림,단일로 - 기타,승합,남,60세,상해없음,승용,여,67세,경상
2014092900100226,2014년 9월 29일 11시,월요일,대구광역시 남구 대명동,중상사고,0,1,0,0,차대차 - 기타,안전운전불이행,건조,맑음,단일로 - 기타,승용,여,59세,상해없음,이륜,남,81세,중상
2014092900100264,2014년 9월 29일 12시,월요일,대구광역시 수성구 매호동,경상사고,0,0,1,0,차대차 - 추돌 - 주정차중,안전운전불이행,건조,맑음,교차로 - 교차로부근,승용,남,68세,상해없음,승용,여,44세,경상
2014092900100265,2014년 9월 29일 12시,월요일,대구광역시 달서구 상인동,중상사고,0,1,0,0,차대차 - 측면직각충돌,직진우회전진행방해,건조,맑음,교차로 - 교차로안,승용,여,64세,상해없음,승합,여,47세,중상
2014092900100266,2014년 9월 29일 12시,월요일,대구광역시 달서구 이곡동,부상신고사고,0,0,0,1,차대차 - 기타,안전거리미확보,건조,맑음,단일로 - 기타,승용,남,41세,상해없음,화물,남,37세,부상신고
2014092900100299,2014년 9월 29일 13시,월요일,대구광역시 남구 대명동,경상사고,0,0,1,0,차대차 - 추돌 - 진행중,안전운전불이행,습기,흐림,교차로 - 교차로부근,승용,남,55세,상해없음,승용,남,49세,경상
2014092900100300,2014년 9월 29일 13시,월요일,대구광역시 중구 태평로2가,중상사고,0,1,1,0,차대차 - 추돌 - 주정차중,안전거리미확보,습기,비,단일로 - 기타,승용,남,49세,상해없음,승용,남,51세,중상
2014092900100301,2014년 9월 29일 13시,월요일,대구광역시 중구 삼덕동3가,중상사고,0,1,0,0,차대차 - 추돌 - 진행중,안전운전불이행,습기,비,단일로 - 기타,승용,남,28세,상해없음,승용,남,25세,중상
2014092900100332,2014년 9월 29일 14시,월요일,대구광역시 달서구 송현동,경상사고,0,0,1,0,차대차 - 측면직각충돌,안전거리미확보,습기,비,교차로 - 교차로부근,원동기,남,57세,경상,승용,여,66세,상해없음
2014092900100333,2014년 9월 29일 14시,월요일,대구광역시 달서구 상인동,경상사고,0,0,1,0,차대차 - 추돌 - 주정차중,안전운전불이행,습기,비,교차로 - 교차로부근,승용,남,65세,상해없음,승용,여,28세,경상
2014092900100334,2014년 9월 29일 14시,월요일,대구광역시 달서구 상인동,부상신고사고,0,0,0,1,차량단독 - 공작물충돌,안전운전불이행,습기,비,단일로 - 기타,승용,여,65세,부상신고,,,,
2014092900100335,2014년 9월 29일 14시,월요일,대구광역시 달성군 구지면,중상사고,0,1,0,0,차대차 - 기타,안전운전불이행,건조,맑음,단일로 - 기타,화물,남,60세,상해없음,승용,남,35세,기타불명
2014092900100367,2014년 9월 29일 15시,월요일,대구광역시 수성구 만촌동,경상사고,0,0,2,0,차대차 - 기타,안전운전불이행,건조,맑음,단일로 - 횡단보도부근,승용,남,26세,상해없음,승용,남,49세,경상
2014092900100368,2014년 9월 29일 15시,월요일,대구광역시 북구 복현동,경상사고,0,0,1,0,차대차 - 측면직각충돌,안전거리미확보,습기,비,교차로 - 교차로부근,승용,남,74세,상해없음,승용,남,41세,경상
2014092900100406,2014년 9월 29일 16시,월요일,대구광역시 동구 신천동,경상사고,0,0,1,0,차대차 - 추돌 - 주정차중,안전운전불이행,건조,맑음,단일로 - 기타,승용,남,29세,상해없음,화물,남,60세,경상
2014092900100407,2014년 9월 29일 16시,월요일,대구광역시 동구 신서동,경상사고,0,0,1,1,차대차 - 측면직각충돌,안전운전불이행,습기,비,교차로 - 교차로안,승용,남,61세,상해없음,승용,남,46세,부상신고
2014092900100408,2014년 9월 29일 16시,월요일,대구광역시 동구 동호동,경상사고,0,0,2,0,차대차 - 측면직각충돌,신호위반,습기,비,교차로 - 교차로안,승용,여,32세,상해없음,화물,남,46세,경상
2014092900100409,2014년 9월 29일 16시,월요일,대구광역시 동구 지묘동,경상사고,0,0,1,0,차대차 - 기타,안전운전불이행,습기,비,단일로 - 기타,승용,여,39세,상해없음,승용,여,39세,경상
2014092900100410,2014년 9월 29일 16시,월요일,대구광역시 수성구 상동,경상사고,0,0,1,0,차대차 - 기타,안전운전불이행,습기,비,단일로 - 기타,승용,남,46세,상해없음,승용,여,37세,경상
2014092900100411,2014년 9월 29일 16시,월요일,대구광역시 중구 포정동,경상사고,0,0,1,0,차대사람 - 횡단중,안전운전불이행,습기,비,교차로 - 교차로부근,이륜,남,33세,상해없음,보행자,남,68세,경상
2014092900100448,2014년 9월 29일 17시,월요일,대구광역시 수성구 수성동1가,경상사고,0,0,1,0,차대차 - 기타,안전거리미확보,습기,비,교차로 - 교차로부근,승용,남,69세,상해없음,승용,여,51세,경상
2014092900100449,2014년 9월 29일 17시,월요일,대구광역시 달서구 대천동,중상사고,0,1,0,0,차대차 - 기타,중앙선침범,습기,비,교차로 - 교차로부근,승용,여,50세,기타불명,이륜,남,25세,중상
2014092900100450,2014년 9월 29일 17시,월요일,대구광역시 중구 대봉동,부상신고사고,0,0,0,1,차대차 - 기타,안전운전불이행,건조,맑음,교차로 - 교차로안,자전거,남,62세,부상신고,승용,여,29세,상해없음
2014092900100492,2014년 9월 29일 18시,월요일,대구광역시 수성구 황금동,경상사고,0,0,1,0,차대차 - 기타,안전거리미확보,습기,흐림,단일로 - 기타,기타불명,기타불명,기타불명,기타불명,이륜,남,77세,경상
2014092900100493,2014년 9월 29일 18시,월요일,대구광역시 수성구 노변동,경상사고,0,0,1,0,차대차 - 기타,안전운전불이행,건조,맑음,단일로 - 기타,승용,여,36세,상해없음,자전거,남,12세,경상
2014092900100494,2014년 9월 29일 18시,월요일,대구광역시 달서구 대천동,중상사고,0,1,1,0,차대차 - 기타,신호위반,건조,맑음,교차로 - 교차로안,승용,남,46세,상해없음,승용,남,53세,중상
2014092900100495,2014년 9월 29일 18시,월요일,대구광역시 북구 산격동,경상사고,0,0,1,0,차대차 - 기타,안전운전불이행,습기,흐림,단일로 - 기타,승용,남,30세,상해없음,이륜,남,40세,경상
2014092900100541,2014년 9월 29일 19시,월요일,대구광역시 중구 대봉동,중상사고,0,1,0,0,차대사람 - 횡단중,보행자보호의무위반,건조,흐림,단일로 - 기타,승용,여,57세,상해없음,보행자,여,23세,중상
2014092900100542,2014년 9월 29일 19시,월요일,대구광역시 북구 태전동,경상사고,0,0,2,1,차대차 - 측면직각충돌,차로위반,건조,맑음,단일로 - 기타,승합,여,46세,부상신고,화물,남,64세,상해없음
2014092900100581,2014년 9월 29일 20시,월요일,대구광역시 달성군 다사읍,부상신고사고,0,0,0,1,차대사람 - 기타,기타,건조,맑음,단일로 - 기타,승합,남,48세,기타불명,보행자,여,19세,부상신고
2014092900100609,2014년 9월 29일 21시,월요일,대구광역시 북구 복현동,경상사고,0,0,1,0,차대사람 - 기타,안전운전불이행,건조,맑음,단일로 - 기타,승용,남,48세,상해없음,보행자,남,22세,경상
2014092900100610,2014년 9월 29일 21시,월요일,대구광역시 중구 대봉동,부상신고사고,0,0,0,1,차대사람 - 횡단중,안전운전불이행,건조,맑음,단일로 - 기타,기타불명,기타불명,기타불명,기타불명,보행자,여,53세,부상신고
2014092900100665,2014년 9월 29일 23시,월요일,대구광역시 수성구 상동,경상사고,0,0,1,0,차대차 - 기타,안전운전불이행,건조,맑음,교차로 - 교차로안,승용,여,53세,상해없음,승용,남,51세,경상
2014093000100017,2014년 9월 30일 00시,화요일,대구광역시 수성구 노변동,경상사고,0,0,1,0,차대차 - 기타,안전거리미확보,건조,맑음,단일로 - 기타,승용,남,43세,상해없음,승용,남,31세,경상
2014093000100053,2014년 9월 30일 03시,화요일,대구광역시 수성구 지산동,중상사고,0,1,0,0,차대차 - 추돌 - 진행중,안전운전불이행,건조,맑음,교차로 - 교차로부근,승용,남,50세,상해없음,승용,남,55세,중상
2014093000100090,2014년 9월 30일 06시,화요일,대구광역시 남구 이천동,경상사고,0,0,2,0,차대차 - 추돌 - 주정차중,안전운전불이행,건조,맑음,단일로 - 횡단보도부근,승용,여,45세,상해없음,승용,남,58세,경상
2014093000100112,2014년 9월 30일 07시,화요일,대구광역시 동구 효목동,중상사고,0,1,0,0,차대사람 - 횡단중,보행자보호의무위반,건조,맑음,교차로 - 교차로부근,승용,남,70세,상해없음,보행자,남,25세,중상
2014093000100113,2014년 9월 30일 07시,화요일,대구광역시 달서구 상인동,중상사고,0,1,0,0,차대차 - 기타,신호위반,건조,맑음,교차로 - 교차로안,승용,남,51세,상해없음,원동기,남,68세,중상
2014093000100114,2014년 9월 30일 07시,화요일,대구광역시 북구 칠성동1가,경상사고,0,0,1,0,차대차 - 측면직각충돌,직진우회전진행방해,건조,맑음,교차로 - 교차로안,이륜,남,47세,상해없음,승용,남,33세,경상
2014093000100161,2014년 9월 30일 08시,화요일,대구광역시 남구 대명동,경상사고,0,0,1,0,차대차 - 추돌 - 주정차중,안전운전불이행,건조,맑음,단일로 - 터널,화물,남,61세,상해없음,승용,남,31세,경상
2014093000100162,2014년 9월 30일 08시,화요일,대구광역시 동구 각산동,중상사고,0,1,0,0,차대차 - 기타,안전운전불이행,건조,맑음,단일로 - 기타,승용,남,60세,상해없음,승용,남,39세,중상
2014093000100163,2014년 9월 30일 08시,화요일,대구광역시 수성구 범물동,경상사고,0,0,1,0,차대차 - 추돌 - 주정차중,안전운전불이행,건조,맑음,단일로 - 기타,이륜,남,16세,상해없음,승합,남,64세,기타불명
2014093000100164,2014년 9월 30일 08시,화요일,대구광역시 서구 이현동,경상사고,0,0,2,0,차대차 - 기타,기타,건조,맑음,단일로 - 기타,화물,남,54세,기타불명,화물,남,36세,경상
2014093000100165,2014년 9월 30일 08시,화요일,대구광역시 달서구 이곡동,중상사고,0,1,0,0,차대차 - 측면직각충돌,중앙선침범,건조,맑음,단일로 - 기타,자전거,남,12세,중상,승용,남,57세,상해없음
2014093000100203,2014년 9월 30일 09시,화요일,대구광역시 동구 율하동,중상사고,0,1,0,0,차대차 - 기타,안전운전불이행,건조,맑음,단일로 - 기타,승용,여,51세,상해없음,자전거,여,39세,중상
2014093000100234,2014년 9월 30일 10시,화요일,대구광역시 달성군 논공읍,경상사고,0,0,2,0,차대차 - 추돌 - 주정차중,안전운전불이행,건조,맑음,교차로 - 교차로부근,승용,남,63세,상해없음,화물,남,55세,상해없음
2014093000100235,2014년 9월 30일 10시,화요일,대구광역시 서구 이현동,부상신고사고,0,0,0,1,차대차 - 측면직각충돌,신호위반,건조,맑음,교차로 - 교차로안,승용,기타불명,기타불명,기타불명,자전거,남,21세,부상신고
2014093000100236,2014년 9월 30일 10시,화요일,대구광역시 달서구 감삼동,부상신고사고,0,0,0,1,차대사람 - 기타,안전운전불이행,건조,맑음,단일로 - 기타,기타불명,기타불명,기타불명,기타불명,보행자,남,44세,부상신고
2014093000100291,2014년 9월 30일 11시,화요일,대구광역시 남구 대명동,중상사고,0,1,0,1,차대차 - 추돌 - 진행중,안전운전불이행,건조,맑음,단일로 - 기타,이륜,남,17세,기타불명,승용,여,52세,중상
2014093000100292,2014년 9월 30일 11시,화요일,대구광역시 중구 동인동3가,경상사고,0,0,1,0,차대차 - 기타,안전운전불이행,건조,맑음,교차로 - 교차로부근,건설기계,남,34세,상해없음,승용,여,50세,경상
2014093000100293,2014년 9월 30일 11시,화요일,대구광역시 달서구 갈산동,중상사고,0,1,0,0,차대차 - 측면직각충돌,안전운전불이행,건조,흐림,교차로 - 교차로안,이륜,남,19세,중상,화물,남,51세,상해없음
2014093000100294,2014년 9월 30일 11시,화요일,대구광역시 북구 태전동,중상사고,0,1,0,0,차대차 - 기타,차로위반,건조,맑음,기타 - 기타,건설기계,남,43세,상해없음,승용,여,49세,중상
2014093000100319,2014년 9월 30일 12시,화요일,대구광역시 중구 동산동,경상사고,0,0,1,0,차대차 - 기타,교차로운행방법위반,건조,맑음,교차로 - 교차로안,승용,남,75세,상해없음,승용,여,26세,경상
2014093000100354,2014년 9월 30일 13시,화요일,대구광역시 동구 숙천동,경상사고,0,0,1,1,차대차 - 정면충돌,중앙선침범,건조,맑음,단일로 - 기타,이륜,남,26세,부상신고,승용,여,50세,경상
2014093000100355,2014년 9월 30일 13시,화요일,대구광역시 동구 용계동,경상사고,0,0,1,0,차대사람 - 기타,안전운전불이행,건조,맑음,단일로 - 기타,승용,남,72세,상해없음,보행자,여,42세,경상
2014093000100356,2014년 9월 30일 13시,화요일,대구광역시 수성구 만촌동,경상사고,0,0,1,0,차대차 - 기타,안전거리미확보,건조,맑음,단일로 - 기타,승용,남,67세,상해없음,화물,남,66세,경상
2014093000100357,2014년 9월 30일 13시,화요일,대구광역시 북구 산격동,중상사고,0,1,0,0,차대사람 - 차도통행중,안전운전불이행,건조,맑음,단일로 - 기타,자전거,남,44세,상해없음,보행자,여,67세,중상
2014093000100358,2014년 9월 30일 13시,화요일,대구광역시 서구 내당동,경상사고,0,0,1,0,차대차 - 추돌 - 진행중,안전운전불이행,건조,맑음,단일로 - 기타,화물,남,37세,상해없음,이륜,남,36세,경상
2014093000100397,2014년 9월 30일 14시,화요일,대구광역시 북구 산격동,경상사고,0,0,3,0,차대차 - 측면직각충돌,안전거리미확보,건조,맑음,단일로 - 기타,승용,여,37세,경상,승용,남,24세,경상
2014093000100433,2014년 9월 30일 15시,화요일,대구광역시 중구 동인동1가,중상사고,0,1,0,0,차대차 - 기타,교차로운행방법위반,건조,맑음,교차로 - 교차로부근,승용,남,36세,상해없음,이륜,남,36세,중상
2014093000100470,2014년 9월 30일 16시,화요일,대구광역시 남구 대명동,경상사고,0,0,1,0,차대차 - 기타,신호위반,건조,맑음,교차로 - 교차로안,승용,여,63세,상해없음,이륜,남,21세,경상
2014093000100514,2014년 9월 30일 17시,화요일,대구광역시 달서구 상인동,경상사고,0,0,1,0,차대사람 - 기타,안전운전불이행,건조,맑음,단일로 - 기타,승용,남,66세,상해없음,보행자,남,11세,경상
2014093000100515,2014년 9월 30일 17시,화요일,대구광역시 북구 침산동,중상사고,0,1,0,0,차대차 - 정면충돌,안전운전불이행,건조,맑음,교차로 - 교차로부근,승용,남,75세,상해없음,자전거,여,57세,중상
2014093000100516,2014년 9월 30일 17시,화요일,대구광역시 달서구 성당동,중상사고,0,1,0,0,차대사람 - 기타,신호위반,건조,맑음,교차로 - 교차로안,승용,여,56세,상해없음,보행자,남,48세,중상
2014093000100517,2014년 9월 30일 17시,화요일,대구광역시 달서구 성당동,부상신고사고,0,0,0,1,차대차 - 기타,안전운전불이행,건조,맑음,교차로 - 교차로부근,자전거,남,62세,부상신고,화물,남,42세,기타불명
2014093000100566,2014년 9월 30일 18시,화요일,대구광역시 달서구 진천동,중상사고,0,1,0,0,차대차 - 기타,기타,건조,맑음,단일로 - 기타,승용,여,43세,상해없음,자전거,남,65세,중상
2014093000100567,2014년 9월 30일 18시,화요일,대구광역시 달서구 월성동,중상사고,0,1,1,2,차대차 - 측면직각충돌,차로위반,건조,맑음,교차로 - 교차로부근,승용,남,50세,경상,승용,여,51세,중상
2014093000100568,2014년 9월 30일 18시,화요일,대구광역시 달서구 이곡동,경상사고,0,0,1,0,차대차 - 측면직각충돌,교차로운행방법위반,건조,흐림,교차로 - 교차로안,승용,남,51세,상해없음,이륜,남,19세,경상
2014093000100569,2014년 9월 30일 18시,화요일,대구광역시 달서구 감삼동,중상사고,0,1,0,0,차대차 - 측면직각충돌,교차로운행방법위반,건조,맑음,교차로 - 교차로안,승합,남,64세,상해없음,이륜,남,29세,중상
2014093000100570,2014년 9월 30일 18시,화요일,대구광역시 북구 태전동,경상사고,0,0,1,0,차대차 - 추돌 - 주정차중,안전운전불이행,건조,맑음,단일로 - 기타,승용,남,49세,상해없음,승용,남,42세,경상
2014093000100626,2014년 9월 30일 19시,화요일,대구광역시 수성구 상동,경상사고,0,0,1,0,차대차 - 측면직각충돌,안전운전불이행,건조,맑음,단일로 - 횡단보도부근,승용,남,64세,상해없음,승용,여,39세,경상
2014093000100627,2014년 9월 30일 19시,화요일,대구광역시 수성구 만촌동,경상사고,0,0,1,0,차대차 - 측면직각충돌,안전거리미확보,건조,맑음,단일로 - 기타,승용,여,43세,상해없음,자전거,남,42세,경상
2014093000100655,2014년 9월 30일 20시,화요일,대구광역시 달서구 본동,경상사고,0,0,1,0,차대차 - 측면직각충돌,교차로운행방법위반,건조,맑음,교차로 - 교차로안,승용,남,47세,상해없음,이륜,남,28세,경상
2014093000100656,2014년 9월 30일 20시,화요일,대구광역시 달서구 감삼동,중상사고,0,1,0,0,차대사람 - 차도통행중,안전운전불이행,건조,흐림,단일로 - 기타,승용,남,58세,상해없음,보행자,남,80세,중상
2014093000100657,2014년 9월 30일 20시,화요일,대구광역시 달서구 호림동,중상사고,0,1,0,0,차대사람 - 횡단중,안전운전불이행,건조,흐림,교차로 - 교차로부근,승용,남,58세,상해없음,보행자,여,24세,중상
2014093000100658,2014년 9월 30일 20시,화요일,대구광역시 달서구 죽전동,경상사고,0,0,1,0,차대차 - 추돌 - 진행중,안전운전불이행,건조,맑음,단일로 - 기타,승용,남,40세,상해없음,승용,남,45세,경상
2014093000100727,2014년 9월 30일 22시,화요일,대구광역시 수성구 상동,부상신고사고,0,0,0,1,차량단독 - 공작물충돌,안전운전불이행,건조,맑음,단일로 - 기타,승용,남,45세,부상신고,,,,
2014093000100728,2014년 9월 30일 22시,화요일,대구광역시 달서구 상인동,부상신고사고,0,0,0,1,차대차 - 기타,안전운전불이행,건조,맑음,교차로 - 교차로부근,자전거,남,19세,부상신고,승용,남,47세,상해없음
2014093000100729,2014년 9월 30일 22시,화요일,대구광역시 달성군 화원읍,중상사고,0,1,0,0,차대차 - 추돌 - 주정차중,안전운전불이행,건조,맑음,단일로 - 기타,승용,남,54세,상해없음,자전거,남,18세,중상
2014093000100730,2014년 9월 30일 22시,화요일,대구광역시 서구 내당동,중상사고,0,1,0,0,차대사람 - 차도통행중,안전운전불이행,건조,맑음,교차로 - 교차로안,이륜,남,22세,상해없음,보행자,남,49세,중상
2014093000100731,2014년 9월 30일 22시,화요일,대구광역시 달서구 신당동,경상사고,0,0,3,0,차대차 - 정면충돌,중앙선침범,건조,흐림,교차로 - 교차로안,승용,여,27세,상해없음,승용,남,36세,경상
2014093000100753,2014년 9월 30일 23시,화요일,대구광역시 달서구 송현동,경상사고,0,0,1,0,차대차 - 측면직각충돌,직진우회전진행방해,건조,맑음,교차로 - 교차로안,승용,남,18세,상해없음,승용,남,72세,상해없음
2014093000100754,2014년 9월 30일 23시,화요일,대구광역시 북구 노원동2가,부상신고사고,0,0,0,1,차대차 - 기타,중앙선침범,건조,맑음,단일로 - 횡단보도부근,이륜,남,47세,부상신고,승용,남,59세,상해없음
2014093000100755,2014년 9월 30일 23시,화요일,대구광역시 북구 침산동,중상사고,0,1,1,0,차대차 - 기타,안전거리미확보,건조,맑음,단일로 - 기타,승용,남,20세,상해없음,승용,남,35세,중상
2014093000100756,2014년 9월 30일 23시,화요일,대구광역시 북구 산격동,경상사고,0,0,1,0,차대차 - 기타,안전거리미확보,건조,맑음,단일로 - 기타,승용,남,56세,상해없음,이륜,남,23세,경상
2014100100100032,2014년 10월 1일 01시,수요일,대구광역시 남구 대명동,경상사고,0,0,1,0,차대차 - 추돌 - 주정차중,안전거리미확보,건조,맑음,교차로 - 교차로부근,승용,남,26세,상해없음,승용,남,56세,경상
2014100100100045,2014년 10월 1일 02시,수요일,대구광역시 남구 대명동,경상사고,0,0,1,0,차대차 - 기타,안전운전불이행,건조,맑음,단일로 - 기타,승용,남,27세,상해없음,특수,남,54세,상해없음
2014100100100057,2014년 10월 1일 04시,수요일,대구광역시 동구 신천동,경상사고,0,0,2,0,차대차 - 추돌 - 주정차중,안전운전불이행,건조,맑음,단일로 - 기타,승용,남,34세,상해없음,승용,남,64세,경상
2014100100100058,2014년 10월 1일 04시,수요일,대구광역시 서구 이현동,중상사고,0,1,0,0,차량단독 - 공작물충돌,안전운전불이행,건조,맑음,단일로 - 기타,화물,남,59세,중상,,,,
2014100100100071,2014년 10월 1일 05시,수요일,대구광역시 북구 노원동2가,경상사고,0,0,1,0,차량단독 - 기타,안전운전불이행,건조,맑음,단일로 - 기타,승용,남,60세,상해없음,,,,
2014100100100082,2014년 10월 1일 06시,수요일,대구광역시 수성구 만촌동,경상사고,0,0,1,0,차대차 - 기타,교차로운행방법위반,건조,맑음,단일로 - 기타,승용,남,55세,상해없음,승용,여,40세,경상
2014100100100106,2014년 10월 1일 07시,수요일,대구광역시 동구 율하동,경상사고,0,0,2,0,차대차 - 측면직각충돌,신호위반,건조,맑음,교차로 - 교차로안,승용,남,25세,상해없음,승용,남,36세,경상
2014100100100107,2014년 10월 1일 07시,수요일,대구광역시 북구 고성동1가,경상사고,0,0,1,0,차대차 - 기타,안전운전불이행,건조,맑음,교차로 - 교차로부근,승용,남,36세,상해없음,승용,남,55세,경상
2014100100100147,2014년 10월 1일 08시,수요일,대구광역시 남구 대명동,부상신고사고,0,0,0,1,차대사람 - 기타,기타,건조,맑음,단일로 - 기타,승합,남,56세,상해없음,보행자,여,60세,부상신고
2014100100100148,2014년 10월 1일 08시,수요일,대구광역시 동구 용계동,경상사고,0,0,1,0,차대차 - 추돌 - 진행중,안전운전불이행,건조,맑음,교차로 - 교차로부근,승용,여,31세,상해없음,승용,남,41세,경상
2014100100100149,2014년 10월 1일 08시,수요일,대구광역시 달서구 본동,경상사고,0,0,1,0,차대차 - 측면직각충돌,안전운전불이행,건조,맑음,단일로 - 기타,승용,남,49세,상해없음,자전거,남,13세,경상
2014100100100150,2014년 10월 1일 08시,수요일,대구광역시 달서구 이곡동,경상사고,0,0,1,0,차대차 - 추돌 - 주정차중,안전운전불이행,건조,맑음,교차로 - 교차로안,화물,남,54세,상해없음,화물,남,44세,기타불명
2014100100100151,2014년 10월 1일 08시,수요일,대구광역시 달서구 죽전동,중상사고,0,1,0,0,차대차 - 기타,안전운전불이행,건조,맑음,단일로 - 횡단보도상,이륜,남,17세,상해없음,자전거,남,65세,중상
2014100100100152,2014년 10월 1일 08시,수요일,대구광역시 북구 태전동,중상사고,0,1,0,0,차대차 - 기타,교차로운행방법위반,건조,맑음,단일로 - 기타,승용,남,57세,중상,승합,남,59세,상해없음
2014100100100183,2014년 10월 1일 09시,수요일,대구광역시 달성군 화원읍,경상사고,0,0,3,0,차대차 - 추돌 - 진행중,신호위반,건조,맑음,교차로 - 교차로안,승용,남,53세,상해없음,승용,남,58세,경상
2014100100100184,2014년 10월 1일 09시,수요일,대구광역시 서구 평리동,중상사고,0,1,0,0,차대차 - 기타,안전운전불이행,건조,맑음,단일로 - 기타,승합,남,37세,상해없음,이륜,여,45세,중상
2014100100100210,2014년 10월 1일 10시,수요일,대구광역시 북구 고성동1가,경상사고,0,0,2,0,차대차 - 추돌 - 주정차중,안전운전불이행,건조,맑음,교차로 - 교차로부근,기타불명,기타불명,기타불명,기타불명,승용,남,70세,상해없음
2014100100100236,2014년 10월 1일 11시,수요일,대구광역시 서구 비산동,부상신고사고,0,0,0,1,차대차 - 측면직각충돌,신호위반,건조,맑음,교차로 - 교차로부근,승용,여,49세,부상신고,화물,남,54세,상해없음
2014100100100237,2014년 10월 1일 11시,수요일,대구광역시 서구 평리동,경상사고,0,0,1,0,차대사람 - 기타,안전운전불이행,건조,맑음,단일로 - 기타,이륜,남,30세,상해없음,보행자,남,19세,경상
2014100100100238,2014년 10월 1일 11시,수요일,대구광역시 달서구 갈산동,부상신고사고,0,0,0,1,차대차 - 기타,안전운전불이행,건조,맑음,교차로 - 교차로부근,이륜,남,55세,부상신고,승용,남,49세,상해없음
2014100100100263,2014년 10월 1일 12시,수요일,대구광역시 북구 산격동,경상사고,0,0,3,0,차대차 - 추돌 - 주정차중,안전운전불이행,건조,맑음,단일로 - 기타,승용,남,56세,상해없음,승용,남,46세,경상
2014100100100264,2014년 10월 1일 12시,수요일,대구광역시 중구 동인동4가,중상사고,0,1,0,0,차대차 - 기타,안전운전불이행,건조,맑음,단일로 - 기타,승용,여,59세,상해없음,자전거,여,47세,중상
2014100100100295,2014년 10월 1일 13시,수요일,대구광역시 수성구 만촌동,부상신고사고,0,0,0,1,차대차 - 측면직각충돌,안전운전불이행,건조,맑음,단일로 - 기타,이륜,남,50세,부상신고,승용,남,50세,상해없음
2014100100100328,2014년 10월 1일 14시,수요일,대구광역시 수성구 만촌동,경상사고,0,0,1,0,차대차 - 정면충돌,중앙선침범,건조,맑음,단일로 - 기타,승용,여,54세,상해없음,이륜,남,42세,경상
2014100100100329,2014년 10월 1일 14시,수요일,대구광역시 수성구 두산동,경상사고,0,0,2,0,차대차 - 추돌 - 주정차중,안전운전불이행,건조,맑음,기타 - 기타,승용,남,40세,상해없음,승용,남,40세,경상
2014100100100330,2014년 10월 1일 14시,수요일,대구광역시 달서구 대천동,중상사고,0,1,0,0,차대차 - 기타,안전운전불이행,건조,맑음,교차로 - 교차로안,화물,남,59세,상해없음,자전거,여,60세,중상
2014100100100359,2014년 10월 1일 15시,수요일,대구광역시 수성구 만촌동,부상신고사고,0,0,0,1,차대차 - 기타,안전운전불이행,건조,맑음,기타 - 기타,승용,남,29세,상해없음,이륜,남,32세,부상신고