사고번호,사고일시,요일,시군구,사고내용,사망자수,중상자수,경상자수,부상신고자수,사고유형,법규위반,노면상태,기상상태,도로형태,가해운전자 차종,가해운전자 성별,가해운전자 연령,가해운전자 상해정도,피해운전자 차종,피해운전자 성별,피해운전자 연령,피해운전자 상해정도
2014100400100122,2014년 10월 4일 08시,토요일,대구광역시 수성구 만촌동,중상사고,0,1,0,0,차대사람 - 기타,안전운전불이행,건조,맑음,단일로 - 횡단보도상,승용,남,46세,상해없음,보행자,남,45세,중상
2014100400100123,2014년 10월 4일 08시,토요일,대구광역시 달성군 구지면,중상사고,0,1,0,0,차대차 - 측면직각충돌,안전운전불이행,건조,맑음,단일로 - 기타,이륜,여,69세,중상,이륜,남,40세,상해없음
2014100400100124,2014년 10월 4일 08시,토요일,대구광역시 북구 침산동,경상사고,0,0,1,0,차대차 - 기타,교차로운행방법위반,건조,맑음,교차로 - 교차로안,자전거,여,54세,경상,원동기,남,38세,상해없음
2014100400100142,2014년 10월 4일 09시,토요일,대구광역시 수성구 만촌동,중상사고,0,1,0,0,차대사람 - 기타,안전운전불이행,건조,맑음,단일로 - 기타,승용,여,51세,상해없음,보행자,여,75세,중상
2014100400100176,2014년 10월 4일 10시,토요일,대구광역시 달서구 대천동,경상사고,0,0,2,0,차대차 - 기타,안전거리미확보,건조,맑음,교차로 - 교차로부근,승용,여,39세,경상,승용,여,40세,경상
2014100400100207,2014년 10월 4일 11시,토요일,대구광역시 수성구 삼덕동,경상사고,0,0,1,0,차대차 - 기타,안전거리미확보,건조,맑음,단일로 - 기타,화물,남,62세,상해없음,화물,남,35세,경상
2014100400100208,2014년 10월 4일 11시,토요일,대구광역시 중구 대봉동,사망사고,1,0,0,0,차대사람 - 기타,안전운전불이행,건조,맑음,단일로 - 기타,승합,남,43세,상해없음,보행자,여,61세,사망
2014100400100250,2014년 10월 4일 12시,토요일,대구광역시 서구 내당동,경상사고,0,0,1,0,차대차 - 기타,교차로운행방법위반,건조,맑음,교차로 - 교차로안,승용,여,56세,상해없음,승용,남,26세,경상
2014100400100289,2014년 10월 4일 13시,토요일,대구광역시 중구 대봉동,경상사고,0,0,1,0,차대사람 - 기타,안전운전불이행,건조,맑음,단일로 - 기타,승용,남,61세,상해없음,보행자,남,34세,경상
2014100400100290,2014년 10월 4일 13시,토요일,대구광역시 중구 포정동,부상신고사고,0,0,0,1,차대사람 - 횡단중,안전운전불이행,건조,맑음,단일로 - 기타,이륜,남,58세,부상신고,보행자,여,66세,상해없음
2014100400100326,2014년 10월 4일 14시,토요일,대구광역시 동구 괴전동,경상사고,0,0,1,0,차량단독 - 기타,안전운전불이행,건조,맑음,단일로 - 기타,승합,남,56세,상해없음,,,,
2014100400100358,2014년 10월 4일 15시,토요일,대구광역시 서구 비산동,경상사고,0,0,1,0,차대차 - 정면충돌,안전운전불이행,건조,맑음,단일로 - 기타,화물,남,42세,상해없음,자전거,남,21세,경상
2014100400100359,2014년 10월 4일 15시,토요일,대구광역시 북구 사수동,경상사고,0,0,1,1,차대차 - 측면직각충돌,안전운전불이행,건조,맑음,단일로 - 기타,건설기계,기타불명,기타불명,기타불명,승용,남,26세,경상
2014100400100393,2014년 10월 4일 16시,토요일,대구광역시 동구 검사동,경상사고,0,0,1,0,차대차 - 기타,안전거리미확보,건조,맑음,단일로 - 기타,승용,남,60세,상해없음,승용,남,58세,경상
2014100400100394,2014년 10월 4일 16시,토요일,대구광역시 중구 대봉동,중상사고,0,1,1,0,차대차 - 정면충돌,안전운전불이행,기타,맑음,단일로 - 기타,자전거,남,19세,상해없음,자전거,남,73세,중상
2014100400100438,2014년 10월 4일 17시,토요일,대구광역시 달서구 상인동,경상사고,0,0,2,0,차대차 - 기타,안전거리미확보,건조,맑음,단일로 - 기타,승용,여,54세,상해없음,승용,여,62세,경상
2014100400100439,2014년 10월 4일 17시,토요일,대구광역시 북구 노원동3가,중상사고,0,1,1,0,차대차 - 기타,안전운전불이행,건조,맑음,교차로 - 교차로안,승용,남,53세,상해없음,원동기,남,28세,경상
2014100400100440,2014년 10월 4일 17시,토요일,대구광역시 중구 남산동,경상사고,0,0,1,0,차대사람 - 횡단중,안전운전불이행,건조,맑음,단일로 - 기타,승용,여,43세,상해없음,보행자,여,79세,경상
2014100400100476,2014년 10월 4일 18시,토요일,대구광역시 동구 각산동,경상사고,0,0,3,0,차대차 - 추돌 - 주정차중,안전운전불이행,건조,맑음,교차로 - 교차로부근,승용,남,42세,상해없음,승용,여,47세,경상
2014100400100510,2014년 10월 4일 19시,토요일,대구광역시 달성군 옥포면,사망사고,1,0,0,0,차대사람 - 횡단중,안전운전불이행,건조,맑음,단일로 - 기타,승용,남,46세,상해없음,보행자,여,79세,사망
2014100400100530,2014년 10월 4일 20시,토요일,대구광역시 중구 장관동,경상사고,0,0,1,0,차대사람 - 기타,안전운전불이행,건조,맑음,교차로 - 교차로부근,승용,여,42세,기타불명,보행자,남,39세,경상
2014100400100566,2014년 10월 4일 21시,토요일,대구광역시 동구 신기동,경상사고,0,0,1,0,차대차 - 추돌 - 주정차중,안전운전불이행,건조,맑음,단일로 - 기타,승용,남,34세,상해없음,승용,남,50세,경상
2014100400100567,2014년 10월 4일 21시,토요일,대구광역시 달서구 본동,경상사고,0,0,1,0,차대차 - 추돌 - 진행중,안전운전불이행,건조,맑음,단일로 - 기타,승용,남,24세,기타불명,승용,여,56세,경상
2014100400100568,2014년 10월 4일 21시,토요일,대구광역시 북구 산격동,중상사고,0,1,0,0,차대사람 - 기타,안전운전불이행,건조,맑음,단일로 - 기타,승용,남,34세,상해없음,보행자,남,55세,중상
2014100400100591,2014년 10월 4일 22시,토요일,대구광역시 수성구 신매동,경상사고,0,0,1,0,차대차 - 기타,신호위반,건조,맑음,단일로 - 횡단보도상,이륜,남,47세,상해없음,자전거,여,18세,경상
2014100400100592,2014년 10월 4일 22시,토요일,대구광역시 달서구 월성동,경상사고,0,0,1,0,차대차 - 측면직각충돌,신호위반,건조,맑음,교차로 - 교차로부근,승용,남,31세,상해없음,원동기,남,20세,경상
2014100400100593,2014년 10월 4일 22시,토요일,대구광역시 북구 동변동,경상사고,0,0,1,0,차대차 - 기타,안전운전불이행,습기,맑음,단일로 - 기타,승용,남,33세,상해없음,자전거,여,58세,경상
2014100400100629,2014년 10월 4일 23시,토요일,대구광역시 수성구 수성동1가,경상사고,0,0,2,0,차대차 - 기타,안전운전불이행,건조,맑음,교차로 - 교차로부근,승용,남,57세,상해없음,승용,남,23세,경상
2014100400100630,2014년 10월 4일 23시,토요일,대구광역시 서구 비산동,중상사고,0,1,0,0,차대사람 - 횡단중,안전운전불이행,건조,맑음,단일로 - 기타,승용,여,50세,상해없음,보행자,여,23세,중상
2014100500100015,2014년 10월 5일 00시,일요일,대구광역시 북구 매천동,경상사고,0,0,4,0,차대차 - 추돌 - 주정차중,안전운전불이행,건조,맑음,교차로 - 교차로부근,승용,남,37세,상해없음,승용,남,37세,경상
2014100500100046,2014년 10월 5일 02시,일요일,대구광역시 동구 효목동,경상사고,0,0,1,0,차대차 - 기타,안전운전불이행,건조,맑음,교차로 - 교차로부근,승용,남,52세,상해없음,승용,남,56세,상해없음
2014100500100047,2014년 10월 5일 02시,일요일,대구광역시 동구 신암동,경상사고,0,0,1,0,차대차 - 기타,안전운전불이행,건조,맑음,교차로 - 교차로부근,승용,여,47세,상해없음,승용,남,56세,경상
2014100500100048,2014년 10월 5일 02시,일요일,대구광역시 서구 평리동,중상사고,0,1,1,0,차대사람 - 횡단중,안전운전불이행,건조,맑음,단일로 - 횡단보도상,승용,남,69세,상해없음,보행자,남,37세,중상
2014100500100087,2014년 10월 5일 06시,일요일,대구광역시 동구 방촌동,중상사고,0,1,0,0,차대차 - 측면직각충돌,안전운전불이행,건조,맑음,교차로 - 교차로안,승용,남,66세,상해없음,자전거,여,62세,중상
2014100500100088,2014년 10월 5일 06시,일요일,대구광역시 수성구 만촌동,중상사고,0,1,1,0,차대차 - 기타,중앙선침범,건조,맑음,단일로 - 기타,승용,남,28세,상해없음,화물,여,54세,중상
2014100500100089,2014년 10월 5일 06시,일요일,대구광역시 달서구 대곡동,중상사고,0,1,0,0,차대사람 - 횡단중,보행자보호의무위반,건조,맑음,교차로 - 교차로안,승용,여,47세,상해없음,보행자,여,80세,중상
2014100500100111,2014년 10월 5일 08시,일요일,대구광역시 중구 대봉동,중상사고,0,4,0,6,차대차 - 기타,신호위반,건조,맑음,교차로 - 교차로안,승합,남,43세,상해없음,승용,남,54세,중상
2014100500100124,2014년 10월 5일 09시,일요일,대구광역시 달성군 다사읍,중상사고,0,2,1,0,차대차 - 측면직각충돌,차로위반,건조,맑음,단일로 - 기타,승용,남,32세,경상,승용,남,63세,중상
2014100500100125,2014년 10월 5일 09시,일요일,대구광역시 북구 검단동,경상사고,0,0,1,0,차대차 - 측면직각충돌,교차로운행방법위반,건조,맑음,교차로 - 교차로안,이륜,여,48세,경상,승용,여,31세,상해없음
2014100500100193,2014년 10월 5일 12시,일요일,대구광역시 동구 신기동,경상사고,0,0,1,0,차대사람 - 기타,안전운전불이행,건조,맑음,단일로 - 횡단보도상,승용,기타불명,기타불명,기타불명,보행자,여,40세,경상
2014100500100194,2014년 10월 5일 12시,일요일,대구광역시 달서구 신당동,경상사고,0,0,1,0,차대차 - 기타,안전운전불이행,건조,맑음,단일로 - 기타,이륜,남,16세,상해없음,승합,남,53세,상해없음
2014100500100195,2014년 10월 5일 12시,일요일,대구광역시 달서구 갈산동,부상신고사고,0,0,0,1,차대차 - 기타,안전운전불이행,건조,맑음,교차로 - 교차로부근,이륜,남,59세,부상신고,승용,남,55세,상해없음
2014100500100224,2014년 10월 5일 13시,일요일,대구광역시 북구 구암동,중상사고,0,1,2,1,차대차 - 추돌 - 주정차중,안전거리미확보,건조,맑음,교차로 - 교차로부근,화물,남,67세,부상신고,승용,남,22세,중상
2014100500100282,2014년 10월 5일 15시,일요일,대구광역시 동구 신천동,경상사고,0,0,1,0,차대차 - 추돌 - 진행중,안전운전불이행,건조,맑음,교차로 - 교차로부근,승용,남,47세,상해없음,승용,남,78세,경상
2014100500100283,2014년 10월 5일 15시,일요일,대구광역시 수성구 두산동,경상사고,0,0,1,0,차대차 - 기타,안전운전불이행,건조,맑음,단일로 - 기타,자전거,남,8세,경상,승용,남,37세,상해없음
2014100500100284,2014년 10월 5일 15시,일요일,대구광역시 달성군 옥포면,경상사고,0,0,3,0,차대차 - 추돌 - 주정차중,안전운전불이행,건조,맑음,교차로 - 교차로부근,승용,남,46세,상해없음,승용,남,40세,경상
2014100500100285,2014년 10월 5일 15시,일요일,대구광역시 달서구 감삼동,경상사고,0,0,2,0,차대차 - 기타,안전거리미확보,건조,맑음,단일로 - 기타,승용,남,30세,경상,승용,남,63세,경상
2014100500100336,2014년 10월 5일 16시,일요일,대구광역시 북구 복현동,경상사고,0,0,1,0,차대차 - 추돌 - 주정차중,안전운전불이행,건조,맑음,교차로 - 교차로부근,승용,남,69세,상해없음,승용,여,51세,경상
2014100500100393,2014년 10월 5일 18시,일요일,대구광역시 수성구 두산동,중상사고,0,1,2,0,차대차 - 추돌 - 진행중,안전거리미확보,건조,맑음,단일로 - 기타,승용,남,47세,경상,승용,남,47세,상해없음
2014100500100429,2014년 10월 5일 19시,일요일,대구광역시 달성군 논공읍,경상사고,0,0,1,0,차대사람 - 기타,안전운전불이행,건조,맑음,교차로 - 교차로부근,승용,여,45세,기타불명,보행자,여,42세,경상
2014100500100430,2014년 10월 5일 19시,일요일,대구광역시 달성군 다사읍,중상사고,0,1,0,0,차대사람 - 횡단중,안전운전불이행,건조,맑음,교차로 - 교차로안,승용,남,32세,상해없음,보행자,남,54세,중상
2014100500100431,2014년 10월 5일 19시,일요일,대구광역시 북구 태전동,경상사고,0,0,1,0,차대차 - 측면직각충돌,안전운전불이행,건조,맑음,단일로 - 기타,화물,남,56세,상해없음,승용,남,58세,경상
2014100500100461,2014년 10월 5일 20시,일요일,대구광역시 북구 산격동,중상사고,0,1,0,0,차대차 - 추돌 - 진행중,교차로운행방법위반,건조,맑음,교차로 - 교차로안,승용,남,61세,상해없음,승용,남,42세,상해없음
2014100500100462,2014년 10월 5일 20시,일요일,대구광역시 북구 매천동,경상사고,0,0,3,1,차대차 - 추돌 - 주정차중,안전운전불이행,건조,맑음,미분류 - 미분류,승합,남,58세,상해없음,승용,남,37세,경상
2014100500100501,2014년 10월 5일 22시,일요일,대구광역시 서구 비산동,중상사고,0,1,0,0,차대차 - 기타,안전운전불이행,건조,맑음,단일로 - 기타,승용,남,35세,상해없음,승용,남,52세,중상
2014100500100502,2014년 10월 5일 22시,일요일,대구광역시 달서구 감삼동,경상사고,0,0,2,0,차대차 - 측면직각충돌,안전거리미확보,건조,맑음,단일로 - 기타,승용,남,69세,상해없음,승용,남,39세,경상
2014100500100516,2014년 10월 5일 23시,일요일,대구광역시 수성구 범어동,경상사고,0,0,1,0,차대차 - 추돌 - 진행중,안전거리미확보,건조,맑음,단일로 - 기타,승용,남,33세,상해없음,이륜,남,17세,경상
2014100600100020,2014년 10월 6일 01시,월요일,대구광역시 수성구 만촌동,경상사고,0,0,2,0,차대차 - 기타,안전거리미확보,건조,맑음,교차로 - 교차로부근,승용,남,67세,상해없음,승용,남,27세,경상
2014100600100055,2014년 10월 6일 06시,월요일,대구광역시 북구 국우동,경상사고,0,0,1,1,차대차 - 측면직각충돌,안전운전불이행,건조,맑음,단일로 - 기타,승용,남,55세,부상신고,승용,남,48세,경상
2014100600100088,2014년 10월 6일 07시,월요일,대구광역시 동구 효목동,경상사고,0,0,1,0,차대차 - 기타,신호위반,건조,맑음,교차로 - 교차로안,승용,여,59세,상해없음,승용,남,29세,경상
2014100600100089,2014년 10월 6일 07시,월요일,대구광역시 달성군 구지면,경상사고,0,0,1,1,차대차 - 측면직각충돌,안전운전불이행,건조,맑음,단일로 - 기타,승용,남,24세,부상신고,화물,남,50세,경상
2014100600100090,2014년 10월 6일 07시,월요일,대구광역시 서구 비산동,경상사고,0,0,2,0,차대차 - 추돌 - 진행중,안전거리미확보,건조,맑음,단일로 - 기타,승용,남,67세,상해없음,승용,남,33세,경상
2014100600100137,2014년 10월 6일 08시,월요일,대구광역시 수성구 두산동,경상사고,0,0,1,0,차대사람 - 기타,안전운전불이행,건조,맑음,단일로 - 기타,기타불명,기타불명,기타불명,기타불명,보행자,남,11세,경상
2014100600100191,2014년 10월 6일 09시,월요일,대구광역시 동구 신천동,경상사고,0,0,5,0,차대차 - 기타,안전거리미확보,건조,맑음,단일로 - 기타,이륜,남,55세,상해없음,승합,남,39세,경상
2014100600100192,2014년 10월 6일 09시,월요일,대구광역시 북구 동변동,중상사고,0,1,0,0,차량단독 - 공작물충돌,안전운전불이행,건조,맑음,단일로 - 기타,승용,여,37세,중상,,,,
2014100600100229,2014년 10월 6일 10시,월요일,대구광역시 동구 신천동,중상사고,0,1,0,0,차대차 - 기타,안전운전불이행,건조,맑음,교차로 - 교차로부근,승용,남,70세,상해없음,자전거,남,73세,중상
2014100600100230,2014년 10월 6일 10시,월요일,대구광역시 중구 달성동,경상사고,0,0,1,0,차대차 - 추돌 - 진행중,안전거리미확보,건조,맑음,단일로 - 기타,승용,남,62세,상해없음,승용,여,46세,경상
2014100600100257,2014년 10월 6일 11시,월요일,대구광역시 달서구 송현동,경상사고,0,0,1,0,차대차 - 기타,교차로운행방법위반,건조,맑음,교차로 - 교차로안,자전거,남,25세,경상,승용,여,48세,상해없음
2014100600100258,2014년 10월 6일 11시,월요일,대구광역시 달서구 성당동,중상사고,0,1,1,0,차대차 - 정면충돌,신호위반,건조,맑음,교차로 - 교차로안,승용,남,70세,상해없음,승용,남,60세,경상
2014100600100293,2014년 10월 6일 12시,월요일,대구광역시 남구 대명동,경상사고,0,0,1,0,차대차 - 기타,중앙선침범,건조,맑음,단일로 - 기타,화물,여,55세,상해없음,화물,남,40세,상해없음
2014100600100294,2014년 10월 6일 12시,월요일,대구광역시 달서구 죽전동,경상사고,0,0,4,0,차대차 - 추돌 - 주정차중,안전운전불이행,건조,맑음,교차로 - 교차로부근,승용,여,55세,상해없음,승용,남,48세,경상
2014100600100326,2014년 10월 6일 13시,월요일,대구광역시 달서구 상인동,경상사고,0,0,1,0,차량단독 - 공작물충돌,안전운전불이행,건조,맑음,단일로 - 기타,승용,여,48세,상해없음,,,,
2014100600100357,2014년 10월 6일 14시,월요일,대구광역시 달서구 월성동,중상사고,0,1,0,0,차대차 - 기타,신호위반,건조,맑음,교차로 - 교차로부근,승용,남,44세,상해없음,이륜,남,25세,중상
2014100600100358,2014년 10월 6일 14시,월요일,대구광역시 달서구 본동,경상사고,0,0,1,0,차대차 - 추돌 - 주정차중,안전운전불이행,건조,맑음,단일로 - 기타,승용,여,56세,상해없음,승용,남,39세,경상
2014100600100360,2014년 10월 6일 14시,월요일,대구광역시 달서구 성당동,부상신고사고,0,0,0,1,차대차 - 기타,기타,건조,맑음,단일로 - 기타,승용,여,64세,상해없음,원동기,남,32세,부상신고
2014100600100395,2014년 10월 6일 15시,월요일,대구광역시 수성구 수성동1가,중상사고,0,1,0,0,차대차 - 기타,안전운전불이행,건조,맑음,단일로 - 기타,원동기,남,52세,중상,승용,남,66세,상해없음
2014100600100433,2014년 10월 6일 16시,월요일,대구광역시 서구 비산동,부상신고사고,0,0,0,1,차대차 - 추돌 - 진행중,안전운전불이행,건조,맑음,단일로 - 기타,이륜,남,16세,부상신고,승용,남,61세,상해없음
2014100600100434,2014년 10월 6일 16시,월요일,대구광역시 서구 평리동,부상신고사고,0,0,0,1,차대차 - 기타,안전운전불이행,건조,맑음,단일로 - 기타,자전거,남,61세,부상신고,승용,남,30세,상해없음
2014100600100477,2014년 10월 6일 17시,월요일,대구광역시 수성구 상동,경상사고,0,0,1,0,차대차 - 기타,교차로운행방법위반,건조,맑음,교차로 - 교차로안,승용,남,53세,상해없음,승용,여,34세,경상
2014100600100478,2014년 10월 6일 17시,월요일,대구광역시 북구 읍내동,경상사고,0,0,1,0,차대차 - 추돌 - 진행중,안전운전불이행,건조,맑음,단일로 - 기타,이륜,남,75세,경상,승용,남,26세,상해없음
2014100600100479,2014년 10월 6일 17시,월요일,대구광역시 북구 동천동,경상사고,0,0,1,0,차대차 - 측면직각충돌,안전운전불이행,건조,맑음,단일로 - 횡단보도상,승용,여,36세,상해없음,자전거,여,51세,경상
2014100600100531,2014년 10월 6일 18시,월요일,대구광역시 동구 신서동,중상사고,0,1,0,0,차대차 - 측면직각충돌,교차로운행방법위반,건조,맑음,교차로 - 교차로안,승용,남,44세,상해없음,원동기,남,17세,중상
2014100600100532,2014년 10월 6일 18시,월요일,대구광역시 달서구 상인동,경상사고,0,0,1,0,차대차 - 기타,안전운전불이행,건조,맑음,교차로 - 교차로안,승용,여,56세,상해없음,자전거,남,8세,경상
2014100600100533,2014년 10월 6일 18시,월요일,대구광역시 달성군 논공읍,중상사고,0,1,0,0,차대사람 - 횡단중,안전운전불이행,건조,맑음,단일로 - 횡단보도상,승용,남,67세,상해없음,보행자,여,79세,중상
2014100600100571,2014년 10월 6일 19시,월요일,대구광역시 남구 대명동,경상사고,0,0,1,0,차대차 - 기타,신호위반,건조,맑음,단일로 - 기타,승용,남,49세,상해없음,이륜,남,20세,경상
2014100600100572,2014년 10월 6일 19시,월요일,대구광역시 수성구 시지동,중상사고,0,1,0,0,차대사람 - 기타,안전운전불이행,건조,맑음,기타 - 기타,승용,남,73세,상해없음,보행자,여,87세,중상
2014100600100573,2014년 10월 6일 19시,월요일,대구광역시 달서구 대곡동,경상사고,0,0,1,0,차대차 - 기타,안전운전불이행,건조,맑음,단일로 - 기타,승용,여,44세,상해없음,이륜,남,82세,경상
2014100600100603,2014년 10월 6일 20시,월요일,대구광역시 북구 노원동2가,중상사고,0,1,0,0,차대차 - 추돌 - 주정차중,안전운전불이행,건조,맑음,교차로 - 교차로부근,자전거,남,45세,중상,화물,남,49세,상해없음
2014100600100604,2014년 10월 6일 20시,월요일,대구광역시 서구 비산동,경상사고,0,0,3,1,차대차 - 기타,신호위반,건조,맑음,교차로 - 교차로안,이륜,남,62세,부상신고,승용,남,56세,경상
2014100600100605,2014년 10월 6일 20시,월요일,대구광역시 서구 평리동,중상사고,0,1,0,0,차대차 - 측면직각충돌,안전운전불이행,건조,맑음,교차로 - 교차로부근,승합,남,72세,상해없음,원동기,남,43세,중상
2014100600100644,2014년 10월 6일 21시,월요일,대구광역시 수성구 중동,경상사고,0,0,1,0,차대사람 - 기타,안전운전불이행,건조,맑음,단일로 - 기타,승용,여,32세,상해없음,보행자,남,47세,경상
2014100600100645,2014년 10월 6일 21시,월요일,대구광역시 달서구 송현동,중상사고,0,1,0,0,차대차 - 추돌 - 주정차중,안전운전불이행,건조,맑음,단일로 - 기타,승용,남,47세,상해없음,승용,여,35세,중상
2014100600100646,2014년 10월 6일 21시,월요일,대구광역시 서구 이현동,부상신고사고,0,0,0,1,차대차 - 기타,차로위반,건조,맑음,단일로 - 기타,원동기,남,56세,부상신고,승용,남,25세,상해없음
2014100600100647,2014년 10월 6일 21시,월요일,대구광역시 중구 삼덕동3가,중상사고,0,1,0,0,차대차 - 기타,안전운전불이행,건조,맑음,단일로 - 기타,승용,남,61세,상해없음,이륜,남,47세,중상
2014100600100669,2014년 10월 6일 22시,월요일,대구광역시 서구 이현동,중상사고,0,2,0,0,차대차 - 측면직각충돌,신호위반,건조,맑음,교차로 - 교차로안,승용,남,45세,중상,승용,남,28세,중상
2014100600100691,2014년 10월 6일 23시,월요일,대구광역시 수성구 황금동,중상사고,0,1,0,0,차대사람 - 기타,안전운전불이행,건조,맑음,단일로 - 기타,승용,남,64세,상해없음,보행자,여,52세,중상
2014100700100011,2014년 10월 7일 00시,화요일,대구광역시 동구 지저동,사망사고,1,0,0,0,차대차 - 기타,안전운전불이행,건조,맑음,단일로 - 횡단보도상,승용,남,28세,상해없음,자전거,남,50세,사망
2014100700100033,2014년 10월 7일 03시,화요일,대구광역시 북구 칠성동2가,중상사고,0,1,1,1,차대차 - 기타,신호위반,건조,맑음,교차로 - 교차로안,승용,남,24세,부상신고,승용,남,64세,경상
2014100700100049,2014년 10월 7일 05시,화요일,대구광역시 달서구 본리동,중상사고,0,1,0,0,차대사람 - 횡단중,안전운전불이행,건조,맑음,단일로 - 기타,승용,남,65세,상해없음,보행자,남,80세,중상
2014100700100066,2014년 10월 7일 06시,화요일,대구광역시 중구 시장북로,중상사고,0,1,0,0,차대차 - 측면직각충돌,안전운전불이행,건조,맑음,단일로 - 횡단보도부근,자전거,남,73세,중상,승용,남,55세,상해없음
2014100700100096,2014년 10월 7일 07시,화요일,대구광역시 동구 방촌동,중상사고,0,1,0,0,차대차 - 기타,기타,건조,맑음,교차로 - 교차로안,승용,여,43세,상해없음,자전거,남,15세,중상
2014100700100097,2014년 10월 7일 07시,화요일,대구광역시 수성구 수성동1가,경상사고,0,0,1,0,차대차 - 추돌 - 진행중,안전운전불이행,건조,맑음,단일로 - 기타,화물,남,40세,상해없음,승용,남,32세,경상
2014100700100137,2014년 10월 7일 08시,화요일,대구광역시 남구 봉덕동,경상사고,0,0,1,0,차대차 - 기타,불법유턴,건조,맑음,교차로 - 교차로부근,자전거,남,32세,경상,승용,남,53세,상해없음
2014100700100138,2014년 10월 7일 08시,화요일,대구광역시 동구 신천동,경상사고,0,0,1,0,차대차 - 기타,안전운전불이행,건조,맑음,교차로 - 교차로안,승용,남,57세,상해없음,승용,여,36세,경상
2014100700100139,2014년 10월 7일 08시,화요일,대구광역시 달서구 송현동,경상사고,0,0,1,0,차대차 - 추돌 - 진행중,안전운전불이행,건조,맑음,단일로 - 기타,승용,남,26세,상해없음,승용,남,58세,경상
2014100700100176,2014년 10월 7일 09시,화요일,대구광역시 동구 신암동,경상사고,0,0,1,0,차대사람 - 횡단중,보행자보호의무위반,건조,맑음,교차로 - 교차로부근,승용,남,42세,상해없음,보행자,여,37세,경상
2014100700100177,2014년 10월 7일 09시,화요일,대구광역시 수성구 범어동,경상사고,0,0,1,0,차대차 - 기타,안전운전불이행,건조,맑음,단일로 - 기타,승용,여,41세,상해없음,승용,남,46세,경상
2014100700100178,2014년 10월 7일 09시,화요일,대구광역시 달서구 신당동,경상사고,0,0,2,0,차대차 - 추돌 - 진행중,안전운전불이행,건조,맑음,교차로 - 교차로안,화물,남,51세,상해없음,승용,남,71세,경상
2014100700100206,2014년 10월 7일 10시,화요일,대구광역시 중구 덕산동,중상사고,0,1,0,0,차대차 - 기타,안전운전불이행,건조,맑음,교차로 - 교차로안,자전거,남,46세,중상,기타불명,기타불명,기타불명,기타불명
2014100700100231,2014년 10월 7일 11시,화요일,대구광역시 동구 효목동,중상사고,0,1,0,0,차대차 - 추돌 - 진행중,안전운전불이행,건조,맑음,단일로 - 기타,이륜,남,33세,기타불명,자전거,여,77세,중상
2014100700100233,2014년 10월 7일 11시,화요일,대구광역시 달성군 다사읍,중상사고,0,1,0,0,차대차 - 추돌 - 진행중,안전운전불이행,건조,맑음,교차로 - 교차로부근,건설기계,남,54세,상해없음,승용,여,64세,중상
2014100700100234,2014년 10월 7일 11시,화요일,대구광역시 중구 대봉동,경상사고,0,0,1,0,차대차 - 추돌 - 진행중,안전거리미확보,건조,맑음,단일로 - 기타,승용,여,40세,상해없음,승용,남,53세,경상
2014100700100263,2014년 10월 7일 12시,화요일,대구광역시 중구 동인동4가,경상사고,0,0,1,0,차대차 - 기타,안전운전불이행,건조,맑음,교차로 - 교차로부근,승용,남,71세,상해없음,화물,남,52세,경상
2014100700100294,2014년 10월 7일 13시,화요일,대구광역시 남구 대명동,경상사고,0,0,1,0,차대차 - 기타,안전운전불이행,건조,맑음,교차로 - 교차로안,기타불명,기타불명,기타불명,기타불명,이륜,남,29세,경상
2014100700100295,2014년 10월 7일 13시,화요일,대구광역시 중구 대봉동,중상사고,0,1,0,1,차대차 - 측면직각충돌,안전거리미확보,건조,맑음,단일로 - 기타,승용,남,59세,부상신고,승용,남,57세,상해없음
2014100700100326,2014년 10월 7일 14시,화요일,대구광역시 달서구 상인동,중상사고,0,1,0,0,차대사람 - 기타,안전운전불이행,건조,맑음,교차로 - 교차로안,승용,여,39세,상해없음,보행자,여,83세,중상
2014100700100368,2014년 10월 7일 15시,화요일,대구광역시 수성구 중동,중상사고,0,1,0,0,차대차 - 기타,안전운전불이행,건조,맑음,단일로 - 기타,승용,여,47세,상해없음,자전거,여,61세,중상
2014100700100369,2014년 10월 7일 15시,화요일,대구광역시 서구 내당동,경상사고,0,0,1,0,차대차 - 추돌 - 주정차중,안전운전불이행,건조,맑음,교차로 - 교차로안,승용,남,76세,상해없음,자전거,남,9세,경상
2014100700100403,2014년 10월 7일 16시,화요일,대구광역시 남구 대명동,경상사고,0,0,1,0,차대차 - 추돌 - 주정차중,안전운전불이행,건조,맑음,교차로 - 교차로부근,승용,여,48세,상해없음,승용,남,52세,경상
2014100700100439,2014년 10월 7일 17시,화요일,대구광역시 남구 대명동,중상사고,0,2,0,0,차대차 - 측면직각충돌,교차로운행방법위반,건조,맑음,교차로 - 교차로안,승용,남,25세,상해없음,원동기,남,61세,중상
2014100700100440,2014년 10월 7일 17시,화요일,대구광역시 수성구 두산동,경상사고,0,0,1,0,차대사람 - 기타,안전운전불이행,건조,맑음,단일로 - 기타,승용,여,56세,상해없음,보행자,여,17세,경상
2014100700100441,2014년 10월 7일 17시,화요일,대구광역시 북구 관음동,중상사고,0,1,0,0,차대차 - 측면직각충돌,안전운전불이행,건조,맑음,교차로 - 교차로안,승용,남,50세,상해없음,자전거,남,14세,중상