사고번호,사고일시,요일,시군구,사고내용,사망자수,중상자수,경상자수,부상신고자수,사고유형,법규위반,노면상태,기상상태,도로형태,가해운전자 차종,가해운전자 성별,가해운전자 연령,가해운전자 상해정도,피해운전자 차종,피해운전자 성별,피해운전자 연령,피해운전자 상해정도
2014100700100526,2014년 10월 7일 19시,화요일,대구광역시 서구 내당동,경상사고,0,0,3,0,차대차 - 추돌 - 진행중,안전운전불이행,건조,맑음,교차로 - 교차로안,승용,남,51세,상해없음,승용,여,39세,경상
2014100700100527,2014년 10월 7일 19시,화요일,대구광역시 달서구 본리동,경상사고,0,0,1,0,차량단독 - 기타,기타,건조,맑음,단일로 - 기타,승합,남,41세,기타불명,,,,
2014100700100560,2014년 10월 7일 20시,화요일,대구광역시 수성구 만촌동,중상사고,0,1,0,0,차대사람 - 횡단중,안전운전불이행,건조,맑음,단일로 - 기타,화물,남,44세,상해없음,보행자,남,43세,중상
2014100700100561,2014년 10월 7일 20시,화요일,대구광역시 달서구 진천동,경상사고,0,0,2,0,차대차 - 기타,안전운전불이행,건조,맑음,교차로 - 교차로부근,승용,여,48세,상해없음,승용,여,44세,경상
2014100700100584,2014년 10월 7일 21시,화요일,대구광역시 북구 노원동1가,경상사고,0,0,2,0,차대차 - 기타,안전운전불이행,건조,맑음,교차로 - 교차로부근,승용,남,45세,상해없음,승용,남,48세,경상
2014100700100612,2014년 10월 7일 22시,화요일,대구광역시 수성구 연호동,중상사고,0,1,2,0,차대차 - 추돌 - 진행중,안전운전불이행,건조,맑음,교차로 - 교차로부근,승용,남,43세,상해없음,승용,남,26세,중상
2014100700100613,2014년 10월 7일 22시,화요일,대구광역시 수성구 황금동,중상사고,0,1,3,0,차대차 - 추돌 - 주정차중,안전운전불이행,건조,맑음,단일로 - 기타,승용,남,41세,상해없음,승용,남,47세,경상
2014100700100614,2014년 10월 7일 22시,화요일,대구광역시 수성구 황금동,경상사고,0,0,2,0,차대차 - 추돌 - 주정차중,안전운전불이행,건조,맑음,단일로 - 기타,승용,남,65세,상해없음,승용,여,57세,경상
2014100700100615,2014년 10월 7일 22시,화요일,대구광역시 달서구 호림동,중상사고,0,1,1,0,차대차 - 기타,안전운전불이행,건조,맑음,단일로 - 기타,승용,남,30세,상해없음,승용,남,49세,경상
2014100700100616,2014년 10월 7일 22시,화요일,대구광역시 북구 태전동,경상사고,0,0,1,1,차대차 - 측면직각충돌,신호위반,건조,맑음,교차로 - 교차로안,이륜,남,22세,부상신고,이륜,남,18세,경상
2014100700100641,2014년 10월 7일 23시,화요일,대구광역시 서구 비산동,중상사고,0,1,0,0,차대사람 - 횡단중,안전운전불이행,건조,맑음,단일로 - 기타,승용,남,48세,상해없음,보행자,남,57세,중상
2014100800100034,2014년 10월 8일 02시,수요일,대구광역시 서구 비산동,경상사고,0,0,1,0,차대차 - 측면직각충돌,신호위반,건조,흐림,교차로 - 교차로안,승용,남,41세,상해없음,승용,여,35세,경상
2014100800100039,2014년 10월 8일 03시,수요일,대구광역시 서구 내당동,사망사고,1,0,0,0,차대사람 - 횡단중,안전운전불이행,건조,맑음,교차로 - 교차로부근,승용,남,18세,상해없음,보행자,남,31세,사망
2014100800100071,2014년 10월 8일 06시,수요일,대구광역시 동구 동호동,중상사고,0,1,0,0,차대차 - 측면직각충돌,신호위반,건조,맑음,교차로 - 교차로안,건설기계,남,45세,상해없음,화물,남,39세,중상
2014100800100072,2014년 10월 8일 06시,수요일,대구광역시 중구 봉산동,경상사고,0,0,1,0,차대차 - 측면직각충돌,안전거리미확보,건조,맑음,단일로 - 기타,승용,남,48세,상해없음,이륜,남,66세,경상
2014100800100093,2014년 10월 8일 07시,수요일,대구광역시 남구 대명동,경상사고,0,0,1,0,차대차 - 측면직각충돌,안전운전불이행,건조,맑음,교차로 - 교차로부근,자전거,남,17세,경상,승용,여,49세,상해없음
2014100800100094,2014년 10월 8일 07시,수요일,대구광역시 수성구 중동,중상사고,0,1,0,0,차대차 - 기타,안전운전불이행,건조,맑음,단일로 - 기타,승용,남,67세,상해없음,이륜,남,34세,중상
2014100800100095,2014년 10월 8일 07시,수요일,대구광역시 수성구 신매동,중상사고,0,1,0,0,차대사람 - 횡단중,보행자보호의무위반,건조,맑음,단일로 - 횡단보도상,승용,여,45세,상해없음,보행자,남,63세,중상
2014100800100096,2014년 10월 8일 07시,수요일,대구광역시 달서구 성당동,중상사고,0,1,0,0,차대차 - 정면충돌,신호위반,건조,맑음,교차로 - 교차로안,승용,남,63세,상해없음,승용,남,62세,중상
2014100800100136,2014년 10월 8일 08시,수요일,대구광역시 달서구 상인동,중상사고,0,1,0,0,차대사람 - 횡단중,안전운전불이행,건조,맑음,단일로 - 기타,승용,여,36세,상해없음,보행자,여,24세,중상
2014100800100137,2014년 10월 8일 08시,수요일,대구광역시 달성군 화원읍,경상사고,0,0,1,1,차대차 - 측면직각충돌,안전거리미확보,건조,맑음,교차로 - 교차로부근,승용,남,23세,부상신고,승용,남,41세,경상
2014100800100138,2014년 10월 8일 08시,수요일,대구광역시 북구 복현동,경상사고,0,0,1,0,차대사람 - 횡단중,안전운전불이행,건조,맑음,단일로 - 기타,승용,남,48세,상해없음,보행자,남,11세,경상
2014100800100139,2014년 10월 8일 08시,수요일,대구광역시 서구 평리동,경상사고,0,0,1,0,차대사람 - 기타,신호위반,건조,맑음,단일로 - 기타,자전거,남,17세,상해없음,보행자,여,41세,경상
2014100800100140,2014년 10월 8일 08시,수요일,대구광역시 달서구 신당동,경상사고,0,0,1,0,차대차 - 기타,중앙선침범,건조,맑음,단일로 - 기타,승용,남,44세,상해없음,승용,남,30세,경상
2014100800100165,2014년 10월 8일 09시,수요일,대구광역시 수성구 범물동,중상사고,0,1,0,0,차대사람 - 횡단중,신호위반,건조,맑음,단일로 - 횡단보도상,자전거,남,20세,상해없음,보행자,여,79세,중상
2014100800100166,2014년 10월 8일 09시,수요일,대구광역시 달서구 상인동,중상사고,0,1,0,0,차량단독 - 기타,안전운전불이행,건조,맑음,단일로 - 기타,승합,남,52세,상해없음,,,,
2014100800100167,2014년 10월 8일 09시,수요일,대구광역시 북구 복현동,경상사고,0,0,1,0,차대차 - 측면직각충돌,신호위반,건조,맑음,교차로 - 교차로안,승용,남,51세,상해없음,화물,남,37세,경상
2014100800100224,2014년 10월 8일 11시,수요일,대구광역시 남구 대명동,중상사고,0,1,0,0,차대사람 - 기타,기타,건조,맑음,단일로 - 기타,승합,남,45세,상해없음,보행자,여,74세,중상
2014100800100225,2014년 10월 8일 11시,수요일,대구광역시 동구 불로동,경상사고,0,0,1,0,차대차 - 기타,안전운전불이행,건조,맑음,교차로 - 교차로부근,승용,남,56세,상해없음,자전거,여,54세,경상
2014100800100226,2014년 10월 8일 11시,수요일,대구광역시 중구 동인동1가,경상사고,0,0,2,0,차대차 - 추돌 - 진행중,안전운전불이행,건조,맑음,단일로 - 기타,승용,남,59세,상해없음,승용,남,41세,상해없음
2014100800100261,2014년 10월 8일 12시,수요일,대구광역시 서구 내당동,경상사고,0,0,1,0,차대차 - 기타,안전운전불이행,건조,맑음,단일로 - 기타,승용,여,61세,상해없음,이륜,남,47세,경상
2014100800100302,2014년 10월 8일 13시,수요일,대구광역시 남구 대명동,중상사고,0,1,2,0,차대차 - 추돌 - 주정차중,안전운전불이행,건조,맑음,교차로 - 교차로부근,승용,남,53세,상해없음,승용,남,57세,중상
2014100800100303,2014년 10월 8일 13시,수요일,대구광역시 달서구 도원동,경상사고,0,0,1,0,차대차 - 기타,안전거리미확보,건조,맑음,단일로 - 기타,화물,남,36세,상해없음,승용,여,30세,경상
2014100800100328,2014년 10월 8일 14시,수요일,대구광역시 수성구 지산동,중상사고,0,1,0,0,차량단독 - 기타,안전운전불이행,건조,맑음,단일로 - 기타,이륜,남,67세,중상,,,,
2014100800100329,2014년 10월 8일 14시,수요일,대구광역시 북구 산격동,부상신고사고,0,0,0,1,차대차 - 기타,신호위반,건조,맑음,교차로 - 교차로안,화물,남,58세,부상신고,승용,여,52세,상해없음
2014100800100330,2014년 10월 8일 14시,수요일,대구광역시 달서구 두류동,경상사고,0,0,1,0,차대차 - 기타,안전운전불이행,건조,맑음,단일로 - 횡단보도부근,승용,남,41세,상해없음,승용,여,49세,경상
2014100800100357,2014년 10월 8일 15시,수요일,대구광역시 달서구 진천동,경상사고,0,0,1,0,차대차 - 기타,안전운전불이행,건조,맑음,교차로 - 교차로부근,승용,남,72세,상해없음,자전거,남,64세,경상
2014100800100358,2014년 10월 8일 15시,수요일,대구광역시 북구 노원동3가,경상사고,0,0,1,0,차대차 - 기타,교차로운행방법위반,건조,맑음,교차로 - 교차로안,화물,남,31세,상해없음,자전거,남,52세,경상
2014100800100393,2014년 10월 8일 16시,수요일,대구광역시 북구 노원동3가,경상사고,0,0,2,0,차대차 - 기타,안전운전불이행,건조,맑음,단일로 - 기타,자전거,남,65세,경상,자전거,남,24세,경상
2014100800100498,2014년 10월 8일 18시,수요일,대구광역시 북구 노원동2가,부상신고사고,0,0,0,1,차대차 - 기타,안전운전불이행,건조,맑음,단일로 - 기타,원동기,남,62세,부상신고,승합,남,52세,상해없음
2014100800100499,2014년 10월 8일 18시,수요일,대구광역시 중구 남산동,경상사고,0,0,2,0,차대차 - 추돌 - 주정차중,안전운전불이행,건조,맑음,단일로 - 기타,승용,여,24세,상해없음,승용,여,34세,경상
2014100800100500,2014년 10월 8일 18시,수요일,대구광역시 달서구 용산동,중상사고,0,1,0,0,차대차 - 기타,신호위반,건조,맑음,교차로 - 교차로안,승용,남,61세,상해없음,이륜,남,46세,중상
2014100800100501,2014년 10월 8일 18시,수요일,대구광역시 달서구 용산동,경상사고,0,0,3,0,차대차 - 추돌 - 진행중,안전거리미확보,건조,맑음,단일로 - 기타,승용,남,31세,상해없음,화물,남,68세,경상
2014100800100502,2014년 10월 8일 18시,수요일,대구광역시 달서구 용산동,경상사고,0,0,2,0,차대차 - 추돌 - 진행중,안전운전불이행,건조,맑음,단일로 - 기타,이륜,남,48세,경상,승용,남,24세,경상
2014100800100553,2014년 10월 8일 19시,수요일,대구광역시 달서구 상인동,중상사고,0,1,1,0,차대차 - 기타,안전거리미확보,건조,맑음,단일로 - 기타,이륜,남,34세,경상,이륜,남,24세,중상
2014100800100554,2014년 10월 8일 19시,수요일,대구광역시 달성군 논공읍,경상사고,0,0,1,0,차대차 - 측면직각충돌,안전운전불이행,건조,맑음,단일로 - 기타,건설기계,남,60세,상해없음,승용,여,35세,경상
2014100800100555,2014년 10월 8일 19시,수요일,대구광역시 달성군 다사읍,경상사고,0,0,2,0,차대차 - 추돌 - 주정차중,안전운전불이행,건조,맑음,기타 - 기타,승용,남,23세,상해없음,승용,남,40세,경상
2014100800100556,2014년 10월 8일 19시,수요일,대구광역시 중구 동인동2가,경상사고,0,0,1,0,차대차 - 추돌 - 진행중,안전운전불이행,건조,맑음,교차로 - 교차로부근,승용,여,28세,상해없음,승용,남,51세,경상
2014100800100585,2014년 10월 8일 20시,수요일,대구광역시 남구 대명동,경상사고,0,0,1,0,차대사람 - 횡단중,안전운전불이행,건조,맑음,교차로 - 교차로부근,승용,남,57세,상해없음,보행자,여,21세,경상
2014100800100586,2014년 10월 8일 20시,수요일,대구광역시 달서구 두류동,중상사고,0,1,0,0,차대사람 - 횡단중,신호위반,건조,맑음,단일로 - 기타,자전거,남,19세,상해없음,보행자,여,28세,중상
2014100800100634,2014년 10월 8일 21시,수요일,대구광역시 수성구 범어동,경상사고,0,0,3,0,차대차 - 추돌 - 진행중,안전운전불이행,건조,맑음,단일로 - 기타,승용,남,49세,상해없음,승용,여,55세,경상
2014100800100635,2014년 10월 8일 21시,수요일,대구광역시 북구 산격동,중상사고,0,1,0,0,차대사람 - 횡단중,안전운전불이행,건조,맑음,교차로 - 교차로안,화물,남,54세,상해없음,보행자,여,23세,중상
2014100800100636,2014년 10월 8일 21시,수요일,대구광역시 서구 내당동,경상사고,0,0,1,0,차대차 - 추돌 - 주정차중,안전거리미확보,건조,맑음,단일로 - 기타,승용,여,50세,상해없음,승용,여,24세,경상
2014100800100637,2014년 10월 8일 21시,수요일,대구광역시 달서구 신당동,경상사고,0,0,1,0,차대차 - 측면직각충돌,안전거리미확보,건조,흐림,단일로 - 기타,승용,남,53세,상해없음,이륜,남,18세,경상
2014100800100638,2014년 10월 8일 21시,수요일,대구광역시 달서구 용산동,경상사고,0,0,1,0,차대차 - 기타,교차로운행방법위반,건조,흐림,교차로 - 교차로부근,화물,남,65세,상해없음,이륜,남,17세,경상
2014100800100693,2014년 10월 8일 23시,수요일,대구광역시 달서구 상인동,경상사고,0,0,1,0,차대차 - 기타,안전운전불이행,건조,맑음,단일로 - 기타,승용,남,30세,상해없음,승용,여,34세,경상
2014100800100694,2014년 10월 8일 23시,수요일,대구광역시 달성군 하빈면,경상사고,0,0,3,0,차대차 - 추돌 - 진행중,안전운전불이행,건조,맑음,단일로 - 기타,승용,남,56세,상해없음,승용,여,48세,경상
2014100800100695,2014년 10월 8일 23시,수요일,대구광역시 달성군 하빈면,중상사고,0,1,0,0,차량단독 - 전도전복,안전운전불이행,건조,맑음,단일로 - 기타,승용,남,26세,중상,,,,
2014100800100696,2014년 10월 8일 23시,수요일,대구광역시 서구 평리동,중상사고,0,1,1,0,차대차 - 기타,불법유턴,건조,맑음,교차로 - 교차로부근,승용,남,22세,상해없음,승용,남,22세,중상
2014100800100697,2014년 10월 8일 23시,수요일,대구광역시 중구 북성로1가,경상사고,0,0,1,0,차대사람 - 기타,안전운전불이행,건조,맑음,기타 - 기타,승용,남,32세,상해없음,보행자,남,22세,경상
2014100900100052,2014년 10월 9일 01시,목요일,대구광역시 남구 대명동,중상사고,0,1,0,0,차대차 - 기타,안전운전불이행,건조,맑음,교차로 - 교차로부근,승합,여,62세,상해없음,승용,남,51세,중상
2014100900100073,2014년 10월 9일 02시,목요일,대구광역시 수성구 삼덕동,중상사고,0,1,0,0,차대사람 - 횡단중,안전운전불이행,건조,맑음,교차로 - 교차로부근,승용,남,39세,상해없음,보행자,여,18세,중상
2014100900100074,2014년 10월 9일 02시,목요일,대구광역시 북구 산격동,경상사고,0,0,1,0,차대사람 - 기타,안전운전불이행,건조,맑음,단일로 - 기타,승용,남,31세,상해없음,보행자,남,18세,경상
2014100900100113,2014년 10월 9일 05시,목요일,대구광역시 서구 이현동,경상사고,0,0,1,0,차대차 - 추돌 - 진행중,안전운전불이행,건조,맑음,단일로 - 기타,승용,여,25세,상해없음,승용,여,47세,경상
2014100900100136,2014년 10월 9일 06시,목요일,대구광역시 달서구 본리동,경상사고,0,0,1,0,차대차 - 측면직각충돌,안전운전불이행,건조,맑음,단일로 - 기타,승용,남,50세,상해없음,승용,여,44세,경상
2014100900100181,2014년 10월 9일 08시,목요일,대구광역시 달성군 다사읍,경상사고,0,0,1,0,차대차 - 측면직각충돌,신호위반,건조,맑음,교차로 - 교차로안,승용,남,75세,상해없음,승용,남,71세,경상
2014100900100182,2014년 10월 9일 08시,목요일,대구광역시 중구 봉산동,중상사고,0,1,0,0,차대차 - 기타,안전운전불이행,건조,맑음,단일로 - 기타,승용,여,50세,상해없음,이륜,남,79세,중상
2014100900100194,2014년 10월 9일 09시,목요일,대구광역시 중구 삼덕동3가,경상사고,0,0,1,0,차대차 - 기타,안전운전불이행,건조,맑음,미분류 - 미분류,건설기계,남,56세,상해없음,승용,여,59세,경상
2014100900100251,2014년 10월 9일 11시,목요일,대구광역시 달서구 신당동,경상사고,0,0,1,0,차대차 - 측면직각충돌,과속,건조,맑음,교차로 - 교차로안,승용,남,22세,상해없음,자전거,여,8세,경상
2014100900100278,2014년 10월 9일 12시,목요일,대구광역시 남구 봉덕동,경상사고,0,0,1,0,차대차 - 기타,안전운전불이행,건조,맑음,단일로 - 기타,승용,남,41세,상해없음,승합,남,56세,상해없음
2014100900100279,2014년 10월 9일 12시,목요일,대구광역시 수성구 만촌동,경상사고,0,0,1,0,차대차 - 기타,중앙선침범,건조,맑음,단일로 - 기타,승용,남,28세,상해없음,승용,남,63세,경상
2014100900100369,2014년 10월 9일 15시,목요일,대구광역시 달서구 감삼동,부상신고사고,0,0,0,1,차대차 - 측면직각충돌,불법유턴,건조,맑음,단일로 - 기타,자전거,남,13세,부상신고,승용,남,24세,상해없음
2014100900100407,2014년 10월 9일 16시,목요일,대구광역시 달서구 본동,부상신고사고,0,0,0,1,차대차 - 측면직각충돌,신호위반,건조,맑음,교차로 - 교차로안,이륜,남,62세,부상신고,승용,남,41세,상해없음
2014100900100437,2014년 10월 9일 17시,목요일,대구광역시 달서구 도원동,경상사고,0,0,1,0,차대차 - 추돌 - 주정차중,안전운전불이행,건조,맑음,단일로 - 기타,승용,남,52세,상해없음,승용,여,53세,경상
2014100900100438,2014년 10월 9일 17시,목요일,대구광역시 중구 삼덕동2가,중상사고,0,1,0,0,차대사람 - 기타,안전운전불이행,건조,맑음,단일로 - 기타,승용,여,41세,상해없음,보행자,여,17세,중상
2014100900100481,2014년 10월 9일 18시,목요일,대구광역시 동구 도동,경상사고,0,0,1,0,차대차 - 기타,안전운전불이행,건조,맑음,단일로 - 기타,승용,남,52세,상해없음,승용,남,38세,경상
2014100900100485,2014년 10월 9일 18시,목요일,대구광역시 중구 동인동2가,경상사고,0,0,4,0,차대차 - 기타,안전운전불이행,건조,맑음,교차로 - 교차로부근,승용,남,58세,상해없음,승용,여,41세,경상
2014100900100486,2014년 10월 9일 18시,목요일,대구광역시 북구 태전동,경상사고,0,0,1,0,차대차 - 측면직각충돌,안전운전불이행,건조,맑음,교차로 - 교차로부근,승용,남,63세,상해없음,승용,여,41세,경상
2014100900100523,2014년 10월 9일 19시,목요일,대구광역시 수성구 범어동,중상사고,0,1,0,0,차대차 - 기타,안전운전불이행,건조,맑음,교차로 - 교차로부근,승용,남,33세,상해없음,자전거,여,58세,중상
2014100900100524,2014년 10월 9일 19시,목요일,대구광역시 수성구 만촌동,경상사고,0,0,2,0,차대차 - 추돌 - 주정차중,안전운전불이행,건조,맑음,단일로 - 기타,승용,남,53세,상해없음,승용,여,24세,경상
2014100900100525,2014년 10월 9일 19시,목요일,대구광역시 달서구 본동,경상사고,0,0,2,0,차대차 - 추돌 - 주정차중,안전운전불이행,건조,맑음,단일로 - 기타,승용,남,57세,상해없음,승용,여,33세,경상
2014100900100526,2014년 10월 9일 19시,목요일,대구광역시 서구 비산동,중상사고,0,1,0,0,차대차 - 측면직각충돌,불법유턴,건조,맑음,단일로 - 기타,이륜,남,46세,중상,화물,남,25세,상해없음
2014100900100552,2014년 10월 9일 20시,목요일,대구광역시 남구 대명동,경상사고,0,0,1,0,차대차 - 측면직각충돌,안전운전불이행,건조,맑음,단일로 - 기타,화물,남,45세,상해없음,자전거,남,37세,경상
2014100900100553,2014년 10월 9일 20시,목요일,대구광역시 수성구 대흥동,중상사고,0,2,4,0,차대차 - 측면직각충돌,신호위반,건조,맑음,교차로 - 교차로안,승용,남,19세,상해없음,승용,남,39세,경상
2014100900100554,2014년 10월 9일 20시,목요일,대구광역시 북구 칠성동1가,중상사고,0,1,0,0,차대사람 - 기타,안전운전불이행,건조,맑음,교차로 - 교차로부근,승용,남,71세,상해없음,보행자,남,74세,중상
2014100900100555,2014년 10월 9일 20시,목요일,대구광역시 북구 관음동,중상사고,0,1,4,0,차대차 - 기타,안전운전불이행,건조,맑음,기타 - 기타,승용,남,27세,상해없음,승용,여,39세,경상
2014100900100581,2014년 10월 9일 21시,목요일,대구광역시 달서구 장기동,경상사고,0,0,1,0,차대차 - 추돌 - 진행중,안전운전불이행,건조,맑음,단일로 - 기타,승용,남,46세,상해없음,화물,남,46세,경상
2014100900100587,2014년 10월 9일 21시,목요일,대구광역시 동구 입석동,경상사고,0,0,1,0,차대차 - 추돌 - 주정차중,안전운전불이행,건조,맑음,단일로 - 기타,승용,여,67세,상해없음,승용,여,44세,경상
2014100900100588,2014년 10월 9일 21시,목요일,대구광역시 달서구 대곡동,경상사고,0,0,1,0,차대차 - 기타,안전운전불이행,건조,맑음,단일로 - 기타,원동기,남,54세,경상,승용,여,34세,상해없음
2014100900100589,2014년 10월 9일 21시,목요일,대구광역시 달서구 본리동,경상사고,0,0,1,1,차대차 - 기타,안전거리미확보,건조,맑음,단일로 - 기타,승용,남,34세,부상신고,승용,남,40세,상해없음
2014100900100590,2014년 10월 9일 21시,목요일,대구광역시 달서구 신당동,경상사고,0,0,1,0,차대사람 - 기타,안전운전불이행,건조,맑음,단일로 - 기타,승용,남,28세,상해없음,보행자,남,18세,경상
2014100900100613,2014년 10월 9일 22시,목요일,대구광역시 달서구 본동,경상사고,0,0,1,0,차대사람 - 횡단중,보행자보호의무위반,건조,맑음,교차로 - 교차로부근,이륜,남,17세,상해없음,보행자,여,19세,경상
2014101000100004,2014년 10월 10일 00시,금요일,대구광역시 남구 대명동,중상사고,0,1,0,0,차대사람 - 보도통행중,신호위반,건조,맑음,단일로 - 횡단보도상,원동기,남,34세,상해없음,보행자,여,52세,중상
2014101000100031,2014년 10월 10일 02시,금요일,대구광역시 북구 칠성동2가,중상사고,0,2,3,1,차대차 - 추돌 - 진행중,안전운전불이행,건조,맑음,단일로 - 기타,승용,남,19세,상해없음,승용,남,18세,상해없음
2014101000100067,2014년 10월 10일 05시,금요일,대구광역시 서구 비산동,경상사고,0,0,1,1,차대차 - 기타,안전운전불이행,건조,맑음,단일로 - 기타,화물,남,52세,부상신고,승용,남,34세,경상
2014101000100080,2014년 10월 10일 06시,금요일,대구광역시 달서구 성당동,중상사고,0,1,2,0,차대차 - 추돌 - 진행중,안전운전불이행,건조,맑음,단일로 - 기타,승용,남,22세,중상,승용,남,33세,경상
2014101000100112,2014년 10월 10일 07시,금요일,대구광역시 수성구 만촌동,중상사고,0,1,0,0,차대차 - 기타,안전거리미확보,건조,맑음,교차로 - 교차로부근,승용,여,57세,상해없음,승용,여,57세,중상
2014101000100113,2014년 10월 10일 07시,금요일,대구광역시 달서구 대곡동,경상사고,0,0,1,0,차대차 - 기타,안전운전불이행,건조,맑음,교차로 - 교차로부근,승용,남,52세,상해없음,자전거,여,53세,경상
2014101000100114,2014년 10월 10일 07시,금요일,대구광역시 달서구 상인동,중상사고,0,1,0,0,차대사람 - 횡단중,보행자보호의무위반,건조,맑음,단일로 - 횡단보도상,화물,남,57세,상해없음,보행자,여,77세,중상
2014101000100115,2014년 10월 10일 07시,금요일,대구광역시 동구 신암동,경상사고,0,0,1,0,차대차 - 기타,안전운전불이행,건조,맑음,단일로 - 기타,승용,남,37세,상해없음,자전거,남,15세,경상
2014101000100116,2014년 10월 10일 07시,금요일,대구광역시 서구 비산동,경상사고,0,0,1,0,차대차 - 측면직각충돌,안전운전불이행,건조,맑음,단일로 - 기타,승합,남,50세,상해없음,자전거,남,59세,경상
2014101000100117,2014년 10월 10일 07시,금요일,대구광역시 달서구 용산동,중상사고,0,1,0,0,차대사람 - 기타,안전운전불이행,건조,맑음,단일로 - 기타,승용,남,21세,상해없음,보행자,여,63세,중상
2014101000100118,2014년 10월 10일 07시,금요일,대구광역시 달서구 장동,경상사고,0,0,1,0,차대차 - 추돌 - 주정차중,안전운전불이행,건조,맑음,단일로 - 기타,승용,여,44세,상해없음,승용,남,43세,경상
2014101000100161,2014년 10월 10일 08시,금요일,대구광역시 동구 용계동,경상사고,0,0,1,0,차대차 - 기타,안전운전불이행,건조,맑음,단일로 - 기타,승용,남,65세,상해없음,자전거,남,37세,경상
2014101000100162,2014년 10월 10일 08시,금요일,대구광역시 달서구 월암동,중상사고,0,1,0,0,차대차 - 기타,기타,건조,맑음,단일로 - 기타,승용,여,45세,상해없음,원동기,남,27세,중상
2014101000100163,2014년 10월 10일 08시,금요일,대구광역시 달성군 다사읍,경상사고,0,0,1,0,차대차 - 기타,안전운전불이행,건조,맑음,단일로 - 기타,자전거,남,12세,경상,승용,남,27세,상해없음
2014101000100164,2014년 10월 10일 08시,금요일,대구광역시 북구 침산동,경상사고,0,0,1,0,차대차 - 기타,안전운전불이행,건조,맑음,교차로 - 교차로부근,건설기계,남,46세,상해없음,승용,여,49세,경상
2014101000100165,2014년 10월 10일 08시,금요일,대구광역시 달서구 성당동,경상사고,0,0,1,0,차대사람 - 기타,안전운전불이행,건조,맑음,단일로 - 기타,승용,여,36세,상해없음,보행자,여,19세,경상
2014101000100200,2014년 10월 10일 09시,금요일,대구광역시 동구 검사동,중상사고,0,1,0,0,차대차 - 추돌 - 진행중,안전거리미확보,건조,맑음,단일로 - 기타,승용,여,38세,상해없음,화물,남,46세,상해없음
2014101000100205,2014년 10월 10일 09시,금요일,대구광역시 동구 효목동,경상사고,0,0,3,0,차대차 - 측면직각충돌,교차로운행방법위반,건조,맑음,교차로 - 교차로안,승용,남,55세,상해없음,화물,남,46세,경상
2014101000100206,2014년 10월 10일 09시,금요일,대구광역시 중구 삼덕동3가,경상사고,0,0,3,0,차대차 - 기타,안전운전불이행,건조,맑음,단일로 - 기타,승용,여,22세,상해없음,승용,남,51세,경상
2014101000100249,2014년 10월 10일 10시,금요일,대구광역시 달성군 가창면,경상사고,0,0,2,0,차대차 - 기타,직진우회전진행방해,건조,맑음,교차로 - 교차로안,승용,남,59세,경상,승용,남,44세,경상
2014101000100284,2014년 10월 10일 11시,금요일,대구광역시 달성군 현풍면,경상사고,0,0,2,0,차대차 - 기타,교차로운행방법위반,건조,맑음,교차로 - 교차로안,화물,남,25세,상해없음,승용,여,46세,경상
2014101000100285,2014년 10월 10일 11시,금요일,대구광역시 달성군 다사읍,경상사고,0,0,3,0,차대차 - 기타,안전운전불이행,건조,맑음,단일로 - 기타,건설기계,남,57세,상해없음,화물,남,34세,경상
2014101000100307,2014년 10월 10일 12시,금요일,대구광역시 중구 공평동,경상사고,0,0,1,0,차대사람 - 기타,기타,건조,맑음,단일로 - 기타,원동기,남,42세,기타불명,보행자,남,29세,경상
2014101000100308,2014년 10월 10일 12시,금요일,대구광역시 북구 태전동,중상사고,0,1,0,0,차대차 - 측면직각충돌,안전운전불이행,건조,맑음,단일로 - 기타,화물,남,37세,상해없음,자전거,남,64세,중상
2014101000100336,2014년 10월 10일 13시,금요일,대구광역시 남구 봉덕동,경상사고,0,0,3,0,차대차 - 기타,기타,건조,맑음,단일로 - 기타,승용,여,58세,상해없음,승용,남,22세,경상
2014101000100337,2014년 10월 10일 13시,금요일,대구광역시 동구 신암동,경상사고,0,0,1,0,차대사람 - 기타,안전운전불이행,건조,맑음,교차로 - 교차로안,승용,여,59세,상해없음,보행자,여,85세,경상
2014101000100338,2014년 10월 10일 13시,금요일,대구광역시 서구 중리동,중상사고,0,1,1,1,차대사람 - 기타,안전운전불이행,건조,맑음,단일로 - 기타,이륜,남,17세,부상신고,보행자,남,45세,중상
2014101000100339,2014년 10월 10일 13시,금요일,대구광역시 서구 비산동,경상사고,0,0,1,0,차대사람 - 기타,안전운전불이행,건조,맑음,단일로 - 기타,승용,여,31세,상해없음,보행자,여,42세,경상
2014101000100369,2014년 10월 10일 14시,금요일,대구광역시 동구 신암동,경상사고,0,0,1,0,차대차 - 측면직각충돌,안전운전불이행,건조,맑음,단일로 - 기타,승용,남,67세,상해없음,승용,남,24세,경상
2014101000100370,2014년 10월 10일 14시,금요일,대구광역시 달서구 본동,중상사고,0,1,0,0,차대사람 - 횡단중,안전운전불이행,건조,맑음,단일로 - 기타,승용,남,54세,상해없음,보행자,여,62세,중상