사고번호,사고일시,요일,시군구,사고내용,사망자수,중상자수,경상자수,부상신고자수,사고유형,법규위반,노면상태,기상상태,도로형태,가해운전자 차종,가해운전자 성별,가해운전자 연령,가해운전자 상해정도,피해운전자 차종,피해운전자 성별,피해운전자 연령,피해운전자 상해정도
2014101600100131,2014년 10월 16일 07시,목요일,대구광역시 달서구 감삼동,경상사고,0,0,1,0,차대사람 - 횡단중,안전운전불이행,건조,맑음,단일로 - 기타,승용,남,57세,상해없음,보행자,여,18세,경상
2014101600100132,2014년 10월 16일 07시,목요일,대구광역시 달서구 신당동,경상사고,0,0,1,0,차대차 - 기타,안전운전불이행,건조,맑음,교차로 - 교차로안,화물,남,80세,상해없음,승용,남,26세,경상
2014101600100173,2014년 10월 16일 08시,목요일,대구광역시 달서구 상인동,중상사고,0,1,3,0,차대차 - 기타,교차로운행방법위반,건조,맑음,교차로 - 교차로안,승용,남,61세,상해없음,승용,남,51세,경상
2014101600100174,2014년 10월 16일 08시,목요일,대구광역시 달성군 가창면,부상신고사고,0,0,0,1,차량단독 - 공작물충돌,안전운전불이행,건조,맑음,단일로 - 기타,이륜,남,52세,부상신고,,,,
2014101600100175,2014년 10월 16일 08시,목요일,대구광역시 달서구 성당동,경상사고,0,0,2,0,차대차 - 측면직각충돌,안전운전불이행,건조,맑음,단일로 - 기타,화물,남,46세,상해없음,승용,남,52세,경상
2014101600100205,2014년 10월 16일 09시,목요일,대구광역시 달성군 다사읍,중상사고,0,1,2,0,차대차 - 기타,안전운전불이행,건조,흐림,교차로 - 교차로안,화물,남,63세,중상,승용,여,29세,기타불명
2014101600100206,2014년 10월 16일 09시,목요일,대구광역시 서구 평리동,경상사고,0,0,1,0,차대차 - 기타,안전거리미확보,습기,비,단일로 - 기타,승용,남,33세,기타불명,승용,여,21세,경상
2014101600100235,2014년 10월 16일 10시,목요일,대구광역시 수성구 상동,중상사고,0,2,1,0,차대차 - 측면직각충돌,안전운전불이행,건조,맑음,단일로 - 기타,화물,남,42세,상해없음,승용,남,33세,중상
2014101600100236,2014년 10월 16일 10시,목요일,대구광역시 달서구 본동,경상사고,0,0,1,0,차대차 - 기타,신호위반,건조,흐림,교차로 - 교차로안,승용,남,41세,상해없음,승용,여,54세,경상
2014101600100237,2014년 10월 16일 10시,목요일,대구광역시 북구 노원동3가,경상사고,0,0,1,0,차대차 - 기타,안전운전불이행,건조,맑음,교차로 - 교차로안,건설기계,남,50세,상해없음,승용,남,33세,경상
2014101600100263,2014년 10월 16일 11시,목요일,대구광역시 수성구 범어동,경상사고,0,0,1,0,차대차 - 측면직각충돌,차로위반,건조,맑음,단일로 - 기타,승용,여,60세,상해없음,승용,남,71세,경상
2014101600100264,2014년 10월 16일 11시,목요일,대구광역시 중구 동인동4가,경상사고,0,0,1,0,차대차 - 기타,안전운전불이행,건조,맑음,단일로 - 기타,승용,여,25세,상해없음,승용,남,75세,경상
2014101600100293,2014년 10월 16일 12시,목요일,대구광역시 수성구 수성동4가,중상사고,0,1,0,0,차대사람 - 기타,안전운전불이행,건조,맑음,단일로 - 횡단보도상,기타불명,기타불명,기타불명,기타불명,보행자,여,63세,중상
2014101600100294,2014년 10월 16일 12시,목요일,대구광역시 북구 읍내동,경상사고,0,0,1,0,차대사람 - 기타,안전운전불이행,건조,맑음,단일로 - 기타,승용,여,63세,상해없음,보행자,여,52세,경상
2014101600100394,2014년 10월 16일 15시,목요일,대구광역시 남구 대명동,부상신고사고,0,0,0,1,차대차 - 측면직각충돌,직진우회전진행방해,건조,맑음,교차로 - 교차로안,이륜,남,32세,부상신고,승용,남,53세,상해없음
2014101600100396,2014년 10월 16일 15시,목요일,대구광역시 서구 이현동,경상사고,0,0,1,0,차대차 - 측면직각충돌,안전운전불이행,건조,맑음,교차로 - 교차로안,화물,남,48세,상해없음,자전거,남,77세,경상
2014101600100444,2014년 10월 16일 16시,목요일,대구광역시 동구 서호동,중상사고,0,1,0,0,차대차 - 추돌 - 진행중,안전운전불이행,건조,맑음,단일로 - 기타,승용,여,46세,상해없음,원동기,여,50세,중상
2014101600100445,2014년 10월 16일 16시,목요일,대구광역시 수성구 범어동,중상사고,0,1,0,0,차대사람 - 기타,안전운전불이행,건조,맑음,기타 - 기타,화물,남,64세,상해없음,보행자,여,70세,중상
2014101600100446,2014년 10월 16일 16시,목요일,대구광역시 달서구 파호동,경상사고,0,0,1,0,차대사람 - 기타,안전운전불이행,건조,맑음,단일로 - 기타,승용,남,61세,상해없음,보행자,여,33세,경상
2014101600100447,2014년 10월 16일 16시,목요일,대구광역시 달서구 성당동,경상사고,0,0,2,0,차대차 - 측면직각충돌,안전거리미확보,건조,맑음,단일로 - 기타,화물,남,65세,상해없음,승용,여,44세,경상
2014101600100494,2014년 10월 16일 17시,목요일,대구광역시 동구 신암동,중상사고,0,1,0,0,차대차 - 측면직각충돌,안전운전불이행,건조,맑음,단일로 - 기타,이륜,남,22세,상해없음,승용,남,53세,상해없음
2014101600100495,2014년 10월 16일 17시,목요일,대구광역시 수성구 지산동,중상사고,0,1,0,0,차대차 - 기타,안전운전불이행,건조,맑음,교차로 - 교차로부근,이륜,남,46세,상해없음,자전거,남,15세,중상
2014101600100496,2014년 10월 16일 17시,목요일,대구광역시 달서구 송현동,중상사고,0,1,0,0,차대차 - 기타,안전운전불이행,건조,맑음,교차로 - 교차로안,승용,여,50세,상해없음,원동기,남,80세,중상
2014101600100497,2014년 10월 16일 17시,목요일,대구광역시 서구 내당동,경상사고,0,0,3,0,차대차 - 추돌 - 주정차중,안전운전불이행,건조,맑음,단일로 - 기타,승용,남,52세,상해없음,승용,남,61세,경상
2014101600100498,2014년 10월 16일 17시,목요일,대구광역시 달서구 신당동,중상사고,0,1,4,0,차대차 - 추돌 - 진행중,안전운전불이행,건조,맑음,단일로 - 기타,승용,남,47세,상해없음,화물,남,47세,경상
2014101600100550,2014년 10월 16일 18시,목요일,대구광역시 동구 불로동,중상사고,0,1,0,0,차대차 - 기타,안전거리미확보,건조,맑음,교차로 - 교차로부근,이륜,여,51세,중상,승합,남,46세,상해없음
2014101600100551,2014년 10월 16일 18시,목요일,대구광역시 서구 상리동,경상사고,0,0,1,0,차대차 - 추돌 - 진행중,안전거리미확보,건조,맑음,단일로 - 기타,화물,남,54세,상해없음,승용,남,37세,경상
2014101600100589,2014년 10월 16일 19시,목요일,대구광역시 수성구 만촌동,경상사고,0,0,1,0,차대사람 - 차도통행중,안전운전불이행,건조,맑음,단일로 - 기타,화물,남,57세,상해없음,보행자,여,40세,경상
2014101600100590,2014년 10월 16일 19시,목요일,대구광역시 서구 중리동,중상사고,0,1,0,0,차대사람 - 횡단중,보행자보호의무위반,건조,맑음,단일로 - 기타,승용,남,32세,상해없음,보행자,남,67세,중상
2014101600100591,2014년 10월 16일 19시,목요일,대구광역시 서구 중리동,중상사고,0,1,0,0,차대사람 - 횡단중,보행자보호의무위반,건조,맑음,단일로 - 횡단보도상,화물,남,32세,상해없음,보행자,여,16세,중상
2014101600100592,2014년 10월 16일 19시,목요일,대구광역시 달서구 죽전동,경상사고,0,0,1,0,차대차 - 기타,안전운전불이행,건조,맑음,단일로 - 기타,승용,남,38세,상해없음,자전거,남,58세,경상
2014101600100593,2014년 10월 16일 19시,목요일,대구광역시 달서구 감삼동,경상사고,0,0,1,0,차대사람 - 횡단중,보행자보호의무위반,건조,맑음,단일로 - 횡단보도상,자전거,남,26세,상해없음,보행자,여,33세,경상
2014101600100648,2014년 10월 16일 21시,목요일,대구광역시 동구 도학동,경상사고,0,0,2,0,차대차 - 측면직각충돌,안전운전불이행,건조,맑음,단일로 - 기타,승용,여,53세,상해없음,승용,여,49세,경상
2014101600100649,2014년 10월 16일 21시,목요일,대구광역시 달서구 신당동,경상사고,0,0,1,0,차대차 - 기타,안전거리미확보,건조,맑음,단일로 - 기타,승용,남,43세,상해없음,이륜,남,18세,경상
2014101600100677,2014년 10월 16일 22시,목요일,대구광역시 남구 대명동,중상사고,0,1,1,0,차대차 - 기타,직진우회전진행방해,건조,맑음,교차로 - 교차로안,승용,남,56세,상해없음,승용,남,62세,중상
2014101600100711,2014년 10월 16일 23시,목요일,대구광역시 수성구 연호동,경상사고,0,0,2,0,차대차 - 추돌 - 주정차중,안전운전불이행,습기,비,교차로 - 교차로부근,승용,남,53세,상해없음,승용,남,45세,경상
2014101600100712,2014년 10월 16일 23시,목요일,대구광역시 수성구 지산동,중상사고,0,1,1,0,차대차 - 추돌 - 진행중,안전운전불이행,건조,맑음,단일로 - 기타,승용,남,63세,상해없음,승용,남,52세,중상
2014101700100018,2014년 10월 17일 00시,금요일,대구광역시 동구 신천동,경상사고,0,0,2,0,차대차 - 기타,안전운전불이행,건조,맑음,교차로 - 교차로부근,승용,남,57세,상해없음,승용,여,46세,경상
2014101700100112,2014년 10월 17일 06시,금요일,대구광역시 수성구 두산동,중상사고,0,1,0,0,차대차 - 기타,신호위반,건조,맑음,단일로 - 횡단보도상,승용,남,76세,상해없음,자전거,남,79세,중상
2014101700100147,2014년 10월 17일 07시,금요일,대구광역시 달성군 다사읍,경상사고,0,0,1,0,차대차 - 측면직각충돌,신호위반,건조,맑음,교차로 - 교차로안,화물,남,67세,상해없음,승용,남,30세,경상
2014101700100200,2014년 10월 17일 08시,금요일,대구광역시 동구 각산동,경상사고,0,0,2,0,차대차 - 측면직각충돌,교차로운행방법위반,건조,맑음,교차로 - 교차로안,승합,남,55세,상해없음,승용,여,43세,경상
2014101700100201,2014년 10월 17일 08시,금요일,대구광역시 동구 신천동,중상사고,0,1,0,0,차대차 - 기타,기타,건조,맑음,단일로 - 기타,승용,남,43세,상해없음,이륜,남,52세,중상
2014101700100202,2014년 10월 17일 08시,금요일,대구광역시 북구 산격동,경상사고,0,0,1,0,차대차 - 추돌 - 진행중,안전운전불이행,건조,맑음,단일로 - 횡단보도부근,화물,남,44세,상해없음,자전거,남,19세,경상
2014101700100203,2014년 10월 17일 08시,금요일,대구광역시 서구 평리동,중상사고,0,1,0,0,차대차 - 추돌 - 주정차중,안전거리미확보,건조,맑음,교차로 - 교차로부근,화물,남,44세,상해없음,승용,남,71세,중상
2014101700100204,2014년 10월 17일 08시,금요일,대구광역시 달서구 죽전동,경상사고,0,0,5,0,차대차 - 측면직각충돌,중앙선침범,건조,맑음,단일로 - 기타,승용,여,25세,경상,화물,남,27세,경상
2014101700100205,2014년 10월 17일 08시,금요일,대구광역시 달서구 두류동,중상사고,0,1,0,0,차대차 - 추돌 - 진행중,안전거리미확보,건조,맑음,교차로 - 교차로부근,승용,남,49세,상해없음,승용,남,61세,중상
2014101700100206,2014년 10월 17일 08시,금요일,대구광역시 달서구 갈산동,중상사고,0,1,1,0,차대차 - 기타,교차로운행방법위반,건조,맑음,교차로 - 교차로안,이륜,남,18세,중상,승용,여,42세,경상
2014101700100246,2014년 10월 17일 09시,금요일,대구광역시 수성구 범어동,중상사고,0,2,1,0,차대차 - 측면직각충돌,안전운전불이행,건조,맑음,교차로 - 교차로안,승용,여,60세,경상,승용,여,36세,중상
2014101700100247,2014년 10월 17일 09시,금요일,대구광역시 달서구 대곡동,중상사고,0,1,0,0,차대차 - 기타,교차로운행방법위반,건조,맑음,교차로 - 교차로안,승합,남,38세,상해없음,자전거,여,40세,중상
2014101700100248,2014년 10월 17일 09시,금요일,대구광역시 북구 산격동,중상사고,0,1,0,0,차대차 - 측면직각충돌,안전운전불이행,건조,맑음,단일로 - 횡단보도상,승용,여,42세,상해없음,자전거,남,66세,중상
2014101700100249,2014년 10월 17일 09시,금요일,대구광역시 서구 원대동3가,부상신고사고,0,0,0,1,차대차 - 기타,교차로운행방법위반,건조,맑음,교차로 - 교차로안,이륜,여,32세,상해없음,자전거,남,22세,부상신고
2014101700100250,2014년 10월 17일 09시,금요일,대구광역시 북구 구암동,경상사고,0,0,4,0,차대차 - 측면직각충돌,직진우회전진행방해,건조,맑음,교차로 - 교차로안,승용,남,49세,경상,승용,남,44세,경상
2014101700100318,2014년 10월 17일 11시,금요일,대구광역시 중구 태평로3가,중상사고,0,1,0,0,차대차 - 기타,안전운전불이행,건조,맑음,교차로 - 교차로부근,승합,남,59세,상해없음,자전거,남,76세,중상
2014101700100346,2014년 10월 17일 12시,금요일,대구광역시 수성구 지산동,경상사고,0,0,1,0,차대차 - 측면직각충돌,교차로운행방법위반,건조,맑음,교차로 - 교차로안,이륜,남,46세,상해없음,자전거,남,69세,경상
2014101700100348,2014년 10월 17일 12시,금요일,대구광역시 수성구 수성동4가,중상사고,0,1,0,0,차량단독 - 기타,안전운전불이행,건조,맑음,단일로 - 기타,승합,남,49세,상해없음,,,,
2014101700100349,2014년 10월 17일 12시,금요일,대구광역시 북구 고성동2가,중상사고,0,1,0,0,차대차 - 측면직각충돌,안전운전불이행,건조,맑음,교차로 - 교차로부근,승용,남,63세,상해없음,자전거,여,54세,중상
2014101700100418,2014년 10월 17일 14시,금요일,대구광역시 달서구 상인동,경상사고,0,0,1,0,차대차 - 추돌 - 주정차중,안전운전불이행,건조,맑음,교차로 - 교차로부근,승용,여,55세,상해없음,승용,남,32세,경상
2014101700100419,2014년 10월 17일 14시,금요일,대구광역시 달성군 다사읍,중상사고,0,1,1,0,차대차 - 기타,안전운전불이행,건조,맑음,교차로 - 교차로안,화물,남,22세,상해없음,승용,남,57세,경상
2014101700100420,2014년 10월 17일 14시,금요일,대구광역시 북구 산격동,중상사고,0,1,0,0,차대사람 - 길가장자리구역통행중,안전운전불이행,건조,맑음,교차로 - 교차로안,승용,남,59세,상해없음,보행자,여,39세,중상
2014101700100421,2014년 10월 17일 14시,금요일,대구광역시 북구 산격동,경상사고,0,0,1,0,차대차 - 추돌 - 주정차중,안전운전불이행,건조,맑음,교차로 - 교차로부근,화물,남,48세,상해없음,승용,여,36세,경상
2014101700100422,2014년 10월 17일 14시,금요일,대구광역시 중구 남일동,경상사고,0,0,2,0,차대차 - 기타,안전운전불이행,건조,맑음,단일로 - 기타,승용,여,21세,상해없음,승용,남,43세,상해없음
2014101700100452,2014년 10월 17일 15시,금요일,대구광역시 북구 복현동,경상사고,0,0,1,0,차대차 - 측면직각충돌,안전거리미확보,건조,맑음,단일로 - 기타,승용,남,49세,상해없음,이륜,남,20세,상해없음
2014101700100453,2014년 10월 17일 15시,금요일,대구광역시 중구 삼덕동3가,경상사고,0,0,1,0,차대사람 - 기타,안전운전불이행,건조,맑음,교차로 - 교차로부근,승용,여,30세,상해없음,보행자,여,12세,경상
2014101700100492,2014년 10월 17일 16시,금요일,대구광역시 동구 동호동,중상사고,0,1,0,0,차대사람 - 기타,안전운전불이행,건조,맑음,단일로 - 기타,화물,남,59세,상해없음,보행자,여,5세,중상
2014101700100493,2014년 10월 17일 16시,금요일,대구광역시 수성구 수성동1가,경상사고,0,0,1,0,차대사람 - 길가장자리구역통행중,안전운전불이행,건조,맑음,단일로 - 기타,승합,남,51세,상해없음,보행자,남,24세,경상
2014101700100496,2014년 10월 17일 16시,금요일,대구광역시 달서구 상인동,경상사고,0,0,1,0,차대사람 - 기타,안전운전불이행,건조,맑음,교차로 - 교차로부근,화물,남,47세,상해없음,보행자,여,45세,경상
2014101700100607,2014년 10월 17일 18시,금요일,대구광역시 동구 방촌동,경상사고,0,0,1,0,차대차 - 추돌 - 진행중,안전운전불이행,건조,맑음,단일로 - 기타,승용,남,54세,상해없음,승용,여,50세,경상
2014101700100608,2014년 10월 17일 18시,금요일,대구광역시 동구 신암동,경상사고,0,0,1,0,차대차 - 기타,안전운전불이행,건조,맑음,단일로 - 기타,승용,남,52세,상해없음,승용,여,48세,경상
2014101700100609,2014년 10월 17일 18시,금요일,대구광역시 동구 입석동,경상사고,0,0,2,0,차대차 - 측면직각충돌,안전거리미확보,건조,맑음,교차로 - 교차로안,승용,남,50세,경상,승용,여,29세,경상
2014101700100610,2014년 10월 17일 18시,금요일,대구광역시 달서구 진천동,경상사고,0,0,1,0,차대차 - 추돌 - 주정차중,안전거리미확보,건조,맑음,단일로 - 기타,승용,여,35세,상해없음,승용,남,45세,경상
2014101700100611,2014년 10월 17일 18시,금요일,대구광역시 달서구 신당동,경상사고,0,0,1,0,차대사람 - 기타,안전운전불이행,건조,맑음,교차로 - 교차로부근,이륜,남,17세,상해없음,보행자,남,7세,경상
2014101700100612,2014년 10월 17일 18시,금요일,대구광역시 북구 읍내동,경상사고,0,0,1,0,차대차 - 기타,안전운전불이행,건조,맑음,단일로 - 기타,승용,남,51세,상해없음,승용,여,37세,경상
2014101700100680,2014년 10월 17일 19시,금요일,대구광역시 동구 신천동,경상사고,0,0,1,0,차량단독 - 기타,기타,건조,맑음,단일로 - 기타,승합,남,60세,상해없음,,,,
2014101700100681,2014년 10월 17일 19시,금요일,대구광역시 동구 신천동,경상사고,0,0,1,0,차대차 - 측면직각충돌,안전거리미확보,건조,맑음,단일로 - 기타,화물,여,48세,상해없음,승용,남,65세,경상
2014101700100682,2014년 10월 17일 19시,금요일,대구광역시 수성구 중동,경상사고,0,0,1,0,차량단독 - 기타,안전운전불이행,건조,맑음,단일로 - 기타,승합,남,54세,기타불명,,,,
2014101700100683,2014년 10월 17일 19시,금요일,대구광역시 달성군 다사읍,경상사고,0,0,1,0,차대차 - 측면직각충돌,안전운전불이행,건조,맑음,교차로 - 교차로안,승합,남,50세,상해없음,이륜,남,40세,경상
2014101700100684,2014년 10월 17일 19시,금요일,대구광역시 서구 비산동,경상사고,0,0,1,0,차대차 - 측면직각충돌,불법유턴,건조,맑음,단일로 - 횡단보도상,이륜,여,48세,경상,승용,여,63세,상해없음
2014101700100685,2014년 10월 17일 19시,금요일,대구광역시 달서구 용산동,부상신고사고,0,0,0,1,차대차 - 측면직각충돌,안전운전불이행,건조,맑음,단일로 - 기타,이륜,남,17세,기타불명,승용,남,36세,상해없음
2014101700100686,2014년 10월 17일 19시,금요일,대구광역시 달서구 용산동,경상사고,0,0,1,0,차대차 - 기타,안전운전불이행,건조,맑음,단일로 - 기타,화물,남,44세,상해없음,승용,여,52세,경상
2014101700100725,2014년 10월 17일 20시,금요일,대구광역시 달서구 호산동,중상사고,0,1,0,0,차대차 - 추돌 - 진행중,안전운전불이행,건조,맑음,교차로 - 교차로안,자전거,여,33세,중상,승용,남,69세,상해없음
2014101700100759,2014년 10월 17일 21시,금요일,대구광역시 달서구 대천동,중상사고,0,1,2,0,차대차 - 추돌 - 진행중,안전거리미확보,건조,맑음,단일로 - 기타,승용,남,49세,상해없음,승용,여,45세,경상
2014101700100760,2014년 10월 17일 21시,금요일,대구광역시 달서구 상인동,경상사고,0,0,1,0,차대차 - 기타,안전운전불이행,건조,맑음,단일로 - 기타,승용,남,45세,상해없음,승용,남,35세,경상
2014101700100761,2014년 10월 17일 21시,금요일,대구광역시 북구 침산동,경상사고,0,0,1,1,차대차 - 추돌 - 진행중,차로위반,건조,맑음,단일로 - 기타,승용,여,55세,부상신고,승용,남,48세,경상
2014101700100762,2014년 10월 17일 21시,금요일,대구광역시 서구 비산동,부상신고사고,0,0,0,1,차대차 - 기타,안전운전불이행,건조,맑음,단일로 - 기타,자전거,남,59세,부상신고,이륜,남,16세,상해없음
2014101700100763,2014년 10월 17일 21시,금요일,대구광역시 중구 대봉동,경상사고,0,0,1,0,차대차 - 측면직각충돌,안전운전불이행,건조,맑음,단일로 - 횡단보도상,화물,남,60세,상해없음,자전거,남,21세,경상
2014101700100764,2014년 10월 17일 21시,금요일,대구광역시 달서구 신당동,중상사고,0,1,0,0,차대차 - 측면직각충돌,신호위반,건조,맑음,교차로 - 교차로안,승용,남,59세,기타불명,승용,남,28세,중상
2014101700100765,2014년 10월 17일 21시,금요일,대구광역시 달서구 성당동,경상사고,0,0,2,0,차대차 - 추돌 - 주정차중,안전운전불이행,건조,맑음,교차로 - 교차로부근,화물,남,45세,상해없음,승합,남,37세,경상
2014101700100792,2014년 10월 17일 22시,금요일,대구광역시 남구 대명동,경상사고,0,0,1,0,차대차 - 기타,안전거리미확보,건조,맑음,단일로 - 기타,승용,남,43세,상해없음,이륜,남,22세,경상
2014101700100793,2014년 10월 17일 22시,금요일,대구광역시 남구 대명동,경상사고,0,0,2,0,차대차 - 기타,안전운전불이행,건조,맑음,단일로 - 기타,승용,남,38세,경상,승용,여,48세,경상
2014101700100794,2014년 10월 17일 22시,금요일,대구광역시 중구 삼덕동2가,중상사고,0,1,0,0,차대차 - 측면직각충돌,교차로운행방법위반,건조,맑음,교차로 - 교차로안,승용,남,58세,상해없음,이륜,남,38세,중상
2014101700100826,2014년 10월 17일 23시,금요일,대구광역시 수성구 범물동,경상사고,0,0,2,0,차대차 - 추돌 - 주정차중,안전운전불이행,습기,비,교차로 - 교차로부근,승용,여,47세,상해없음,승용,남,52세,경상
2014101800100022,2014년 10월 18일 00시,토요일,대구광역시 달서구 본동,중상사고,0,1,2,0,차대차 - 측면직각충돌,교차로운행방법위반,건조,맑음,교차로 - 교차로안,승용,남,43세,상해없음,승용,남,57세,상해없음
2014101800100023,2014년 10월 18일 00시,토요일,대구광역시 달성군 논공읍,경상사고,0,0,1,0,차대차 - 측면직각충돌,직진우회전진행방해,건조,맑음,교차로 - 교차로안,승용,남,33세,상해없음,이륜,남,16세,경상
2014101800100024,2014년 10월 18일 00시,토요일,대구광역시 달서구 성당동,경상사고,0,0,3,0,차대차 - 측면직각충돌,교차로운행방법위반,건조,흐림,교차로 - 교차로안,승용,남,33세,경상,승용,남,55세,경상
2014101800100046,2014년 10월 18일 01시,토요일,대구광역시 달성군 구지면,사망사고,1,0,0,0,차량단독 - 공작물충돌,안전운전불이행,건조,맑음,단일로 - 기타,이륜,남,17세,사망,,,,
2014101800100047,2014년 10월 18일 01시,토요일,대구광역시 중구 남산동,경상사고,0,0,1,5,차대차 - 기타,교차로운행방법위반,건조,맑음,교차로 - 교차로안,승용,남,18세,상해없음,승용,남,26세,경상
2014101800100048,2014년 10월 18일 01시,토요일,대구광역시 달서구 감삼동,경상사고,0,0,1,0,차대차 - 측면직각충돌,신호위반,건조,맑음,단일로 - 기타,승용,남,70세,상해없음,이륜,남,19세,경상
2014101800100049,2014년 10월 18일 01시,토요일,대구광역시 북구 관음동,중상사고,0,1,0,0,차대차 - 기타,중앙선침범,건조,맑음,기타 - 기타,화물,남,30세,상해없음,승용,여,40세,중상
2014101800100074,2014년 10월 18일 03시,토요일,대구광역시 달서구 본동,중상사고,0,1,1,0,차대차 - 기타,교차로운행방법위반,건조,맑음,교차로 - 교차로안,승용,남,48세,상해없음,승용,남,61세,경상
2014101800100087,2014년 10월 18일 04시,토요일,대구광역시 달서구 상인동,경상사고,0,0,1,0,차대차 - 기타,신호위반,건조,맑음,교차로 - 교차로안,승용,남,22세,기타불명,승용,남,52세,경상
2014101800100088,2014년 10월 18일 04시,토요일,대구광역시 달서구 장기동,경상사고,0,0,1,0,차대차 - 기타,안전운전불이행,건조,맑음,교차로 - 교차로안,승용,남,35세,상해없음,승용,남,57세,경상
2014101800100089,2014년 10월 18일 04시,토요일,대구광역시 북구 학정동,중상사고,0,1,0,0,차대차 - 기타,신호위반,건조,맑음,교차로 - 교차로안,승용,남,38세,상해없음,승용,남,45세,중상
2014101800100104,2014년 10월 18일 05시,토요일,대구광역시 북구 노원동3가,경상사고,0,0,1,1,차대차 - 측면직각충돌,신호위반,건조,맑음,교차로 - 교차로안,승용,남,55세,부상신고,승용,남,49세,경상
2014101800100164,2014년 10월 18일 08시,토요일,대구광역시 서구 내당동,중상사고,0,1,0,0,차대차 - 기타,신호위반,건조,맑음,교차로 - 교차로안,승용,여,56세,상해없음,이륜,여,56세,중상
2014101800100198,2014년 10월 18일 09시,토요일,대구광역시 달성군 유가면,중상사고,0,2,0,0,차대차 - 측면직각충돌,신호위반,건조,맑음,교차로 - 교차로안,화물,남,53세,상해없음,승용,남,51세,중상
2014101800100199,2014년 10월 18일 09시,토요일,대구광역시 북구 읍내동,경상사고,0,0,2,1,차대차 - 측면직각충돌,신호위반,건조,맑음,단일로 - 기타,화물,남,37세,부상신고,승용,남,23세,경상
2014101800100231,2014년 10월 18일 10시,토요일,대구광역시 북구 복현동,경상사고,0,0,1,0,차대차 - 기타,직진우회전진행방해,건조,맑음,교차로 - 교차로안,승용,남,55세,상해없음,자전거,남,8세,경상
2014101800100232,2014년 10월 18일 10시,토요일,대구광역시 북구 노원동3가,중상사고,0,1,0,0,차대차 - 측면직각충돌,안전거리미확보,건조,맑음,단일로 - 기타,건설기계,남,47세,상해없음,승용,남,56세,중상
2014101800100261,2014년 10월 18일 11시,토요일,대구광역시 동구 율하동,중상사고,0,1,0,0,차대차 - 측면직각충돌,안전운전불이행,건조,맑음,교차로 - 교차로안,승용,남,37세,상해없음,승용,여,39세,중상
2014101800100262,2014년 10월 18일 11시,토요일,대구광역시 달서구 도원동,경상사고,0,0,1,0,차대사람 - 횡단중,안전운전불이행,건조,맑음,단일로 - 횡단보도상,승용,여,39세,상해없음,보행자,여,12세,경상
2014101800100298,2014년 10월 18일 12시,토요일,대구광역시 동구 각산동,경상사고,0,0,1,0,차대차 - 기타,안전운전불이행,건조,맑음,단일로 - 기타,승용,남,37세,상해없음,이륜,남,32세,경상
2014101800100299,2014년 10월 18일 12시,토요일,대구광역시 서구 비산동,경상사고,0,0,1,0,차대차 - 기타,안전거리미확보,건조,맑음,교차로 - 교차로안,승용,여,53세,상해없음,원동기,남,65세,경상
2014101800100300,2014년 10월 18일 12시,토요일,대구광역시 중구 동산동,중상사고,0,1,2,2,차대차 - 추돌 - 주정차중,안전운전불이행,건조,맑음,단일로 - 기타,승용,남,59세,상해없음,승용,여,60세,중상
2014101800100328,2014년 10월 18일 13시,토요일,대구광역시 북구 노원동1가,경상사고,0,0,1,0,차대차 - 추돌 - 주정차중,안전운전불이행,건조,맑음,단일로 - 기타,승용,남,55세,기타불명,승용,여,59세,경상
2014101800100329,2014년 10월 18일 13시,토요일,대구광역시 서구 비산동,경상사고,0,0,1,0,차량단독 - 기타,안전운전불이행,건조,맑음,단일로 - 기타,승합,남,52세,상해없음,,,,
2014101800100330,2014년 10월 18일 13시,토요일,대구광역시 중구 동산동,중상사고,0,1,0,0,차대차 - 기타,교차로운행방법위반,건조,맑음,교차로 - 교차로안,승용,남,61세,상해없음,이륜,남,17세,중상
2014101800100331,2014년 10월 18일 13시,토요일,대구광역시 북구 동천동,부상신고사고,0,0,0,1,차대차 - 측면직각충돌,안전거리미확보,건조,맑음,단일로 - 기타,자전거,남,22세,부상신고,승용,남,53세,상해없음
2014101800100372,2014년 10월 18일 14시,토요일,대구광역시 달서구 죽전동,경상사고,0,0,1,0,차량단독 - 기타,안전운전불이행,건조,맑음,교차로 - 교차로부근,승용,남,기타불명,기타불명,,,,
2014101800100421,2014년 10월 18일 15시,토요일,대구광역시 북구 침산동,경상사고,0,0,1,0,차대차 - 기타,교차로운행방법위반,건조,맑음,교차로 - 교차로안,이륜,남,57세,상해없음,원동기,남,24세,경상
2014101800100422,2014년 10월 18일 15시,토요일,대구광역시 중구 남산동,부상신고사고,0,0,0,1,차대차 - 기타,기타,건조,맑음,단일로 - 기타,승용,남,76세,상해없음,이륜,남,51세,부상신고
2014101800100423,2014년 10월 18일 15시,토요일,대구광역시 중구 동성로2가,부상신고사고,0,0,0,1,차대사람 - 기타,안전운전불이행,건조,맑음,단일로 - 기타,승용,여,56세,기타불명,보행자,여,15세,부상신고