사고번호,사고일시,요일,시군구,사고내용,사망자수,중상자수,경상자수,부상신고자수,사고유형,법규위반,노면상태,기상상태,도로형태,가해운전자 차종,가해운전자 성별,가해운전자 연령,가해운전자 상해정도,피해운전자 차종,피해운전자 성별,피해운전자 연령,피해운전자 상해정도
2014101800100511,2014년 10월 18일 17시,토요일,대구광역시 달서구 도원동,경상사고,0,0,1,0,차대차 - 측면직각충돌,안전거리미확보,건조,맑음,단일로 - 기타,승합,남,54세,상해없음,승용,남,32세,경상
2014101800100512,2014년 10월 18일 17시,토요일,대구광역시 달성군 현풍면,중상사고,0,1,1,1,차대차 - 측면직각충돌,안전운전불이행,건조,맑음,교차로 - 교차로안,화물,남,72세,부상신고,승용,남,22세,경상
2014101800100513,2014년 10월 18일 17시,토요일,대구광역시 서구 평리동,중상사고,0,1,0,0,차대차 - 측면직각충돌,안전운전불이행,건조,맑음,단일로 - 기타,건설기계,남,37세,상해없음,원동기,남,27세,중상
2014101800100514,2014년 10월 18일 17시,토요일,대구광역시 중구 동인동4가,중상사고,0,1,0,0,차대차 - 측면직각충돌,신호위반,건조,맑음,단일로 - 횡단보도상,승용,여,28세,상해없음,자전거,여,29세,중상
2014101800100565,2014년 10월 18일 18시,토요일,대구광역시 서구 비산동,경상사고,0,0,1,0,차대차 - 기타,기타,건조,맑음,교차로 - 교차로부근,승용,남,57세,상해없음,원동기,남,60세,경상
2014101800100566,2014년 10월 18일 18시,토요일,대구광역시 서구 원대동1가,경상사고,0,0,1,0,차대사람 - 기타,안전운전불이행,건조,맑음,단일로 - 기타,승용,남,65세,상해없음,보행자,남,4세,경상
2014101800100606,2014년 10월 18일 19시,토요일,대구광역시 남구 대명동,경상사고,0,0,2,0,차대차 - 추돌 - 주정차중,안전운전불이행,건조,맑음,교차로 - 교차로부근,승용,남,22세,상해없음,승용,남,30세,경상
2014101800100607,2014년 10월 18일 19시,토요일,대구광역시 북구 노원동2가,경상사고,0,0,1,0,차대차 - 측면직각충돌,안전운전불이행,건조,맑음,교차로 - 교차로안,승용,남,53세,상해없음,승용,남,49세,경상
2014101800100608,2014년 10월 18일 19시,토요일,대구광역시 서구 비산동,경상사고,0,0,1,0,차대사람 - 보도통행중,안전운전불이행,건조,맑음,단일로 - 기타,승용,남,28세,상해없음,보행자,남,48세,경상
2014101800100652,2014년 10월 18일 20시,토요일,대구광역시 동구 신암동,경상사고,0,0,3,0,차대차 - 추돌 - 주정차중,안전운전불이행,건조,맑음,단일로 - 기타,화물,남,22세,상해없음,승용,남,30세,경상
2014101800100697,2014년 10월 18일 21시,토요일,대구광역시 동구 신천동,중상사고,0,1,0,0,차대차 - 측면직각충돌,신호위반,건조,맑음,단일로 - 기타,승용,남,46세,상해없음,승용,남,27세,중상
2014101800100698,2014년 10월 18일 21시,토요일,대구광역시 동구 서호동,경상사고,0,0,2,0,차대차 - 기타,직진우회전진행방해,건조,맑음,교차로 - 교차로안,화물,남,53세,상해없음,승용,여,25세,경상
2014101800100699,2014년 10월 18일 21시,토요일,대구광역시 중구 남산동,경상사고,0,0,1,0,차대차 - 기타,신호위반,건조,맑음,교차로 - 교차로안,승용,남,63세,상해없음,승용,남,60세,경상
2014101900100019,2014년 10월 19일 00시,일요일,대구광역시 수성구 파동,부상신고사고,0,0,0,1,차량단독 - 공작물충돌,안전운전불이행,건조,맑음,단일로 - 기타,승용,남,30세,부상신고,,,,
2014101900100020,2014년 10월 19일 00시,일요일,대구광역시 중구 동산동,중상사고,0,1,0,0,차대차 - 기타,안전운전불이행,건조,맑음,단일로 - 기타,승용,남,29세,상해없음,자전거,남,29세,중상
2014101900100099,2014년 10월 19일 05시,일요일,대구광역시 수성구 만촌동,중상사고,0,1,0,0,차대사람 - 횡단중,안전운전불이행,습기,맑음,단일로 - 횡단보도상,승용,남,23세,상해없음,보행자,남,78세,중상
2014101900100116,2014년 10월 19일 06시,일요일,대구광역시 북구 검단동,중상사고,0,1,0,0,차대차 - 기타,신호위반,건조,맑음,교차로 - 교차로부근,원동기,남,17세,상해없음,승용,남,71세,상해없음
2014101900100117,2014년 10월 19일 06시,일요일,대구광역시 서구 비산동,중상사고,0,1,0,0,차대차 - 기타,안전운전불이행,건조,맑음,단일로 - 기타,원동기,남,64세,중상,승합,남,53세,상해없음
2014101900100134,2014년 10월 19일 07시,일요일,대구광역시 동구 불로동,중상사고,0,3,1,0,차대차 - 기타,신호위반,건조,맑음,교차로 - 교차로안,승용,여,37세,기타불명,승용,남,61세,경상
2014101900100167,2014년 10월 19일 09시,일요일,대구광역시 달성군 다사읍,경상사고,0,0,1,0,차대차 - 측면직각충돌,안전거리미확보,건조,맑음,단일로 - 기타,승용,남,60세,상해없음,승용,남,22세,경상
2014101900100168,2014년 10월 19일 09시,일요일,대구광역시 달성군 유가면,경상사고,0,0,2,0,차대차 - 측면직각충돌,차로위반,건조,맑음,단일로 - 기타,승용,남,31세,상해없음,화물,남,47세,경상
2014101900100169,2014년 10월 19일 09시,일요일,대구광역시 북구 노원동2가,경상사고,0,0,1,0,차대사람 - 기타,안전운전불이행,건조,맑음,교차로 - 교차로안,승용,남,55세,상해없음,보행자,남,57세,경상
2014101900100191,2014년 10월 19일 10시,일요일,대구광역시 남구 대명동,중상사고,0,2,0,0,차대차 - 기타,안전운전불이행,건조,맑음,단일로 - 기타,원동기,남,24세,중상,승용,남,57세,상해없음
2014101900100192,2014년 10월 19일 10시,일요일,대구광역시 동구 신암동,경상사고,0,0,2,0,차대차 - 측면직각충돌,직진우회전진행방해,건조,맑음,교차로 - 교차로안,승용,여,47세,경상,승용,남,57세,경상
2014101900100193,2014년 10월 19일 10시,일요일,대구광역시 중구 공평동,중상사고,0,1,0,0,차대사람 - 기타,안전운전불이행,건조,맑음,단일로 - 횡단보도부근,승용,남,22세,상해없음,보행자,여,46세,중상
2014101900100222,2014년 10월 19일 11시,일요일,대구광역시 수성구 상동,중상사고,0,1,0,0,차대차 - 기타,신호위반,건조,맑음,단일로 - 횡단보도부근,기타불명,기타불명,기타불명,기타불명,자전거,남,23세,중상
2014101900100223,2014년 10월 19일 11시,일요일,대구광역시 달성군 화원읍,경상사고,0,0,1,0,차대차 - 추돌 - 주정차중,안전운전불이행,건조,맑음,교차로 - 교차로안,승용,여,49세,상해없음,이륜,여,57세,경상
2014101900100224,2014년 10월 19일 11시,일요일,대구광역시 달서구 죽전동,중상사고,0,1,0,0,차대차 - 추돌 - 주정차중,안전거리미확보,건조,맑음,단일로 - 기타,승용,남,70세,상해없음,승용,여,50세,중상
2014101900100256,2014년 10월 19일 12시,일요일,대구광역시 동구 효목동,중상사고,0,1,0,0,차대차 - 기타,직진우회전진행방해,건조,맑음,교차로 - 교차로안,이륜,남,67세,상해없음,승용,남,43세,상해없음
2014101900100257,2014년 10월 19일 12시,일요일,대구광역시 동구 방촌동,중상사고,0,1,0,0,차대차 - 측면직각충돌,안전운전불이행,건조,맑음,단일로 - 기타,승용,남,69세,상해없음,승용,남,57세,상해없음
2014101900100258,2014년 10월 19일 12시,일요일,대구광역시 동구 효목동,중상사고,0,1,1,0,차대차 - 기타,안전거리미확보,건조,맑음,교차로 - 교차로부근,승용,남,72세,상해없음,승용,여,36세,중상
2014101900100285,2014년 10월 19일 13시,일요일,대구광역시 동구 신천동,경상사고,0,0,1,0,차대차 - 측면직각충돌,안전거리미확보,건조,맑음,단일로 - 기타,화물,남,57세,상해없음,승용,남,28세,경상
2014101900100286,2014년 10월 19일 13시,일요일,대구광역시 북구 산격동,경상사고,0,0,3,0,차대차 - 기타,안전운전불이행,건조,맑음,단일로 - 기타,승용,남,51세,경상,승용,기타불명,기타불명,기타불명
2014101900100287,2014년 10월 19일 13시,일요일,대구광역시 중구 봉산동,중상사고,0,2,0,0,차대차 - 추돌 - 주정차중,안전운전불이행,건조,맑음,교차로 - 교차로부근,승용,남,54세,상해없음,원동기,남,16세,중상
2014101900100317,2014년 10월 19일 14시,일요일,대구광역시 동구 신암동,경상사고,0,0,1,1,차대차 - 추돌 - 주정차중,안전운전불이행,건조,맑음,교차로 - 교차로부근,승용,남,59세,상해없음,승용,남,36세,경상
2014101900100375,2014년 10월 19일 16시,일요일,대구광역시 수성구 시지동,경상사고,0,0,1,0,차대차 - 기타,안전운전불이행,건조,맑음,교차로 - 교차로부근,화물,남,63세,상해없음,승합,남,56세,경상
2014101900100412,2014년 10월 19일 17시,일요일,대구광역시 동구 지저동,중상사고,0,1,1,0,차대차 - 기타,안전운전불이행,건조,맑음,단일로 - 기타,승용,남,46세,상해없음,승용,남,51세,경상
2014101900100413,2014년 10월 19일 17시,일요일,대구광역시 달서구 신당동,중상사고,0,1,1,0,차대차 - 기타,안전거리미확보,건조,맑음,단일로 - 기타,승합,남,49세,상해없음,승용,남,75세,중상
2014101900100414,2014년 10월 19일 17시,일요일,대구광역시 달서구 용산동,중상사고,0,1,0,0,차대사람 - 횡단중,안전운전불이행,건조,맑음,단일로 - 횡단보도상,승용,남,54세,상해없음,보행자,여,71세,중상
2014101900100472,2014년 10월 19일 18시,일요일,대구광역시 남구 대명동,경상사고,0,0,1,0,차대사람 - 횡단중,신호위반,건조,맑음,단일로 - 기타,기타불명,기타불명,기타불명,기타불명,보행자,남,28세,경상
2014101900100473,2014년 10월 19일 18시,일요일,대구광역시 수성구 신매동,부상신고사고,0,0,0,1,차대차 - 기타,안전거리미확보,건조,맑음,단일로 - 기타,이륜,남,23세,부상신고,화물,남,39세,상해없음
2014101900100474,2014년 10월 19일 18시,일요일,대구광역시 달서구 상인동,경상사고,0,0,1,1,차대차 - 측면직각충돌,차로위반,건조,맑음,단일로 - 횡단보도상,승용,남,29세,상해없음,승용,남,54세,경상
2014101900100475,2014년 10월 19일 18시,일요일,대구광역시 달서구 본동,경상사고,0,0,1,0,차대차 - 기타,차로위반,건조,맑음,교차로 - 교차로부근,승용,남,46세,상해없음,승용,여,57세,경상
2014101900100476,2014년 10월 19일 18시,일요일,대구광역시 달서구 두류동,경상사고,0,0,1,0,차대차 - 추돌 - 진행중,교차로운행방법위반,건조,맑음,교차로 - 교차로안,승용,남,52세,상해없음,원동기,남,24세,경상
2014101900100509,2014년 10월 19일 19시,일요일,대구광역시 동구 신천동,경상사고,0,0,1,0,차대차 - 기타,안전운전불이행,건조,맑음,단일로 - 기타,승용,남,54세,상해없음,승용,남,29세,경상
2014101900100534,2014년 10월 19일 20시,일요일,대구광역시 달성군 화원읍,경상사고,0,0,3,0,차대차 - 측면직각충돌,차로위반,건조,흐림,단일로 - 기타,승용,남,51세,경상,승합,여,53세,경상
2014101900100535,2014년 10월 19일 20시,일요일,대구광역시 달서구 본리동,경상사고,0,0,3,0,차대차 - 측면직각충돌,차로위반,건조,맑음,교차로 - 교차로부근,승용,여,44세,상해없음,승용,여,43세,경상
2014101900100536,2014년 10월 19일 20시,일요일,대구광역시 서구 평리동,경상사고,0,0,1,0,차대사람 - 기타,안전운전불이행,건조,맑음,교차로 - 교차로부근,승용,여,47세,상해없음,보행자,남,75세,경상
2014101900100566,2014년 10월 19일 21시,일요일,대구광역시 동구 신암동,경상사고,0,0,4,0,차대차 - 기타,신호위반,건조,맑음,교차로 - 교차로안,승용,여,25세,경상,승용,남,32세,경상
2014101900100590,2014년 10월 19일 22시,일요일,대구광역시 달서구 본리동,중상사고,0,1,0,0,차대차 - 기타,안전운전불이행,건조,맑음,단일로 - 기타,승용,남,21세,상해없음,이륜,남,39세,중상
2014101900100607,2014년 10월 19일 23시,일요일,대구광역시 서구 내당동,경상사고,0,0,1,0,차대차 - 추돌 - 진행중,안전거리미확보,건조,맑음,교차로 - 교차로부근,승용,남,54세,상해없음,승용,남,31세,경상
2014102000100015,2014년 10월 20일 00시,월요일,대구광역시 남구 대명동,경상사고,0,0,1,1,차대차 - 측면직각충돌,중앙선침범,건조,맑음,단일로 - 기타,승용,남,26세,상해없음,승용,남,22세,부상신고
2014102000100016,2014년 10월 20일 00시,월요일,대구광역시 달서구 본동,경상사고,0,0,2,0,차대차 - 추돌 - 주정차중,안전운전불이행,습기,흐림,교차로 - 교차로부근,승용,남,54세,상해없음,승용,남,46세,상해없음
2014102000100017,2014년 10월 20일 00시,월요일,대구광역시 중구 동성로3가,경상사고,0,0,1,0,차대사람 - 기타,기타,건조,맑음,단일로 - 기타,승용,여,33세,상해없음,보행자,여,24세,경상
2014102000100042,2014년 10월 20일 02시,월요일,대구광역시 서구 비산동,경상사고,0,0,1,0,차대차 - 기타,안전운전불이행,건조,맑음,교차로 - 교차로안,원동기,여,27세,경상,승용,남,48세,상해없음
2014102000100095,2014년 10월 20일 06시,월요일,대구광역시 달서구 성당동,중상사고,0,1,0,0,차대사람 - 횡단중,신호위반,습기,비,단일로 - 횡단보도상,이륜,남,63세,상해없음,보행자,여,61세,중상
2014102000100126,2014년 10월 20일 07시,월요일,대구광역시 달서구 상인동,중상사고,0,2,0,0,차대차 - 측면직각충돌,신호위반,습기,비,교차로 - 교차로안,승합,남,63세,중상,승용,여,47세,중상
2014102000100127,2014년 10월 20일 07시,월요일,대구광역시 달서구 감삼동,부상신고사고,0,0,0,2,차대사람 - 기타,안전운전불이행,습기,비,단일로 - 기타,승용,남,64세,부상신고,보행자,남,53세,부상신고
2014102000100128,2014년 10월 20일 07시,월요일,대구광역시 북구 동천동,경상사고,0,0,1,0,차대차 - 기타,안전운전불이행,습기,흐림,교차로 - 교차로안,승용,남,39세,상해없음,승용,남,38세,경상
2014102000100176,2014년 10월 20일 08시,월요일,대구광역시 수성구 신매동,경상사고,0,0,1,0,차대차 - 추돌 - 진행중,안전운전불이행,건조,맑음,단일로 - 기타,승용,남,31세,상해없음,승용,남,57세,경상
2014102000100178,2014년 10월 20일 08시,월요일,대구광역시 달서구 감삼동,경상사고,0,0,1,0,차대사람 - 길가장자리구역통행중,안전운전불이행,건조,맑음,단일로 - 기타,승용,여,44세,기타불명,보행자,여,42세,경상
2014102000100216,2014년 10월 20일 09시,월요일,대구광역시 남구 대명동,경상사고,0,0,2,0,차대차 - 측면직각충돌,교차로운행방법위반,습기,비,교차로 - 교차로안,승용,여,43세,상해없음,승용,남,58세,경상
2014102000100217,2014년 10월 20일 09시,월요일,대구광역시 중구 남산동,경상사고,0,0,1,0,차대차 - 측면직각충돌,중앙선침범,습기,비,단일로 - 기타,승용,남,58세,상해없음,승용,여,42세,경상
2014102000100252,2014년 10월 20일 10시,월요일,대구광역시 수성구 범어동,경상사고,0,0,1,0,차대사람 - 기타,안전운전불이행,습기,비,단일로 - 기타,승용,여,40세,상해없음,보행자,여,49세,경상
2014102000100287,2014년 10월 20일 11시,월요일,대구광역시 달성군 옥포면,경상사고,0,0,1,0,차대차 - 기타,차로위반,건조,흐림,단일로 - 기타,승용,여,34세,상해없음,승용,남,64세,경상
2014102000100290,2014년 10월 20일 11시,월요일,대구광역시 달서구 진천동,경상사고,0,0,1,0,차대차 - 기타,중앙선침범,습기,비,단일로 - 기타,승용,여,53세,상해없음,원동기,남,24세,경상
2014102000100314,2014년 10월 20일 12시,월요일,대구광역시 수성구 범어동,부상신고사고,0,0,0,1,차대차 - 기타,안전운전불이행,습기,흐림,단일로 - 기타,이륜,남,34세,부상신고,승용,여,48세,상해없음
2014102000100315,2014년 10월 20일 12시,월요일,대구광역시 수성구 범물동,경상사고,0,0,1,0,차대차 - 측면직각충돌,안전운전불이행,건조,맑음,기타 - 기타,승용,남,51세,상해없음,승용,남,40세,상해없음
2014102000100370,2014년 10월 20일 14시,월요일,대구광역시 수성구 범어동,경상사고,0,0,1,0,차대차 - 추돌 - 진행중,안전운전불이행,습기,흐림,단일로 - 기타,승용,남,54세,상해없음,이륜,남,25세,경상
2014102000100371,2014년 10월 20일 14시,월요일,대구광역시 수성구 중동,중상사고,0,1,0,0,차대차 - 기타,안전운전불이행,건조,맑음,단일로 - 횡단보도부근,승용,여,57세,상해없음,자전거,남,17세,중상
2014102000100372,2014년 10월 20일 14시,월요일,대구광역시 달서구 장기동,경상사고,0,0,1,0,차대차 - 기타,안전거리미확보,건조,흐림,단일로 - 기타,화물,남,60세,상해없음,승용,남,26세,경상
2014102000100373,2014년 10월 20일 14시,월요일,대구광역시 달서구 죽전동,경상사고,0,0,3,0,차대차 - 추돌 - 주정차중,안전운전불이행,습기,비,단일로 - 기타,승용,여,51세,상해없음,승용,남,57세,경상
2014102000100411,2014년 10월 20일 15시,월요일,대구광역시 남구 대명동,경상사고,0,0,1,0,차대사람 - 기타,기타,건조,맑음,단일로 - 기타,승합,남,50세,상해없음,보행자,여,71세,경상
2014102000100412,2014년 10월 20일 15시,월요일,대구광역시 수성구 매호동,중상사고,0,1,1,0,차대차 - 기타,안전거리미확보,건조,맑음,교차로 - 교차로부근,승용,남,28세,상해없음,승합,남,43세,상해없음
2014102000100413,2014년 10월 20일 15시,월요일,대구광역시 수성구 황금동,중상사고,0,1,0,0,차대차 - 기타,안전거리미확보,습기,비,단일로 - 기타,승용,남,72세,상해없음,이륜,남,44세,중상
2014102000100414,2014년 10월 20일 15시,월요일,대구광역시 서구 내당동,경상사고,0,0,1,0,차대차 - 측면직각충돌,신호위반,건조,맑음,교차로 - 교차로안,승용,남,50세,상해없음,이륜,남,50세,경상
2014102000100415,2014년 10월 20일 15시,월요일,대구광역시 북구 국우동,중상사고,0,1,0,0,차대사람 - 기타,안전운전불이행,건조,맑음,단일로 - 기타,승용,여,35세,상해없음,보행자,여,71세,중상
2014102000100473,2014년 10월 20일 17시,월요일,대구광역시 남구 대명동,경상사고,0,0,2,0,차대차 - 추돌 - 주정차중,안전운전불이행,건조,맑음,단일로 - 기타,승용,남,51세,상해없음,승용,여,37세,경상
2014102000100474,2014년 10월 20일 17시,월요일,대구광역시 수성구 황금동,사망사고,1,0,1,0,차대사람 - 횡단중,안전운전불이행,습기,비,단일로 - 기타,이륜,남,18세,경상,보행자,여,85세,사망
2014102000100475,2014년 10월 20일 17시,월요일,대구광역시 달서구 송현동,경상사고,0,0,1,0,차대차 - 기타,안전운전불이행,습기,비,단일로 - 기타,승용,남,43세,상해없음,이륜,남,20세,경상
2014102000100476,2014년 10월 20일 17시,월요일,대구광역시 달서구 대곡동,경상사고,0,0,3,0,차대차 - 측면직각충돌,안전운전불이행,습기,비,교차로 - 교차로부근,원동기,남,31세,경상,원동기,남,17세,경상
2014102000100477,2014년 10월 20일 17시,월요일,대구광역시 서구 평리동,중상사고,0,1,0,0,차대차 - 기타,교차로운행방법위반,습기,비,교차로 - 교차로안,승용,여,41세,상해없음,자전거,남,7세,중상
2014102000100478,2014년 10월 20일 17시,월요일,대구광역시 중구 태평로1가,부상신고사고,0,0,0,1,차대사람 - 기타,안전운전불이행,건조,맑음,단일로 - 기타,승용,남,56세,상해없음,보행자,남,56세,부상신고
2014102000100479,2014년 10월 20일 17시,월요일,대구광역시 달서구 두류동,중상사고,0,1,0,0,차대사람 - 기타,안전운전불이행,습기,비,단일로 - 기타,승용,남,43세,상해없음,보행자,여,20세,중상
2014102000100543,2014년 10월 20일 18시,월요일,대구광역시 수성구 범어동,경상사고,0,0,1,0,차대사람 - 보도통행중,기타,습기,비,기타 - 기타,승용,남,33세,상해없음,보행자,남,61세,경상
2014102000100544,2014년 10월 20일 18시,월요일,대구광역시 달서구 장동,중상사고,0,1,1,0,차대차 - 기타,안전운전불이행,습기,비,교차로 - 교차로부근,승용,남,49세,상해없음,승용,여,47세,중상
2014102000100545,2014년 10월 20일 18시,월요일,대구광역시 서구 내당동,중상사고,0,1,0,0,차대사람 - 기타,보행자보호의무위반,습기,비,교차로 - 교차로안,승합,남,56세,상해없음,보행자,여,65세,중상
2014102000100586,2014년 10월 20일 19시,월요일,대구광역시 달서구 월성동,부상신고사고,0,0,0,1,차대사람 - 횡단중,신호위반,건조,맑음,단일로 - 횡단보도상,승용,기타불명,기타불명,기타불명,보행자,남,11세,부상신고
2014102000100619,2014년 10월 20일 20시,월요일,대구광역시 동구 율하동,중상사고,0,1,0,0,차대사람 - 기타,안전운전불이행,습기,비,교차로 - 교차로안,이륜,남,52세,상해없음,보행자,여,53세,중상
2014102000100620,2014년 10월 20일 20시,월요일,대구광역시 동구 신암동,중상사고,0,1,0,0,차대사람 - 차도통행중,안전운전불이행,습기,비,단일로 - 기타,승용,남,57세,상해없음,보행자,여,78세,중상
2014102000100621,2014년 10월 20일 20시,월요일,대구광역시 서구 평리동,경상사고,0,0,1,0,차대차 - 측면직각충돌,안전운전불이행,습기,비,단일로 - 기타,승용,남,18세,상해없음,승용,남,41세,경상
2014102000100653,2014년 10월 20일 21시,월요일,대구광역시 수성구 범물동,경상사고,0,0,1,0,차대차 - 추돌 - 주정차중,안전운전불이행,습기,비,교차로 - 교차로부근,화물,남,31세,상해없음,승용,여,29세,경상
2014102000100654,2014년 10월 20일 21시,월요일,대구광역시 달서구 본리동,경상사고,0,0,1,0,차대차 - 기타,안전운전불이행,건조,맑음,교차로 - 교차로안,승용,여,33세,상해없음,이륜,남,18세,경상
2014102000100680,2014년 10월 20일 22시,월요일,대구광역시 달서구 용산동,경상사고,0,0,1,0,차대차 - 추돌 - 주정차중,안전운전불이행,건조,맑음,단일로 - 기타,승용,남,30세,상해없음,특수,남,34세,상해없음
2014102000100703,2014년 10월 20일 23시,월요일,대구광역시 동구 율하동,경상사고,0,0,2,0,차대차 - 측면직각충돌,안전운전불이행,습기,비,단일로 - 기타,승합,남,56세,상해없음,승용,남,36세,경상
2014102000100704,2014년 10월 20일 23시,월요일,대구광역시 수성구 상동,중상사고,0,2,2,0,차대차 - 기타,안전운전불이행,습기,비,교차로 - 교차로부근,승용,남,56세,상해없음,승용,남,30세,중상
2014102000100705,2014년 10월 20일 23시,월요일,대구광역시 달서구 용산동,경상사고,0,0,2,0,차대차 - 측면직각충돌,안전운전불이행,습기,비,단일로 - 기타,승용,여,42세,상해없음,이륜,남,20세,경상
2014102100100043,2014년 10월 21일 02시,화요일,대구광역시 수성구 범어동,중상사고,0,3,0,0,차대차 - 기타,안전운전불이행,습기,비,교차로 - 교차로부근,승용,남,40세,상해없음,승용,남,47세,중상
2014102100100044,2014년 10월 21일 02시,화요일,대구광역시 달서구 대천동,부상신고사고,0,0,0,1,차량단독 - 공작물충돌,안전운전불이행,습기,비,단일로 - 기타,승용,남,43세,부상신고,,,,
2014102100100077,2014년 10월 21일 05시,화요일,대구광역시 북구 금호동,경상사고,0,0,1,0,차대차 - 측면직각충돌,안전거리미확보,습기,비,단일로 - 기타,화물,남,45세,상해없음,화물,남,44세,경상
2014102100100079,2014년 10월 21일 05시,화요일,대구광역시 동구 방촌동,경상사고,0,0,1,0,차대사람 - 기타,안전운전불이행,습기,비,단일로 - 기타,화물,남,49세,상해없음,보행자,남,77세,경상
2014102100100117,2014년 10월 21일 07시,화요일,대구광역시 달서구 월암동,경상사고,0,0,2,0,차대차 - 기타,신호위반,건조,맑음,교차로 - 교차로안,승용,남,48세,상해없음,승용,남,63세,경상
2014102100100156,2014년 10월 21일 08시,화요일,대구광역시 수성구 중동,중상사고,0,1,0,0,차대차 - 기타,안전운전불이행,건조,맑음,단일로 - 횡단보도상,승용,여,43세,상해없음,자전거,남,21세,중상
2014102100100157,2014년 10월 21일 08시,화요일,대구광역시 북구 침산동,경상사고,0,0,1,0,차대차 - 기타,안전운전불이행,건조,흐림,교차로 - 교차로부근,승용,남,63세,경상,화물,남,59세,상해없음
2014102100100158,2014년 10월 21일 08시,화요일,대구광역시 북구 읍내동,경상사고,0,0,1,0,차대차 - 추돌 - 주정차중,안전운전불이행,건조,맑음,단일로 - 기타,승용,여,49세,상해없음,승용,남,30세,경상
2014102100100187,2014년 10월 21일 09시,화요일,대구광역시 북구 노원동3가,부상신고사고,0,0,0,1,차대차 - 추돌 - 진행중,안전운전불이행,건조,맑음,단일로 - 횡단보도부근,이륜,남,54세,부상신고,승용,남,23세,상해없음
2014102100100216,2014년 10월 21일 10시,화요일,대구광역시 서구 평리동,경상사고,0,0,1,0,차대차 - 정면충돌,안전운전불이행,건조,맑음,단일로 - 기타,승용,여,50세,상해없음,승용,남,53세,경상
2014102100100238,2014년 10월 21일 11시,화요일,대구광역시 남구 봉덕동,경상사고,0,0,1,0,차대차 - 추돌 - 주정차중,안전운전불이행,건조,맑음,교차로 - 교차로부근,승용,남,39세,상해없음,화물,남,40세,경상
2014102100100239,2014년 10월 21일 11시,화요일,대구광역시 동구 검사동,경상사고,0,0,1,0,차대차 - 추돌 - 진행중,안전운전불이행,건조,맑음,단일로 - 기타,승합,남,45세,상해없음,승합,남,54세,경상
2014102100100261,2014년 10월 21일 12시,화요일,대구광역시 서구 평리동,부상신고사고,0,0,0,1,차대차 - 기타,안전운전불이행,건조,맑음,단일로 - 기타,자전거,남,53세,부상신고,승용,남,46세,상해없음
2014102100100262,2014년 10월 21일 12시,화요일,대구광역시 중구 삼덕동1가,경상사고,0,0,2,0,차대차 - 기타,안전운전불이행,건조,맑음,단일로 - 기타,승용,남,59세,상해없음,승용,여,28세,경상
2014102100100290,2014년 10월 21일 13시,화요일,대구광역시 남구 대명동,경상사고,0,0,1,0,차대차 - 측면직각충돌,안전운전불이행,습기,비,단일로 - 기타,승용,여,54세,상해없음,승용,남,33세,경상
2014102100100291,2014년 10월 21일 13시,화요일,대구광역시 동구 용계동,경상사고,0,0,1,0,차대차 - 추돌 - 진행중,안전운전불이행,건조,맑음,단일로 - 기타,승용,남,79세,상해없음,화물,남,39세,경상
2014102100100292,2014년 10월 21일 13시,화요일,대구광역시 달서구 상인동,경상사고,0,0,1,0,차대차 - 기타,중앙선침범,습기,비,단일로 - 기타,승용,여,32세,상해없음,이륜,남,35세,경상
2014102100100293,2014년 10월 21일 13시,화요일,대구광역시 달서구 대천동,부상신고사고,0,0,0,1,차량단독 - 기타,안전운전불이행,습기,비,교차로 - 교차로부근,원동기,남,31세,부상신고,,,,
2014102100100294,2014년 10월 21일 13시,화요일,대구광역시 중구 삼덕동2가,경상사고,0,0,2,0,차대차 - 추돌 - 주정차중,안전운전불이행,건조,흐림,교차로 - 교차로부근,승용,남,59세,상해없음,승용,여,28세,경상
2014102100100323,2014년 10월 21일 14시,화요일,대구광역시 북구 관음동,중상사고,0,2,0,0,차대차 - 정면충돌,안전운전불이행,습기,흐림,단일로 - 기타,승용,남,53세,중상,승합,남,31세,중상
2014102100100328,2014년 10월 21일 14시,화요일,대구광역시 남구 대명동,경상사고,0,0,4,0,차대차 - 측면직각충돌,직진우회전진행방해,습기,비,교차로 - 교차로안,원동기,남,46세,경상,승용,여,49세,경상
2014102100100372,2014년 10월 21일 15시,화요일,대구광역시 동구 서호동,경상사고,0,0,1,0,차대차 - 기타,안전운전불이행,건조,맑음,단일로 - 기타,승용,남,51세,상해없음,승용,남,44세,경상
2014102100100373,2014년 10월 21일 15시,화요일,대구광역시 북구 산격동,중상사고,0,1,0,0,차대차 - 기타,신호위반,건조,맑음,교차로 - 교차로안,승용,남,49세,상해없음,원동기,남,40세,중상
2014102100100374,2014년 10월 21일 15시,화요일,대구광역시 북구 복현동,경상사고,0,0,3,0,차대차 - 측면직각충돌,신호위반,습기,비,교차로 - 교차로안,승용,남,77세,상해없음,승용,여,35세,경상