사고번호,사고일시,요일,시군구,사고내용,사망자수,중상자수,경상자수,부상신고자수,사고유형,법규위반,노면상태,기상상태,도로형태,가해운전자 차종,가해운전자 성별,가해운전자 연령,가해운전자 상해정도,피해운전자 차종,피해운전자 성별,피해운전자 연령,피해운전자 상해정도
2014102100100376,2014년 10월 21일 15시,화요일,대구광역시 달서구 이곡동,중상사고,0,1,0,0,차대차 - 측면직각충돌,교차로운행방법위반,습기,흐림,교차로 - 교차로안,승용,남,57세,상해없음,이륜,남,45세,중상
2014102100100403,2014년 10월 21일 16시,화요일,대구광역시 동구 동호동,중상사고,0,1,2,0,차대차 - 추돌 - 주정차중,안전운전불이행,습기,비,교차로 - 교차로부근,승용,남,43세,상해없음,승용,여,49세,중상
2014102100100404,2014년 10월 21일 16시,화요일,대구광역시 수성구 황금동,중상사고,0,1,0,0,차대차 - 측면직각충돌,교차로운행방법위반,건조,맑음,교차로 - 교차로안,승합,남,55세,상해없음,자전거,남,12세,중상
2014102100100405,2014년 10월 21일 16시,화요일,대구광역시 동구 신암동,경상사고,0,0,1,0,차대사람 - 차도통행중,안전운전불이행,건조,맑음,단일로 - 기타,이륜,남,50세,상해없음,보행자,여,13세,경상
2014102100100406,2014년 10월 21일 16시,화요일,대구광역시 북구 태전동,중상사고,0,1,0,0,차대차 - 기타,안전운전불이행,건조,맑음,교차로 - 교차로안,자전거,남,74세,중상,승용,여,51세,상해없음
2014102100100442,2014년 10월 21일 17시,화요일,대구광역시 수성구 신매동,경상사고,0,0,1,0,차대사람 - 보도통행중,보행자보호의무위반,습기,비,단일로 - 횡단보도상,승용,남,42세,상해없음,보행자,남,7세,경상
2014102100100443,2014년 10월 21일 17시,화요일,대구광역시 달성군 화원읍,경상사고,0,0,1,0,차대차 - 기타,안전운전불이행,건조,맑음,단일로 - 기타,승용,여,35세,상해없음,승용,남,34세,경상
2014102100100511,2014년 10월 21일 18시,화요일,대구광역시 동구 신암동,중상사고,0,1,3,0,차대차 - 추돌 - 주정차중,안전거리미확보,습기,비,단일로 - 기타,승용,남,53세,상해없음,승용,여,59세,경상
2014102100100512,2014년 10월 21일 18시,화요일,대구광역시 동구 신천동,부상신고사고,0,0,0,1,차량단독 - 기타,안전운전불이행,습기,비,단일로 - 기타,자전거,남,59세,부상신고,,,,
2014102100100513,2014년 10월 21일 18시,화요일,대구광역시 수성구 범어동,중상사고,0,2,0,0,차대사람 - 보도통행중,보행자보호의무위반,습기,비,단일로 - 횡단보도상,이륜,남,36세,중상,보행자,남,24세,중상
2014102100100514,2014년 10월 21일 18시,화요일,대구광역시 달서구 상인동,중상사고,0,1,0,0,차대사람 - 기타,신호위반,건조,맑음,단일로 - 횡단보도상,승용,여,47세,상해없음,보행자,남,65세,중상
2014102100100515,2014년 10월 21일 18시,화요일,대구광역시 중구 대봉동,경상사고,0,0,1,0,차대사람 - 기타,안전운전불이행,습기,비,단일로 - 기타,승용,여,62세,상해없음,보행자,여,47세,경상
2014102100100516,2014년 10월 21일 18시,화요일,대구광역시 달서구 용산동,경상사고,0,0,1,0,차대사람 - 횡단중,안전운전불이행,습기,비,단일로 - 횡단보도부근,승용,여,57세,상해없음,보행자,남,47세,경상
2014102100100573,2014년 10월 21일 19시,화요일,대구광역시 남구 봉덕동,중상사고,0,1,1,0,차대차 - 정면충돌,중앙선침범,습기,비,단일로 - 기타,승용,남,56세,상해없음,승용,여,44세,경상
2014102100100574,2014년 10월 21일 19시,화요일,대구광역시 동구 방촌동,부상신고사고,0,0,0,1,차대차 - 측면직각충돌,안전운전불이행,습기,비,단일로 - 기타,이륜,남,40세,부상신고,승용,여,34세,상해없음
2014102100100575,2014년 10월 21일 19시,화요일,대구광역시 달서구 용산동,경상사고,0,0,1,0,차대차 - 추돌 - 진행중,안전운전불이행,습기,비,단일로 - 기타,승용,남,73세,상해없음,승용,여,28세,경상
2014102100100628,2014년 10월 21일 20시,화요일,대구광역시 남구 대명동,중상사고,0,1,0,0,차대사람 - 기타,안전운전불이행,습기,비,교차로 - 교차로부근,승합,남,49세,상해없음,보행자,여,57세,중상
2014102100100629,2014년 10월 21일 20시,화요일,대구광역시 동구 신서동,경상사고,0,0,1,0,차대사람 - 기타,안전운전불이행,습기,비,단일로 - 기타,승용,남,67세,상해없음,보행자,남,54세,경상
2014102100100630,2014년 10월 21일 20시,화요일,대구광역시 수성구 황금동,경상사고,0,0,2,0,차대차 - 기타,안전운전불이행,건조,맑음,단일로 - 기타,승용,남,33세,상해없음,승용,남,33세,경상
2014102100100681,2014년 10월 21일 21시,화요일,대구광역시 남구 봉덕동,중상사고,0,2,1,0,차대차 - 기타,신호위반,습기,비,교차로 - 교차로안,승용,남,48세,상해없음,승용,여,58세,중상
2014102100100682,2014년 10월 21일 21시,화요일,대구광역시 남구 대명동,중상사고,0,1,0,0,차대사람 - 기타,안전운전불이행,습기,비,단일로 - 횡단보도상,이륜,남,23세,상해없음,보행자,여,45세,중상
2014102100100683,2014년 10월 21일 21시,화요일,대구광역시 동구 용계동,중상사고,0,1,0,0,차대사람 - 횡단중,신호위반,습기,비,교차로 - 교차로부근,승합,남,70세,상해없음,보행자,남,25세,중상
2014102100100684,2014년 10월 21일 21시,화요일,대구광역시 달서구 송현동,경상사고,0,0,1,0,차대차 - 측면직각충돌,중앙선침범,습기,비,단일로 - 기타,승용,여,31세,상해없음,승용,남,36세,경상
2014102100100685,2014년 10월 21일 21시,화요일,대구광역시 달서구 본동,경상사고,0,0,1,2,차대차 - 추돌 - 주정차중,안전운전불이행,기타,비,단일로 - 기타,승용,남,36세,상해없음,승용,남,20세,경상
2014102100100686,2014년 10월 21일 21시,화요일,대구광역시 서구 비산동,경상사고,0,0,2,0,차대차 - 정면충돌,중앙선침범,습기,비,단일로 - 기타,승용,남,26세,경상,승용,남,27세,경상
2014102100100687,2014년 10월 21일 21시,화요일,대구광역시 달서구 본리동,경상사고,0,0,1,0,차대차 - 추돌 - 진행중,안전운전불이행,습기,비,단일로 - 기타,승합,남,30세,상해없음,승용,여,53세,경상
2014102100100733,2014년 10월 21일 22시,화요일,대구광역시 수성구 범물동,중상사고,0,1,0,0,차대사람 - 횡단중,보행자보호의무위반,습기,비,단일로 - 횡단보도상,승용,남,36세,상해없음,보행자,남,16세,중상
2014102100100764,2014년 10월 21일 23시,화요일,대구광역시 서구 내당동,경상사고,0,0,2,0,차대차 - 추돌 - 주정차중,안전운전불이행,습기,비,단일로 - 기타,승용,남,33세,상해없음,승용,남,59세,경상
2014102100100765,2014년 10월 21일 23시,화요일,대구광역시 달서구 호림동,경상사고,0,0,1,0,차대차 - 추돌 - 진행중,안전운전불이행,습기,비,교차로 - 교차로안,승용,남,22세,상해없음,승용,남,27세,경상
2014102100100766,2014년 10월 21일 23시,화요일,대구광역시 북구 태전동,경상사고,0,0,1,0,차대차 - 기타,안전운전불이행,습기,비,단일로 - 기타,승용,남,53세,상해없음,승용,남,52세,상해없음
2014102100100767,2014년 10월 21일 23시,화요일,대구광역시 북구 관음동,중상사고,0,1,5,0,차대차 - 기타,안전운전불이행,습기,비,기타 - 기타,승합,남,24세,상해없음,승용,여,34세,경상
2014102200100026,2014년 10월 22일 00시,수요일,대구광역시 수성구 매호동,부상신고사고,0,0,0,1,차대차 - 추돌 - 주정차중,안전운전불이행,습기,비,교차로 - 교차로부근,승용,남,39세,상해없음,승용,남,53세,상해없음
2014102200100040,2014년 10월 22일 01시,수요일,대구광역시 달서구 유천동,경상사고,0,0,1,0,차대차 - 추돌 - 주정차중,안전운전불이행,습기,비,단일로 - 기타,승용,남,61세,상해없음,승용,남,45세,경상
2014102200100063,2014년 10월 22일 03시,수요일,대구광역시 달서구 이곡동,중상사고,0,1,0,0,차대사람 - 횡단중,보행자보호의무위반,습기,비,교차로 - 교차로부근,화물,남,48세,기타불명,보행자,여,55세,중상
2014102200100073,2014년 10월 22일 04시,수요일,대구광역시 수성구 범물동,경상사고,0,0,2,0,차대차 - 추돌 - 주정차중,교차로운행방법위반,건조,맑음,교차로 - 교차로부근,승용,남,45세,상해없음,승용,여,40세,경상
2014102200100074,2014년 10월 22일 04시,수요일,대구광역시 서구 내당동,경상사고,0,0,1,0,차대차 - 측면직각충돌,교차로운행방법위반,습기,비,단일로 - 기타,승용,남,50세,상해없음,승용,남,65세,상해없음
2014102200100113,2014년 10월 22일 06시,수요일,대구광역시 남구 봉덕동,경상사고,0,0,1,0,차대사람 - 기타,안전운전불이행,습기,비,교차로 - 교차로부근,화물,남,49세,상해없음,보행자,여,65세,경상
2014102200100182,2014년 10월 22일 08시,수요일,대구광역시 달서구 대곡동,경상사고,0,0,1,0,차대차 - 측면직각충돌,안전거리미확보,습기,비,교차로 - 교차로부근,승용,남,26세,상해없음,승용,여,40세,경상
2014102200100229,2014년 10월 22일 10시,수요일,대구광역시 동구 지저동,경상사고,0,0,1,0,차대차 - 기타,중앙선침범,건조,맑음,단일로 - 기타,승용,남,59세,상해없음,승용,남,33세,경상
2014102200100230,2014년 10월 22일 10시,수요일,대구광역시 달서구 상인동,중상사고,0,1,0,0,차대사람 - 기타,안전운전불이행,습기,흐림,단일로 - 기타,승용,남,31세,상해없음,보행자,남,60세,중상
2014102200100287,2014년 10월 22일 12시,수요일,대구광역시 동구 율하동,경상사고,0,0,3,0,차대차 - 측면직각충돌,신호위반,습기,비,교차로 - 교차로부근,승용,남,61세,상해없음,화물,남,47세,경상
2014102200100288,2014년 10월 22일 12시,수요일,대구광역시 북구 노원동2가,중상사고,0,1,0,0,차대차 - 측면직각충돌,교차로운행방법위반,건조,맑음,교차로 - 교차로안,화물,남,52세,상해없음,자전거,남,60세,중상
2014102200100289,2014년 10월 22일 12시,수요일,대구광역시 북구 태전동,경상사고,0,0,1,0,차대차 - 추돌 - 진행중,안전운전불이행,건조,맑음,단일로 - 기타,승용,여,38세,상해없음,이륜,남,22세,경상
2014102200100316,2014년 10월 22일 13시,수요일,대구광역시 수성구 만촌동,경상사고,0,0,1,0,차량단독 - 기타,안전운전불이행,건조,맑음,단일로 - 기타,승합,남,44세,상해없음,,,,
2014102200100317,2014년 10월 22일 13시,수요일,대구광역시 달서구 신당동,경상사고,0,0,1,0,차대차 - 기타,안전운전불이행,건조,맑음,단일로 - 기타,화물,남,45세,상해없음,자전거,남,16세,경상
2014102200100318,2014년 10월 22일 13시,수요일,대구광역시 달서구 본리동,경상사고,0,0,3,0,차대차 - 측면직각충돌,안전운전불이행,건조,맑음,단일로 - 기타,승용,남,48세,상해없음,승용,남,22세,경상
2014102200100319,2014년 10월 22일 13시,수요일,대구광역시 달서구 호산동,경상사고,0,0,1,0,차대차 - 측면직각충돌,신호위반,습기,비,교차로 - 교차로부근,승용,여,33세,상해없음,승용,남,29세,경상
2014102200100347,2014년 10월 22일 14시,수요일,대구광역시 동구 신천동,중상사고,0,2,0,0,차대차 - 기타,안전거리미확보,건조,맑음,교차로 - 교차로부근,승용,남,56세,상해없음,승용,여,50세,중상
2014102200100386,2014년 10월 22일 15시,수요일,대구광역시 달성군 다사읍,중상사고,0,1,0,0,차대차 - 기타,안전운전불이행,건조,맑음,단일로 - 기타,화물,남,55세,상해없음,자전거,남,18세,중상
2014102200100387,2014년 10월 22일 15시,수요일,대구광역시 중구 대신동,경상사고,0,0,1,0,차대사람 - 차도통행중,안전운전불이행,건조,맑음,단일로 - 기타,자전거,남,59세,상해없음,보행자,여,58세,경상
2014102200100420,2014년 10월 22일 16시,수요일,대구광역시 동구 지묘동,경상사고,0,0,2,0,차대차 - 기타,안전운전불이행,건조,맑음,단일로 - 기타,승용,여,29세,상해없음,화물,여,53세,경상
2014102200100421,2014년 10월 22일 16시,수요일,대구광역시 달성군 논공읍,중상사고,0,3,0,0,차대차 - 측면직각충돌,직진우회전진행방해,건조,맑음,교차로 - 교차로안,승용,여,67세,중상,승용,남,62세,중상
2014102200100422,2014년 10월 22일 16시,수요일,대구광역시 북구 침산동,경상사고,0,0,1,0,차대사람 - 길가장자리구역통행중,안전운전불이행,건조,맑음,단일로 - 기타,화물,남,39세,상해없음,보행자,남,53세,경상
2014102200100423,2014년 10월 22일 16시,수요일,대구광역시 북구 복현동,경상사고,0,0,1,0,차대차 - 측면직각충돌,안전운전불이행,건조,맑음,교차로 - 교차로안,승용,남,45세,상해없음,자전거,남,14세,경상
2014102200100507,2014년 10월 22일 18시,수요일,대구광역시 남구 봉덕동,중상사고,0,1,0,0,차대차 - 추돌 - 주정차중,안전운전불이행,건조,맑음,단일로 - 기타,승용,남,47세,상해없음,화물,남,36세,중상
2014102200100508,2014년 10월 22일 18시,수요일,대구광역시 남구 봉덕동,중상사고,0,2,1,0,차대차 - 기타,안전운전불이행,건조,맑음,교차로 - 교차로부근,화물,남,55세,상해없음,승용,남,60세,중상
2014102200100509,2014년 10월 22일 18시,수요일,대구광역시 동구 각산동,경상사고,0,0,3,0,차대차 - 기타,안전운전불이행,건조,맑음,교차로 - 교차로부근,승용,남,63세,상해없음,승용,여,25세,경상
2014102200100510,2014년 10월 22일 18시,수요일,대구광역시 수성구 만촌동,중상사고,0,1,0,0,차대차 - 추돌 - 진행중,안전거리미확보,건조,맑음,단일로 - 기타,승용,여,53세,상해없음,원동기,남,38세,중상
2014102200100511,2014년 10월 22일 18시,수요일,대구광역시 수성구 지산동,경상사고,0,0,1,0,차대사람 - 기타,안전운전불이행,건조,맑음,단일로 - 기타,승용,남,66세,기타불명,보행자,여,83세,경상
2014102200100513,2014년 10월 22일 18시,수요일,대구광역시 달성군 논공읍,중상사고,0,1,1,0,차대차 - 측면직각충돌,안전거리미확보,건조,맑음,단일로 - 기타,승용,남,28세,경상,승용,여,43세,중상
2014102200100514,2014년 10월 22일 18시,수요일,대구광역시 북구 노원동1가,경상사고,0,0,1,0,차대사람 - 기타,안전운전불이행,건조,맑음,단일로 - 기타,승용,남,54세,상해없음,보행자,여,52세,경상
2014102200100515,2014년 10월 22일 18시,수요일,대구광역시 서구 평리동,중상사고,0,1,1,0,차대차 - 기타,안전운전불이행,건조,맑음,단일로 - 기타,승용,남,54세,상해없음,이륜,남,67세,경상
2014102200100516,2014년 10월 22일 18시,수요일,대구광역시 서구 평리동,중상사고,0,1,0,0,차대사람 - 횡단중,안전운전불이행,건조,맑음,교차로 - 교차로안,화물,남,40세,상해없음,보행자,남,72세,중상
2014102200100517,2014년 10월 22일 18시,수요일,대구광역시 중구 종로1가,경상사고,0,0,2,0,차대차 - 기타,안전운전불이행,건조,맑음,교차로 - 교차로안,승용,남,25세,상해없음,이륜,남,17세,경상
2014102200100566,2014년 10월 22일 19시,수요일,대구광역시 남구 대명동,경상사고,0,0,1,0,차대사람 - 기타,안전운전불이행,건조,맑음,단일로 - 기타,승용,여,32세,상해없음,보행자,남,67세,경상
2014102200100567,2014년 10월 22일 19시,수요일,대구광역시 달서구 용산동,부상신고사고,0,0,0,1,차대차 - 기타,안전거리미확보,건조,맑음,단일로 - 기타,승용,여,36세,상해없음,이륜,남,19세,상해없음
2014102200100591,2014년 10월 22일 20시,수요일,대구광역시 중구 대신동,중상사고,0,1,0,0,차대사람 - 횡단중,안전운전불이행,건조,맑음,단일로 - 기타,승용,남,55세,상해없음,보행자,여,51세,중상
2014102200100626,2014년 10월 22일 21시,수요일,대구광역시 수성구 범어동,경상사고,0,0,1,0,차대차 - 추돌 - 주정차중,안전운전불이행,건조,맑음,교차로 - 교차로부근,승용,남,41세,상해없음,승용,남,56세,경상
2014102200100627,2014년 10월 22일 21시,수요일,대구광역시 달성군 다사읍,중상사고,0,1,3,0,차대차 - 추돌 - 진행중,안전운전불이행,건조,맑음,교차로 - 교차로부근,승용,남,33세,상해없음,승용,남,30세,중상
2014102200100628,2014년 10월 22일 21시,수요일,대구광역시 서구 평리동,중상사고,0,1,0,0,차대차 - 기타,안전운전불이행,건조,맑음,단일로 - 기타,이륜,남,47세,중상,승용,남,59세,상해없음
2014102200100629,2014년 10월 22일 21시,수요일,대구광역시 중구 공평동,부상신고사고,0,0,0,2,차대차 - 추돌 - 진행중,안전운전불이행,건조,맑음,단일로 - 기타,기타불명,기타불명,기타불명,기타불명,승용,남,56세,상해없음
2014102200100630,2014년 10월 22일 21시,수요일,대구광역시 달서구 호림동,경상사고,0,0,2,0,차대차 - 기타,안전운전불이행,건조,맑음,단일로 - 기타,승용,남,55세,상해없음,승용,남,35세,경상
2014102200100631,2014년 10월 22일 21시,수요일,대구광역시 달서구 호산동,경상사고,0,0,2,0,차대차 - 측면직각충돌,중앙선침범,건조,맑음,교차로 - 교차로부근,승용,남,38세,경상,승용,여,47세,경상
2014102200100663,2014년 10월 22일 22시,수요일,대구광역시 남구 봉덕동,경상사고,0,0,1,0,차대차 - 기타,중앙선침범,건조,맑음,단일로 - 기타,승합,남,54세,상해없음,승용,남,60세,경상
2014102200100664,2014년 10월 22일 22시,수요일,대구광역시 달서구 두류동,중상사고,0,1,0,0,차대사람 - 횡단중,안전운전불이행,건조,맑음,교차로 - 교차로안,승용,남,51세,상해없음,보행자,남,53세,중상
2014102200100665,2014년 10월 22일 22시,수요일,대구광역시 달서구 용산동,경상사고,0,0,2,0,차대차 - 추돌 - 진행중,교차로운행방법위반,건조,맑음,단일로 - 기타,승용,남,56세,상해없음,승합,여,40세,경상
2014102300100011,2014년 10월 23일 00시,목요일,대구광역시 동구 신천동,경상사고,0,0,1,0,차대차 - 측면직각충돌,안전운전불이행,건조,맑음,교차로 - 교차로안,화물,남,63세,상해없음,승용,여,39세,경상
2014102300100046,2014년 10월 23일 04시,목요일,대구광역시 달서구 용산동,경상사고,0,0,1,0,차대차 - 기타,안전운전불이행,건조,맑음,교차로 - 교차로부근,승용,남,26세,상해없음,승용,남,52세,경상
2014102300100094,2014년 10월 23일 07시,목요일,대구광역시 달서구 본리동,경상사고,0,0,1,0,차대차 - 기타,안전운전불이행,건조,맑음,단일로 - 기타,승용,남,48세,상해없음,자전거,남,29세,경상
2014102300100151,2014년 10월 23일 08시,목요일,대구광역시 동구 신서동,경상사고,0,0,1,0,차대사람 - 기타,보행자보호의무위반,건조,맑음,단일로 - 횡단보도상,승합,남,55세,상해없음,보행자,남,5세,경상
2014102300100152,2014년 10월 23일 08시,목요일,대구광역시 달서구 대곡동,부상신고사고,0,0,0,1,차대차 - 측면직각충돌,안전운전불이행,건조,맑음,교차로 - 교차로안,승용,남,32세,상해없음,승용,여,50세,부상신고
2014102300100153,2014년 10월 23일 08시,목요일,대구광역시 중구 대신동,경상사고,0,0,1,0,차대사람 - 기타,안전운전불이행,건조,맑음,단일로 - 기타,승용,남,58세,상해없음,보행자,여,69세,경상
2014102300100154,2014년 10월 23일 08시,목요일,대구광역시 달서구 용산동,중상사고,0,1,0,0,차대차 - 추돌 - 진행중,안전거리미확보,건조,맑음,단일로 - 기타,원동기,남,80세,중상,승용,여,31세,상해없음
2014102300100185,2014년 10월 23일 09시,목요일,대구광역시 수성구 이천동,중상사고,0,1,1,0,차대차 - 추돌 - 주정차중,안전운전불이행,건조,맑음,교차로 - 교차로부근,이륜,남,26세,중상,승용,남,27세,경상
2014102300100186,2014년 10월 23일 09시,목요일,대구광역시 중구 동인동4가,중상사고,0,1,0,0,차대차 - 측면직각충돌,안전운전불이행,건조,맑음,교차로 - 교차로안,화물,남,54세,상해없음,원동기,남,58세,중상
2014102300100187,2014년 10월 23일 09시,목요일,대구광역시 북구 조야동,경상사고,0,0,1,0,차대차 - 정면충돌,중앙선침범,건조,맑음,단일로 - 기타,승용,남,53세,상해없음,승용,남,42세,경상
2014102300100223,2014년 10월 23일 10시,목요일,대구광역시 수성구 만촌동,경상사고,0,0,1,0,차대차 - 기타,안전거리미확보,건조,맑음,단일로 - 기타,승용,남,62세,상해없음,이륜,남,42세,경상
2014102300100224,2014년 10월 23일 10시,목요일,대구광역시 북구 서변동,중상사고,0,2,2,0,차대차 - 추돌 - 주정차중,안전운전불이행,건조,맑음,단일로 - 교량,화물,남,40세,상해없음,승용,남,56세,중상
2014102300100259,2014년 10월 23일 11시,목요일,대구광역시 남구 봉덕동,경상사고,0,0,1,0,차대차 - 측면직각충돌,중앙선침범,건조,맑음,단일로 - 기타,자전거,남,61세,경상,승용,남,63세,상해없음
2014102300100260,2014년 10월 23일 11시,목요일,대구광역시 수성구 범어동,경상사고,0,0,2,0,차대차 - 기타,안전운전불이행,건조,맑음,단일로 - 기타,승용,여,43세,상해없음,화물,남,47세,경상
2014102300100261,2014년 10월 23일 11시,목요일,대구광역시 수성구 지산동,경상사고,0,0,1,0,차대차 - 기타,교차로운행방법위반,건조,맑음,교차로 - 교차로안,화물,남,24세,상해없음,승용,남,46세,경상
2014102300100262,2014년 10월 23일 11시,목요일,대구광역시 달서구 도원동,경상사고,0,0,1,0,차대사람 - 횡단중,보행자보호의무위반,건조,맑음,단일로 - 횡단보도상,화물,남,71세,상해없음,보행자,남,72세,경상
2014102300100263,2014년 10월 23일 11시,목요일,대구광역시 북구 산격동,경상사고,0,0,1,0,차대차 - 기타,안전운전불이행,건조,맑음,교차로 - 교차로안,승용,여,67세,상해없음,자전거,남,67세,경상
2014102300100288,2014년 10월 23일 12시,목요일,대구광역시 달서구 본동,중상사고,0,1,0,0,차대차 - 측면직각충돌,안전거리미확보,건조,맑음,단일로 - 기타,승용,남,32세,상해없음,이륜,남,39세,중상
2014102300100289,2014년 10월 23일 12시,목요일,대구광역시 서구 비산동,중상사고,0,1,0,0,차대차 - 측면직각충돌,신호위반,건조,맑음,교차로 - 교차로안,승용,여,37세,상해없음,이륜,여,57세,중상
2014102300100290,2014년 10월 23일 12시,목요일,대구광역시 중구 수동,경상사고,0,0,1,0,차대사람 - 보도통행중,안전운전불이행,건조,맑음,단일로 - 기타,승용,여,60세,상해없음,보행자,남,17세,경상
2014102300100326,2014년 10월 23일 13시,목요일,대구광역시 달서구 성당동,경상사고,0,0,1,0,차대사람 - 횡단중,신호위반,건조,맑음,교차로 - 교차로안,승용,남,57세,상해없음,보행자,여,50세,경상
2014102300100359,2014년 10월 23일 14시,목요일,대구광역시 동구 신천동,경상사고,0,0,1,0,차대사람 - 차도통행중,안전운전불이행,건조,맑음,단일로 - 기타,승용,여,51세,상해없음,보행자,남,18세,경상
2014102300100360,2014년 10월 23일 14시,목요일,대구광역시 수성구 만촌동,경상사고,0,0,1,0,차대사람 - 횡단중,신호위반,건조,맑음,단일로 - 횡단보도상,승용,여,50세,상해없음,보행자,남,8세,경상
2014102300100361,2014년 10월 23일 14시,목요일,대구광역시 수성구 사월동,경상사고,0,0,1,0,차대차 - 기타,안전거리미확보,건조,맑음,단일로 - 기타,화물,남,38세,상해없음,승합,남,42세,상해없음
2014102300100362,2014년 10월 23일 14시,목요일,대구광역시 중구 상서동,경상사고,0,0,1,0,차대사람 - 기타,안전운전불이행,건조,맑음,단일로 - 기타,승용,여,51세,상해없음,보행자,남,81세,경상
2014102300100398,2014년 10월 23일 15시,목요일,대구광역시 수성구 가천동,경상사고,0,0,2,0,차대차 - 기타,안전거리미확보,건조,맑음,단일로 - 기타,화물,남,39세,상해없음,화물,남,43세,경상
2014102300100399,2014년 10월 23일 15시,목요일,대구광역시 달서구 본동,부상신고사고,0,0,0,1,차대차 - 측면직각충돌,신호위반,건조,맑음,교차로 - 교차로안,기타불명,기타불명,기타불명,기타불명,자전거,남,12세,부상신고
2014102300100431,2014년 10월 23일 16시,목요일,대구광역시 동구 평광동,경상사고,0,0,5,0,차대차 - 추돌 - 주정차중,안전거리미확보,건조,맑음,단일로 - 기타,화물,남,37세,경상,화물,남,59세,경상
2014102300100435,2014년 10월 23일 16시,목요일,대구광역시 남구 봉덕동,부상신고사고,0,0,0,1,차대차 - 기타,신호위반,건조,맑음,교차로 - 교차로안,원동기,남,22세,부상신고,승용,남,61세,상해없음
2014102300100436,2014년 10월 23일 16시,목요일,대구광역시 동구 율하동,경상사고,0,0,2,0,차대사람 - 횡단중,중앙선침범,건조,맑음,단일로 - 기타,승용,남,64세,상해없음,보행자,여,83세,경상
2014102300100437,2014년 10월 23일 16시,목요일,대구광역시 수성구 지산동,경상사고,0,0,1,0,차대차 - 기타,안전운전불이행,건조,맑음,교차로 - 교차로안,승용,여,43세,상해없음,자전거,남,52세,경상
2014102300100438,2014년 10월 23일 16시,목요일,대구광역시 수성구 지산동,중상사고,0,1,0,0,차대사람 - 기타,안전운전불이행,건조,맑음,교차로 - 교차로부근,화물,남,41세,상해없음,보행자,여,62세,중상
2014102300100439,2014년 10월 23일 16시,목요일,대구광역시 달성군 구지면,중상사고,0,1,0,0,차대차 - 기타,신호위반,건조,맑음,교차로 - 교차로안,원동기,남,78세,중상,승용,남,50세,상해없음
2014102300100440,2014년 10월 23일 16시,목요일,대구광역시 서구 평리동,중상사고,0,1,1,0,차대차 - 측면직각충돌,신호위반,건조,맑음,단일로 - 횡단보도상,이륜,남,17세,경상,자전거,남,72세,중상
2014102300100441,2014년 10월 23일 16시,목요일,대구광역시 달서구 두류동,중상사고,0,1,0,0,차대차 - 기타,교차로운행방법위반,건조,맑음,교차로 - 교차로안,승용,남,74세,상해없음,이륜,여,44세,중상
2014102300100442,2014년 10월 23일 16시,목요일,대구광역시 달서구 감삼동,경상사고,0,0,1,0,차대차 - 추돌 - 진행중,신호위반,건조,맑음,교차로 - 교차로안,화물,남,65세,상해없음,승용,여,59세,경상
2014102300100490,2014년 10월 23일 17시,목요일,대구광역시 동구 신암동,경상사고,0,0,2,0,차대차 - 측면직각충돌,교차로운행방법위반,건조,맑음,교차로 - 교차로안,승용,남,32세,상해없음,자전거,여,33세,경상
2014102300100543,2014년 10월 23일 18시,목요일,대구광역시 수성구 황금동,경상사고,0,0,1,0,차대차 - 기타,안전운전불이행,건조,맑음,교차로 - 교차로부근,승용,남,27세,상해없음,승용,남,51세,경상
2014102300100583,2014년 10월 23일 19시,목요일,대구광역시 달서구 월암동,경상사고,0,0,1,0,차대차 - 측면직각충돌,안전운전불이행,건조,맑음,교차로 - 교차로안,승용,여,46세,상해없음,자전거,남,53세,경상
2014102300100584,2014년 10월 23일 19시,목요일,대구광역시 북구 동천동,경상사고,0,0,1,0,차대차 - 측면직각충돌,신호위반,건조,맑음,교차로 - 교차로안,승용,여,41세,상해없음,이륜,남,18세,경상
2014102300100622,2014년 10월 23일 20시,목요일,대구광역시 달서구 용산동,경상사고,0,0,2,0,차대차 - 기타,안전운전불이행,건조,맑음,교차로 - 교차로안,승용,남,46세,상해없음,이륜,남,17세,경상
2014102300100623,2014년 10월 23일 20시,목요일,대구광역시 달서구 이곡동,경상사고,0,0,1,0,차대차 - 측면직각충돌,안전운전불이행,건조,맑음,교차로 - 교차로안,승용,남,54세,상해없음,이륜,남,49세,경상
2014102300100651,2014년 10월 23일 21시,목요일,대구광역시 달서구 월성동,부상신고사고,0,0,0,1,차대차 - 기타,안전운전불이행,건조,맑음,단일로 - 횡단보도상,승용,남,62세,상해없음,자전거,남,21세,부상신고
2014102300100652,2014년 10월 23일 21시,목요일,대구광역시 달성군 현풍면,중상사고,0,1,0,0,차대사람 - 보도통행중,보행자보호의무위반,건조,맑음,교차로 - 교차로안,승용,남,26세,상해없음,보행자,여,13세,중상
2014102300100653,2014년 10월 23일 21시,목요일,대구광역시 북구 노원동1가,경상사고,0,0,1,0,차대차 - 기타,안전운전불이행,건조,맑음,교차로 - 교차로부근,승용,여,62세,상해없음,원동기,남,49세,경상