사고번호,사고일시,요일,시군구,사고내용,사망자수,중상자수,경상자수,부상신고자수,사고유형,법규위반,노면상태,기상상태,도로형태,가해운전자 차종,가해운전자 성별,가해운전자 연령,가해운전자 상해정도,피해운전자 차종,피해운전자 성별,피해운전자 연령,피해운전자 상해정도
2014102700100056,2014년 10월 27일 05시,월요일,대구광역시 달성군 논공읍,경상사고,0,0,1,0,차대사람 - 차도통행중,안전운전불이행,기타,안개,단일로 - 기타,화물,남,65세,상해없음,보행자,남,29세,경상
2014102700100067,2014년 10월 27일 06시,월요일,대구광역시 달서구 도원동,중상사고,0,1,0,0,차대사람 - 기타,안전운전불이행,건조,맑음,교차로 - 교차로부근,승용,남,56세,상해없음,보행자,남,28세,중상
2014102700100095,2014년 10월 27일 07시,월요일,대구광역시 남구 대명동,경상사고,0,0,1,0,차대차 - 기타,안전운전불이행,건조,맑음,교차로 - 교차로안,승용,남,47세,상해없음,자전거,남,15세,경상
2014102700100096,2014년 10월 27일 07시,월요일,대구광역시 중구 대봉동,중상사고,0,1,0,0,차대사람 - 기타,보행자보호의무위반,건조,맑음,단일로 - 횡단보도상,자전거,남,18세,상해없음,보행자,여,72세,중상
2014102700100137,2014년 10월 27일 08시,월요일,대구광역시 달서구 본동,경상사고,0,0,1,0,차대차 - 기타,안전운전불이행,건조,맑음,단일로 - 기타,승합,남,54세,상해없음,승합,남,58세,상해없음
2014102700100177,2014년 10월 27일 09시,월요일,대구광역시 달성군 구지면,경상사고,0,0,2,0,차대차 - 기타,안전거리미확보,건조,맑음,교차로 - 교차로안,건설기계,남,62세,경상,승용,남,70세,경상
2014102700100178,2014년 10월 27일 09시,월요일,대구광역시 달서구 장기동,중상사고,0,1,0,0,차대차 - 추돌 - 진행중,안전운전불이행,건조,맑음,단일로 - 기타,화물,남,48세,상해없음,승용,여,46세,중상
2014102700100216,2014년 10월 27일 10시,월요일,대구광역시 달성군 논공읍,부상신고사고,0,0,0,1,차대차 - 추돌 - 진행중,안전운전불이행,건조,맑음,교차로 - 교차로안,이륜,남,61세,부상신고,승용,남,57세,상해없음
2014102700100247,2014년 10월 27일 11시,월요일,대구광역시 남구 이천동,중상사고,0,1,0,0,차대차 - 측면직각충돌,신호위반,건조,맑음,교차로 - 교차로안,승용,남,32세,상해없음,승용,남,35세,중상
2014102700100248,2014년 10월 27일 11시,월요일,대구광역시 수성구 범물동,중상사고,0,1,4,0,차대차 - 기타,신호위반,건조,맑음,교차로 - 교차로안,승용,여,53세,상해없음,승용,여,32세,중상
2014102700100249,2014년 10월 27일 11시,월요일,대구광역시 북구 칠성동1가,경상사고,0,0,1,0,차대차 - 기타,안전운전불이행,건조,맑음,단일로 - 횡단보도상,승용,남,59세,상해없음,자전거,남,56세,경상
2014102700100284,2014년 10월 27일 12시,월요일,대구광역시 중구 대신동,경상사고,0,0,2,0,차대차 - 추돌 - 주정차중,안전운전불이행,건조,맑음,단일로 - 기타,승용,여,58세,상해없음,승용,여,55세,경상
2014102700100330,2014년 10월 27일 13시,월요일,대구광역시 북구 읍내동,중상사고,0,1,0,0,차대사람 - 횡단중,안전운전불이행,건조,맑음,단일로 - 기타,승용,남,30세,상해없음,보행자,여,74세,중상
2014102700100362,2014년 10월 27일 14시,월요일,대구광역시 달성군 화원읍,경상사고,0,0,1,0,차대사람 - 기타,안전운전불이행,건조,맑음,단일로 - 기타,승용,남,46세,상해없음,보행자,여,11세,경상
2014102700100396,2014년 10월 27일 15시,월요일,대구광역시 서구 평리동,부상신고사고,0,0,0,1,차대차 - 추돌 - 진행중,안전거리미확보,건조,맑음,단일로 - 기타,승용,여,56세,상해없음,이륜,남,44세,부상신고
2014102700100433,2014년 10월 27일 16시,월요일,대구광역시 남구 봉덕동,경상사고,0,0,3,0,차대차 - 측면직각충돌,안전거리미확보,건조,맑음,교차로 - 교차로부근,승용,남,66세,경상,승용,남,30세,경상
2014102700100434,2014년 10월 27일 16시,월요일,대구광역시 수성구 신매동,경상사고,0,0,1,0,차대차 - 기타,안전운전불이행,건조,맑음,교차로 - 교차로안,승용,여,53세,상해없음,승용,남,37세,경상
2014102700100435,2014년 10월 27일 16시,월요일,대구광역시 수성구 중동,경상사고,0,0,2,0,차대차 - 기타,안전운전불이행,건조,맑음,단일로 - 기타,승용,남,66세,상해없음,승용,여,34세,경상
2014102700100436,2014년 10월 27일 16시,월요일,대구광역시 서구 평리동,경상사고,0,0,4,0,차대차 - 추돌 - 주정차중,안전거리미확보,건조,맑음,단일로 - 기타,화물,남,50세,상해없음,승용,남,71세,경상
2014102700100437,2014년 10월 27일 16시,월요일,대구광역시 달서구 성당동,경상사고,0,0,1,0,차대사람 - 차도통행중,안전운전불이행,건조,맑음,단일로 - 기타,화물,남,53세,상해없음,보행자,남,8세,경상
2014102700100484,2014년 10월 27일 17시,월요일,대구광역시 동구 지저동,경상사고,0,0,4,0,차대차 - 측면직각충돌,차로위반,건조,맑음,교차로 - 교차로부근,승용,남,48세,상해없음,승용,남,61세,경상
2014102700100485,2014년 10월 27일 17시,월요일,대구광역시 북구 노원동2가,경상사고,0,0,1,0,차대차 - 기타,안전운전불이행,건조,맑음,단일로 - 기타,승합,남,56세,상해없음,이륜,남,52세,경상
2014102700100486,2014년 10월 27일 17시,월요일,대구광역시 서구 평리동,경상사고,0,0,1,0,차대사람 - 길가장자리구역통행중,안전운전불이행,건조,맑음,단일로 - 기타,승용,여,37세,상해없음,보행자,여,65세,경상
2014102700100543,2014년 10월 27일 18시,월요일,대구광역시 중구 태평로3가,중상사고,0,1,2,0,차대차 - 추돌 - 진행중,안전운전불이행,건조,맑음,단일로 - 기타,승용,여,54세,경상,승용,남,47세,상해없음
2014102700100580,2014년 10월 27일 19시,월요일,대구광역시 달서구 본동,부상신고사고,0,0,0,1,차대차 - 측면직각충돌,안전거리미확보,건조,맑음,단일로 - 기타,원동기,남,32세,부상신고,승용,남,61세,상해없음
2014102700100581,2014년 10월 27일 19시,월요일,대구광역시 달성군 화원읍,부상신고사고,0,0,0,1,차대사람 - 기타,안전운전불이행,건조,맑음,교차로 - 교차로안,기타불명,기타불명,기타불명,기타불명,보행자,남,14세,부상신고
2014102700100582,2014년 10월 27일 19시,월요일,대구광역시 달서구 성당동,경상사고,0,0,1,0,차대차 - 기타,안전거리미확보,건조,맑음,교차로 - 교차로안,승용,남,56세,상해없음,이륜,남,30세,경상
2014102700100583,2014년 10월 27일 19시,월요일,대구광역시 달서구 성당동,중상사고,0,1,0,0,차대차 - 추돌 - 주정차중,안전운전불이행,건조,맑음,단일로 - 기타,승용,남,62세,상해없음,승용,남,44세,중상
2014102700100584,2014년 10월 27일 19시,월요일,대구광역시 북구 관음동,경상사고,0,0,1,0,차대사람 - 보도통행중,안전운전불이행,건조,맑음,단일로 - 기타,승용,남,55세,상해없음,보행자,여,19세,경상
2014102700100645,2014년 10월 27일 21시,월요일,대구광역시 남구 봉덕동,중상사고,0,1,0,0,차량단독 - 전도전복,안전운전불이행,건조,맑음,단일로 - 기타,원동기,남,63세,중상,,,,
2014102700100646,2014년 10월 27일 21시,월요일,대구광역시 수성구 만촌동,부상신고사고,0,0,0,1,차대차 - 기타,안전운전불이행,건조,맑음,교차로 - 교차로안,승용,여,38세,부상신고,승용,여,58세,상해없음
2014102700100670,2014년 10월 27일 22시,월요일,대구광역시 서구 내당동,중상사고,0,1,0,0,차대사람 - 횡단중,안전운전불이행,건조,맑음,교차로 - 교차로안,승용,남,50세,상해없음,보행자,남,64세,중상
2014102700100671,2014년 10월 27일 22시,월요일,대구광역시 중구 삼덕동2가,경상사고,0,0,1,0,차대사람 - 기타,안전운전불이행,건조,맑음,단일로 - 횡단보도상,승용,남,71세,상해없음,보행자,여,17세,경상
2014102700100672,2014년 10월 27일 22시,월요일,대구광역시 달서구 장기동,경상사고,0,0,2,0,차대차 - 추돌 - 주정차중,안전운전불이행,건조,맑음,교차로 - 교차로부근,승용,남,46세,상해없음,승용,남,40세,경상
2014102700100691,2014년 10월 27일 23시,월요일,대구광역시 수성구 범어동,부상신고사고,0,0,0,1,차량단독 - 기타,안전운전불이행,건조,맑음,단일로 - 기타,이륜,남,37세,부상신고,,,,
2014102800100012,2014년 10월 28일 00시,화요일,대구광역시 서구 중리동,경상사고,0,0,1,0,차대사람 - 기타,안전운전불이행,건조,맑음,단일로 - 기타,승용,남,41세,상해없음,보행자,남,46세,경상
2014102800100023,2014년 10월 28일 01시,화요일,대구광역시 동구 검사동,경상사고,0,0,2,0,차대차 - 기타,교차로운행방법위반,건조,맑음,교차로 - 교차로안,승용,남,69세,상해없음,승용,남,21세,경상
2014102800100034,2014년 10월 28일 02시,화요일,대구광역시 남구 대명동,중상사고,0,1,0,0,차대차 - 정면충돌,신호위반,건조,맑음,교차로 - 교차로안,승용,남,58세,상해없음,승용,남,73세,중상
2014102800100051,2014년 10월 28일 05시,화요일,대구광역시 북구 복현동,사망사고,1,0,0,0,차대사람 - 횡단중,안전운전불이행,건조,맑음,교차로 - 교차로안,승용,여,62세,상해없음,보행자,남,74세,사망
2014102800100052,2014년 10월 28일 05시,화요일,대구광역시 서구 내당동,중상사고,0,1,0,0,차대사람 - 차도통행중,안전운전불이행,건조,맑음,교차로 - 교차로부근,승용,남,47세,상해없음,보행자,남,48세,중상
2014102800100095,2014년 10월 28일 07시,화요일,대구광역시 동구 용계동,경상사고,0,0,1,0,차대차 - 측면직각충돌,안전거리미확보,건조,맑음,단일로 - 기타,승용,남,32세,상해없음,승용,남,41세,경상
2014102800100146,2014년 10월 28일 08시,화요일,대구광역시 동구 지저동,경상사고,0,0,1,1,차대차 - 추돌 - 진행중,안전거리미확보,건조,맑음,단일로 - 기타,이륜,남,16세,부상신고,승용,여,34세,경상
2014102800100147,2014년 10월 28일 08시,화요일,대구광역시 수성구 사월동,경상사고,0,0,1,0,차대차 - 기타,안전운전불이행,건조,맑음,단일로 - 기타,승용,남,50세,상해없음,자전거,남,65세,경상
2014102800100148,2014년 10월 28일 08시,화요일,대구광역시 중구 공평동,중상사고,0,1,0,0,차대차 - 기타,신호위반,건조,맑음,교차로 - 교차로안,승용,남,36세,상해없음,승용,여,41세,중상
2014102800100149,2014년 10월 28일 08시,화요일,대구광역시 달서구 신당동,경상사고,0,0,1,0,차대차 - 측면직각충돌,신호위반,건조,맑음,교차로 - 교차로안,자전거,남,22세,경상,승용,여,38세,상해없음
2014102800100150,2014년 10월 28일 08시,화요일,대구광역시 북구 구암동,경상사고,0,0,1,0,차대차 - 기타,교차로운행방법위반,건조,맑음,기타 - 기타,승용,남,48세,상해없음,승용,여,42세,경상
2014102800100180,2014년 10월 28일 09시,화요일,대구광역시 수성구 수성동2가,중상사고,0,1,0,0,차대차 - 기타,안전거리미확보,건조,맑음,교차로 - 교차로안,화물,남,46세,상해없음,원동기,남,30세,중상
2014102800100181,2014년 10월 28일 09시,화요일,대구광역시 수성구 두산동,경상사고,0,0,1,0,차대차 - 기타,신호위반,건조,맑음,단일로 - 횡단보도상,승용,여,49세,상해없음,자전거,여,48세,경상
2014102800100182,2014년 10월 28일 09시,화요일,대구광역시 북구 침산동,중상사고,0,1,0,0,차대차 - 추돌 - 진행중,차로위반,건조,맑음,단일로 - 기타,건설기계,남,59세,상해없음,승용,남,41세,중상
2014102800100183,2014년 10월 28일 09시,화요일,대구광역시 북구 산격동,경상사고,0,0,1,0,차대차 - 기타,안전거리미확보,건조,맑음,교차로 - 교차로부근,승용,여,61세,상해없음,승용,남,26세,경상
2014102800100222,2014년 10월 28일 10시,화요일,대구광역시 수성구 황금동,경상사고,0,0,1,0,차대차 - 기타,안전운전불이행,건조,맑음,단일로 - 횡단보도상,승용,여,40세,상해없음,자전거,남,76세,경상
2014102800100223,2014년 10월 28일 10시,화요일,대구광역시 수성구 두산동,경상사고,0,0,1,0,차대차 - 기타,안전운전불이행,건조,맑음,교차로 - 교차로부근,승용,여,58세,상해없음,자전거,남,76세,경상
2014102800100250,2014년 10월 28일 11시,화요일,대구광역시 북구 칠성동2가,경상사고,0,0,1,0,차대차 - 기타,안전거리미확보,건조,맑음,단일로 - 기타,건설기계,남,71세,상해없음,승용,여,46세,경상
2014102800100285,2014년 10월 28일 12시,화요일,대구광역시 북구 칠성동2가,경상사고,0,0,1,0,차대사람 - 기타,안전운전불이행,건조,맑음,교차로 - 교차로부근,승용,남,56세,상해없음,보행자,남,58세,경상
2014102800100286,2014년 10월 28일 12시,화요일,대구광역시 중구 동인동1가,경상사고,0,0,1,0,차대차 - 측면직각충돌,안전운전불이행,건조,맑음,단일로 - 기타,자전거,남,74세,경상,화물,남,29세,상해없음
2014102800100287,2014년 10월 28일 12시,화요일,대구광역시 중구 동인동4가,부상신고사고,0,0,0,1,차대차 - 기타,안전거리미확보,건조,맑음,단일로 - 기타,승용,남,29세,부상신고,승용,남,30세,상해없음
2014102800100288,2014년 10월 28일 12시,화요일,대구광역시 달서구 감삼동,경상사고,0,0,2,0,차대차 - 기타,안전운전불이행,건조,맑음,단일로 - 기타,승용,남,49세,상해없음,승합,남,52세,경상
2014102800100309,2014년 10월 28일 13시,화요일,대구광역시 북구 산격동,중상사고,0,2,0,0,차대차 - 추돌 - 진행중,안전운전불이행,건조,맑음,교차로 - 교차로부근,승용,남,57세,상해없음,승용,여,53세,중상
2014102800100310,2014년 10월 28일 13시,화요일,대구광역시 북구 읍내동,부상신고사고,0,0,0,1,차대차 - 기타,안전운전불이행,건조,맑음,단일로 - 기타,승용,남,49세,기타불명,승용,여,56세,부상신고
2014102800100348,2014년 10월 28일 14시,화요일,대구광역시 동구 효목동,부상신고사고,0,0,0,1,차대사람 - 보도통행중,안전운전불이행,건조,맑음,단일로 - 기타,승용,여,54세,상해없음,보행자,남,49세,부상신고
2014102800100349,2014년 10월 28일 14시,화요일,대구광역시 동구 용계동,경상사고,0,0,4,0,차대차 - 기타,안전운전불이행,건조,맑음,단일로 - 기타,화물,남,61세,상해없음,승용,남,42세,경상
2014102800100388,2014년 10월 28일 15시,화요일,대구광역시 서구 내당동,중상사고,0,1,0,0,차대차 - 기타,신호위반,건조,맑음,단일로 - 기타,승용,여,36세,상해없음,이륜,남,43세,중상
2014102800100389,2014년 10월 28일 15시,화요일,대구광역시 서구 중리동,경상사고,0,0,1,0,차대차 - 기타,안전거리미확보,건조,맑음,단일로 - 기타,승용,여,37세,상해없음,승용,여,35세,경상
2014102800100390,2014년 10월 28일 15시,화요일,대구광역시 달서구 성당동,경상사고,0,0,1,0,차대사람 - 기타,안전운전불이행,건조,맑음,단일로 - 기타,자전거,남,42세,상해없음,보행자,여,67세,경상
2014102800100417,2014년 10월 28일 16시,화요일,대구광역시 남구 대명동,경상사고,0,0,1,0,차대사람 - 보도통행중,안전운전불이행,건조,맑음,단일로 - 기타,승용,남,70세,상해없음,보행자,남,34세,경상
2014102800100418,2014년 10월 28일 16시,화요일,대구광역시 수성구 파동,중상사고,0,1,0,0,차대사람 - 기타,안전운전불이행,건조,맑음,교차로 - 교차로부근,승용,여,37세,상해없음,보행자,남,79세,중상
2014102800100419,2014년 10월 28일 16시,화요일,대구광역시 중구 남산동,중상사고,0,1,0,0,차대차 - 기타,안전운전불이행,건조,맑음,단일로 - 기타,자전거,남,25세,중상,원동기,남,56세,상해없음
2014102800100451,2014년 10월 28일 17시,화요일,대구광역시 수성구 지산동,경상사고,0,0,1,0,차대차 - 기타,안전운전불이행,건조,맑음,단일로 - 횡단보도부근,원동기,남,19세,경상,승용,남,21세,상해없음
2014102800100452,2014년 10월 28일 17시,화요일,대구광역시 달서구 대곡동,경상사고,0,0,2,0,차대차 - 기타,중앙선침범,건조,맑음,단일로 - 기타,승용,남,54세,상해없음,이륜,남,16세,경상
2014102800100453,2014년 10월 28일 17시,화요일,대구광역시 달성군 화원읍,경상사고,0,0,1,0,차대차 - 기타,안전운전불이행,건조,맑음,교차로 - 교차로안,승용,남,27세,상해없음,자전거,여,69세,경상
2014102800100454,2014년 10월 28일 17시,화요일,대구광역시 북구 동변동,경상사고,0,0,1,0,차대차 - 기타,안전운전불이행,건조,맑음,기타 - 기타,승용,남,63세,상해없음,자전거,남,7세,경상
2014102800100516,2014년 10월 28일 18시,화요일,대구광역시 동구 백안동,경상사고,0,0,1,0,차대차 - 측면직각충돌,안전운전불이행,건조,맑음,기타 - 기타,화물,남,57세,상해없음,승용,여,45세,경상
2014102800100517,2014년 10월 28일 18시,화요일,대구광역시 달서구 용산동,경상사고,0,0,2,0,차대차 - 측면직각충돌,안전거리미확보,습기,비,단일로 - 기타,승용,여,45세,상해없음,이륜,남,19세,경상
2014102800100518,2014년 10월 28일 18시,화요일,대구광역시 달서구 갈산동,경상사고,0,0,2,0,차대차 - 추돌 - 진행중,안전거리미확보,건조,맑음,단일로 - 기타,승용,여,42세,상해없음,승용,여,47세,경상
2014102800100519,2014년 10월 28일 18시,화요일,대구광역시 북구 동천동,경상사고,0,0,1,0,차대차 - 추돌 - 주정차중,안전운전불이행,건조,맑음,교차로 - 교차로부근,승용,여,47세,상해없음,승용,여,50세,경상
2014102800100564,2014년 10월 28일 19시,화요일,대구광역시 남구 대명동,경상사고,0,0,1,0,차대차 - 기타,안전운전불이행,건조,맑음,단일로 - 기타,승용,여,48세,기타불명,이륜,남,40세,경상
2014102800100565,2014년 10월 28일 19시,화요일,대구광역시 달서구 이곡동,경상사고,0,0,1,0,차대차 - 기타,안전운전불이행,건조,맑음,교차로 - 교차로부근,승용,남,33세,상해없음,이륜,남,18세,경상
2014102800100606,2014년 10월 28일 20시,화요일,대구광역시 중구 대봉동,중상사고,0,1,0,0,차대차 - 측면직각충돌,교차로운행방법위반,건조,맑음,교차로 - 교차로안,승용,남,49세,상해없음,이륜,남,18세,중상
2014102800100638,2014년 10월 28일 21시,화요일,대구광역시 수성구 범어동,경상사고,0,0,1,0,차대사람 - 기타,안전운전불이행,건조,맑음,단일로 - 기타,승용,남,23세,상해없음,보행자,남,40세,경상
2014102800100639,2014년 10월 28일 21시,화요일,대구광역시 달서구 송현동,경상사고,0,0,3,1,차대차 - 기타,직진우회전진행방해,건조,맑음,교차로 - 교차로안,승용,여,58세,부상신고,승용,여,57세,경상
2014102800100676,2014년 10월 28일 22시,화요일,대구광역시 동구 신암동,중상사고,0,1,0,0,차대사람 - 기타,안전운전불이행,건조,맑음,단일로 - 기타,승용,여,51세,상해없음,보행자,여,20세,중상
2014102900100012,2014년 10월 29일 00시,수요일,대구광역시 서구 비산동,경상사고,0,0,2,0,차대차 - 측면직각충돌,안전운전불이행,건조,흐림,단일로 - 횡단보도부근,승용,여,29세,상해없음,승용,여,40세,경상
2014102900100018,2014년 10월 29일 01시,수요일,대구광역시 북구 침산동,경상사고,0,0,1,0,차대사람 - 기타,안전운전불이행,건조,맑음,단일로 - 기타,승용,남,50세,상해없음,보행자,남,53세,경상
2014102900100032,2014년 10월 29일 02시,수요일,대구광역시 달서구 갈산동,중상사고,0,1,0,0,차대차 - 기타,안전운전불이행,건조,맑음,단일로 - 기타,기타불명,기타불명,기타불명,기타불명,이륜,남,24세,중상
2014102900100059,2014년 10월 29일 05시,수요일,대구광역시 북구 산격동,경상사고,0,0,1,0,차대사람 - 기타,안전운전불이행,건조,맑음,단일로 - 횡단보도상,승합,남,53세,상해없음,보행자,여,52세,경상
2014102900100074,2014년 10월 29일 06시,수요일,대구광역시 동구 율하동,경상사고,0,0,1,0,차대차 - 기타,안전거리미확보,건조,맑음,단일로 - 기타,승용,기타불명,39세,기타불명,승용,남,56세,경상
2014102900100075,2014년 10월 29일 06시,수요일,대구광역시 수성구 두산동,경상사고,0,0,1,0,차대차 - 기타,안전운전불이행,건조,맑음,교차로 - 교차로부근,승용,남,24세,상해없음,승용,남,55세,경상
2014102900100099,2014년 10월 29일 07시,수요일,대구광역시 달성군 유가면,경상사고,0,0,1,0,차대차 - 기타,중앙선침범,건조,맑음,단일로 - 기타,승합,남,33세,상해없음,승용,남,32세,경상
2014102900100100,2014년 10월 29일 07시,수요일,대구광역시 서구 비산동,중상사고,0,2,0,0,차대차 - 측면직각충돌,교차로운행방법위반,건조,맑음,교차로 - 교차로안,승용,남,33세,상해없음,자전거,여,52세,중상
2014102900100137,2014년 10월 29일 08시,수요일,대구광역시 북구 대현동,경상사고,0,0,1,0,차대차 - 측면직각충돌,안전운전불이행,건조,맑음,교차로 - 교차로부근,승용,남,45세,상해없음,승용,여,50세,상해없음
2014102900100138,2014년 10월 29일 08시,수요일,대구광역시 서구 내당동,경상사고,0,0,1,0,차대차 - 기타,신호위반,건조,맑음,단일로 - 횡단보도상,승용,남,25세,상해없음,자전거,남,22세,경상
2014102900100139,2014년 10월 29일 08시,수요일,대구광역시 달서구 용산동,경상사고,0,0,1,0,차대차 - 기타,안전운전불이행,건조,맑음,단일로 - 기타,화물,여,44세,상해없음,승용,여,36세,경상
2014102900100169,2014년 10월 29일 09시,수요일,대구광역시 수성구 범어동,중상사고,0,1,0,0,차대차 - 기타,안전운전불이행,건조,맑음,단일로 - 기타,화물,남,67세,상해없음,자전거,여,62세,중상
2014102900100170,2014년 10월 29일 09시,수요일,대구광역시 달성군 다사읍,경상사고,0,0,2,0,차대차 - 측면직각충돌,안전거리미확보,건조,맑음,단일로 - 기타,승용,여,43세,경상,승용,여,40세,경상
2014102900100171,2014년 10월 29일 09시,수요일,대구광역시 북구 침산동,부상신고사고,0,0,0,1,차대차 - 기타,안전운전불이행,건조,맑음,단일로 - 기타,화물,남,35세,상해없음,승용,남,25세,부상신고
2014102900100172,2014년 10월 29일 09시,수요일,대구광역시 중구 덕산동,경상사고,0,0,3,0,차대차 - 기타,안전거리미확보,건조,맑음,단일로 - 기타,승용,남,69세,경상,승합,남,53세,경상
2014102900100232,2014년 10월 29일 11시,수요일,대구광역시 수성구 범어동,경상사고,0,0,1,0,차대차 - 기타,안전거리미확보,건조,맑음,단일로 - 기타,이륜,남,37세,경상,승용,남,62세,상해없음
2014102900100259,2014년 10월 29일 12시,수요일,대구광역시 달서구 이곡동,중상사고,0,1,0,0,차대차 - 기타,안전거리미확보,건조,맑음,단일로 - 기타,승용,여,58세,상해없음,이륜,남,43세,중상
2014102900100287,2014년 10월 29일 13시,수요일,대구광역시 동구 미곡동,중상사고,0,1,3,0,차대차 - 추돌 - 진행중,안전운전불이행,건조,맑음,단일로 - 기타,화물,남,54세,경상,승용,여,39세,중상
2014102900100288,2014년 10월 29일 13시,수요일,대구광역시 수성구 두산동,중상사고,0,1,2,0,차대사람 - 횡단중,보행자보호의무위반,건조,맑음,교차로 - 교차로안,화물,남,28세,상해없음,보행자,여,12세,경상
2014102900100376,2014년 10월 29일 16시,수요일,대구광역시 동구 서호동,중상사고,0,1,0,0,차대사람 - 기타,안전운전불이행,건조,맑음,단일로 - 기타,승용,남,77세,상해없음,보행자,여,83세,중상
2014102900100377,2014년 10월 29일 16시,수요일,대구광역시 북구 침산동,중상사고,0,1,0,0,차대차 - 정면충돌,안전운전불이행,건조,맑음,기타 - 기타,자전거,여,58세,중상,자전거,남,14세,상해없음
2014102900100414,2014년 10월 29일 17시,수요일,대구광역시 달서구 도원동,경상사고,0,0,1,0,차대차 - 측면직각충돌,기타,건조,맑음,교차로 - 교차로안,승용,남,54세,상해없음,자전거,남,11세,경상
2014102900100415,2014년 10월 29일 17시,수요일,대구광역시 북구 노원동1가,경상사고,0,0,1,0,차대차 - 기타,안전운전불이행,건조,맑음,기타 - 기타,승용,남,47세,상해없음,자전거,남,34세,경상
2014102900100481,2014년 10월 29일 18시,수요일,대구광역시 남구 봉덕동,부상신고사고,0,0,0,1,차대차 - 기타,안전운전불이행,건조,맑음,단일로 - 기타,승용,남,50세,상해없음,승용,남,63세,부상신고
2014102900100482,2014년 10월 29일 18시,수요일,대구광역시 남구 대명동,경상사고,0,0,3,1,차대차 - 기타,차로위반,건조,맑음,교차로 - 교차로부근,승용,남,23세,경상,승용,남,56세,경상
2014102900100483,2014년 10월 29일 18시,수요일,대구광역시 서구 평리동,부상신고사고,0,0,0,1,차대차 - 기타,안전운전불이행,건조,맑음,교차로 - 교차로부근,이륜,남,16세,상해없음,승용,여,57세,부상신고
2014102900100484,2014년 10월 29일 18시,수요일,대구광역시 북구 서변동,경상사고,0,0,2,0,차대차 - 추돌 - 진행중,안전거리미확보,건조,맑음,단일로 - 기타,승용,남,53세,상해없음,승용,여,40세,경상
2014102900100529,2014년 10월 29일 19시,수요일,대구광역시 달성군 논공읍,사망사고,1,0,0,0,차대사람 - 횡단중,과속,건조,맑음,교차로 - 교차로부근,승합,남,39세,상해없음,보행자,여,51세,사망
2014102900100555,2014년 10월 29일 20시,수요일,대구광역시 남구 봉덕동,부상신고사고,0,0,0,1,차량단독 - 전도전복,안전거리미확보,건조,맑음,단일로 - 기타,원동기,남,30세,부상신고,,,,
2014102900100556,2014년 10월 29일 20시,수요일,대구광역시 수성구 범어동,중상사고,0,2,1,0,차대차 - 추돌 - 주정차중,안전운전불이행,건조,맑음,단일로 - 기타,승용,남,45세,상해없음,승용,여,51세,중상
2014102900100588,2014년 10월 29일 21시,수요일,대구광역시 북구 관음동,경상사고,0,0,1,0,차대차 - 기타,교차로운행방법위반,건조,맑음,교차로 - 교차로안,승용,남,47세,상해없음,이륜,남,18세,경상
2014102900100630,2014년 10월 29일 22시,수요일,대구광역시 북구 산격동,경상사고,0,0,1,0,차대차 - 정면충돌,안전운전불이행,건조,맑음,교차로 - 교차로부근,승용,여,47세,상해없음,승용,여,32세,경상
2014102900100631,2014년 10월 29일 22시,수요일,대구광역시 중구 대봉동,경상사고,0,0,1,2,차대차 - 측면직각충돌,안전거리미확보,건조,맑음,교차로 - 교차로부근,승용,남,22세,상해없음,승용,남,51세,경상
2014102900100658,2014년 10월 29일 23시,수요일,대구광역시 달서구 두류동,중상사고,0,1,0,0,차대차 - 기타,안전거리미확보,건조,맑음,단일로 - 횡단보도부근,승용,남,27세,상해없음,승용,남,42세,중상
2014103000100016,2014년 10월 30일 00시,목요일,대구광역시 수성구 삼덕동,중상사고,0,1,0,0,차대차 - 측면직각충돌,신호위반,건조,맑음,교차로 - 교차로안,승용,남,31세,상해없음,승용,남,40세,중상
2014103000100050,2014년 10월 30일 03시,목요일,대구광역시 달성군 다사읍,경상사고,0,0,1,0,차대사람 - 기타,안전운전불이행,건조,맑음,기타 - 기타,승합,남,54세,상해없음,보행자,여,45세,경상
2014103000100082,2014년 10월 30일 06시,목요일,대구광역시 북구 침산동,중상사고,0,1,0,0,차대차 - 기타,안전운전불이행,건조,맑음,교차로 - 교차로부근,승용,남,61세,상해없음,자전거,남,82세,중상
2014103000100112,2014년 10월 30일 07시,목요일,대구광역시 수성구 만촌동,경상사고,0,0,2,0,차대차 - 기타,안전운전불이행,건조,맑음,단일로 - 기타,승용,남,36세,상해없음,승용,남,55세,경상
2014103000100113,2014년 10월 30일 07시,목요일,대구광역시 달서구 본리동,경상사고,0,0,1,0,차대차 - 측면직각충돌,교차로운행방법위반,건조,맑음,교차로 - 교차로안,승용,남,61세,상해없음,승용,남,55세,경상
2014103000100114,2014년 10월 30일 07시,목요일,대구광역시 달서구 본리동,부상신고사고,0,0,0,1,차대차 - 측면직각충돌,교차로운행방법위반,건조,맑음,교차로 - 교차로안,승용,남,61세,기타불명,승용,남,55세,부상신고