사고번호,사고일시,요일,시군구,사고내용,사망자수,중상자수,경상자수,부상신고자수,사고유형,법규위반,노면상태,기상상태,도로형태,가해운전자 차종,가해운전자 성별,가해운전자 연령,가해운전자 상해정도,피해운전자 차종,피해운전자 성별,피해운전자 연령,피해운전자 상해정도
2014110400100601,2014년 11월 4일 19시,화요일,대구광역시 달성군 유가면,중상사고,0,1,2,0,차대차 - 기타,안전운전불이행,건조,맑음,단일로 - 기타,승용,여,49세,중상,농기계,남,48세,경상
2014110400100602,2014년 11월 4일 19시,화요일,대구광역시 서구 비산동,중상사고,0,3,1,1,차대차 - 추돌 - 진행중,안전운전불이행,건조,맑음,단일로 - 기타,승용,남,60세,부상신고,승용,남,46세,중상
2014110400100630,2014년 11월 4일 20시,화요일,대구광역시 수성구 범어동,중상사고,0,1,0,0,차대차 - 측면직각충돌,안전운전불이행,건조,맑음,교차로 - 교차로안,승용,남,20세,상해없음,이륜,남,52세,중상
2014110400100631,2014년 11월 4일 20시,화요일,대구광역시 달서구 진천동,중상사고,0,1,0,0,차대차 - 기타,안전운전불이행,건조,맑음,교차로 - 교차로안,승용,남,46세,상해없음,자전거,남,11세,중상
2014110400100632,2014년 11월 4일 20시,화요일,대구광역시 달성군 화원읍,경상사고,0,0,5,0,차대차 - 추돌 - 진행중,안전운전불이행,건조,맑음,교차로 - 교차로부근,승용,남,58세,상해없음,승용,여,58세,상해없음
2014110400100633,2014년 11월 4일 20시,화요일,대구광역시 북구 복현동,중상사고,0,1,0,0,차대사람 - 길가장자리구역통행중,안전운전불이행,건조,맑음,단일로 - 기타,승용,여,55세,상해없음,보행자,남,44세,중상
2014110400100634,2014년 11월 4일 20시,화요일,대구광역시 달서구 신당동,경상사고,0,0,4,0,차대차 - 추돌 - 주정차중,안전운전불이행,건조,맑음,교차로 - 교차로부근,승용,여,42세,상해없음,화물,남,33세,경상
2014110400100635,2014년 11월 4일 20시,화요일,대구광역시 달서구 두류동,중상사고,0,1,0,0,차량단독 - 기타,안전운전불이행,건조,맑음,단일로 - 기타,승합,남,52세,상해없음,,,,
2014110400100668,2014년 11월 4일 21시,화요일,대구광역시 수성구 중동,중상사고,0,1,0,0,차대차 - 측면직각충돌,안전운전불이행,건조,맑음,교차로 - 교차로안,승용,남,52세,상해없음,자전거,여,51세,중상
2014110400100669,2014년 11월 4일 21시,화요일,대구광역시 남구 대명동,경상사고,0,0,1,0,차대차 - 추돌 - 진행중,안전운전불이행,건조,맑음,단일로 - 기타,승용,남,32세,상해없음,승용,여,38세,경상
2014110400100670,2014년 11월 4일 21시,화요일,대구광역시 달서구 감삼동,경상사고,0,0,1,0,차대차 - 추돌 - 주정차중,안전거리미확보,건조,맑음,단일로 - 기타,승용,남,43세,상해없음,승용,남,40세,경상
2014110400100703,2014년 11월 4일 22시,화요일,대구광역시 수성구 상동,경상사고,0,0,1,0,차대사람 - 기타,안전운전불이행,건조,맑음,교차로 - 교차로부근,승용,남,31세,상해없음,보행자,여,17세,경상
2014110400100704,2014년 11월 4일 22시,화요일,대구광역시 달서구 대곡동,경상사고,0,0,2,0,차대차 - 기타,신호위반,건조,맑음,교차로 - 교차로부근,승용,기타불명,기타불명,기타불명,승용,여,25세,상해없음
2014110400100728,2014년 11월 4일 23시,화요일,대구광역시 동구 신암동,중상사고,0,1,0,0,차대사람 - 횡단중,안전운전불이행,건조,맑음,단일로 - 기타,승합,남,43세,상해없음,보행자,남,44세,중상
2014110400100729,2014년 11월 4일 23시,화요일,대구광역시 달서구 용산동,중상사고,0,1,0,0,차대차 - 기타,안전운전불이행,건조,맑음,단일로 - 기타,승용,남,51세,상해없음,승용,남,55세,상해없음
2014110500100018,2014년 11월 5일 00시,수요일,대구광역시 중구 덕산동,중상사고,0,5,1,0,차대차 - 기타,안전운전불이행,건조,맑음,단일로 - 기타,승용,남,47세,상해없음,승용,남,37세,중상
2014110500100045,2014년 11월 5일 02시,수요일,대구광역시 수성구 두산동,경상사고,0,0,1,0,차대차 - 기타,안전운전불이행,건조,맑음,단일로 - 기타,승용,남,39세,상해없음,승용,여,33세,경상
2014110500100054,2014년 11월 5일 03시,수요일,대구광역시 달성군 다사읍,경상사고,0,0,1,0,차대차 - 기타,안전운전불이행,건조,맑음,단일로 - 기타,화물,남,34세,상해없음,승용,남,38세,경상
2014110500100060,2014년 11월 5일 04시,수요일,대구광역시 중구 태평로3가,경상사고,0,0,2,0,차대차 - 추돌 - 주정차중,안전운전불이행,건조,맑음,단일로 - 기타,승용,남,24세,상해없음,승용,남,58세,경상
2014110500100061,2014년 11월 5일 04시,수요일,대구광역시 북구 관음동,경상사고,0,0,1,0,차대차 - 측면직각충돌,직진우회전진행방해,건조,맑음,교차로 - 교차로안,승용,남,45세,상해없음,승용,남,57세,상해없음
2014110500100100,2014년 11월 5일 06시,수요일,대구광역시 중구 덕산동,경상사고,0,0,1,0,차대차 - 측면직각충돌,신호위반,건조,맑음,교차로 - 교차로안,이륜,남,24세,상해없음,승용,남,61세,경상
2014110500100129,2014년 11월 5일 07시,수요일,대구광역시 수성구 황금동,중상사고,0,1,1,0,차대차 - 측면직각충돌,신호위반,건조,맑음,교차로 - 교차로안,승용,남,64세,상해없음,승용,남,57세,중상
2014110500100184,2014년 11월 5일 08시,수요일,대구광역시 수성구 만촌동,경상사고,0,0,1,0,차대차 - 정면충돌,안전운전불이행,건조,맑음,단일로 - 기타,승용,남,50세,상해없음,승용,남,45세,경상
2014110500100185,2014년 11월 5일 08시,수요일,대구광역시 수성구 만촌동,경상사고,0,0,1,0,차대차 - 추돌 - 진행중,안전운전불이행,건조,맑음,교차로 - 교차로부근,승용,남,64세,상해없음,승용,여,42세,경상
2014110500100186,2014년 11월 5일 08시,수요일,대구광역시 수성구 만촌동,경상사고,0,0,1,0,차대차 - 측면직각충돌,안전거리미확보,건조,맑음,단일로 - 기타,승합,남,50세,상해없음,승용,남,39세,경상
2014110500100187,2014년 11월 5일 08시,수요일,대구광역시 북구 구암동,경상사고,0,0,1,0,차대차 - 추돌 - 진행중,신호위반,건조,맑음,교차로 - 교차로안,승용,남,61세,상해없음,승용,여,42세,경상
2014110500100232,2014년 11월 5일 09시,수요일,대구광역시 동구 신암동,중상사고,0,1,0,0,차대차 - 기타,교차로운행방법위반,건조,맑음,교차로 - 교차로안,승용,여,33세,상해없음,자전거,남,76세,중상
2014110500100233,2014년 11월 5일 09시,수요일,대구광역시 수성구 지산동,경상사고,0,0,2,0,차대차 - 기타,안전운전불이행,건조,맑음,교차로 - 교차로부근,화물,남,46세,상해없음,승용,남,81세,경상
2014110500100234,2014년 11월 5일 09시,수요일,대구광역시 중구 동인동1가,경상사고,0,0,1,0,차량단독 - 기타,기타,건조,맑음,교차로 - 교차로부근,승합,남,58세,상해없음,,,,
2014110500100304,2014년 11월 5일 11시,수요일,대구광역시 동구 입석동,경상사고,0,0,1,0,차대차 - 측면직각충돌,안전운전불이행,건조,맑음,교차로 - 교차로안,승용,여,33세,상해없음,자전거,여,67세,경상
2014110500100305,2014년 11월 5일 11시,수요일,대구광역시 달성군 현풍면,중상사고,0,1,0,0,차대차 - 측면직각충돌,신호위반,건조,맑음,교차로 - 교차로안,화물,남,54세,상해없음,승용,남,57세,중상
2014110500100335,2014년 11월 5일 12시,수요일,대구광역시 북구 국우동,중상사고,0,1,0,0,차대사람 - 기타,안전운전불이행,건조,맑음,기타 - 기타,승합,남,26세,상해없음,보행자,여,8세,중상
2014110500100365,2014년 11월 5일 13시,수요일,대구광역시 동구 신천동,경상사고,0,0,1,0,차대차 - 추돌 - 진행중,안전운전불이행,건조,맑음,단일로 - 기타,승용,남,73세,상해없음,승용,남,73세,경상
2014110500100366,2014년 11월 5일 13시,수요일,대구광역시 수성구 범어동,경상사고,0,0,1,0,차대차 - 기타,안전운전불이행,건조,맑음,교차로 - 교차로안,승용,여,56세,상해없음,원동기,남,25세,경상
2014110500100421,2014년 11월 5일 15시,수요일,대구광역시 동구 신암동,경상사고,0,0,1,0,차대차 - 측면직각충돌,안전거리미확보,건조,맑음,단일로 - 기타,승용,남,65세,상해없음,이륜,남,17세,경상
2014110500100422,2014년 11월 5일 15시,수요일,대구광역시 수성구 수성동1가,부상신고사고,0,0,0,1,차량단독 - 전도전복,안전운전불이행,건조,맑음,단일로 - 기타,자전거,남,78세,부상신고,,,,
2014110500100423,2014년 11월 5일 15시,수요일,대구광역시 북구 산격동,경상사고,0,0,1,0,차대사람 - 기타,안전운전불이행,건조,맑음,단일로 - 기타,승용,여,28세,상해없음,보행자,남,26세,경상
2014110500100461,2014년 11월 5일 16시,수요일,대구광역시 북구 고성동3가,중상사고,0,1,0,1,차대사람 - 횡단중,신호위반,건조,맑음,단일로 - 횡단보도상,원동기,남,17세,부상신고,보행자,여,59세,중상
2014110500100505,2014년 11월 5일 17시,수요일,대구광역시 남구 봉덕동,경상사고,0,0,1,0,차대사람 - 기타,안전운전불이행,건조,맑음,단일로 - 기타,기타불명,기타불명,기타불명,기타불명,보행자,남,57세,경상
2014110500100506,2014년 11월 5일 17시,수요일,대구광역시 동구 효목동,중상사고,0,1,0,0,차대사람 - 기타,안전운전불이행,건조,맑음,단일로 - 기타,이륜,남,37세,상해없음,보행자,여,75세,중상
2014110500100507,2014년 11월 5일 17시,수요일,대구광역시 서구 내당동,경상사고,0,0,1,0,차대차 - 측면직각충돌,신호위반,건조,맑음,교차로 - 교차로안,화물,남,59세,상해없음,이륜,남,30세,경상
2014110500100560,2014년 11월 5일 18시,수요일,대구광역시 동구 신기동,중상사고,0,1,0,0,차대차 - 측면직각충돌,안전운전불이행,건조,맑음,교차로 - 교차로안,승용,남,36세,상해없음,이륜,남,43세,중상
2014110500100561,2014년 11월 5일 18시,수요일,대구광역시 달서구 대곡동,경상사고,0,0,1,0,차대차 - 기타,안전운전불이행,건조,맑음,단일로 - 기타,화물,남,53세,상해없음,승용,남,22세,경상
2014110500100562,2014년 11월 5일 18시,수요일,대구광역시 북구 대현동,부상신고사고,0,0,0,1,차대차 - 기타,안전운전불이행,건조,맑음,단일로 - 기타,자전거,남,29세,부상신고,자전거,남,22세,상해없음
2014110500100563,2014년 11월 5일 18시,수요일,대구광역시 중구 달성동,중상사고,0,1,0,0,차대사람 - 횡단중,안전운전불이행,건조,맑음,단일로 - 기타,승용,남,65세,상해없음,보행자,남,74세,중상
2014110500100611,2014년 11월 5일 19시,수요일,대구광역시 동구 입석동,중상사고,0,1,1,0,차대차 - 추돌 - 진행중,안전운전불이행,건조,맑음,단일로 - 기타,승합,남,50세,상해없음,승용,남,30세,중상
2014110500100612,2014년 11월 5일 19시,수요일,대구광역시 동구 신기동,경상사고,0,0,1,0,차대차 - 측면직각충돌,직진우회전진행방해,건조,맑음,단일로 - 기타,승용,남,34세,상해없음,이륜,남,48세,경상
2014110500100613,2014년 11월 5일 19시,수요일,대구광역시 수성구 범물동,경상사고,0,0,2,0,차대차 - 추돌 - 진행중,안전거리미확보,건조,맑음,단일로 - 기타,승용,여,47세,상해없음,승용,남,49세,경상
2014110500100650,2014년 11월 5일 20시,수요일,대구광역시 동구 불로동,부상신고사고,0,0,0,1,차대차 - 추돌 - 진행중,안전운전불이행,건조,맑음,단일로 - 기타,이륜,남,50세,부상신고,기타불명,기타불명,기타불명,기타불명
2014110500100651,2014년 11월 5일 20시,수요일,대구광역시 수성구 신매동,경상사고,0,0,1,1,차대차 - 기타,안전거리미확보,건조,맑음,교차로 - 교차로부근,승용,여,21세,부상신고,승용,여,44세,경상
2014110500100652,2014년 11월 5일 20시,수요일,대구광역시 달서구 용산동,경상사고,0,0,1,0,차대차 - 측면직각충돌,안전운전불이행,건조,맑음,단일로 - 기타,승용,남,34세,기타불명,원동기,남,53세,경상
2014110500100653,2014년 11월 5일 20시,수요일,대구광역시 북구 동천동,경상사고,0,0,1,0,차대차 - 측면직각충돌,안전운전불이행,건조,맑음,단일로 - 기타,자전거,남,21세,경상,승용,남,27세,상해없음
2014110500100689,2014년 11월 5일 21시,수요일,대구광역시 북구 국우동,경상사고,0,0,1,0,차대차 - 추돌 - 주정차중,안전운전불이행,건조,맑음,교차로 - 교차로안,승용,남,38세,상해없음,승합,여,48세,경상
2014110500100690,2014년 11월 5일 21시,수요일,대구광역시 북구 태전동,경상사고,0,0,1,0,차대차 - 기타,차로위반,건조,맑음,단일로 - 기타,승용,기타불명,기타불명,기타불명,승용,남,46세,경상
2014110500100722,2014년 11월 5일 22시,수요일,대구광역시 달서구 용산동,경상사고,0,0,1,0,차대차 - 추돌 - 진행중,교차로운행방법위반,건조,맑음,교차로 - 교차로안,승용,남,42세,상해없음,원동기,남,43세,경상
2014110500100723,2014년 11월 5일 22시,수요일,대구광역시 달서구 호림동,경상사고,0,0,1,0,차대차 - 측면직각충돌,안전운전불이행,건조,맑음,단일로 - 기타,승용,남,35세,상해없음,이륜,남,17세,경상
2014110600100070,2014년 11월 6일 06시,목요일,대구광역시 수성구 신매동,경상사고,0,0,1,0,차대차 - 기타,신호위반,건조,맑음,교차로 - 교차로부근,승용,남,51세,상해없음,자전거,남,55세,경상
2014110600100071,2014년 11월 6일 06시,목요일,대구광역시 달서구 상인동,경상사고,0,0,1,0,차대차 - 기타,안전운전불이행,건조,맑음,단일로 - 기타,화물,남,51세,상해없음,승용,여,53세,경상
2014110600100099,2014년 11월 6일 07시,목요일,대구광역시 북구 침산동,경상사고,0,0,1,0,차대차 - 측면직각충돌,안전거리미확보,건조,맑음,단일로 - 기타,승용,남,37세,상해없음,승용,남,67세,경상
2014110600100137,2014년 11월 6일 08시,목요일,대구광역시 동구 동호동,경상사고,0,0,1,0,차대차 - 측면직각충돌,직진우회전진행방해,건조,맑음,교차로 - 교차로안,자전거,여,24세,상해없음,자전거,남,15세,경상
2014110600100138,2014년 11월 6일 08시,목요일,대구광역시 서구 평리동,경상사고,0,0,1,0,차대차 - 기타,신호위반,건조,맑음,단일로 - 기타,화물,남,57세,상해없음,자전거,남,12세,경상
2014110600100172,2014년 11월 6일 09시,목요일,대구광역시 남구 봉덕동,경상사고,0,0,1,0,차대차 - 추돌 - 주정차중,안전운전불이행,건조,맑음,단일로 - 기타,승용,여,61세,경상,승용,남,52세,기타불명
2014110600100173,2014년 11월 6일 09시,목요일,대구광역시 중구 달성동,경상사고,0,0,1,0,차대차 - 기타,안전운전불이행,건조,맑음,단일로 - 기타,승용,남,43세,상해없음,자전거,여,32세,경상
2014110600100204,2014년 11월 6일 10시,목요일,대구광역시 북구 검단동,경상사고,0,0,1,0,차대차 - 기타,안전운전불이행,건조,맑음,단일로 - 기타,승합,여,60세,상해없음,승용,남,57세,경상
2014110600100232,2014년 11월 6일 11시,목요일,대구광역시 동구 신서동,중상사고,0,1,0,0,차대사람 - 기타,보행자보호의무위반,건조,맑음,단일로 - 기타,승용,여,45세,상해없음,보행자,여,35세,중상
2014110600100233,2014년 11월 6일 11시,목요일,대구광역시 서구 평리동,부상신고사고,0,0,0,1,차대차 - 기타,교차로운행방법위반,건조,맑음,교차로 - 교차로안,승용,여,62세,부상신고,원동기,남,52세,상해없음
2014110600100258,2014년 11월 6일 12시,목요일,대구광역시 남구 대명동,경상사고,0,0,1,0,차량단독 - 공작물충돌,안전운전불이행,건조,맑음,단일로 - 기타,승용,여,40세,경상,,,,
2014110600100259,2014년 11월 6일 12시,목요일,대구광역시 달서구 감삼동,경상사고,0,0,1,0,차대차 - 추돌 - 진행중,안전운전불이행,건조,맑음,단일로 - 기타,승용,남,55세,상해없음,이륜,남,43세,경상
2014110600100289,2014년 11월 6일 13시,목요일,대구광역시 수성구 만촌동,중상사고,0,1,0,0,차대사람 - 기타,안전운전불이행,건조,맑음,단일로 - 기타,승용,여,61세,상해없음,보행자,여,86세,중상
2014110600100290,2014년 11월 6일 13시,목요일,대구광역시 달성군 화원읍,경상사고,0,0,2,0,차대차 - 정면충돌,중앙선침범,건조,맑음,단일로 - 기타,승용,여,47세,상해없음,승용,여,45세,경상
2014110600100315,2014년 11월 6일 14시,목요일,대구광역시 달성군 구지면,중상사고,0,1,0,0,차대차 - 정면충돌,중앙선침범,건조,맑음,단일로 - 기타,자전거,남,47세,중상,이륜,남,42세,상해없음
2014110600100345,2014년 11월 6일 15시,목요일,대구광역시 동구 불로동,중상사고,0,1,0,0,차대사람 - 기타,신호위반,건조,맑음,교차로 - 교차로부근,승용,여,43세,상해없음,보행자,남,61세,중상
2014110600100346,2014년 11월 6일 15시,목요일,대구광역시 달서구 본동,경상사고,0,0,1,0,차대사람 - 기타,기타,건조,맑음,단일로 - 기타,이륜,남,18세,상해없음,보행자,남,10세,경상
2014110600100347,2014년 11월 6일 15시,목요일,대구광역시 달성군 논공읍,경상사고,0,0,1,0,차대차 - 기타,안전거리미확보,건조,맑음,단일로 - 기타,승용,여,35세,기타불명,이륜,남,25세,경상
2014110600100373,2014년 11월 6일 16시,목요일,대구광역시 달성군 현풍면,사망사고,1,2,1,0,차대차 - 추돌 - 주정차중,안전운전불이행,건조,맑음,단일로 - 기타,화물,남,30세,사망,화물,남,53세,중상
2014110600100377,2014년 11월 6일 16시,목요일,대구광역시 달성군 논공읍,사망사고,1,0,0,0,차량단독 - 공작물충돌,안전운전불이행,건조,맑음,단일로 - 기타,화물,남,67세,사망,,,,
2014110600100378,2014년 11월 6일 16시,목요일,대구광역시 달성군 옥포면,부상신고사고,0,0,0,1,차대차 - 기타,차로위반,건조,맑음,단일로 - 기타,이륜,남,44세,부상신고,승용,남,69세,상해없음
2014110600100379,2014년 11월 6일 16시,목요일,대구광역시 북구 침산동,경상사고,0,0,1,0,차대차 - 추돌 - 주정차중,차로위반,건조,맑음,단일로 - 기타,승용,기타불명,기타불명,기타불명,이륜,남,52세,상해없음
2014110600100380,2014년 11월 6일 16시,목요일,대구광역시 서구 비산동,경상사고,0,0,1,0,차대차 - 추돌 - 진행중,안전거리미확보,건조,맑음,단일로 - 기타,화물,남,49세,상해없음,승용,남,46세,경상
2014110600100381,2014년 11월 6일 16시,목요일,대구광역시 중구 대안동,경상사고,0,0,1,0,차대차 - 측면직각충돌,안전운전불이행,건조,맑음,교차로 - 교차로부근,기타불명,기타불명,기타불명,기타불명,이륜,남,49세,경상
2014110600100426,2014년 11월 6일 17시,목요일,대구광역시 남구 대명동,경상사고,0,0,1,0,차대차 - 기타,교차로운행방법위반,건조,맑음,단일로 - 기타,승용,여,45세,상해없음,승용,남,52세,경상
2014110600100427,2014년 11월 6일 17시,목요일,대구광역시 수성구 수성동2가,경상사고,0,0,1,0,차대차 - 기타,안전거리미확보,건조,맑음,단일로 - 기타,화물,남,43세,상해없음,승용,남,53세,경상
2014110600100428,2014년 11월 6일 17시,목요일,대구광역시 달서구 진천동,부상신고사고,0,0,0,1,차대차 - 기타,신호위반,건조,맑음,교차로 - 교차로부근,이륜,남,51세,부상신고,승용,남,50세,상해없음
2014110600100429,2014년 11월 6일 17시,목요일,대구광역시 서구 중리동,경상사고,0,0,1,0,차대차 - 측면직각충돌,안전운전불이행,건조,흐림,단일로 - 기타,승합,기타불명,기타불명,기타불명,자전거,남,13세,경상
2014110600100430,2014년 11월 6일 17시,목요일,대구광역시 달서구 두류동,경상사고,0,0,1,0,차대차 - 기타,안전운전불이행,건조,맑음,교차로 - 교차로부근,승용,여,62세,상해없음,승용,남,37세,경상
2014110600100488,2014년 11월 6일 18시,목요일,대구광역시 수성구 만촌동,중상사고,0,1,0,0,차대차 - 추돌 - 진행중,안전운전불이행,건조,맑음,단일로 - 기타,이륜,남,62세,상해없음,승용,여,29세,중상
2014110600100489,2014년 11월 6일 18시,목요일,대구광역시 달서구 본동,중상사고,0,1,0,0,차대차 - 측면직각충돌,직진우회전진행방해,건조,맑음,교차로 - 교차로안,승용,남,55세,상해없음,이륜,여,51세,중상
2014110600100490,2014년 11월 6일 18시,목요일,대구광역시 달성군 논공읍,경상사고,0,0,2,0,차대차 - 기타,안전운전불이행,건조,맑음,단일로 - 기타,승용,남,35세,상해없음,승용,여,56세,경상
2014110600100491,2014년 11월 6일 18시,목요일,대구광역시 북구 침산동,중상사고,0,1,0,0,차대차 - 측면직각충돌,신호위반,건조,맑음,교차로 - 교차로안,이륜,남,29세,상해없음,이륜,남,54세,중상
2014110600100492,2014년 11월 6일 18시,목요일,대구광역시 달서구 죽전동,부상신고사고,0,0,0,1,차대사람 - 기타,안전운전불이행,건조,맑음,단일로 - 기타,승용,기타불명,기타불명,기타불명,보행자,남,17세,부상신고
2014110600100493,2014년 11월 6일 18시,목요일,대구광역시 달서구 죽전동,부상신고사고,0,0,0,1,차대차 - 기타,안전운전불이행,건조,맑음,교차로 - 교차로안,이륜,남,17세,부상신고,승용,여,30세,상해없음
2014110600100530,2014년 11월 6일 19시,목요일,대구광역시 동구 신천동,중상사고,0,1,0,0,차대사람 - 기타,안전운전불이행,건조,맑음,단일로 - 기타,승용,남,33세,상해없음,보행자,남,18세,중상
2014110600100531,2014년 11월 6일 19시,목요일,대구광역시 동구 방촌동,경상사고,0,0,1,0,차대사람 - 차도통행중,교차로운행방법위반,건조,맑음,단일로 - 기타,승용,여,54세,상해없음,보행자,남,53세,경상
2014110600100532,2014년 11월 6일 19시,목요일,대구광역시 중구 계산동2가,경상사고,0,0,1,0,차대차 - 기타,안전거리미확보,건조,맑음,단일로 - 기타,승용,여,58세,기타불명,승용,여,36세,경상
2014110600100559,2014년 11월 6일 20시,목요일,대구광역시 동구 지저동,경상사고,0,0,1,0,차대사람 - 보도통행중,신호위반,건조,맑음,단일로 - 기타,승용,여,63세,상해없음,보행자,여,23세,경상
2014110600100560,2014년 11월 6일 20시,목요일,대구광역시 수성구 신매동,경상사고,0,0,5,0,차대차 - 추돌 - 진행중,안전거리미확보,건조,맑음,단일로 - 기타,승용,여,46세,상해없음,승용,남,48세,경상
2014110600100561,2014년 11월 6일 20시,목요일,대구광역시 달서구 본동,중상사고,0,1,0,0,차대차 - 측면직각충돌,차로위반,건조,맑음,단일로 - 기타,승용,여,53세,상해없음,승용,남,47세,중상
2014110600100562,2014년 11월 6일 20시,목요일,대구광역시 북구 침산동,중상사고,0,2,0,0,차대차 - 측면직각충돌,신호위반,건조,맑음,교차로 - 교차로안,승용,남,52세,상해없음,화물,남,58세,중상
2014110600100595,2014년 11월 6일 21시,목요일,대구광역시 동구 불로동,경상사고,0,0,1,0,차대차 - 기타,신호위반,건조,맑음,단일로 - 기타,승용,여,63세,상해없음,자전거,남,17세,경상
2014110600100596,2014년 11월 6일 21시,목요일,대구광역시 달성군 화원읍,경상사고,0,0,2,0,차대차 - 기타,안전운전불이행,건조,맑음,단일로 - 기타,승용,남,46세,기타불명,승용,남,38세,경상
2014110600100617,2014년 11월 6일 22시,목요일,대구광역시 달서구 본동,경상사고,0,0,2,0,차대차 - 기타,신호위반,건조,맑음,교차로 - 교차로안,자전거,남,20세,경상,승용,남,39세,상해없음
2014110700100017,2014년 11월 7일 00시,금요일,대구광역시 남구 대명동,중상사고,0,1,0,0,차대사람 - 기타,안전운전불이행,건조,맑음,단일로 - 기타,승용,남,56세,상해없음,보행자,남,48세,중상
2014110700100018,2014년 11월 7일 00시,금요일,대구광역시 동구 신천동,경상사고,0,0,1,0,차대차 - 추돌 - 진행중,안전운전불이행,건조,맑음,단일로 - 기타,승용,남,37세,상해없음,승용,남,45세,경상
2014110700100019,2014년 11월 7일 00시,금요일,대구광역시 달서구 상인동,경상사고,0,0,2,0,차대차 - 측면직각충돌,교차로운행방법위반,건조,맑음,교차로 - 교차로안,승용,남,57세,경상,승용,여,48세,경상
2014110700100036,2014년 11월 7일 01시,금요일,대구광역시 달성군 다사읍,경상사고,0,0,3,0,차대차 - 측면직각충돌,직진우회전진행방해,건조,맑음,교차로 - 교차로안,승용,남,49세,상해없음,승용,남,45세,상해없음
2014110700100037,2014년 11월 7일 01시,금요일,대구광역시 서구 비산동,사망사고,1,1,0,0,차대사람 - 횡단중,안전운전불이행,건조,맑음,단일로 - 횡단보도상,승용,남,63세,상해없음,보행자,남,46세,중상
2014110700100053,2014년 11월 7일 02시,금요일,대구광역시 동구 입석동,부상신고사고,0,0,0,1,차량단독 - 기타,안전운전불이행,건조,맑음,단일로 - 기타,이륜,남,19세,부상신고,,,,
2014110700100054,2014년 11월 7일 02시,금요일,대구광역시 달서구 이곡동,경상사고,0,0,3,0,차대차 - 추돌 - 진행중,안전거리미확보,건조,맑음,교차로 - 교차로안,승용,남,41세,상해없음,승용,여,48세,경상
2014110700100079,2014년 11월 7일 04시,금요일,대구광역시 수성구 황금동,경상사고,0,0,1,0,차대차 - 기타,안전운전불이행,건조,맑음,교차로 - 교차로부근,승용,남,45세,상해없음,승용,여,42세,경상
2014110700100110,2014년 11월 7일 06시,금요일,대구광역시 북구 칠성동1가,경상사고,0,0,2,0,차대차 - 기타,신호위반,건조,맑음,교차로 - 교차로안,화물,남,76세,상해없음,승용,남,32세,경상
2014110700100111,2014년 11월 7일 06시,금요일,대구광역시 중구 도원동,경상사고,0,0,1,0,차대차 - 측면직각충돌,안전거리미확보,건조,맑음,단일로 - 기타,건설기계,남,48세,상해없음,승용,여,39세,경상
2014110700100138,2014년 11월 7일 07시,금요일,대구광역시 남구 봉덕동,중상사고,0,1,1,0,차대차 - 측면직각충돌,안전운전불이행,건조,맑음,단일로 - 기타,승용,남,39세,상해없음,이륜,남,58세,중상
2014110700100139,2014년 11월 7일 07시,금요일,대구광역시 수성구 수성동1가,부상신고사고,0,0,0,1,차대차 - 추돌 - 진행중,안전운전불이행,건조,맑음,단일로 - 기타,자전거,남,16세,부상신고,승용,남,40세,상해없음
2014110700100140,2014년 11월 7일 07시,금요일,대구광역시 달서구 월성동,경상사고,0,0,1,0,차대차 - 측면직각충돌,교차로운행방법위반,건조,맑음,교차로 - 교차로안,승용,남,29세,기타불명,자전거,남,13세,경상
2014110700100141,2014년 11월 7일 07시,금요일,대구광역시 북구 동천동,경상사고,0,0,1,0,차대차 - 측면직각충돌,신호위반,건조,맑음,교차로 - 교차로안,승용,여,50세,상해없음,승용,남,37세,경상
2014110700100187,2014년 11월 7일 08시,금요일,대구광역시 동구 봉무동,경상사고,0,0,3,0,차대사람 - 기타,안전운전불이행,건조,맑음,기타 - 기타,승용,여,40세,상해없음,보행자,남,58세,경상
2014110700100217,2014년 11월 7일 09시,금요일,대구광역시 북구 침산동,중상사고,0,1,0,0,차대사람 - 길가장자리구역통행중,안전운전불이행,건조,맑음,단일로 - 기타,화물,남,68세,상해없음,보행자,남,77세,중상
2014110700100241,2014년 11월 7일 10시,금요일,대구광역시 북구 산격동,경상사고,0,0,1,0,차대사람 - 기타,기타,건조,맑음,기타 - 기타,원동기,남,24세,상해없음,보행자,여,73세,경상
2014110700100270,2014년 11월 7일 11시,금요일,대구광역시 동구 신서동,경상사고,0,0,1,0,차대차 - 기타,안전거리미확보,건조,맑음,단일로 - 기타,화물,남,52세,상해없음,화물,남,26세,경상
2014110700100303,2014년 11월 7일 12시,금요일,대구광역시 달서구 호산동,경상사고,0,0,1,4,차대차 - 기타,교차로운행방법위반,건조,맑음,교차로 - 교차로안,승용,여,33세,부상신고,승용,남,24세,경상
2014110700100399,2014년 11월 7일 15시,금요일,대구광역시 남구 대명동,경상사고,0,0,1,0,차대차 - 측면직각충돌,안전거리미확보,건조,맑음,교차로 - 교차로부근,승용,남,64세,상해없음,승용,여,47세,경상
2014110700100474,2014년 11월 7일 17시,금요일,대구광역시 남구 대명동,중상사고,0,1,0,0,차대차 - 측면직각충돌,안전운전불이행,건조,맑음,교차로 - 교차로부근,승용,남,68세,상해없음,이륜,남,52세,중상
2014110700100475,2014년 11월 7일 17시,금요일,대구광역시 남구 대명동,경상사고,0,0,1,0,차대사람 - 기타,기타,건조,맑음,단일로 - 기타,승합,남,54세,상해없음,보행자,남,58세,경상