사고번호,사고일시,요일,시군구,사고내용,사망자수,중상자수,경상자수,부상신고자수,사고유형,법규위반,노면상태,기상상태,도로형태,가해운전자 차종,가해운전자 성별,가해운전자 연령,가해운전자 상해정도,피해운전자 차종,피해운전자 성별,피해운전자 연령,피해운전자 상해정도
2014111300100245,2014년 11월 13일 11시,목요일,대구광역시 북구 노원동3가,경상사고,0,0,1,0,차대차 - 기타,안전운전불이행,건조,맑음,교차로 - 교차로부근,화물,남,30세,상해없음,원동기,남,37세,경상
2014111300100246,2014년 11월 13일 11시,목요일,대구광역시 서구 비산동,중상사고,0,1,0,0,차대사람 - 기타,안전운전불이행,건조,맑음,단일로 - 기타,승용,남,49세,상해없음,보행자,여,72세,중상
2014111300100247,2014년 11월 13일 11시,목요일,대구광역시 서구 비산동,경상사고,0,0,1,1,차대차 - 측면직각충돌,교차로운행방법위반,건조,맑음,교차로 - 교차로안,승용,남,50세,부상신고,승합,남,38세,경상
2014111300100278,2014년 11월 13일 12시,목요일,대구광역시 남구 대명동,경상사고,0,0,1,0,차대사람 - 기타,기타,건조,맑음,단일로 - 기타,승합,남,34세,상해없음,보행자,여,77세,경상
2014111300100279,2014년 11월 13일 12시,목요일,대구광역시 달성군 논공읍,경상사고,0,0,2,0,차대차 - 기타,신호위반,건조,맑음,교차로 - 교차로부근,승용,남,28세,상해없음,화물,남,49세,경상
2014111300100312,2014년 11월 13일 13시,목요일,대구광역시 남구 대명동,경상사고,0,0,1,0,차대사람 - 길가장자리구역통행중,안전운전불이행,건조,맑음,단일로 - 기타,승용,남,44세,상해없음,보행자,여,43세,경상
2014111300100313,2014년 11월 13일 13시,목요일,대구광역시 동구 입석동,경상사고,0,0,1,0,차량단독 - 기타,기타,건조,맑음,단일로 - 기타,승합,남,44세,상해없음,,,,
2014111300100314,2014년 11월 13일 13시,목요일,대구광역시 달서구 두류동,중상사고,0,1,0,0,차대사람 - 차도통행중,안전운전불이행,건조,맑음,단일로 - 기타,승용,남,74세,상해없음,보행자,남,41세,중상
2014111300100345,2014년 11월 13일 14시,목요일,대구광역시 수성구 범어동,중상사고,0,1,0,0,차대차 - 기타,신호위반,건조,맑음,교차로 - 교차로부근,승합,남,47세,상해없음,이륜,남,19세,중상
2014111300100346,2014년 11월 13일 14시,목요일,대구광역시 달서구 월성동,중상사고,0,1,0,0,차대사람 - 기타,안전운전불이행,건조,맑음,단일로 - 기타,승용,남,52세,상해없음,보행자,남,72세,중상
2014111300100380,2014년 11월 13일 15시,목요일,대구광역시 동구 방촌동,중상사고,0,1,0,0,차대차 - 기타,안전운전불이행,건조,맑음,교차로 - 교차로부근,이륜,남,16세,기타불명,승용,여,40세,상해없음
2014111300100381,2014년 11월 13일 15시,목요일,대구광역시 달성군 다사읍,사망사고,1,0,0,0,차대사람 - 기타,안전운전불이행,건조,맑음,단일로 - 기타,화물,남,48세,상해없음,보행자,여,63세,사망
2014111300100382,2014년 11월 13일 15시,목요일,대구광역시 중구 남산동,경상사고,0,0,1,0,차대차 - 추돌 - 주정차중,안전운전불이행,건조,맑음,단일로 - 기타,승용,남,45세,상해없음,자전거,남,61세,경상
2014111300100383,2014년 11월 13일 15시,목요일,대구광역시 중구 봉산동,경상사고,0,0,1,0,차대차 - 측면직각충돌,안전운전불이행,건조,맑음,교차로 - 교차로부근,승용,여,46세,상해없음,이륜,남,40세,경상
2014111300100384,2014년 11월 13일 15시,목요일,대구광역시 중구 동인동4가,부상신고사고,0,0,0,1,차대차 - 기타,안전운전불이행,건조,맑음,단일로 - 기타,자전거,여,67세,부상신고,승합,남,38세,상해없음
2014111300100385,2014년 11월 13일 15시,목요일,대구광역시 중구 동인동4가,경상사고,0,0,2,0,차대차 - 기타,안전거리미확보,건조,맑음,단일로 - 기타,승용,여,37세,상해없음,승용,남,28세,경상
2014111300100412,2014년 11월 13일 16시,목요일,대구광역시 수성구 지산동,중상사고,0,1,0,0,차대차 - 기타,교차로운행방법위반,건조,맑음,교차로 - 교차로안,원동기,남,59세,중상,화물,남,40세,상해없음
2014111300100413,2014년 11월 13일 16시,목요일,대구광역시 달서구 상인동,경상사고,0,0,1,0,차대차 - 기타,안전운전불이행,건조,맑음,단일로 - 횡단보도상,승용,여,38세,상해없음,자전거,남,41세,경상
2014111300100414,2014년 11월 13일 16시,목요일,대구광역시 달서구 죽전동,경상사고,0,0,1,0,차대차 - 기타,안전운전불이행,건조,맑음,단일로 - 기타,승용,남,37세,상해없음,이륜,남,60세,경상
2014111300100415,2014년 11월 13일 16시,목요일,대구광역시 달서구 용산동,경상사고,0,0,1,0,차대사람 - 횡단중,보행자보호의무위반,건조,맑음,교차로 - 교차로부근,승용,기타불명,기타불명,기타불명,보행자,남,7세,경상
2014111300100461,2014년 11월 13일 17시,목요일,대구광역시 달서구 도원동,경상사고,0,0,1,0,차대차 - 기타,안전운전불이행,건조,맑음,단일로 - 기타,승용,여,30세,상해없음,이륜,남,51세,경상
2014111300100462,2014년 11월 13일 17시,목요일,대구광역시 북구 고성동1가,경상사고,0,0,2,0,차대차 - 기타,교차로운행방법위반,건조,맑음,교차로 - 교차로안,승용,여,51세,상해없음,승용,남,40세,경상
2014111300100525,2014년 11월 13일 18시,목요일,대구광역시 동구 신천동,중상사고,0,1,0,0,차대사람 - 기타,안전운전불이행,건조,맑음,단일로 - 기타,승합,여,61세,상해없음,보행자,남,16세,중상
2014111300100583,2014년 11월 13일 19시,목요일,대구광역시 동구 신기동,중상사고,0,1,0,0,차대사람 - 보도통행중,보행자보호의무위반,건조,맑음,단일로 - 횡단보도상,승용,남,67세,상해없음,보행자,남,77세,중상
2014111300100584,2014년 11월 13일 19시,목요일,대구광역시 달서구 상인동,중상사고,0,1,0,0,차대사람 - 횡단중,보행자보호의무위반,건조,맑음,교차로 - 교차로안,승용,남,29세,상해없음,보행자,여,70세,중상
2014111300100585,2014년 11월 13일 19시,목요일,대구광역시 달서구 이곡동,경상사고,0,0,1,0,차대사람 - 기타,안전운전불이행,건조,맑음,단일로 - 기타,승합,남,56세,상해없음,보행자,여,46세,경상
2014111300100612,2014년 11월 13일 20시,목요일,대구광역시 동구 신천동,경상사고,0,0,2,0,차대차 - 기타,차로위반,건조,맑음,단일로 - 기타,승용,여,59세,상해없음,승용,여,37세,경상
2014111300100613,2014년 11월 13일 20시,목요일,대구광역시 동구 동호동,경상사고,0,0,1,0,차대차 - 추돌 - 주정차중,안전운전불이행,건조,맑음,교차로 - 교차로안,승용,남,37세,상해없음,승용,여,52세,경상
2014111300100614,2014년 11월 13일 20시,목요일,대구광역시 서구 비산동,중상사고,0,1,0,0,차대차 - 기타,안전운전불이행,건조,맑음,단일로 - 기타,승용,남,58세,상해없음,이륜,남,47세,중상
2014111300100615,2014년 11월 13일 20시,목요일,대구광역시 달서구 감삼동,중상사고,0,1,0,0,차대차 - 추돌 - 진행중,안전운전불이행,건조,맑음,단일로 - 기타,원동기,남,17세,중상,승합,남,56세,상해없음
2014111300100641,2014년 11월 13일 21시,목요일,대구광역시 동구 신천동,경상사고,0,0,4,0,차대차 - 추돌 - 주정차중,안전운전불이행,건조,맑음,단일로 - 기타,승용,남,30세,상해없음,승합,남,58세,경상
2014111300100642,2014년 11월 13일 21시,목요일,대구광역시 서구 내당동,경상사고,0,0,1,0,차대차 - 측면직각충돌,안전거리미확보,건조,맑음,단일로 - 기타,승용,남,53세,상해없음,승용,남,31세,경상
2014111300100671,2014년 11월 13일 22시,목요일,대구광역시 동구 동호동,중상사고,0,1,0,0,차대차 - 기타,교차로운행방법위반,건조,맑음,교차로 - 교차로안,승용,여,39세,상해없음,이륜,남,34세,중상
2014111300100672,2014년 11월 13일 22시,목요일,대구광역시 수성구 황금동,경상사고,0,0,2,0,차대차 - 기타,교차로운행방법위반,건조,맑음,교차로 - 교차로안,이륜,남,25세,경상,승용,남,54세,경상
2014111300100697,2014년 11월 13일 23시,목요일,대구광역시 남구 대명동,경상사고,0,0,2,0,차대차 - 측면직각충돌,교차로운행방법위반,건조,맑음,교차로 - 교차로안,승용,남,52세,상해없음,승용,남,27세,경상
2014111300100698,2014년 11월 13일 23시,목요일,대구광역시 수성구 연호동,중상사고,0,2,1,0,차대차 - 기타,안전거리미확보,건조,맑음,교차로 - 교차로부근,승용,남,39세,경상,승용,남,58세,중상
2014111300100699,2014년 11월 13일 23시,목요일,대구광역시 서구 평리동,경상사고,0,0,2,0,차대차 - 측면직각충돌,안전거리미확보,건조,흐림,교차로 - 교차로안,이륜,남,44세,경상,승용,남,63세,경상
2014111400100020,2014년 11월 14일 00시,금요일,대구광역시 남구 이천동,경상사고,0,0,1,0,차대차 - 정면충돌,안전운전불이행,건조,맑음,단일로 - 기타,이륜,남,32세,경상,화물,남,52세,상해없음
2014111400100021,2014년 11월 14일 00시,금요일,대구광역시 중구 삼덕동1가,중상사고,0,1,0,0,차대사람 - 기타,안전운전불이행,건조,맑음,교차로 - 교차로안,승용,남,65세,상해없음,보행자,여,54세,중상
2014111400100055,2014년 11월 14일 02시,금요일,대구광역시 수성구 범어동,중상사고,0,2,2,0,차대차 - 기타,신호위반,건조,맑음,교차로 - 교차로안,승용,여,33세,상해없음,승용,남,66세,중상
2014111400100074,2014년 11월 14일 04시,금요일,대구광역시 달서구 죽전동,중상사고,0,1,0,0,차대차 - 추돌 - 주정차중,안전운전불이행,건조,맑음,단일로 - 기타,이륜,남,22세,중상,건설기계,남,50세,기타불명
2014111400100085,2014년 11월 14일 05시,금요일,대구광역시 달서구 본동,경상사고,0,0,1,0,차대차 - 추돌 - 주정차중,안전운전불이행,건조,맑음,단일로 - 기타,승용,남,50세,기타불명,화물,남,56세,상해없음
2014111400100086,2014년 11월 14일 05시,금요일,대구광역시 북구 산격동,중상사고,0,1,0,0,차대사람 - 기타,안전운전불이행,건조,맑음,교차로 - 교차로안,화물,남,30세,상해없음,보행자,여,72세,중상
2014111400100087,2014년 11월 14일 05시,금요일,대구광역시 서구 평리동,중상사고,0,2,0,0,차대차 - 기타,신호위반,건조,맑음,교차로 - 교차로안,승용,여,60세,중상,승용,남,55세,중상
2014111400100117,2014년 11월 14일 06시,금요일,대구광역시 달서구 본동,경상사고,0,0,2,0,차대차 - 측면직각충돌,신호위반,건조,맑음,교차로 - 교차로안,승용,남,65세,상해없음,승용,남,55세,경상
2014111400100143,2014년 11월 14일 07시,금요일,대구광역시 달성군 다사읍,경상사고,0,0,1,0,차대차 - 측면직각충돌,신호위반,건조,맑음,교차로 - 교차로안,승용,여,48세,상해없음,승용,남,72세,경상
2014111400100144,2014년 11월 14일 07시,금요일,대구광역시 중구 동인동3가,경상사고,0,0,1,0,차대차 - 측면직각충돌,안전운전불이행,건조,맑음,교차로 - 교차로부근,화물,남,44세,상해없음,화물,남,70세,경상
2014111400100178,2014년 11월 14일 08시,금요일,대구광역시 동구 신암동,경상사고,0,0,1,0,차대차 - 기타,안전운전불이행,건조,맑음,단일로 - 횡단보도상,화물,남,57세,상해없음,자전거,남,13세,경상
2014111400100179,2014년 11월 14일 08시,금요일,대구광역시 달서구 상인동,중상사고,0,1,0,0,차대사람 - 횡단중,보행자보호의무위반,건조,맑음,단일로 - 횡단보도상,승용,남,42세,상해없음,보행자,남,10세,중상
2014111400100214,2014년 11월 14일 09시,금요일,대구광역시 동구 신암동,경상사고,0,0,1,0,차대차 - 측면직각충돌,기타,건조,맑음,교차로 - 교차로안,승용,남,56세,상해없음,원동기,남,81세,경상
2014111400100215,2014년 11월 14일 09시,금요일,대구광역시 수성구 범어동,경상사고,0,0,1,0,차대차 - 추돌 - 주정차중,안전운전불이행,건조,맑음,단일로 - 기타,승용,남,38세,기타불명,승용,남,30세,경상
2014111400100216,2014년 11월 14일 09시,금요일,대구광역시 달서구 용산동,경상사고,0,0,3,0,차대차 - 추돌 - 진행중,안전거리미확보,건조,맑음,단일로 - 기타,승용,남,39세,경상,승용,여,59세,경상
2014111400100252,2014년 11월 14일 10시,금요일,대구광역시 남구 봉덕동,경상사고,0,0,1,0,차대차 - 측면직각충돌,신호위반,건조,맑음,교차로 - 교차로안,승용,여,50세,상해없음,이륜,남,59세,경상
2014111400100253,2014년 11월 14일 10시,금요일,대구광역시 동구 각산동,경상사고,0,0,1,0,차대차 - 측면직각충돌,신호위반,건조,맑음,교차로 - 교차로안,건설기계,남,45세,상해없음,승용,남,28세,경상
2014111400100254,2014년 11월 14일 10시,금요일,대구광역시 달서구 장기동,경상사고,0,0,1,0,차대사람 - 기타,안전운전불이행,건조,맑음,단일로 - 기타,승용,기타불명,기타불명,기타불명,보행자,남,39세,경상
2014111400100276,2014년 11월 14일 11시,금요일,대구광역시 북구 동변동,경상사고,0,0,1,0,차량단독 - 공작물충돌,안전운전불이행,건조,맑음,교차로 - 교차로부근,승용,여,46세,경상,,,,
2014111400100301,2014년 11월 14일 12시,금요일,대구광역시 북구 산격동,경상사고,0,0,1,0,차대차 - 추돌 - 주정차중,안전운전불이행,건조,맑음,단일로 - 기타,승용,남,65세,상해없음,승용,여,40세,경상
2014111400100302,2014년 11월 14일 12시,금요일,대구광역시 중구 대신동,부상신고사고,0,0,0,1,차대사람 - 기타,안전운전불이행,건조,맑음,단일로 - 기타,기타불명,기타불명,기타불명,기타불명,보행자,여,78세,부상신고
2014111400100303,2014년 11월 14일 12시,금요일,대구광역시 달서구 이곡동,중상사고,0,1,2,0,차대차 - 측면직각충돌,안전운전불이행,건조,맑음,단일로 - 기타,이륜,남,24세,상해없음,승용,여,54세,중상
2014111400100337,2014년 11월 14일 13시,금요일,대구광역시 달서구 대천동,부상신고사고,0,0,0,1,차대차 - 기타,안전운전불이행,건조,맑음,단일로 - 기타,승용,여,45세,상해없음,승용,여,34세,부상신고
2014111400100338,2014년 11월 14일 13시,금요일,대구광역시 달성군 구지면,사망사고,1,0,0,0,차대차 - 추돌 - 진행중,안전운전불이행,건조,맑음,단일로 - 기타,화물,남,52세,상해없음,원동기,남,74세,사망
2014111400100339,2014년 11월 14일 13시,금요일,대구광역시 북구 대현동,경상사고,0,0,1,0,차대차 - 측면직각충돌,교차로운행방법위반,건조,맑음,교차로 - 교차로안,화물,남,74세,상해없음,자전거,남,19세,경상
2014111400100381,2014년 11월 14일 14시,금요일,대구광역시 북구 칠성동1가,부상신고사고,0,0,0,1,차대차 - 측면직각충돌,중앙선침범,건조,맑음,단일로 - 기타,이륜,남,27세,부상신고,승용,남,51세,상해없음
2014111400100382,2014년 11월 14일 14시,금요일,대구광역시 중구 대신동,경상사고,0,0,1,0,차대사람 - 보도통행중,안전운전불이행,건조,맑음,교차로 - 교차로부근,승용,여,52세,상해없음,보행자,남,23세,경상
2014111400100383,2014년 11월 14일 14시,금요일,대구광역시 중구 남산동,부상신고사고,0,0,0,1,차대차 - 기타,안전운전불이행,건조,맑음,단일로 - 기타,이륜,남,50세,부상신고,승용,여,58세,상해없음
2014111400100384,2014년 11월 14일 14시,금요일,대구광역시 북구 동천동,경상사고,0,0,1,0,차대차 - 기타,안전운전불이행,건조,맑음,단일로 - 기타,승용,여,36세,상해없음,자전거,여,29세,경상
2014111400100522,2014년 11월 14일 17시,금요일,대구광역시 남구 봉덕동,경상사고,0,0,1,0,차대사람 - 기타,안전운전불이행,건조,맑음,단일로 - 기타,자전거,남,8세,기타불명,보행자,여,82세,경상
2014111400100523,2014년 11월 14일 17시,금요일,대구광역시 수성구 황금동,경상사고,0,0,1,0,차대차 - 추돌 - 주정차중,안전운전불이행,건조,맑음,단일로 - 기타,승용,남,37세,상해없음,승용,남,25세,경상
2014111400100587,2014년 11월 14일 18시,금요일,대구광역시 수성구 만촌동,중상사고,0,1,0,0,차대차 - 측면직각충돌,안전운전불이행,건조,맑음,단일로 - 기타,승용,남,73세,상해없음,자전거,남,22세,중상
2014111400100588,2014년 11월 14일 18시,금요일,대구광역시 서구 비산동,경상사고,0,0,1,0,차대차 - 기타,차로위반,건조,맑음,단일로 - 기타,승용,남,75세,상해없음,승용,남,62세,경상
2014111400100589,2014년 11월 14일 18시,금요일,대구광역시 중구 삼덕동2가,경상사고,0,0,1,0,차대차 - 측면직각충돌,안전거리미확보,건조,맑음,단일로 - 기타,승용,남,61세,상해없음,승용,남,57세,경상
2014111400100590,2014년 11월 14일 18시,금요일,대구광역시 달서구 이곡동,경상사고,0,0,3,0,차대차 - 기타,안전운전불이행,건조,맑음,교차로 - 교차로부근,승용,남,29세,상해없음,승용,남,64세,경상
2014111400100591,2014년 11월 14일 18시,금요일,대구광역시 달서구 죽전동,중상사고,0,1,0,0,차대차 - 측면직각충돌,안전운전불이행,건조,흐림,단일로 - 기타,승용,남,28세,상해없음,자전거,남,19세,중상
2014111400100642,2014년 11월 14일 19시,금요일,대구광역시 남구 대명동,경상사고,0,0,1,0,차대차 - 기타,안전거리미확보,건조,맑음,단일로 - 기타,승용,남,19세,상해없음,승용,남,49세,경상
2014111400100643,2014년 11월 14일 19시,금요일,대구광역시 북구 관음동,경상사고,0,0,1,0,차대사람 - 기타,보행자보호의무위반,건조,맑음,교차로 - 교차로부근,이륜,남,45세,상해없음,보행자,여,50세,경상
2014111400100683,2014년 11월 14일 20시,금요일,대구광역시 수성구 매호동,경상사고,0,0,1,0,차대사람 - 기타,보행자보호의무위반,건조,맑음,교차로 - 교차로부근,승용,기타불명,기타불명,기타불명,보행자,여,29세,경상
2014111400100684,2014년 11월 14일 20시,금요일,대구광역시 북구 산격동,경상사고,0,0,1,0,차대차 - 추돌 - 주정차중,안전운전불이행,건조,맑음,단일로 - 기타,승용,남,19세,기타불명,승용,여,50세,상해없음
2014111400100685,2014년 11월 14일 20시,금요일,대구광역시 달서구 성당동,중상사고,0,1,0,0,차대사람 - 횡단중,보행자보호의무위반,건조,흐림,교차로 - 교차로안,화물,남,32세,상해없음,보행자,남,66세,중상
2014111400100728,2014년 11월 14일 21시,금요일,대구광역시 달성군 현풍면,중상사고,0,1,0,0,차대사람 - 횡단중,보행자보호의무위반,건조,맑음,교차로 - 교차로안,승용,여,45세,상해없음,보행자,여,26세,중상
2014111400100729,2014년 11월 14일 21시,금요일,대구광역시 서구 내당동,중상사고,0,1,2,0,차대차 - 추돌 - 진행중,안전거리미확보,건조,맑음,단일로 - 기타,승용,남,46세,상해없음,승용,여,61세,경상
2014111400100731,2014년 11월 14일 21시,금요일,대구광역시 중구 동인동1가,경상사고,0,0,3,1,차대차 - 기타,안전운전불이행,건조,맑음,단일로 - 기타,승용,남,28세,상해없음,승용,남,46세,경상
2014111400100759,2014년 11월 14일 22시,금요일,대구광역시 북구 노원동2가,중상사고,0,1,0,0,차대사람 - 기타,안전운전불이행,건조,맑음,교차로 - 교차로안,이륜,기타불명,기타불명,기타불명,보행자,남,47세,중상
2014111400100760,2014년 11월 14일 22시,금요일,대구광역시 달서구 성당동,경상사고,0,0,1,0,차대사람 - 기타,안전운전불이행,건조,맑음,교차로 - 교차로부근,승용,남,68세,상해없음,보행자,남,31세,경상
2014111400100797,2014년 11월 14일 23시,금요일,대구광역시 수성구 파동,경상사고,0,0,2,0,차대차 - 기타,안전운전불이행,건조,맑음,단일로 - 기타,승용,남,42세,상해없음,승용,남,52세,경상
2014111400100798,2014년 11월 14일 23시,금요일,대구광역시 중구 교동,경상사고,0,0,1,0,차대차 - 추돌 - 주정차중,안전운전불이행,건조,맑음,교차로 - 교차로안,승용,남,30세,상해없음,승용,남,57세,경상
2014111400100799,2014년 11월 14일 23시,금요일,대구광역시 달서구 용산동,경상사고,0,0,3,0,차대차 - 추돌 - 주정차중,안전운전불이행,건조,흐림,단일로 - 기타,승용,남,41세,상해없음,승용,여,52세,경상
2014111500100024,2014년 11월 15일 00시,토요일,대구광역시 달서구 상인동,경상사고,0,0,1,0,차대차 - 측면직각충돌,교차로운행방법위반,건조,맑음,교차로 - 교차로안,승용,남,54세,상해없음,승용,남,63세,상해없음
2014111500100025,2014년 11월 15일 00시,토요일,대구광역시 중구 태평로3가,경상사고,0,0,3,0,차대차 - 측면직각충돌,안전운전불이행,건조,맑음,단일로 - 기타,승용,남,35세,상해없음,승용,남,55세,경상
2014111500100026,2014년 11월 15일 00시,토요일,대구광역시 달서구 두류동,중상사고,0,1,0,0,차대차 - 측면직각충돌,교차로운행방법위반,건조,흐림,단일로 - 기타,승용,남,26세,상해없음,이륜,남,45세,중상
2014111500100104,2014년 11월 15일 05시,토요일,대구광역시 중구 동산동,경상사고,0,0,3,0,차대차 - 측면직각충돌,중앙선침범,건조,맑음,교차로 - 교차로부근,승용,여,18세,기타불명,승용,남,60세,경상
2014111500100142,2014년 11월 15일 07시,토요일,대구광역시 수성구 지산동,경상사고,0,0,1,0,차대사람 - 기타,안전운전불이행,건조,맑음,교차로 - 교차로안,승용,기타불명,기타불명,기타불명,보행자,여,52세,경상
2014111500100143,2014년 11월 15일 07시,토요일,대구광역시 달서구 대천동,중상사고,0,1,0,0,차대차 - 기타,신호위반,건조,맑음,교차로 - 교차로안,승용,남,33세,상해없음,승용,남,49세,중상
2014111500100144,2014년 11월 15일 07시,토요일,대구광역시 달서구 갈산동,중상사고,0,1,0,0,차대차 - 측면직각충돌,신호위반,건조,맑음,교차로 - 교차로안,원동기,남,23세,중상,승용,남,51세,상해없음
2014111500100145,2014년 11월 15일 07시,토요일,대구광역시 서구 비산동,중상사고,0,1,0,0,차대차 - 측면직각충돌,교차로운행방법위반,건조,맑음,교차로 - 교차로안,이륜,남,28세,중상,승용,남,51세,상해없음
2014111500100191,2014년 11월 15일 09시,토요일,대구광역시 동구 방촌동,중상사고,0,1,0,0,차대사람 - 기타,안전운전불이행,건조,맑음,단일로 - 기타,승용,여,48세,상해없음,보행자,남,41세,중상
2014111500100192,2014년 11월 15일 09시,토요일,대구광역시 달서구 대천동,경상사고,0,0,1,0,차대차 - 측면직각충돌,직진우회전진행방해,건조,맑음,교차로 - 교차로안,승용,남,43세,상해없음,승합,남,55세,경상
2014111500100193,2014년 11월 15일 09시,토요일,대구광역시 서구 비산동,경상사고,0,0,2,0,차대차 - 기타,안전운전불이행,건조,맑음,교차로 - 교차로안,이륜,남,44세,경상,이륜,남,37세,경상
2014111500100227,2014년 11월 15일 10시,토요일,대구광역시 수성구 지산동,경상사고,0,0,1,0,차대차 - 추돌 - 진행중,안전운전불이행,건조,맑음,단일로 - 기타,화물,남,32세,상해없음,승용,여,34세,경상
2014111500100228,2014년 11월 15일 10시,토요일,대구광역시 서구 평리동,경상사고,0,0,1,0,차대차 - 기타,안전운전불이행,건조,맑음,교차로 - 교차로부근,화물,남,69세,상해없음,승용,남,61세,경상
2014111500100265,2014년 11월 15일 11시,토요일,대구광역시 남구 봉덕동,중상사고,0,1,0,1,차대차 - 추돌 - 주정차중,안전운전불이행,건조,맑음,단일로 - 기타,승용,남,66세,상해없음,승용,남,31세,상해없음
2014111500100266,2014년 11월 15일 11시,토요일,대구광역시 동구 방촌동,경상사고,0,0,2,0,차대차 - 측면직각충돌,안전거리미확보,건조,맑음,단일로 - 기타,승용,남,46세,상해없음,건설기계,남,26세,경상
2014111500100267,2014년 11월 15일 11시,토요일,대구광역시 수성구 범어동,경상사고,0,0,1,0,차대차 - 측면직각충돌,차로위반,건조,맑음,단일로 - 기타,화물,남,34세,상해없음,원동기,남,17세,경상
2014111500100268,2014년 11월 15일 11시,토요일,대구광역시 중구 태평로2가,중상사고,0,1,1,0,차대차 - 측면직각충돌,안전거리미확보,건조,맑음,교차로 - 교차로안,승용,여,48세,상해없음,승용,여,32세,중상
2014111500100290,2014년 11월 15일 12시,토요일,대구광역시 달성군 현풍면,경상사고,0,0,1,0,차대차 - 기타,안전운전불이행,건조,맑음,교차로 - 교차로안,승용,여,57세,상해없음,이륜,여,50세,경상
2014111500100291,2014년 11월 15일 12시,토요일,대구광역시 서구 비산동,경상사고,0,0,1,0,차대사람 - 기타,안전운전불이행,건조,맑음,단일로 - 기타,승용,여,54세,상해없음,보행자,여,44세,경상
2014111500100292,2014년 11월 15일 12시,토요일,대구광역시 중구 동산동,경상사고,0,0,1,0,차대차 - 측면직각충돌,안전운전불이행,건조,맑음,단일로 - 기타,승용,남,61세,상해없음,승용,남,31세,상해없음
2014111500100293,2014년 11월 15일 12시,토요일,대구광역시 북구 읍내동,경상사고,0,0,3,0,차대차 - 추돌 - 주정차중,안전운전불이행,건조,맑음,교차로 - 교차로부근,승용,여,36세,경상,승합,남,55세,상해없음
2014111500100328,2014년 11월 15일 13시,토요일,대구광역시 서구 평리동,경상사고,0,0,1,0,차대차 - 추돌 - 진행중,안전거리미확보,건조,맑음,교차로 - 교차로부근,승용,남,33세,상해없음,승용,남,40세,경상
2014111500100329,2014년 11월 15일 13시,토요일,대구광역시 달서구 장기동,경상사고,0,0,1,0,차대차 - 측면직각충돌,신호위반,건조,맑음,교차로 - 교차로안,승용,남,33세,상해없음,화물,남,34세,경상
2014111500100361,2014년 11월 15일 14시,토요일,대구광역시 달성군 다사읍,경상사고,0,0,2,0,차대차 - 기타,신호위반,건조,맑음,교차로 - 교차로안,승용,여,39세,상해없음,승합,남,52세,경상
2014111500100403,2014년 11월 15일 15시,토요일,대구광역시 수성구 범어동,경상사고,0,0,2,0,차대차 - 추돌 - 주정차중,안전운전불이행,건조,맑음,단일로 - 기타,승용,남,46세,상해없음,승용,남,53세,경상
2014111500100432,2014년 11월 15일 16시,토요일,대구광역시 동구 불로동,경상사고,0,0,1,0,차대차 - 기타,안전운전불이행,건조,맑음,단일로 - 기타,승용,여,57세,상해없음,승용,여,45세,경상
2014111500100433,2014년 11월 15일 16시,토요일,대구광역시 수성구 욱수동,경상사고,0,0,1,0,차대차 - 측면직각충돌,안전운전불이행,건조,맑음,단일로 - 기타,승용,남,25세,상해없음,승용,남,26세,경상
2014111500100434,2014년 11월 15일 16시,토요일,대구광역시 중구 동인동2가,경상사고,0,0,1,0,차대차 - 기타,안전거리미확보,건조,맑음,교차로 - 교차로안,승용,남,56세,상해없음,승용,남,31세,상해없음
2014111500100478,2014년 11월 15일 17시,토요일,대구광역시 동구 검사동,경상사고,0,0,1,0,차대차 - 기타,안전운전불이행,건조,맑음,교차로 - 교차로안,승용,여,53세,상해없음,원동기,남,61세,경상
2014111500100479,2014년 11월 15일 17시,토요일,대구광역시 달서구 이곡동,경상사고,0,0,1,0,차대차 - 기타,신호위반,건조,맑음,단일로 - 횡단보도상,승용,여,46세,상해없음,자전거,남,54세,경상
2014111500100529,2014년 11월 15일 18시,토요일,대구광역시 달서구 대천동,중상사고,0,1,1,0,차대차 - 추돌 - 진행중,안전운전불이행,건조,맑음,단일로 - 기타,승용,남,46세,상해없음,승용,남,42세,경상
2014111500100530,2014년 11월 15일 18시,토요일,대구광역시 중구 동인동4가,경상사고,0,0,2,0,차대차 - 기타,안전거리미확보,건조,맑음,단일로 - 기타,승용,여,47세,상해없음,이륜,남,19세,경상
2014111500100569,2014년 11월 15일 19시,토요일,대구광역시 달서구 상인동,경상사고,0,0,1,0,차대사람 - 횡단중,보행자보호의무위반,건조,맑음,단일로 - 횡단보도상,기타불명,기타불명,기타불명,기타불명,보행자,여,46세,경상
2014111500100570,2014년 11월 15일 19시,토요일,대구광역시 달서구 갈산동,부상신고사고,0,0,0,1,차대차 - 추돌 - 주정차중,안전운전불이행,건조,맑음,단일로 - 기타,승용,남,48세,부상신고,화물,남,46세,기타불명