사고번호,사고일시,요일,시군구,사고내용,사망자수,중상자수,경상자수,부상신고자수,사고유형,법규위반,노면상태,기상상태,도로형태,가해운전자 차종,가해운전자 성별,가해운전자 연령,가해운전자 상해정도,피해운전자 차종,피해운전자 성별,피해운전자 연령,피해운전자 상해정도
2014111900100175,2014년 11월 19일 08시,수요일,대구광역시 달서구 두류동,경상사고,0,0,1,0,차대사람 - 횡단중,보행자보호의무위반,건조,맑음,단일로 - 횡단보도상,승용,여,44세,상해없음,보행자,여,68세,경상
2014111900100201,2014년 11월 19일 09시,수요일,대구광역시 남구 봉덕동,경상사고,0,0,1,0,차대차 - 추돌 - 진행중,안전거리미확보,건조,맑음,단일로 - 기타,승용,남,62세,상해없음,자전거,남,74세,경상
2014111900100202,2014년 11월 19일 09시,수요일,대구광역시 남구 대명동,중상사고,0,1,2,0,차대차 - 기타,안전운전불이행,건조,맑음,단일로 - 기타,승용,남,32세,상해없음,승용,남,68세,경상
2014111900100203,2014년 11월 19일 09시,수요일,대구광역시 동구 신서동,경상사고,0,0,1,0,차대사람 - 기타,안전운전불이행,건조,맑음,단일로 - 기타,승용,여,66세,상해없음,보행자,여,20세,경상
2014111900100237,2014년 11월 19일 10시,수요일,대구광역시 수성구 만촌동,부상신고사고,0,0,0,1,차대차 - 기타,안전운전불이행,건조,맑음,교차로 - 교차로부근,원동기,남,51세,부상신고,승용,남,47세,상해없음
2014111900100260,2014년 11월 19일 11시,수요일,대구광역시 서구 평리동,중상사고,0,1,0,0,차량단독 - 기타,기타,건조,맑음,단일로 - 기타,승합,남,56세,상해없음,,,,
2014111900100292,2014년 11월 19일 12시,수요일,대구광역시 달서구 송현동,경상사고,0,0,1,0,차대차 - 측면직각충돌,교차로운행방법위반,건조,맑음,교차로 - 교차로안,승용,여,48세,상해없음,원동기,남,77세,경상
2014111900100320,2014년 11월 19일 13시,수요일,대구광역시 달서구 진천동,중상사고,0,1,0,0,차대사람 - 기타,안전운전불이행,건조,맑음,단일로 - 기타,승용,남,51세,상해없음,보행자,남,53세,중상
2014111900100321,2014년 11월 19일 13시,수요일,대구광역시 북구 대현동,중상사고,0,1,0,0,차대사람 - 기타,안전운전불이행,건조,맑음,단일로 - 기타,건설기계,남,61세,상해없음,보행자,여,91세,중상
2014111900100322,2014년 11월 19일 13시,수요일,대구광역시 북구 산격동,중상사고,0,1,0,0,차대사람 - 횡단중,안전운전불이행,건조,맑음,교차로 - 교차로부근,승용,여,43세,상해없음,보행자,남,60세,중상
2014111900100323,2014년 11월 19일 13시,수요일,대구광역시 중구 대신동,중상사고,0,1,0,0,차대사람 - 기타,중앙선침범,건조,맑음,단일로 - 기타,이륜,남,42세,상해없음,보행자,여,68세,중상
2014111900100352,2014년 11월 19일 14시,수요일,대구광역시 동구 방촌동,중상사고,0,1,0,0,차대차 - 기타,신호위반,건조,맑음,교차로 - 교차로안,승용,남,66세,상해없음,승용,남,45세,중상
2014111900100353,2014년 11월 19일 14시,수요일,대구광역시 달서구 두류동,경상사고,0,0,2,0,차대차 - 추돌 - 주정차중,안전운전불이행,건조,맑음,단일로 - 기타,승용,남,50세,상해없음,승용,남,31세,경상
2014111900100381,2014년 11월 19일 15시,수요일,대구광역시 달성군 다사읍,부상신고사고,0,0,0,1,차대차 - 정면충돌,중앙선침범,건조,맑음,단일로 - 기타,원동기,남,51세,부상신고,승용,남,57세,상해없음
2014111900100382,2014년 11월 19일 15시,수요일,대구광역시 북구 노원동3가,중상사고,0,1,0,0,차대차 - 기타,안전운전불이행,건조,맑음,단일로 - 기타,화물,남,31세,상해없음,원동기,남,48세,중상
2014111900100383,2014년 11월 19일 15시,수요일,대구광역시 북구 고성동2가,경상사고,0,0,1,0,차대사람 - 횡단중,안전운전불이행,건조,맑음,단일로 - 기타,기타불명,기타불명,기타불명,기타불명,보행자,남,82세,경상
2014111900100384,2014년 11월 19일 15시,수요일,대구광역시 달서구 장동,경상사고,0,0,1,0,차대차 - 기타,안전운전불이행,건조,맑음,교차로 - 교차로안,화물,남,51세,상해없음,승용,남,57세,경상
2014111900100415,2014년 11월 19일 16시,수요일,대구광역시 중구 동인동1가,경상사고,0,0,1,0,차량단독 - 기타,기타,건조,맑음,단일로 - 기타,승합,남,55세,상해없음,,,,
2014111900100461,2014년 11월 19일 17시,수요일,대구광역시 수성구 황금동,중상사고,0,1,0,0,차대차 - 기타,안전운전불이행,건조,맑음,교차로 - 교차로안,승용,남,32세,상해없음,자전거,남,51세,중상
2014111900100462,2014년 11월 19일 17시,수요일,대구광역시 달서구 유천동,중상사고,0,1,0,0,차대사람 - 기타,보행자보호의무위반,건조,맑음,단일로 - 횡단보도상,승용,여,52세,상해없음,보행자,여,8세,중상
2014111900100518,2014년 11월 19일 18시,수요일,대구광역시 북구 금호동,경상사고,0,0,3,0,차대차 - 추돌 - 진행중,안전운전불이행,건조,맑음,단일로 - 기타,승용,남,40세,경상,승용,여,65세,경상
2014111900100522,2014년 11월 19일 18시,수요일,대구광역시 동구 용계동,경상사고,0,0,1,0,차대차 - 기타,안전운전불이행,건조,맑음,교차로 - 교차로부근,승용,남,36세,기타불명,승용,여,21세,경상
2014111900100523,2014년 11월 19일 18시,수요일,대구광역시 달서구 상인동,중상사고,0,1,0,0,차대차 - 측면직각충돌,안전운전불이행,건조,맑음,교차로 - 교차로부근,자전거,남,21세,중상,승합,남,50세,상해없음
2014111900100524,2014년 11월 19일 18시,수요일,대구광역시 북구 침산동,경상사고,0,0,1,0,차대사람 - 횡단중,안전운전불이행,건조,맑음,교차로 - 교차로안,승용,남,72세,상해없음,보행자,여,40세,경상
2014111900100525,2014년 11월 19일 18시,수요일,대구광역시 서구 내당동,경상사고,0,0,4,0,차대차 - 기타,안전운전불이행,건조,맑음,단일로 - 기타,승용,여,36세,경상,승용,여,28세,경상
2014111900100526,2014년 11월 19일 18시,수요일,대구광역시 중구 남일동,중상사고,0,1,0,0,차대사람 - 기타,안전운전불이행,건조,맑음,단일로 - 기타,이륜,남,18세,상해없음,보행자,여,61세,중상
2014111900100571,2014년 11월 19일 19시,수요일,대구광역시 동구 율하동,중상사고,0,1,0,0,차대차 - 기타,교차로운행방법위반,건조,맑음,교차로 - 교차로안,승용,여,53세,상해없음,원동기,남,40세,중상
2014111900100572,2014년 11월 19일 19시,수요일,대구광역시 중구 태평로1가,경상사고,0,0,1,0,차대차 - 추돌 - 주정차중,안전운전불이행,건조,맑음,교차로 - 교차로부근,승용,남,54세,상해없음,승용,남,30세,경상
2014111900100573,2014년 11월 19일 19시,수요일,대구광역시 달서구 이곡동,경상사고,0,0,1,0,차대차 - 추돌 - 주정차중,안전운전불이행,건조,맑음,단일로 - 기타,승용,여,53세,상해없음,승용,남,34세,경상
2014111900100606,2014년 11월 19일 20시,수요일,대구광역시 동구 입석동,경상사고,0,0,1,0,차대사람 - 횡단중,보행자보호의무위반,건조,맑음,단일로 - 횡단보도상,승용,남,35세,상해없음,보행자,남,55세,경상
2014111900100607,2014년 11월 19일 20시,수요일,대구광역시 수성구 수성동4가,경상사고,0,0,2,0,차대차 - 기타,안전거리미확보,건조,맑음,단일로 - 기타,승용,남,32세,경상,승용,남,63세,경상
2014111900100608,2014년 11월 19일 20시,수요일,대구광역시 달서구 송현동,경상사고,0,0,1,0,차대차 - 기타,안전운전불이행,건조,맑음,단일로 - 기타,승용,남,38세,상해없음,자전거,남,31세,경상
2014111900100609,2014년 11월 19일 20시,수요일,대구광역시 북구 서변동,중상사고,0,1,0,0,차대사람 - 횡단중,신호위반,건조,맑음,단일로 - 횡단보도상,승용,남,45세,상해없음,보행자,여,67세,중상
2014111900100641,2014년 11월 19일 21시,수요일,대구광역시 동구 신천동,경상사고,0,0,1,0,차대차 - 측면직각충돌,안전거리미확보,건조,맑음,단일로 - 기타,승용,여,24세,상해없음,승용,남,32세,경상
2014111900100642,2014년 11월 19일 21시,수요일,대구광역시 동구 신천동,경상사고,0,0,1,0,차대차 - 측면직각충돌,안전거리미확보,건조,맑음,단일로 - 기타,승합,남,52세,상해없음,이륜,남,23세,경상
2014111900100643,2014년 11월 19일 21시,수요일,대구광역시 달서구 상인동,경상사고,0,0,1,0,차대차 - 기타,안전운전불이행,건조,맑음,단일로 - 기타,승용,남,58세,상해없음,이륜,남,19세,경상
2014111900100644,2014년 11월 19일 21시,수요일,대구광역시 달서구 대천동,경상사고,0,0,1,0,차대차 - 추돌 - 진행중,안전운전불이행,건조,맑음,교차로 - 교차로부근,승용,남,36세,상해없음,이륜,남,19세,경상
2014111900100645,2014년 11월 19일 21시,수요일,대구광역시 동구 신암동,사망사고,1,0,0,0,차대사람 - 기타,안전운전불이행,건조,맑음,교차로 - 교차로안,승용,여,44세,상해없음,보행자,남,40세,사망
2014111900100646,2014년 11월 19일 21시,수요일,대구광역시 남구 대명동,경상사고,0,0,1,0,차대차 - 측면직각충돌,안전거리미확보,건조,맑음,단일로 - 기타,승용,여,57세,기타불명,승용,남,38세,경상
2014111900100676,2014년 11월 19일 22시,수요일,대구광역시 남구 대명동,경상사고,0,0,2,0,차대차 - 추돌 - 진행중,안전거리미확보,건조,맑음,단일로 - 기타,승용,남,42세,상해없음,승용,남,59세,경상
2014111900100677,2014년 11월 19일 22시,수요일,대구광역시 수성구 범어동,경상사고,0,0,2,0,차대사람 - 횡단중,안전운전불이행,건조,맑음,교차로 - 교차로안,승용,여,33세,상해없음,보행자,남,25세,경상
2014111900100678,2014년 11월 19일 22시,수요일,대구광역시 수성구 중동,경상사고,0,0,1,0,차대차 - 추돌 - 진행중,안전거리미확보,건조,맑음,단일로 - 기타,승용,남,29세,상해없음,이륜,남,41세,경상
2014111900100679,2014년 11월 19일 22시,수요일,대구광역시 달서구 상인동,중상사고,0,1,0,0,차대사람 - 차도통행중,안전운전불이행,건조,맑음,교차로 - 교차로안,이륜,남,37세,상해없음,보행자,여,74세,중상
2014111900100705,2014년 11월 19일 23시,수요일,대구광역시 서구 평리동,중상사고,0,1,1,0,차대차 - 기타,신호위반,건조,맑음,교차로 - 교차로안,승합,남,41세,상해없음,승용,남,60세,경상
2014112000100022,2014년 11월 20일 01시,목요일,대구광역시 서구 평리동,경상사고,0,0,1,0,차대차 - 측면직각충돌,신호위반,건조,맑음,교차로 - 교차로안,승용,남,47세,상해없음,원동기,남,27세,경상
2014112000100031,2014년 11월 20일 02시,목요일,대구광역시 달서구 진천동,경상사고,0,0,1,0,차량단독 - 기타,안전운전불이행,건조,맑음,교차로 - 교차로안,승용,남,64세,상해없음,,,,
2014112000100065,2014년 11월 20일 06시,목요일,대구광역시 동구 신암동,중상사고,0,1,0,0,차대차 - 기타,교차로운행방법위반,건조,맑음,단일로 - 횡단보도부근,승용,남,34세,상해없음,자전거,남,73세,중상
2014112000100066,2014년 11월 20일 06시,목요일,대구광역시 달성군 유가면,중상사고,0,1,2,0,차대차 - 추돌 - 진행중,안전운전불이행,건조,맑음,단일로 - 기타,화물,남,58세,상해없음,승용,남,52세,상해없음
2014112000100094,2014년 11월 20일 07시,목요일,대구광역시 달성군 다사읍,경상사고,0,0,1,0,차대차 - 측면직각충돌,안전운전불이행,건조,맑음,단일로 - 기타,화물,남,64세,상해없음,자전거,남,79세,경상
2014112000100095,2014년 11월 20일 07시,목요일,대구광역시 북구 노원동3가,경상사고,0,0,1,0,차대차 - 기타,안전운전불이행,건조,맑음,교차로 - 교차로안,화물,남,44세,상해없음,자전거,남,39세,경상
2014112000100141,2014년 11월 20일 08시,목요일,대구광역시 동구 율하동,경상사고,0,0,1,0,차대차 - 측면직각충돌,안전운전불이행,건조,맑음,단일로 - 기타,승용,남,34세,상해없음,승용,여,32세,경상
2014112000100142,2014년 11월 20일 08시,목요일,대구광역시 수성구 노변동,중상사고,0,1,0,0,차대차 - 기타,신호위반,건조,맑음,교차로 - 교차로부근,승용,여,39세,상해없음,자전거,남,53세,중상
2014112000100143,2014년 11월 20일 08시,목요일,대구광역시 달서구 월암동,경상사고,0,0,2,0,차대차 - 추돌 - 주정차중,안전운전불이행,건조,맑음,단일로 - 기타,승용,남,21세,상해없음,승용,여,24세,경상
2014112000100144,2014년 11월 20일 08시,목요일,대구광역시 중구 대봉동,경상사고,0,0,1,0,차대차 - 추돌 - 진행중,안전운전불이행,건조,맑음,단일로 - 기타,승용,남,26세,상해없음,승용,여,40세,경상
2014112000100178,2014년 11월 20일 09시,목요일,대구광역시 수성구 수성동4가,중상사고,0,1,0,0,차대사람 - 길가장자리구역통행중,안전운전불이행,건조,맑음,단일로 - 기타,화물,남,61세,기타불명,보행자,남,14세,중상
2014112000100179,2014년 11월 20일 09시,목요일,대구광역시 북구 노원동2가,경상사고,0,0,1,0,차대사람 - 기타,안전운전불이행,건조,맑음,단일로 - 횡단보도상,승용,여,48세,상해없음,보행자,여,63세,경상
2014112000100180,2014년 11월 20일 09시,목요일,대구광역시 북구 노원동2가,경상사고,0,0,1,0,차대차 - 측면직각충돌,안전운전불이행,건조,맑음,단일로 - 기타,승용,남,62세,상해없음,승용,여,24세,경상
2014112000100181,2014년 11월 20일 09시,목요일,대구광역시 북구 매천동,중상사고,0,1,0,0,차대사람 - 기타,안전운전불이행,건조,맑음,기타 - 기타,화물,남,57세,상해없음,보행자,여,52세,중상
2014112000100215,2014년 11월 20일 10시,목요일,대구광역시 중구 태평로2가,중상사고,0,1,1,0,차대차 - 측면직각충돌,신호위반,건조,맑음,교차로 - 교차로안,승용,남,58세,상해없음,이륜,남,50세,경상
2014112000100290,2014년 11월 20일 12시,목요일,대구광역시 남구 대명동,경상사고,0,0,1,0,차대차 - 기타,직진우회전진행방해,건조,맑음,교차로 - 교차로안,이륜,남,38세,경상,승용,여,54세,상해없음
2014112000100291,2014년 11월 20일 12시,목요일,대구광역시 동구 율하동,중상사고,0,1,0,0,차대차 - 기타,신호위반,건조,맑음,교차로 - 교차로안,승용,남,74세,상해없음,이륜,남,54세,중상
2014112000100292,2014년 11월 20일 12시,목요일,대구광역시 수성구 지산동,경상사고,0,0,2,0,차대차 - 추돌 - 진행중,안전거리미확보,건조,맑음,단일로 - 기타,승용,남,83세,상해없음,승용,여,42세,경상
2014112000100293,2014년 11월 20일 12시,목요일,대구광역시 서구 이현동,중상사고,0,1,1,0,차대차 - 측면직각충돌,안전거리미확보,건조,맑음,교차로 - 교차로부근,화물,남,46세,상해없음,승용,남,61세,중상
2014112000100316,2014년 11월 20일 13시,목요일,대구광역시 수성구 두산동,중상사고,0,1,0,0,차대차 - 기타,안전운전불이행,건조,맑음,단일로 - 횡단보도상,이륜,남,52세,상해없음,자전거,남,71세,중상
2014112000100317,2014년 11월 20일 13시,목요일,대구광역시 수성구 시지동,경상사고,0,0,1,0,차대사람 - 횡단중,보행자보호의무위반,건조,맑음,단일로 - 횡단보도상,승용,기타불명,기타불명,기타불명,보행자,남,8세,경상
2014112000100360,2014년 11월 20일 14시,목요일,대구광역시 달서구 본동,경상사고,0,0,1,0,차대차 - 기타,안전운전불이행,건조,맑음,기타 - 기타,승용,남,55세,상해없음,승용,여,54세,경상
2014112000100361,2014년 11월 20일 14시,목요일,대구광역시 달성군 논공읍,부상신고사고,0,0,0,1,차대차 - 측면직각충돌,안전거리미확보,건조,맑음,단일로 - 기타,원동기,남,71세,부상신고,승용,남,20세,상해없음
2014112000100362,2014년 11월 20일 14시,목요일,대구광역시 달성군 현풍면,경상사고,0,0,1,0,차대차 - 기타,교차로운행방법위반,건조,맑음,교차로 - 교차로안,승용,여,47세,상해없음,자전거,여,49세,경상
2014112000100401,2014년 11월 20일 15시,목요일,대구광역시 수성구 범어동,중상사고,0,1,0,0,차대차 - 기타,교차로운행방법위반,건조,맑음,교차로 - 교차로안,승용,여,30세,상해없음,이륜,남,49세,중상
2014112000100402,2014년 11월 20일 15시,목요일,대구광역시 달서구 송현동,부상신고사고,0,0,0,1,차대차 - 기타,안전운전불이행,건조,맑음,교차로 - 교차로부근,원동기,남,26세,부상신고,화물,남,40세,상해없음
2014112000100403,2014년 11월 20일 15시,목요일,대구광역시 달성군 현풍면,사망사고,1,0,0,0,차대차 - 기타,안전운전불이행,건조,맑음,교차로 - 교차로부근,화물,남,56세,상해없음,원동기,남,70세,사망
2014112000100448,2014년 11월 20일 16시,목요일,대구광역시 동구 율하동,경상사고,0,0,1,0,차대차 - 측면직각충돌,신호위반,건조,맑음,교차로 - 교차로안,승용,여,50세,상해없음,화물,남,49세,경상
2014112000100449,2014년 11월 20일 16시,목요일,대구광역시 달서구 이곡동,중상사고,0,1,0,0,차대차 - 기타,신호위반,건조,맑음,교차로 - 교차로부근,화물,남,41세,상해없음,자전거,남,79세,중상
2014112000100450,2014년 11월 20일 16시,목요일,대구광역시 북구 읍내동,경상사고,0,0,4,0,차대차 - 추돌 - 진행중,안전거리미확보,건조,맑음,교차로 - 교차로부근,승용,남,58세,상해없음,승용,여,34세,경상
2014112000100498,2014년 11월 20일 17시,목요일,대구광역시 수성구 범어동,경상사고,0,0,3,0,차대차 - 측면직각충돌,신호위반,건조,맑음,교차로 - 교차로안,승합,기타불명,기타불명,기타불명,승용,남,44세,상해없음
2014112000100499,2014년 11월 20일 17시,목요일,대구광역시 수성구 상동,경상사고,0,0,1,0,차대차 - 측면직각충돌,기타,건조,맑음,단일로 - 기타,승용,남,37세,상해없음,원동기,남,44세,경상
2014112000100500,2014년 11월 20일 17시,목요일,대구광역시 달서구 진천동,중상사고,0,1,0,0,차대차 - 기타,직진우회전진행방해,건조,맑음,교차로 - 교차로안,승용,남,27세,상해없음,자전거,남,77세,중상
2014112000100501,2014년 11월 20일 17시,목요일,대구광역시 달성군 유가면,중상사고,0,1,0,0,차대차 - 측면직각충돌,신호위반,건조,맑음,교차로 - 교차로안,승용,남,42세,상해없음,승용,여,44세,중상
2014112000100502,2014년 11월 20일 17시,목요일,대구광역시 서구 내당동,중상사고,0,1,0,0,차대차 - 기타,신호위반,건조,맑음,단일로 - 기타,승용,여,50세,상해없음,이륜,남,74세,중상
2014112000100503,2014년 11월 20일 17시,목요일,대구광역시 북구 동천동,중상사고,0,1,0,0,차대차 - 측면직각충돌,안전거리미확보,건조,맑음,교차로 - 교차로부근,승용,남,35세,상해없음,원동기,남,18세,중상
2014112000100504,2014년 11월 20일 17시,목요일,대구광역시 북구 사수동,경상사고,0,0,3,0,차대차 - 추돌 - 진행중,불법유턴,건조,맑음,교차로 - 교차로부근,승용,여,50세,상해없음,화물,남,64세,경상
2014112000100562,2014년 11월 20일 18시,목요일,대구광역시 동구 능성동,중상사고,0,1,0,0,차대차 - 기타,안전운전불이행,건조,맑음,단일로 - 기타,승용,여,73세,상해없음,승합,남,58세,상해없음
2014112000100563,2014년 11월 20일 18시,목요일,대구광역시 달서구 송현동,경상사고,0,0,1,0,차대사람 - 기타,안전운전불이행,건조,맑음,단일로 - 기타,화물,남,38세,상해없음,보행자,남,46세,경상
2014112000100564,2014년 11월 20일 18시,목요일,대구광역시 달서구 대천동,중상사고,0,1,0,0,차대사람 - 횡단중,보행자보호의무위반,건조,맑음,교차로 - 교차로부근,승용,여,53세,상해없음,보행자,남,43세,중상
2014112000100565,2014년 11월 20일 18시,목요일,대구광역시 달성군 화원읍,경상사고,0,0,1,0,차대차 - 측면직각충돌,안전운전불이행,건조,맑음,교차로 - 교차로부근,승용,여,41세,상해없음,원동기,남,25세,경상
2014112000100566,2014년 11월 20일 18시,목요일,대구광역시 중구 동산동,부상신고사고,0,0,0,1,차량단독 - 기타,기타,건조,맑음,단일로 - 기타,승합,남,41세,상해없음,,,,
2014112000100567,2014년 11월 20일 18시,목요일,대구광역시 북구 매천동,경상사고,0,0,1,0,차대차 - 추돌 - 주정차중,안전거리미확보,건조,맑음,단일로 - 기타,이륜,남,32세,경상,승용,남,66세,상해없음
2014112000100611,2014년 11월 20일 19시,목요일,대구광역시 수성구 범어동,경상사고,0,0,1,0,차대사람 - 횡단중,보행자보호의무위반,건조,맑음,단일로 - 횡단보도상,승용,남,28세,상해없음,보행자,남,68세,경상
2014112000100612,2014년 11월 20일 19시,목요일,대구광역시 북구 태전동,중상사고,0,1,2,0,차대차 - 측면직각충돌,신호위반,건조,맑음,교차로 - 교차로안,승용,여,40세,중상,승합,여,56세,경상
2014112000100646,2014년 11월 20일 20시,목요일,대구광역시 달서구 갈산동,경상사고,0,0,2,1,차대차 - 추돌 - 진행중,신호위반,건조,맑음,교차로 - 교차로안,승용,남,56세,부상신고,승용,남,45세,경상
2014112000100647,2014년 11월 20일 20시,목요일,대구광역시 북구 학정동,중상사고,0,1,0,0,차대차 - 추돌 - 진행중,교차로운행방법위반,건조,맑음,교차로 - 교차로안,승용,남,33세,상해없음,이륜,남,48세,중상
2014112000100721,2014년 11월 20일 22시,목요일,대구광역시 달서구 용산동,경상사고,0,0,1,0,차대사람 - 기타,기타,건조,맑음,교차로 - 교차로부근,승용,남,38세,상해없음,보행자,남,46세,경상
2014112100100019,2014년 11월 21일 00시,금요일,대구광역시 달서구 감삼동,경상사고,0,0,1,0,차대차 - 기타,안전운전불이행,건조,맑음,단일로 - 기타,승용,남,47세,상해없음,승용,남,61세,상해없음
2014112100100033,2014년 11월 21일 01시,금요일,대구광역시 남구 봉덕동,중상사고,0,1,0,0,차대차 - 기타,신호위반,건조,맑음,교차로 - 교차로안,승용,남,38세,상해없음,자전거,남,19세,중상
2014112100100048,2014년 11월 21일 03시,금요일,대구광역시 동구 효목동,경상사고,0,0,1,1,차대차 - 기타,교차로운행방법위반,건조,맑음,교차로 - 교차로안,승용,남,53세,부상신고,승용,남,58세,경상
2014112100100081,2014년 11월 21일 06시,금요일,대구광역시 북구 대현동,경상사고,0,0,1,0,차대차 - 추돌 - 주정차중,안전운전불이행,건조,맑음,교차로 - 교차로부근,승용,남,27세,상해없음,승용,여,51세,경상
2014112100100099,2014년 11월 21일 07시,금요일,대구광역시 남구 대명동,중상사고,0,1,1,0,차대차 - 기타,안전거리미확보,건조,맑음,단일로 - 기타,이륜,남,74세,경상,승용,남,54세,상해없음
2014112100100100,2014년 11월 21일 07시,금요일,대구광역시 수성구 신매동,경상사고,0,0,1,0,차대차 - 측면직각충돌,안전운전불이행,건조,맑음,교차로 - 교차로안,승용,여,57세,상해없음,이륜,남,40세,경상
2014112100100135,2014년 11월 21일 08시,금요일,대구광역시 달서구 진천동,경상사고,0,0,1,0,차대차 - 기타,교차로운행방법위반,건조,맑음,교차로 - 교차로안,승용,남,64세,상해없음,승용,남,63세,경상
2014112100100136,2014년 11월 21일 08시,금요일,대구광역시 북구 고성동3가,경상사고,0,0,1,0,차대차 - 기타,안전운전불이행,건조,맑음,교차로 - 교차로부근,승용,여,31세,상해없음,승용,남,29세,경상
2014112100100166,2014년 11월 21일 09시,금요일,대구광역시 북구 칠성동2가,부상신고사고,0,0,0,1,차대차 - 기타,안전거리미확보,건조,맑음,교차로 - 교차로부근,원동기,여,60세,부상신고,화물,남,41세,상해없음
2014112100100194,2014년 11월 21일 10시,금요일,대구광역시 남구 대명동,중상사고,0,1,0,0,차대차 - 추돌 - 주정차중,안전거리미확보,건조,맑음,단일로 - 기타,승용,남,35세,상해없음,승용,여,42세,중상
2014112100100229,2014년 11월 21일 11시,금요일,대구광역시 동구 용계동,중상사고,0,1,0,0,차대차 - 측면직각충돌,안전운전불이행,건조,맑음,단일로 - 기타,승용,남,34세,상해없음,이륜,남,46세,중상
2014112100100243,2014년 11월 21일 12시,금요일,대구광역시 달서구 감삼동,경상사고,0,0,2,0,차대차 - 기타,안전운전불이행,건조,맑음,단일로 - 기타,승용,남,25세,상해없음,승용,남,31세,경상
2014112100100280,2014년 11월 21일 14시,금요일,대구광역시 남구 대명동,중상사고,0,1,0,0,차대차 - 기타,교차로운행방법위반,건조,맑음,교차로 - 교차로안,승용,남,76세,상해없음,이륜,남,46세,중상
2014112100100281,2014년 11월 21일 14시,금요일,대구광역시 동구 효목동,경상사고,0,0,2,0,차대차 - 기타,안전운전불이행,건조,맑음,단일로 - 기타,화물,남,60세,상해없음,승용,여,44세,경상
2014112100100282,2014년 11월 21일 14시,금요일,대구광역시 달서구 진천동,경상사고,0,0,3,0,차대차 - 기타,신호위반,건조,맑음,교차로 - 교차로안,이륜,남,17세,경상,승용,남,57세,경상
2014112100100322,2014년 11월 21일 15시,금요일,대구광역시 달서구 상인동,중상사고,0,1,0,0,차대사람 - 횡단중,기타,건조,맑음,단일로 - 기타,승용,여,46세,상해없음,보행자,남,8세,중상
2014112100100323,2014년 11월 21일 15시,금요일,대구광역시 달성군 가창면,경상사고,0,0,1,1,차대차 - 기타,중앙선침범,건조,맑음,단일로 - 기타,승용,남,64세,부상신고,승용,여,28세,경상
2014112100100349,2014년 11월 21일 16시,금요일,대구광역시 동구 신암동,중상사고,0,1,0,0,차대사람 - 기타,안전운전불이행,건조,맑음,단일로 - 기타,이륜,남,26세,상해없음,보행자,남,59세,중상
2014112100100350,2014년 11월 21일 16시,금요일,대구광역시 수성구 만촌동,중상사고,0,1,0,0,차대차 - 추돌 - 주정차중,안전거리미확보,건조,맑음,교차로 - 교차로부근,승용,남,44세,상해없음,승용,여,47세,중상
2014112100100351,2014년 11월 21일 16시,금요일,대구광역시 서구 평리동,경상사고,0,0,1,0,차대사람 - 기타,기타,건조,맑음,기타 - 기타,화물,남,36세,상해없음,보행자,여,36세,경상
2014112100100352,2014년 11월 21일 16시,금요일,대구광역시 북구 읍내동,중상사고,0,1,0,0,차대사람 - 기타,안전운전불이행,건조,맑음,단일로 - 기타,이륜,남,59세,상해없음,보행자,여,66세,중상
2014112100100399,2014년 11월 21일 17시,금요일,대구광역시 서구 비산동,중상사고,0,1,0,0,차대사람 - 횡단중,안전운전불이행,건조,맑음,단일로 - 기타,승합,남,43세,상해없음,보행자,여,79세,중상
2014112100100400,2014년 11월 21일 17시,금요일,대구광역시 중구 대신동,경상사고,0,0,1,0,차대차 - 측면직각충돌,안전운전불이행,건조,맑음,교차로 - 교차로안,승용,남,72세,상해없음,자전거,여,51세,경상
2014112100100401,2014년 11월 21일 17시,금요일,대구광역시 중구 대봉동,중상사고,0,1,0,1,차대차 - 기타,안전운전불이행,건조,맑음,단일로 - 기타,승용,남,23세,상해없음,이륜,여,45세,중상
2014112100100465,2014년 11월 21일 18시,금요일,대구광역시 남구 대명동,부상신고사고,0,0,0,1,차대차 - 추돌 - 주정차중,안전운전불이행,건조,맑음,교차로 - 교차로부근,기타불명,기타불명,기타불명,기타불명,원동기,남,18세,부상신고
2014112100100466,2014년 11월 21일 18시,금요일,대구광역시 동구 용계동,경상사고,0,0,1,0,차대차 - 추돌 - 주정차중,안전운전불이행,건조,맑음,단일로 - 기타,승용,여,31세,상해없음,승용,남,39세,경상
2014112100100467,2014년 11월 21일 18시,금요일,대구광역시 동구 지저동,중상사고,0,1,0,0,차량단독 - 기타,안전운전불이행,건조,맑음,단일로 - 기타,승합,남,55세,상해없음,,,,
2014112100100468,2014년 11월 21일 18시,금요일,대구광역시 수성구 만촌동,경상사고,0,0,1,0,차대차 - 측면직각충돌,안전운전불이행,건조,맑음,단일로 - 기타,승용,남,59세,상해없음,승용,남,33세,경상
2014112100100469,2014년 11월 21일 18시,금요일,대구광역시 달서구 송현동,중상사고,0,1,2,0,차대차 - 기타,안전거리미확보,건조,맑음,교차로 - 교차로안,승용,남,21세,상해없음,승합,남,57세,상해없음