사고번호,사고일시,요일,시군구,사고내용,사망자수,중상자수,경상자수,부상신고자수,사고유형,법규위반,노면상태,기상상태,도로형태,가해운전자 차종,가해운전자 성별,가해운전자 연령,가해운전자 상해정도,피해운전자 차종,피해운전자 성별,피해운전자 연령,피해운전자 상해정도
2014112400100414,2014년 11월 24일 16시,월요일,대구광역시 중구 삼덕동2가,경상사고,0,0,1,0,차대차 - 추돌 - 주정차중,안전운전불이행,건조,맑음,단일로 - 기타,승용,여,41세,상해없음,승용,남,38세,경상
2014112400100415,2014년 11월 24일 16시,월요일,대구광역시 북구 태전동,경상사고,0,0,1,0,차대사람 - 기타,안전운전불이행,습기,비,단일로 - 기타,원동기,기타불명,기타불명,기타불명,보행자,남,6세,경상
2014112400100478,2014년 11월 24일 17시,월요일,대구광역시 수성구 수성동2가,중상사고,0,1,0,0,차대사람 - 횡단중,안전운전불이행,습기,비,교차로 - 교차로안,승용,남,65세,상해없음,보행자,여,56세,중상
2014112400100479,2014년 11월 24일 17시,월요일,대구광역시 서구 비산동,경상사고,0,0,1,0,차대사람 - 횡단중,안전운전불이행,습기,비,단일로 - 횡단보도부근,이륜,남,52세,상해없음,보행자,여,62세,경상
2014112400100480,2014년 11월 24일 17시,월요일,대구광역시 서구 평리동,부상신고사고,0,0,0,1,차대사람 - 기타,안전운전불이행,습기,비,단일로 - 기타,승용,여,60세,상해없음,보행자,남,21세,부상신고
2014112400100481,2014년 11월 24일 17시,월요일,대구광역시 달서구 감삼동,경상사고,0,0,1,0,차량단독 - 기타,기타,습기,비,단일로 - 기타,승합,남,43세,기타불명,,,,
2014112400100482,2014년 11월 24일 17시,월요일,대구광역시 달서구 두류동,중상사고,0,1,0,0,차대사람 - 횡단중,보행자보호의무위반,습기,비,단일로 - 횡단보도상,승용,여,37세,상해없음,보행자,여,56세,중상
2014112400100557,2014년 11월 24일 18시,월요일,대구광역시 남구 대명동,경상사고,0,0,2,1,차대차 - 기타,신호위반,습기,비,교차로 - 교차로안,화물,남,64세,부상신고,승용,남,30세,경상
2014112400100558,2014년 11월 24일 18시,월요일,대구광역시 수성구 상동,중상사고,0,1,0,0,차대차 - 기타,안전거리미확보,습기,비,단일로 - 기타,승용,남,70세,상해없음,이륜,남,21세,중상
2014112400100559,2014년 11월 24일 18시,월요일,대구광역시 달성군 화원읍,중상사고,0,2,0,0,차대차 - 기타,안전운전불이행,건조,맑음,단일로 - 기타,승용,남,46세,상해없음,승용,남,55세,중상
2014112400100560,2014년 11월 24일 18시,월요일,대구광역시 서구 중리동,경상사고,0,0,1,0,차대사람 - 횡단중,중앙선침범,습기,비,교차로 - 교차로안,기타불명,기타불명,기타불명,기타불명,보행자,여,69세,경상
2014112400100612,2014년 11월 24일 19시,월요일,대구광역시 남구 대명동,중상사고,0,1,0,0,차대사람 - 기타,보행자보호의무위반,습기,흐림,단일로 - 기타,승용,남,47세,상해없음,보행자,남,40세,중상
2014112400100613,2014년 11월 24일 19시,월요일,대구광역시 수성구 만촌동,경상사고,0,0,1,0,차대차 - 기타,안전운전불이행,습기,비,단일로 - 기타,화물,남,58세,상해없음,이륜,남,53세,경상
2014112400100614,2014년 11월 24일 19시,월요일,대구광역시 수성구 수성동4가,중상사고,0,1,0,0,차대사람 - 횡단중,신호위반,습기,비,단일로 - 횡단보도상,승용,남,24세,상해없음,보행자,남,12세,중상
2014112400100615,2014년 11월 24일 19시,월요일,대구광역시 수성구 만촌동,경상사고,0,0,1,0,차대차 - 측면직각충돌,안전거리미확보,습기,비,단일로 - 기타,승용,남,20세,상해없음,승용,여,51세,경상
2014112400100616,2014년 11월 24일 19시,월요일,대구광역시 수성구 두산동,경상사고,0,0,1,0,차대차 - 측면직각충돌,안전운전불이행,습기,비,교차로 - 교차로안,승용,남,46세,상해없음,원동기,남,45세,경상
2014112400100617,2014년 11월 24일 19시,월요일,대구광역시 서구 중리동,경상사고,0,0,2,0,차대차 - 추돌 - 주정차중,안전운전불이행,습기,비,단일로 - 기타,승용,남,46세,상해없음,승합,남,42세,경상
2014112400100618,2014년 11월 24일 19시,월요일,대구광역시 서구 내당동,경상사고,0,0,1,0,차대차 - 측면직각충돌,안전거리미확보,건조,맑음,단일로 - 기타,승용,여,28세,상해없음,승용,남,54세,경상
2014112400100619,2014년 11월 24일 19시,월요일,대구광역시 달서구 이곡동,경상사고,0,0,1,0,차대차 - 기타,안전운전불이행,습기,비,교차로 - 교차로부근,화물,남,44세,상해없음,승용,남,59세,경상
2014112400100620,2014년 11월 24일 19시,월요일,대구광역시 달서구 감삼동,중상사고,0,1,0,0,차대차 - 측면직각충돌,신호위반,습기,비,단일로 - 횡단보도상,승용,남,54세,상해없음,이륜,남,53세,중상
2014112400100621,2014년 11월 24일 19시,월요일,대구광역시 달서구 성당동,경상사고,0,0,2,0,차대차 - 추돌 - 주정차중,안전운전불이행,건조,맑음,교차로 - 교차로부근,승용,남,42세,상해없음,승용,남,33세,경상
2014112400100622,2014년 11월 24일 19시,월요일,대구광역시 북구 서변동,경상사고,0,0,1,0,차대차 - 추돌 - 진행중,안전거리미확보,습기,비,교차로 - 교차로안,승용,남,69세,상해없음,승용,여,40세,경상
2014112400100623,2014년 11월 24일 19시,월요일,대구광역시 북구 구암동,경상사고,0,0,1,0,차대차 - 추돌 - 진행중,교차로운행방법위반,습기,비,교차로 - 교차로안,승용,남,40세,상해없음,이륜,남,44세,경상
2014112400100624,2014년 11월 24일 19시,월요일,대구광역시 북구 태전동,경상사고,0,0,1,0,차대차 - 측면직각충돌,안전거리미확보,습기,비,교차로 - 교차로부근,승합,남,45세,상해없음,승용,남,38세,경상
2014112400100659,2014년 11월 24일 20시,월요일,대구광역시 북구 국우동,경상사고,0,0,1,0,차대차 - 측면직각충돌,안전운전불이행,건조,맑음,교차로 - 교차로부근,승용,남,52세,상해없음,이륜,남,39세,경상
2014112400100691,2014년 11월 24일 21시,월요일,대구광역시 수성구 두산동,경상사고,0,0,1,0,차대차 - 기타,교차로운행방법위반,건조,맑음,교차로 - 교차로안,승용,여,55세,상해없음,이륜,남,23세,경상
2014112400100692,2014년 11월 24일 21시,월요일,대구광역시 달서구 송현동,중상사고,0,2,0,0,차대사람 - 길가장자리구역통행중,안전운전불이행,습기,비,교차로 - 교차로안,승용,여,49세,상해없음,보행자,남,58세,중상
2014112400100693,2014년 11월 24일 21시,월요일,대구광역시 달성군 다사읍,경상사고,0,0,1,0,차대사람 - 횡단중,보행자보호의무위반,건조,맑음,교차로 - 교차로안,승용,여,46세,상해없음,보행자,남,66세,경상
2014112400100739,2014년 11월 24일 22시,월요일,대구광역시 중구 달성동,중상사고,0,1,0,0,차대차 - 측면직각충돌,안전운전불이행,건조,맑음,단일로 - 기타,승용,여,34세,상해없음,승용,남,46세,상해없음
2014112400100740,2014년 11월 24일 22시,월요일,대구광역시 달서구 신당동,중상사고,0,1,0,0,차대차 - 측면직각충돌,안전운전불이행,습기,비,단일로 - 기타,승용,남,34세,상해없음,승합,남,65세,중상
2014112400100741,2014년 11월 24일 22시,월요일,대구광역시 북구 매천동,경상사고,0,0,1,0,차대차 - 측면직각충돌,차로위반,습기,비,단일로 - 기타,화물,남,55세,상해없음,승용,남,52세,경상
2014112400100776,2014년 11월 24일 23시,월요일,대구광역시 수성구 노변동,경상사고,0,0,2,0,차대차 - 추돌 - 진행중,안전운전불이행,건조,맑음,단일로 - 기타,승용,여,50세,경상,승용,남,55세,경상
2014112400100777,2014년 11월 24일 23시,월요일,대구광역시 달서구 월성동,경상사고,0,0,1,0,차대사람 - 기타,보행자보호의무위반,습기,비,단일로 - 기타,승용,남,33세,상해없음,보행자,여,32세,경상
2014112400100778,2014년 11월 24일 23시,월요일,대구광역시 북구 산격동,경상사고,0,0,1,0,차대차 - 추돌 - 주정차중,안전거리미확보,습기,비,단일로 - 기타,화물,남,39세,상해없음,승용,남,31세,경상
2014112400100779,2014년 11월 24일 23시,월요일,대구광역시 달서구 본리동,경상사고,0,0,1,0,차대차 - 추돌 - 주정차중,안전운전불이행,습기,비,단일로 - 기타,승용,남,51세,상해없음,화물,남,40세,기타불명
2014112500100028,2014년 11월 25일 00시,화요일,대구광역시 동구 신암동,경상사고,0,0,2,0,차대차 - 기타,안전운전불이행,습기,비,단일로 - 기타,승용,남,62세,상해없음,승용,남,73세,경상
2014112500100029,2014년 11월 25일 00시,화요일,대구광역시 수성구 지산동,중상사고,0,1,1,0,차대차 - 측면직각충돌,안전운전불이행,습기,비,단일로 - 기타,승용,남,51세,상해없음,승용,여,49세,경상
2014112500100030,2014년 11월 25일 00시,화요일,대구광역시 달서구 대곡동,경상사고,0,0,1,0,차대사람 - 기타,안전운전불이행,습기,비,단일로 - 기타,승용,여,47세,상해없음,보행자,남,40세,경상
2014112500100031,2014년 11월 25일 00시,화요일,대구광역시 달서구 용산동,경상사고,0,0,1,0,차대차 - 추돌 - 진행중,안전운전불이행,습기,비,단일로 - 기타,승용,남,23세,상해없음,화물,남,46세,경상
2014112500100048,2014년 11월 25일 01시,화요일,대구광역시 달서구 두류동,중상사고,0,1,0,0,차대사람 - 기타,안전운전불이행,습기,비,단일로 - 기타,승용,남,48세,상해없음,보행자,남,27세,중상
2014112500100049,2014년 11월 25일 01시,화요일,대구광역시 달서구 이곡동,경상사고,0,0,1,0,차대차 - 측면직각충돌,안전운전불이행,습기,비,단일로 - 기타,승용,남,62세,상해없음,승용,여,49세,경상
2014112500100061,2014년 11월 25일 02시,화요일,대구광역시 남구 봉덕동,중상사고,0,1,0,0,차대차 - 기타,중앙선침범,습기,비,단일로 - 기타,승용,남,47세,상해없음,원동기,남,47세,중상
2014112500100072,2014년 11월 25일 04시,화요일,대구광역시 서구 원대동1가,경상사고,0,0,1,0,차대사람 - 횡단중,안전운전불이행,건조,맑음,교차로 - 교차로안,승용,남,42세,상해없음,보행자,남,43세,경상
2014112500100080,2014년 11월 25일 05시,화요일,대구광역시 남구 대명동,중상사고,0,1,0,0,차대차 - 기타,중앙선침범,건조,맑음,단일로 - 기타,이륜,남,28세,중상,승용,남,36세,상해없음
2014112500100081,2014년 11월 25일 05시,화요일,대구광역시 북구 복현동,경상사고,0,0,3,0,차대차 - 추돌 - 진행중,안전거리미확보,습기,맑음,단일로 - 기타,화물,남,62세,상해없음,화물,남,53세,상해없음
2014112500100103,2014년 11월 25일 06시,화요일,대구광역시 동구 신천동,경상사고,0,0,2,0,차대차 - 기타,직진우회전진행방해,건조,맑음,교차로 - 교차로안,승용,여,40세,경상,승용,여,30세,경상
2014112500100158,2014년 11월 25일 08시,화요일,대구광역시 남구 봉덕동,경상사고,0,0,1,0,차대차 - 기타,안전거리미확보,건조,흐림,교차로 - 교차로부근,승합,남,54세,상해없음,승용,남,46세,경상
2014112500100159,2014년 11월 25일 08시,화요일,대구광역시 동구 평광동,사망사고,1,0,0,0,차량단독 - 도로외이탈 - 추락,안전운전불이행,습기,비,단일로 - 기타,이륜,남,78세,사망,,,,
2014112500100160,2014년 11월 25일 08시,화요일,대구광역시 달성군 옥포면,중상사고,0,2,2,0,차대차 - 기타,안전운전불이행,건조,맑음,교차로 - 교차로안,화물,남,25세,경상,화물,남,43세,중상
2014112500100161,2014년 11월 25일 08시,화요일,대구광역시 북구 복현동,경상사고,0,0,1,0,차대차 - 기타,안전운전불이행,건조,맑음,단일로 - 기타,승용,남,65세,상해없음,승용,남,37세,상해없음
2014112500100162,2014년 11월 25일 08시,화요일,대구광역시 서구 비산동,경상사고,0,0,3,0,차대차 - 측면직각충돌,차로위반,건조,맑음,단일로 - 기타,승용,여,39세,경상,승용,남,61세,경상
2014112500100163,2014년 11월 25일 08시,화요일,대구광역시 북구 태전동,경상사고,0,0,1,0,차대사람 - 횡단중,안전운전불이행,건조,맑음,교차로 - 교차로부근,승용,기타불명,기타불명,기타불명,보행자,남,16세,경상
2014112500100198,2014년 11월 25일 09시,화요일,대구광역시 수성구 황금동,경상사고,0,0,1,0,차대차 - 측면직각충돌,안전운전불이행,건조,맑음,단일로 - 기타,승용,남,44세,상해없음,승용,여,57세,경상
2014112500100199,2014년 11월 25일 09시,화요일,대구광역시 중구 남산동,중상사고,0,1,0,0,차대차 - 기타,안전거리미확보,건조,맑음,교차로 - 교차로부근,승용,남,55세,상해없음,이륜,남,60세,중상
2014112500100224,2014년 11월 25일 10시,화요일,대구광역시 서구 비산동,경상사고,0,0,1,0,차대사람 - 보도통행중,기타,건조,맑음,단일로 - 기타,이륜,남,26세,상해없음,보행자,남,55세,경상
2014112500100257,2014년 11월 25일 11시,화요일,대구광역시 북구 서변동,경상사고,0,0,3,0,차대차 - 측면직각충돌,차로위반,건조,맑음,단일로 - 기타,승용,남,49세,상해없음,승용,여,45세,경상
2014112500100278,2014년 11월 25일 12시,화요일,대구광역시 달서구 감삼동,경상사고,0,0,2,0,차대차 - 측면직각충돌,불법유턴,건조,맑음,교차로 - 교차로부근,승용,남,52세,상해없음,승용,여,56세,경상
2014112500100279,2014년 11월 25일 12시,화요일,대구광역시 달서구 신당동,중상사고,0,1,0,0,차대차 - 측면직각충돌,신호위반,건조,흐림,교차로 - 교차로안,자전거,남,60세,중상,승용,남,24세,상해없음
2014112500100307,2014년 11월 25일 13시,화요일,대구광역시 동구 방촌동,경상사고,0,0,1,0,차대차 - 측면직각충돌,안전운전불이행,건조,맑음,교차로 - 교차로안,승용,남,59세,상해없음,승용,남,38세,경상
2014112500100338,2014년 11월 25일 14시,화요일,대구광역시 동구 서호동,경상사고,0,0,1,1,차대차 - 기타,안전거리미확보,건조,맑음,단일로 - 기타,승용,여,58세,부상신고,화물,남,43세,경상
2014112500100377,2014년 11월 25일 15시,화요일,대구광역시 북구 산격동,경상사고,0,0,1,0,차대차 - 기타,안전운전불이행,건조,맑음,교차로 - 교차로안,자전거,남,77세,경상,화물,남,50세,상해없음
2014112500100378,2014년 11월 25일 15시,화요일,대구광역시 동구 동호동,경상사고,0,0,1,0,차대사람 - 기타,안전운전불이행,건조,맑음,단일로 - 기타,승용,여,24세,상해없음,보행자,남,26세,경상
2014112500100466,2014년 11월 25일 17시,화요일,대구광역시 서구 비산동,경상사고,0,0,1,0,차대사람 - 기타,안전운전불이행,건조,맑음,단일로 - 기타,승용,남,47세,상해없음,보행자,남,66세,경상
2014112500100525,2014년 11월 25일 18시,화요일,대구광역시 동구 효목동,중상사고,0,1,0,0,차대사람 - 횡단중,안전운전불이행,건조,맑음,단일로 - 기타,승용,남,61세,상해없음,보행자,남,54세,중상
2014112500100526,2014년 11월 25일 18시,화요일,대구광역시 달서구 상인동,중상사고,0,1,0,0,차대사람 - 기타,보행자보호의무위반,건조,맑음,교차로 - 교차로안,화물,남,41세,상해없음,보행자,여,44세,중상
2014112500100527,2014년 11월 25일 18시,화요일,대구광역시 중구 계산동2가,경상사고,0,0,1,0,차대사람 - 기타,안전운전불이행,건조,맑음,단일로 - 기타,기타불명,기타불명,기타불명,기타불명,보행자,여,35세,경상
2014112500100528,2014년 11월 25일 18시,화요일,대구광역시 달서구 두류동,경상사고,0,0,1,0,차대사람 - 기타,안전운전불이행,건조,맑음,단일로 - 기타,승용,여,42세,상해없음,보행자,여,22세,경상
2014112500100558,2014년 11월 25일 19시,화요일,대구광역시 수성구 중동,경상사고,0,0,1,0,차대차 - 기타,신호위반,건조,맑음,교차로 - 교차로안,승용,남,75세,상해없음,승용,남,24세,경상
2014112500100559,2014년 11월 25일 19시,화요일,대구광역시 서구 중리동,중상사고,0,1,2,0,차대차 - 측면직각충돌,신호위반,건조,흐림,교차로 - 교차로안,승용,여,47세,경상,승용,남,24세,중상
2014112500100586,2014년 11월 25일 20시,화요일,대구광역시 중구 태평로2가,사망사고,1,0,0,0,차대사람 - 횡단중,안전운전불이행,건조,맑음,단일로 - 기타,승용,여,50세,상해없음,보행자,여,79세,사망
2014112500100609,2014년 11월 25일 21시,화요일,대구광역시 달성군 현풍면,경상사고,0,0,1,0,차대차 - 추돌 - 진행중,안전운전불이행,건조,맑음,단일로 - 기타,승용,남,47세,경상,화물,남,50세,상해없음
2014112500100610,2014년 11월 25일 21시,화요일,대구광역시 북구 노원동3가,경상사고,0,0,1,0,차대사람 - 기타,안전운전불이행,건조,맑음,단일로 - 기타,원동기,남,51세,상해없음,보행자,여,58세,경상
2014112500100638,2014년 11월 25일 22시,화요일,대구광역시 달서구 송현동,중상사고,0,1,0,0,차대차 - 기타,직진우회전진행방해,건조,맑음,교차로 - 교차로안,승용,남,54세,상해없음,이륜,남,16세,중상
2014112500100639,2014년 11월 25일 22시,화요일,대구광역시 달서구 본동,경상사고,0,0,2,0,차대차 - 측면직각충돌,교차로운행방법위반,건조,맑음,교차로 - 교차로안,승용,남,61세,상해없음,승용,남,64세,경상
2014112500100640,2014년 11월 25일 22시,화요일,대구광역시 달서구 본동,중상사고,0,1,0,0,차대차 - 기타,안전운전불이행,건조,맑음,단일로 - 기타,승용,여,27세,상해없음,승용,남,63세,중상
2014112500100655,2014년 11월 25일 23시,화요일,대구광역시 수성구 만촌동,경상사고,0,0,1,0,차대차 - 기타,안전운전불이행,건조,맑음,단일로 - 횡단보도상,승용,남,47세,상해없음,자전거,여,46세,경상
2014112600100011,2014년 11월 26일 00시,수요일,대구광역시 남구 대명동,중상사고,0,1,0,0,차대차 - 측면직각충돌,불법유턴,건조,맑음,단일로 - 기타,승용,남,57세,상해없음,이륜,남,38세,중상
2014112600100012,2014년 11월 26일 00시,수요일,대구광역시 수성구 상동,경상사고,0,0,1,0,차대사람 - 보도통행중,기타,건조,맑음,단일로 - 기타,이륜,기타불명,기타불명,기타불명,보행자,남,48세,경상
2014112600100013,2014년 11월 26일 00시,수요일,대구광역시 수성구 범어동,경상사고,0,0,2,0,차대차 - 기타,안전운전불이행,건조,맑음,교차로 - 교차로부근,승용,남,55세,상해없음,승용,남,27세,경상
2014112600100014,2014년 11월 26일 00시,수요일,대구광역시 수성구 황금동,중상사고,0,2,1,0,차대차 - 정면충돌,신호위반,건조,맑음,교차로 - 교차로안,승용,남,45세,상해없음,승용,남,48세,경상
2014112600100015,2014년 11월 26일 00시,수요일,대구광역시 서구 원대동1가,경상사고,0,0,2,0,차대차 - 추돌 - 진행중,안전운전불이행,건조,맑음,단일로 - 기타,승용,남,28세,상해없음,승용,남,51세,경상
2014112600100031,2014년 11월 26일 01시,수요일,대구광역시 동구 신암동,경상사고,0,0,1,0,차대사람 - 기타,안전운전불이행,건조,맑음,단일로 - 기타,승용,남,30세,상해없음,보행자,남,54세,경상
2014112600100084,2014년 11월 26일 06시,수요일,대구광역시 수성구 범물동,중상사고,0,1,0,0,차대차 - 측면직각충돌,안전운전불이행,건조,맑음,단일로 - 기타,승용,남,42세,상해없음,승용,남,39세,중상
2014112600100085,2014년 11월 26일 06시,수요일,대구광역시 달서구 송현동,경상사고,0,0,3,0,차대차 - 기타,안전운전불이행,건조,맑음,미분류 - 미분류,승용,남,35세,경상,승용,남,51세,상해없음
2014112600100103,2014년 11월 26일 07시,수요일,대구광역시 서구 내당동,중상사고,0,1,0,0,차대차 - 기타,안전운전불이행,건조,맑음,교차로 - 교차로부근,승용,남,27세,상해없음,승용,여,37세,중상
2014112600100104,2014년 11월 26일 07시,수요일,대구광역시 북구 관음동,중상사고,0,1,0,0,차대차 - 추돌 - 진행중,안전운전불이행,건조,맑음,단일로 - 기타,화물,남,69세,상해없음,승용,여,51세,중상
2014112600100140,2014년 11월 26일 08시,수요일,대구광역시 중구 삼덕동2가,중상사고,0,1,0,0,차대사람 - 횡단중,보행자보호의무위반,건조,맑음,단일로 - 횡단보도상,승용,남,56세,상해없음,보행자,남,18세,중상
2014112600100141,2014년 11월 26일 08시,수요일,대구광역시 중구 동인동3가,중상사고,0,1,5,0,차대차 - 기타,신호위반,건조,맑음,교차로 - 교차로안,승용,남,26세,중상,승용,남,36세,경상
2014112600100142,2014년 11월 26일 08시,수요일,대구광역시 달서구 용산동,경상사고,0,0,1,0,차대사람 - 기타,안전운전불이행,건조,맑음,단일로 - 기타,승용,기타불명,기타불명,기타불명,보행자,여,18세,경상
2014112600100143,2014년 11월 26일 08시,수요일,대구광역시 북구 관음동,경상사고,0,0,1,0,차대사람 - 기타,기타,건조,맑음,교차로 - 교차로부근,화물,남,45세,상해없음,보행자,남,68세,경상
2014112600100162,2014년 11월 26일 09시,수요일,대구광역시 중구 수창동,중상사고,0,1,0,0,차량단독 - 기타,안전운전불이행,건조,맑음,단일로 - 기타,승합,남,48세,상해없음,,,,
2014112600100188,2014년 11월 26일 10시,수요일,대구광역시 수성구 지산동,중상사고,0,1,0,1,차대차 - 기타,안전운전불이행,건조,맑음,교차로 - 교차로안,승용,여,41세,부상신고,승용,여,47세,중상
2014112600100189,2014년 11월 26일 10시,수요일,대구광역시 달서구 본동,경상사고,0,0,1,0,차대사람 - 기타,안전운전불이행,건조,맑음,단일로 - 기타,승용,남,47세,상해없음,보행자,남,31세,경상
2014112600100190,2014년 11월 26일 10시,수요일,대구광역시 달성군 화원읍,중상사고,0,1,0,0,차대차 - 정면충돌,교차로운행방법위반,건조,맑음,교차로 - 교차로안,원동기,남,76세,중상,승용,남,67세,상해없음
2014112600100191,2014년 11월 26일 10시,수요일,대구광역시 북구 칠성동1가,중상사고,0,1,1,0,차대차 - 측면직각충돌,교차로운행방법위반,건조,맑음,교차로 - 교차로안,승용,남,52세,상해없음,이륜,남,30세,중상
2014112600100192,2014년 11월 26일 10시,수요일,대구광역시 북구 침산동,경상사고,0,0,2,0,차대차 - 추돌 - 주정차중,안전운전불이행,건조,맑음,교차로 - 교차로부근,승용,여,37세,상해없음,승용,여,55세,경상
2014112600100247,2014년 11월 26일 12시,수요일,대구광역시 달서구 본동,중상사고,0,1,0,0,차대차 - 측면직각충돌,안전거리미확보,건조,맑음,단일로 - 기타,승용,여,58세,상해없음,이륜,남,41세,중상
2014112600100248,2014년 11월 26일 12시,수요일,대구광역시 북구 산격동,경상사고,0,0,1,0,차대차 - 추돌 - 진행중,안전운전불이행,건조,맑음,단일로 - 기타,이륜,남,50세,상해없음,승용,여,52세,상해없음
2014112600100249,2014년 11월 26일 12시,수요일,대구광역시 중구 태평로1가,중상사고,0,1,0,0,차대차 - 기타,안전거리미확보,건조,맑음,단일로 - 기타,화물,남,58세,상해없음,이륜,남,51세,중상
2014112600100276,2014년 11월 26일 13시,수요일,대구광역시 동구 효목동,부상신고사고,0,0,0,1,차대사람 - 보도통행중,보행자보호의무위반,건조,맑음,단일로 - 기타,승용,남,61세,상해없음,보행자,여,65세,부상신고
2014112600100277,2014년 11월 26일 13시,수요일,대구광역시 서구 내당동,경상사고,0,0,1,0,차대차 - 기타,신호위반,건조,맑음,단일로 - 기타,승용,여,45세,상해없음,이륜,남,43세,경상
2014112600100308,2014년 11월 26일 14시,수요일,대구광역시 달서구 상인동,경상사고,0,0,1,0,차량단독 - 기타,기타,건조,맑음,단일로 - 기타,승합,남,57세,상해없음,,,,
2014112600100309,2014년 11월 26일 14시,수요일,대구광역시 달성군 다사읍,경상사고,0,0,1,0,차량단독 - 전도전복,안전운전불이행,건조,맑음,단일로 - 기타,자전거,남,76세,경상,,,,
2014112600100310,2014년 11월 26일 14시,수요일,대구광역시 북구 읍내동,중상사고,0,2,0,0,차대차 - 정면충돌,안전운전불이행,건조,맑음,단일로 - 기타,승용,남,25세,상해없음,화물,남,37세,중상
2014112600100424,2014년 11월 26일 17시,수요일,대구광역시 남구 대명동,중상사고,0,1,1,0,차대차 - 측면직각충돌,신호위반,건조,맑음,교차로 - 교차로안,이륜,남,29세,중상,자전거,남,65세,경상
2014112600100425,2014년 11월 26일 17시,수요일,대구광역시 남구 대명동,경상사고,0,0,1,0,차대차 - 기타,안전운전불이행,건조,맑음,단일로 - 기타,승용,여,33세,상해없음,승용,남,31세,경상
2014112600100426,2014년 11월 26일 17시,수요일,대구광역시 달서구 대곡동,경상사고,0,0,1,0,차대차 - 측면직각충돌,안전거리미확보,건조,맑음,단일로 - 기타,승용,남,59세,상해없음,승용,여,31세,경상
2014112600100427,2014년 11월 26일 17시,수요일,대구광역시 서구 내당동,중상사고,0,1,0,0,차대차 - 기타,신호위반,건조,맑음,단일로 - 횡단보도상,승용,여,55세,상해없음,원동기,여,62세,중상
2014112600100480,2014년 11월 26일 18시,수요일,대구광역시 달서구 본동,경상사고,0,0,1,0,차대차 - 측면직각충돌,안전운전불이행,건조,맑음,교차로 - 교차로안,원동기,남,54세,기타불명,자전거,남,21세,경상
2014112600100481,2014년 11월 26일 18시,수요일,대구광역시 북구 검단동,경상사고,0,0,1,0,차대차 - 정면충돌,안전운전불이행,건조,맑음,기타 - 기타,자전거,남,33세,상해없음,자전거,여,64세,경상
2014112600100524,2014년 11월 26일 19시,수요일,대구광역시 동구 효목동,경상사고,0,0,1,0,차대차 - 측면직각충돌,교차로운행방법위반,건조,맑음,교차로 - 교차로안,승용,남,43세,상해없음,승용,남,54세,경상
2014112600100525,2014년 11월 26일 19시,수요일,대구광역시 북구 산격동,경상사고,0,0,1,0,차대차 - 측면직각충돌,중앙선침범,건조,맑음,단일로 - 기타,승용,여,26세,경상,승용,남,54세,상해없음
2014112600100526,2014년 11월 26일 19시,수요일,대구광역시 서구 중리동,부상신고사고,0,0,0,1,차대사람 - 기타,안전운전불이행,건조,맑음,단일로 - 기타,승용,여,53세,상해없음,보행자,남,65세,부상신고
2014112600100527,2014년 11월 26일 19시,수요일,대구광역시 서구 중리동,중상사고,0,1,0,0,차대차 - 측면직각충돌,안전운전불이행,건조,맑음,단일로 - 기타,이륜,남,29세,중상,화물,남,26세,상해없음
2014112600100567,2014년 11월 26일 20시,수요일,대구광역시 수성구 상동,경상사고,0,0,1,0,차대차 - 기타,안전운전불이행,건조,맑음,교차로 - 교차로부근,자전거,여,29세,상해없음,이륜,남,20세,경상
2014112600100604,2014년 11월 26일 21시,수요일,대구광역시 동구 신암동,경상사고,0,0,1,0,차대사람 - 횡단중,보행자보호의무위반,건조,맑음,단일로 - 기타,이륜,남,16세,상해없음,보행자,여,46세,경상
2014112600100605,2014년 11월 26일 21시,수요일,대구광역시 북구 동천동,경상사고,0,0,1,0,차대사람 - 기타,안전운전불이행,건조,맑음,단일로 - 기타,승용,남,46세,상해없음,보행자,남,46세,경상
2014112600100637,2014년 11월 26일 22시,수요일,대구광역시 남구 대명동,경상사고,0,0,1,0,차대차 - 기타,차로위반,건조,맑음,단일로 - 기타,승용,남,47세,상해없음,승용,남,46세,경상
2014112600100638,2014년 11월 26일 22시,수요일,대구광역시 수성구 만촌동,경상사고,0,0,3,0,차대차 - 측면직각충돌,안전운전불이행,건조,맑음,교차로 - 교차로부근,승용,남,55세,상해없음,승용,남,53세,경상
2014112600100639,2014년 11월 26일 22시,수요일,대구광역시 달서구 송현동,경상사고,0,0,1,0,차대차 - 기타,안전거리미확보,건조,맑음,단일로 - 기타,승용,남,62세,상해없음,승용,남,63세,경상
2014112600100640,2014년 11월 26일 22시,수요일,대구광역시 북구 산격동,경상사고,0,0,1,0,차대차 - 기타,안전운전불이행,건조,맑음,교차로 - 교차로부근,승용,여,36세,상해없음,승용,남,33세,경상
2014112600100641,2014년 11월 26일 22시,수요일,대구광역시 중구 태평로1가,경상사고,0,0,2,0,차대차 - 추돌 - 진행중,안전운전불이행,건조,맑음,교차로 - 교차로부근,승용,여,46세,상해없음,승용,남,39세,경상