사고번호,사고일시,요일,시군구,사고내용,사망자수,중상자수,경상자수,부상신고자수,사고유형,법규위반,노면상태,기상상태,도로형태,가해운전자 차종,가해운전자 성별,가해운전자 연령,가해운전자 상해정도,피해운전자 차종,피해운전자 성별,피해운전자 연령,피해운전자 상해정도
2014112900100647,2014년 11월 29일 21시,토요일,대구광역시 중구 동산동,경상사고,0,0,1,0,차대차 - 추돌 - 진행중,안전운전불이행,건조,맑음,단일로 - 기타,승용,남,25세,상해없음,승용,여,47세,상해없음
2014112900100648,2014년 11월 29일 21시,토요일,대구광역시 달서구 감삼동,경상사고,0,0,1,0,차대차 - 기타,안전거리미확보,건조,흐림,교차로 - 교차로부근,승용,남,56세,상해없음,승용,남,60세,경상
2014112900100649,2014년 11월 29일 21시,토요일,대구광역시 북구 학정동,중상사고,0,2,2,0,차대차 - 측면직각충돌,교차로운행방법위반,건조,맑음,교차로 - 교차로안,승용,남,23세,상해없음,승용,남,42세,경상
2014112900100672,2014년 11월 29일 22시,토요일,대구광역시 동구 신천동,경상사고,0,0,1,0,차대사람 - 횡단중,보행자보호의무위반,건조,맑음,단일로 - 기타,승용,남,67세,상해없음,보행자,남,57세,경상
2014112900100673,2014년 11월 29일 22시,토요일,대구광역시 수성구 신매동,경상사고,0,0,2,0,차대차 - 기타,안전운전불이행,건조,맑음,단일로 - 기타,승용,남,20세,상해없음,승용,남,29세,경상
2014112900100674,2014년 11월 29일 22시,토요일,대구광역시 달서구 진천동,경상사고,0,0,2,0,차대사람 - 횡단중,보행자보호의무위반,건조,맑음,단일로 - 횡단보도상,승용,남,55세,상해없음,보행자,여,56세,경상
2014112900100675,2014년 11월 29일 22시,토요일,대구광역시 북구 대현동,경상사고,0,0,5,0,차대차 - 측면직각충돌,안전운전불이행,건조,맑음,교차로 - 교차로안,승용,남,61세,상해없음,승용,남,57세,경상
2014113000100019,2014년 11월 30일 00시,일요일,대구광역시 동구 검사동,경상사고,0,0,1,0,차대차 - 기타,안전운전불이행,건조,맑음,단일로 - 기타,승용,여,27세,상해없음,승용,남,27세,경상
2014113000100020,2014년 11월 30일 00시,일요일,대구광역시 달서구 상인동,경상사고,0,0,1,0,차대사람 - 기타,보행자보호의무위반,건조,맑음,단일로 - 기타,승용,남,22세,상해없음,보행자,남,27세,경상
2014113000100021,2014년 11월 30일 00시,일요일,대구광역시 달서구 이곡동,중상사고,0,1,0,0,차대사람 - 횡단중,보행자보호의무위반,건조,맑음,단일로 - 횡단보도상,승용,남,28세,상해없음,보행자,여,17세,중상
2014113000100039,2014년 11월 30일 01시,일요일,대구광역시 서구 원대동1가,경상사고,0,0,3,0,차대차 - 추돌 - 진행중,안전운전불이행,건조,맑음,단일로 - 기타,화물,남,45세,상해없음,승용,남,54세,경상
2014113000100040,2014년 11월 30일 01시,일요일,대구광역시 중구 문화동,경상사고,0,0,1,0,차대차 - 추돌 - 주정차중,안전운전불이행,건조,맑음,단일로 - 기타,승용,남,45세,상해없음,승용,남,64세,상해없음
2014113000100054,2014년 11월 30일 02시,일요일,대구광역시 북구 구암동,경상사고,0,0,1,0,차대차 - 측면직각충돌,신호위반,건조,맑음,교차로 - 교차로안,승용,남,35세,상해없음,승용,남,32세,경상
2014113000100075,2014년 11월 30일 04시,일요일,대구광역시 달서구 대곡동,경상사고,0,0,1,0,차대차 - 추돌 - 주정차중,안전운전불이행,건조,맑음,단일로 - 횡단보도부근,승용,남,34세,상해없음,화물,남,25세,경상
2014113000100076,2014년 11월 30일 04시,일요일,대구광역시 달서구 두류동,중상사고,0,1,0,0,차대사람 - 기타,안전운전불이행,건조,맑음,단일로 - 기타,승용,남,67세,상해없음,보행자,남,33세,중상
2014113000100086,2014년 11월 30일 05시,일요일,대구광역시 북구 산격동,부상신고사고,0,0,0,1,차대차 - 기타,신호위반,습기,비,교차로 - 교차로안,이륜,남,68세,부상신고,승용,남,71세,상해없음
2014113000100254,2014년 11월 30일 13시,일요일,대구광역시 북구 구암동,경상사고,0,0,3,0,차대차 - 추돌 - 진행중,안전운전불이행,습기,비,단일로 - 기타,승용,남,54세,상해없음,승용,여,34세,경상
2014113000100280,2014년 11월 30일 14시,일요일,대구광역시 중구 삼덕동3가,중상사고,0,1,0,0,차대사람 - 기타,안전운전불이행,습기,비,단일로 - 기타,승합,남,60세,상해없음,보행자,여,82세,중상
2014113000100281,2014년 11월 30일 14시,일요일,대구광역시 달서구 신당동,중상사고,0,1,0,0,차대사람 - 횡단중,안전운전불이행,습기,비,단일로 - 횡단보도부근,승용,남,26세,상해없음,보행자,여,38세,중상
2014113000100357,2014년 11월 30일 17시,일요일,대구광역시 동구 중대동,사망사고,1,1,0,0,차량단독 - 공작물충돌,안전운전불이행,습기,비,단일로 - 기타,승용,남,56세,사망,,,,
2014113000100411,2014년 11월 30일 18시,일요일,대구광역시 동구 신암동,중상사고,0,1,0,0,차대사람 - 횡단중,보행자보호의무위반,습기,비,단일로 - 횡단보도상,승용,남,58세,상해없음,보행자,여,79세,중상
2014113000100412,2014년 11월 30일 18시,일요일,대구광역시 수성구 상동,부상신고사고,0,0,0,1,차량단독 - 기타,안전운전불이행,건조,흐림,단일로 - 기타,화물,남,37세,부상신고,,,,
2014113000100413,2014년 11월 30일 18시,일요일,대구광역시 달서구 본동,중상사고,0,1,0,0,차대사람 - 기타,안전운전불이행,습기,비,교차로 - 교차로부근,승용,여,40세,상해없음,보행자,남,63세,중상
2014113000100414,2014년 11월 30일 18시,일요일,대구광역시 달서구 성당동,경상사고,0,0,3,0,차대차 - 추돌 - 주정차중,안전운전불이행,습기,비,단일로 - 기타,승용,남,36세,상해없음,승용,남,22세,경상
2014113000100415,2014년 11월 30일 18시,일요일,대구광역시 북구 매천동,부상신고사고,0,0,0,1,차량단독 - 전도전복,안전운전불이행,습기,비,단일로 - 기타,특수,남,20세,부상신고,,,,
2014113000100459,2014년 11월 30일 19시,일요일,대구광역시 달서구 신당동,중상사고,0,1,0,0,차대차 - 기타,안전거리미확보,습기,비,단일로 - 기타,승용,남,77세,상해없음,승합,남,30세,상해없음
2014113000100495,2014년 11월 30일 20시,일요일,대구광역시 달서구 송현동,경상사고,0,0,2,0,차대차 - 추돌 - 주정차중,안전운전불이행,습기,비,교차로 - 교차로부근,승용,여,40세,상해없음,승용,남,46세,경상
2014113000100523,2014년 11월 30일 21시,일요일,대구광역시 수성구 가천동,경상사고,0,0,3,0,차대차 - 추돌 - 진행중,안전운전불이행,습기,흐림,교차로 - 교차로부근,승용,여,29세,상해없음,승용,남,33세,경상
2014113000100524,2014년 11월 30일 21시,일요일,대구광역시 북구 복현동,경상사고,0,0,4,0,차대차 - 기타,안전거리미확보,습기,비,교차로 - 교차로부근,승용,남,63세,상해없음,승용,남,64세,경상
2014113000100544,2014년 11월 30일 22시,일요일,대구광역시 남구 대명동,경상사고,0,0,1,0,차대차 - 측면직각충돌,안전거리미확보,습기,비,단일로 - 기타,승용,여,45세,상해없음,이륜,남,21세,경상
2014113000100545,2014년 11월 30일 22시,일요일,대구광역시 남구 봉덕동,경상사고,0,0,1,0,차대사람 - 기타,안전운전불이행,건조,맑음,단일로 - 기타,승합,남,59세,상해없음,보행자,남,60세,경상
2014113000100546,2014년 11월 30일 22시,일요일,대구광역시 수성구 지산동,경상사고,0,0,1,0,차대차 - 추돌 - 주정차중,안전거리미확보,습기,비,단일로 - 기타,승용,남,38세,상해없음,승용,여,46세,경상
2014113000100547,2014년 11월 30일 22시,일요일,대구광역시 달서구 상인동,경상사고,0,0,1,0,차대차 - 추돌 - 주정차중,안전운전불이행,습기,비,단일로 - 기타,화물,남,69세,상해없음,승용,남,30세,경상
2014113000100548,2014년 11월 30일 22시,일요일,대구광역시 달서구 두류동,중상사고,0,1,1,0,차대차 - 측면직각충돌,안전운전불이행,습기,비,교차로 - 교차로부근,승용,남,48세,경상,승용,여,31세,중상
2014113000100568,2014년 11월 30일 23시,일요일,대구광역시 수성구 범어동,경상사고,0,0,2,0,차대차 - 기타,안전거리미확보,습기,비,단일로 - 횡단보도부근,화물,남,56세,상해없음,승용,남,38세,경상
2014120100100008,2014년 12월 1일 00시,월요일,대구광역시 수성구 수성동4가,경상사고,0,0,2,0,차대차 - 추돌 - 진행중,안전운전불이행,습기,비,단일로 - 기타,승용,남,58세,상해없음,승용,남,23세,경상
2014120100100009,2014년 12월 1일 00시,월요일,대구광역시 달서구 상인동,부상신고사고,0,0,0,1,차대차 - 측면직각충돌,안전거리미확보,습기,맑음,단일로 - 기타,승용,남,27세,상해없음,원동기,남,23세,부상신고
2014120100100018,2014년 12월 1일 01시,월요일,대구광역시 달서구 본동,중상사고,0,1,1,0,차대차 - 기타,신호위반,건조,맑음,교차로 - 교차로안,승용,남,59세,상해없음,승용,남,55세,경상
2014120100100036,2014년 12월 1일 03시,월요일,대구광역시 달서구 감삼동,중상사고,0,1,0,0,차대사람 - 횡단중,신호위반,건조,맑음,단일로 - 기타,승용,남,38세,상해없음,보행자,남,44세,중상
2014120100100067,2014년 12월 1일 06시,월요일,대구광역시 북구 구암동,사망사고,1,0,0,0,차대사람 - 횡단중,안전운전불이행,건조,맑음,교차로 - 교차로안,승용,여,46세,상해없음,보행자,여,78세,사망
2014120100100115,2014년 12월 1일 08시,월요일,대구광역시 수성구 매호동,경상사고,0,0,1,0,차대차 - 기타,안전운전불이행,건조,맑음,단일로 - 기타,이륜,남,74세,경상,승용,남,32세,상해없음
2014120100100116,2014년 12월 1일 08시,월요일,대구광역시 수성구 범어동,중상사고,0,1,0,1,차대차 - 기타,신호위반,건조,맑음,교차로 - 교차로안,승용,여,55세,부상신고,승용,여,44세,중상
2014120100100145,2014년 12월 1일 09시,월요일,대구광역시 중구 태평로3가,부상신고사고,0,0,0,1,차대차 - 측면직각충돌,안전운전불이행,건조,맑음,단일로 - 기타,화물,남,45세,상해없음,자전거,남,72세,부상신고
2014120100100181,2014년 12월 1일 10시,월요일,대구광역시 남구 대명동,중상사고,0,1,0,0,차대차 - 측면직각충돌,중앙선침범,건조,맑음,단일로 - 기타,자전거,남,81세,중상,승용,남,53세,상해없음
2014120100100182,2014년 12월 1일 10시,월요일,대구광역시 동구 율하동,중상사고,0,1,1,0,차대차 - 측면직각충돌,신호위반,건조,맑음,교차로 - 교차로안,승용,여,54세,상해없음,승용,남,44세,중상
2014120100100210,2014년 12월 1일 11시,월요일,대구광역시 수성구 두산동,중상사고,0,1,0,0,차대사람 - 보도통행중,기타,건조,맑음,단일로 - 기타,이륜,남,35세,상해없음,보행자,여,30세,중상
2014120100100242,2014년 12월 1일 12시,월요일,대구광역시 동구 율하동,중상사고,0,1,0,0,차대사람 - 기타,안전운전불이행,건조,맑음,교차로 - 교차로안,화물,남,41세,상해없음,보행자,여,73세,중상
2014120100100243,2014년 12월 1일 12시,월요일,대구광역시 수성구 중동,중상사고,0,1,0,0,차대차 - 측면직각충돌,신호위반,건조,맑음,교차로 - 교차로안,승용,남,34세,상해없음,승용,남,36세,중상
2014120100100244,2014년 12월 1일 12시,월요일,대구광역시 서구 평리동,중상사고,0,1,0,0,차대사람 - 보도통행중,기타,건조,맑음,단일로 - 기타,승용,남,46세,상해없음,보행자,여,75세,중상
2014120100100245,2014년 12월 1일 12시,월요일,대구광역시 중구 남산동,중상사고,0,1,1,0,차대차 - 추돌 - 주정차중,안전운전불이행,건조,흐림,단일로 - 기타,승용,남,68세,상해없음,승합,남,34세,경상
2014120100100246,2014년 12월 1일 12시,월요일,대구광역시 달서구 본리동,중상사고,0,1,0,0,차대사람 - 횡단중,신호위반,건조,맑음,단일로 - 횡단보도상,승용,여,25세,상해없음,보행자,여,52세,중상
2014120100100276,2014년 12월 1일 13시,월요일,대구광역시 서구 비산동,경상사고,0,0,2,0,차대차 - 측면직각충돌,안전거리미확보,건조,맑음,교차로 - 교차로부근,승용,여,65세,상해없음,승용,남,42세,경상
2014120100100277,2014년 12월 1일 13시,월요일,대구광역시 달서구 성당동,경상사고,0,0,1,0,차대사람 - 기타,안전운전불이행,건조,맑음,단일로 - 기타,승용,남,73세,상해없음,보행자,여,23세,경상
2014120100100278,2014년 12월 1일 13시,월요일,대구광역시 북구 구암동,경상사고,0,0,1,0,차대차 - 추돌 - 주정차중,안전운전불이행,건조,맑음,단일로 - 기타,승용,남,53세,상해없음,자전거,남,17세,경상
2014120100100305,2014년 12월 1일 14시,월요일,대구광역시 남구 대명동,경상사고,0,0,1,0,차대차 - 추돌 - 진행중,차로위반,건조,맑음,단일로 - 기타,승용,남,54세,상해없음,승용,남,46세,경상
2014120100100306,2014년 12월 1일 14시,월요일,대구광역시 수성구 지산동,경상사고,0,0,1,0,차대차 - 기타,신호위반,건조,맑음,교차로 - 교차로안,승용,여,65세,상해없음,승용,여,31세,경상
2014120100100307,2014년 12월 1일 14시,월요일,대구광역시 북구 조야동,경상사고,0,0,1,1,차대차 - 측면직각충돌,안전운전불이행,건조,맑음,단일로 - 기타,화물,남,61세,부상신고,승용,여,26세,경상
2014120100100347,2014년 12월 1일 15시,월요일,대구광역시 동구 각산동,경상사고,0,0,1,0,차대차 - 기타,신호위반,건조,맑음,교차로 - 교차로안,승용,여,56세,상해없음,승용,남,70세,상해없음
2014120100100348,2014년 12월 1일 15시,월요일,대구광역시 동구 효목동,중상사고,0,1,0,0,차대사람 - 횡단중,안전운전불이행,건조,맑음,교차로 - 교차로부근,승용,남,42세,상해없음,보행자,남,14세,중상
2014120100100349,2014년 12월 1일 15시,월요일,대구광역시 수성구 노변동,경상사고,0,0,3,0,차대차 - 기타,안전거리미확보,건조,맑음,교차로 - 교차로부근,승용,여,43세,상해없음,승용,남,36세,경상
2014120100100383,2014년 12월 1일 16시,월요일,대구광역시 서구 평리동,부상신고사고,0,0,0,1,차대사람 - 기타,안전운전불이행,건조,맑음,단일로 - 기타,승합,남,48세,기타불명,보행자,여,58세,부상신고
2014120100100431,2014년 12월 1일 17시,월요일,대구광역시 동구 신암동,중상사고,0,1,0,0,차대사람 - 기타,안전운전불이행,건조,맑음,단일로 - 기타,승용,남,47세,상해없음,보행자,여,60세,중상
2014120100100432,2014년 12월 1일 17시,월요일,대구광역시 동구 신천동,경상사고,0,0,2,0,차대차 - 측면직각충돌,안전거리미확보,건조,맑음,단일로 - 기타,승용,남,38세,경상,승용,남,68세,경상
2014120100100433,2014년 12월 1일 17시,월요일,대구광역시 서구 이현동,경상사고,0,0,2,0,차대차 - 추돌 - 주정차중,안전거리미확보,건조,맑음,교차로 - 교차로부근,화물,남,44세,상해없음,승용,남,39세,경상
2014120100100489,2014년 12월 1일 18시,월요일,대구광역시 동구 효목동,경상사고,0,0,1,0,차대차 - 측면직각충돌,안전운전불이행,건조,맑음,교차로 - 교차로부근,승용,남,48세,상해없음,자전거,남,71세,경상
2014120100100490,2014년 12월 1일 18시,월요일,대구광역시 달성군 논공읍,사망사고,1,0,0,0,차대사람 - 횡단중,과속,건조,흐림,단일로 - 기타,승용,남,35세,상해없음,보행자,남,59세,사망
2014120100100491,2014년 12월 1일 18시,월요일,대구광역시 달성군 화원읍,경상사고,0,0,1,0,차대차 - 측면직각충돌,안전운전불이행,건조,맑음,단일로 - 기타,기타불명,기타불명,기타불명,기타불명,승용,남,29세,경상
2014120100100493,2014년 12월 1일 18시,월요일,대구광역시 달성군 유가면,경상사고,0,0,1,0,차량단독 - 공작물충돌,안전운전불이행,건조,맑음,단일로 - 기타,승용,여,62세,경상,,,,
2014120100100494,2014년 12월 1일 18시,월요일,대구광역시 중구 동산동,경상사고,0,0,2,0,차대차 - 측면직각충돌,안전운전불이행,건조,맑음,단일로 - 기타,화물,남,50세,경상,승용,남,66세,경상
2014120100100533,2014년 12월 1일 19시,월요일,대구광역시 달서구 월성동,경상사고,0,0,2,0,차대차 - 기타,안전거리미확보,건조,맑음,단일로 - 기타,승용,남,50세,상해없음,승용,남,21세,경상
2014120100100534,2014년 12월 1일 19시,월요일,대구광역시 북구 노원동2가,경상사고,0,0,1,0,차대차 - 기타,안전거리미확보,건조,맑음,교차로 - 교차로부근,승용,남,57세,상해없음,이륜,남,19세,경상
2014120100100535,2014년 12월 1일 19시,월요일,대구광역시 달서구 두류동,경상사고,0,0,1,0,차대차 - 측면직각충돌,안전거리미확보,건조,맑음,단일로 - 기타,승용,여,43세,상해없음,승용,남,54세,경상
2014120100100571,2014년 12월 1일 20시,월요일,대구광역시 수성구 상동,경상사고,0,0,1,0,차대차 - 기타,안전거리미확보,건조,맑음,단일로 - 기타,승용,여,39세,상해없음,승용,남,66세,경상
2014120100100626,2014년 12월 1일 22시,월요일,대구광역시 달서구 상인동,부상신고사고,0,0,0,2,차대차 - 측면직각충돌,안전운전불이행,건조,맑음,단일로 - 기타,승용,남,60세,부상신고,승용,여,54세,상해없음
2014120100100627,2014년 12월 1일 22시,월요일,대구광역시 서구 평리동,경상사고,0,0,1,0,차대차 - 기타,안전운전불이행,건조,맑음,단일로 - 기타,기타불명,기타불명,기타불명,기타불명,자전거,남,16세,경상
2014120200100010,2014년 12월 2일 00시,화요일,대구광역시 북구 산격동,경상사고,0,0,2,0,차대차 - 추돌 - 주정차중,안전운전불이행,건조,맑음,단일로 - 기타,승용,남,25세,상해없음,화물,남,54세,경상
2014120200100028,2014년 12월 2일 01시,화요일,대구광역시 동구 신기동,경상사고,0,0,2,0,차대차 - 추돌 - 주정차중,안전운전불이행,건조,맑음,교차로 - 교차로부근,승합,남,45세,상해없음,승용,남,36세,경상
2014120200100029,2014년 12월 2일 01시,화요일,대구광역시 수성구 두산동,경상사고,0,0,1,0,차대차 - 추돌 - 주정차중,안전운전불이행,건조,맑음,단일로 - 기타,승용,남,25세,상해없음,승용,남,55세,경상
2014120200100038,2014년 12월 2일 02시,화요일,대구광역시 중구 대봉동,중상사고,0,1,0,0,차대차 - 추돌 - 진행중,안전운전불이행,건조,맑음,교차로 - 교차로부근,기타불명,기타불명,기타불명,기타불명,승용,남,37세,중상
2014120200100039,2014년 12월 2일 02시,화요일,대구광역시 북구 읍내동,경상사고,0,0,1,0,차대차 - 측면직각충돌,안전운전불이행,건조,맑음,교차로 - 교차로안,승용,남,42세,상해없음,승용,여,56세,경상
2014120200100071,2014년 12월 2일 06시,화요일,대구광역시 달성군 논공읍,중상사고,0,1,0,0,차대사람 - 횡단중,안전운전불이행,건조,맑음,교차로 - 교차로부근,승용,남,49세,상해없음,보행자,남,47세,중상
2014120200100083,2014년 12월 2일 07시,화요일,대구광역시 수성구 수성동4가,경상사고,0,0,1,0,차대차 - 기타,안전운전불이행,건조,맑음,교차로 - 교차로안,승용,남,27세,상해없음,승용,여,40세,경상
2014120200100126,2014년 12월 2일 08시,화요일,대구광역시 수성구 만촌동,경상사고,0,0,1,0,차대차 - 기타,안전거리미확보,건조,맑음,단일로 - 기타,승용,여,29세,기타불명,승용,남,57세,경상
2014120200100127,2014년 12월 2일 08시,화요일,대구광역시 중구 대봉동,중상사고,0,1,2,0,차대차 - 추돌 - 진행중,안전운전불이행,건조,맑음,단일로 - 기타,승용,남,24세,상해없음,승용,여,48세,중상
2014120200100151,2014년 12월 2일 09시,화요일,대구광역시 남구 봉덕동,경상사고,0,0,2,1,차대차 - 기타,안전운전불이행,건조,맑음,단일로 - 기타,승용,여,61세,부상신고,승용,남,48세,경상
2014120200100152,2014년 12월 2일 09시,화요일,대구광역시 북구 고성동3가,중상사고,0,1,0,0,차대차 - 측면직각충돌,안전운전불이행,건조,맑음,단일로 - 기타,승용,여,40세,상해없음,자전거,남,24세,중상
2014120200100153,2014년 12월 2일 09시,화요일,대구광역시 북구 서변동,경상사고,0,0,1,0,차대차 - 기타,안전운전불이행,건조,맑음,교차로 - 교차로안,자전거,남,69세,경상,화물,남,57세,상해없음
2014120200100180,2014년 12월 2일 10시,화요일,대구광역시 수성구 수성동2가,경상사고,0,0,1,0,차대차 - 추돌 - 진행중,안전운전불이행,건조,맑음,교차로 - 교차로부근,승용,남,28세,상해없음,승용,남,58세,경상
2014120200100181,2014년 12월 2일 10시,화요일,대구광역시 북구 침산동,경상사고,0,0,1,0,차대차 - 기타,안전운전불이행,건조,맑음,단일로 - 기타,건설기계,남,51세,상해없음,승용,남,41세,경상
2014120200100227,2014년 12월 2일 12시,화요일,대구광역시 수성구 신매동,경상사고,0,0,1,0,차대차 - 기타,안전거리미확보,건조,맑음,교차로 - 교차로부근,승용,여,43세,상해없음,이륜,남,30세,경상
2014120200100252,2014년 12월 2일 13시,화요일,대구광역시 동구 신기동,부상신고사고,0,0,0,1,차대차 - 기타,안전운전불이행,건조,맑음,단일로 - 기타,자전거,여,71세,부상신고,화물,남,39세,상해없음
2014120200100284,2014년 12월 2일 14시,화요일,대구광역시 수성구 상동,경상사고,0,0,1,0,차대사람 - 길가장자리구역통행중,안전운전불이행,건조,맑음,단일로 - 기타,화물,남,74세,상해없음,보행자,여,24세,경상
2014120200100320,2014년 12월 2일 15시,화요일,대구광역시 수성구 범어동,경상사고,0,0,1,0,차대차 - 기타,안전운전불이행,건조,맑음,단일로 - 기타,승용,남,30세,상해없음,이륜,여,25세,경상
2014120200100321,2014년 12월 2일 15시,화요일,대구광역시 달서구 상인동,경상사고,0,0,2,0,차대차 - 측면직각충돌,안전운전불이행,건조,맑음,교차로 - 교차로안,원동기,남,17세,경상,승용,남,29세,상해없음
2014120200100322,2014년 12월 2일 15시,화요일,대구광역시 북구 대현동,경상사고,0,0,1,0,차대사람 - 기타,안전운전불이행,건조,맑음,단일로 - 기타,화물,남,46세,상해없음,보행자,남,30세,경상
2014120200100323,2014년 12월 2일 15시,화요일,대구광역시 북구 산격동,경상사고,0,0,1,0,차대차 - 기타,교차로운행방법위반,건조,맑음,교차로 - 교차로안,승용,남,74세,상해없음,원동기,남,42세,경상
2014120200100324,2014년 12월 2일 15시,화요일,대구광역시 북구 태전동,경상사고,0,0,1,0,차대사람 - 기타,안전운전불이행,건조,맑음,단일로 - 기타,승용,여,56세,상해없음,보행자,남,23세,경상
2014120200100361,2014년 12월 2일 16시,화요일,대구광역시 북구 국우동,경상사고,0,0,1,0,차대사람 - 횡단중,안전운전불이행,건조,맑음,교차로 - 교차로부근,화물,남,43세,상해없음,보행자,여,43세,경상
2014120200100388,2014년 12월 2일 17시,화요일,대구광역시 남구 대명동,중상사고,0,1,0,0,차대사람 - 횡단중,신호위반,건조,맑음,단일로 - 횡단보도상,이륜,남,16세,기타불명,보행자,여,35세,중상
2014120200100389,2014년 12월 2일 17시,화요일,대구광역시 서구 비산동,경상사고,0,0,1,0,차대차 - 추돌 - 주정차중,안전운전불이행,건조,맑음,단일로 - 기타,화물,남,59세,상해없음,원동기,남,31세,경상
2014120200100390,2014년 12월 2일 17시,화요일,대구광역시 달서구 신당동,경상사고,0,0,1,0,차대차 - 추돌 - 진행중,안전운전불이행,건조,맑음,기타 - 기타,자전거,여,47세,경상,원동기,남,26세,상해없음
2014120200100391,2014년 12월 2일 17시,화요일,대구광역시 북구 구암동,중상사고,0,1,0,0,차대사람 - 기타,안전운전불이행,건조,맑음,단일로 - 기타,승용,여,44세,상해없음,보행자,남,45세,중상
2014120200100441,2014년 12월 2일 18시,화요일,대구광역시 달서구 장기동,부상신고사고,0,0,0,1,차대사람 - 길가장자리구역통행중,안전운전불이행,건조,맑음,단일로 - 기타,승용,남,46세,상해없음,보행자,남,17세,부상신고
2014120200100442,2014년 12월 2일 18시,화요일,대구광역시 달서구 신당동,중상사고,0,1,0,0,차대차 - 측면직각충돌,신호위반,건조,맑음,교차로 - 교차로안,승용,남,52세,상해없음,승용,여,59세,중상
2014120200100493,2014년 12월 2일 19시,화요일,대구광역시 동구 효목동,경상사고,0,0,1,0,차대사람 - 기타,안전운전불이행,건조,맑음,단일로 - 기타,승용,남,20세,상해없음,보행자,여,41세,경상
2014120200100494,2014년 12월 2일 19시,화요일,대구광역시 달서구 신당동,중상사고,0,1,0,0,차대차 - 기타,신호위반,건조,맑음,교차로 - 교차로안,이륜,남,39세,중상,승용,남,24세,상해없음
2014120200100520,2014년 12월 2일 20시,화요일,대구광역시 동구 불로동,경상사고,0,0,3,0,차대차 - 측면직각충돌,안전거리미확보,건조,맑음,단일로 - 기타,승용,남,27세,경상,승용,남,23세,경상
2014120200100521,2014년 12월 2일 20시,화요일,대구광역시 수성구 상동,중상사고,0,1,1,0,차대차 - 기타,신호위반,건조,맑음,교차로 - 교차로안,승용,남,62세,상해없음,승용,남,56세,경상
2014120200100522,2014년 12월 2일 20시,화요일,대구광역시 서구 평리동,경상사고,0,0,1,0,차대사람 - 횡단중,안전운전불이행,건조,맑음,단일로 - 기타,승용,남,43세,상해없음,보행자,남,20세,경상
2014120200100545,2014년 12월 2일 21시,화요일,대구광역시 중구 계산동1가,경상사고,0,0,4,0,차대차 - 추돌 - 진행중,안전거리미확보,건조,맑음,단일로 - 기타,승용,남,34세,기타불명,승용,남,30세,경상
2014120200100546,2014년 12월 2일 21시,화요일,대구광역시 달서구 용산동,경상사고,0,0,2,0,차대차 - 추돌 - 진행중,안전운전불이행,건조,맑음,단일로 - 기타,승용,여,30세,상해없음,이륜,남,17세,경상
2014120200100566,2014년 12월 2일 22시,화요일,대구광역시 남구 대명동,중상사고,0,1,0,0,차대사람 - 횡단중,안전운전불이행,건조,맑음,단일로 - 횡단보도상,승용,남,38세,상해없음,보행자,남,39세,중상
2014120200100592,2014년 12월 2일 23시,화요일,대구광역시 남구 대명동,경상사고,0,0,1,0,차대차 - 기타,안전거리미확보,건조,맑음,단일로 - 기타,승용,남,49세,상해없음,승용,남,41세,경상
2014120200100593,2014년 12월 2일 23시,화요일,대구광역시 북구 태전동,경상사고,0,0,1,0,차대차 - 추돌 - 진행중,안전거리미확보,건조,흐림,단일로 - 기타,승용,여,39세,상해없음,승용,여,28세,경상
2014120300100154,2014년 12월 3일 07시,수요일,대구광역시 남구 대명동,경상사고,0,0,1,0,차대차 - 기타,안전거리미확보,건조,맑음,단일로 - 기타,승용,남,21세,상해없음,승용,여,47세,상해없음
2014120300100156,2014년 12월 3일 07시,수요일,대구광역시 달서구 이곡동,경상사고,0,0,1,0,차대차 - 측면직각충돌,안전거리미확보,건조,맑음,단일로 - 기타,승용,남,45세,상해없음,승용,남,29세,경상
2014120300100195,2014년 12월 3일 08시,수요일,대구광역시 달서구 본동,경상사고,0,0,2,0,차대차 - 기타,안전거리미확보,건조,맑음,단일로 - 기타,승용,남,62세,상해없음,승용,여,35세,경상
2014120300100196,2014년 12월 3일 08시,수요일,대구광역시 중구 계산동2가,부상신고사고,0,0,0,1,차대차 - 측면직각충돌,안전운전불이행,건조,맑음,교차로 - 교차로부근,자전거,남,24세,부상신고,승용,여,40세,상해없음
2014120300100197,2014년 12월 3일 08시,수요일,대구광역시 중구 동성로2가,경상사고,0,0,1,0,차대차 - 기타,안전거리미확보,건조,맑음,단일로 - 기타,승합,남,28세,상해없음,화물,남,34세,경상
2014120300100198,2014년 12월 3일 08시,수요일,대구광역시 북구 서변동,경상사고,0,0,3,0,차대차 - 측면직각충돌,직진우회전진행방해,건조,맑음,교차로 - 교차로안,승용,여,23세,상해없음,승용,남,45세,경상
2014120300100223,2014년 12월 3일 09시,수요일,대구광역시 동구 율하동,중상사고,0,1,0,0,차대차 - 기타,교차로운행방법위반,건조,맑음,교차로 - 교차로안,승용,남,25세,상해없음,이륜,남,70세,중상
2014120300100280,2014년 12월 3일 12시,수요일,대구광역시 수성구 신매동,중상사고,0,1,0,0,차량단독 - 기타,안전운전불이행,건조,맑음,교차로 - 교차로부근,승합,남,48세,상해없음,,,,