사고번호,사고일시,요일,시군구,사고내용,사망자수,중상자수,경상자수,부상신고자수,사고유형,법규위반,노면상태,기상상태,도로형태,가해운전자 차종,가해운전자 성별,가해운전자 연령,가해운전자 상해정도,피해운전자 차종,피해운전자 성별,피해운전자 연령,피해운전자 상해정도
2014120300100281,2014년 12월 3일 12시,수요일,대구광역시 달서구 신당동,경상사고,0,0,1,0,차대차 - 측면직각충돌,안전거리미확보,건조,맑음,교차로 - 교차로안,승용,남,51세,상해없음,승용,남,48세,경상
2014120300100305,2014년 12월 3일 13시,수요일,대구광역시 동구 신천동,경상사고,0,0,1,0,차대차 - 추돌 - 진행중,안전운전불이행,건조,맑음,단일로 - 기타,승용,여,56세,상해없음,화물,남,42세,경상
2014120300100306,2014년 12월 3일 13시,수요일,대구광역시 달서구 월성동,중상사고,0,1,0,0,차대차 - 기타,안전운전불이행,습기,맑음,단일로 - 기타,승용,여,42세,상해없음,이륜,남,50세,중상
2014120300100307,2014년 12월 3일 13시,수요일,대구광역시 달서구 월성동,경상사고,0,0,1,0,차대차 - 기타,안전운전불이행,건조,맑음,교차로 - 교차로부근,원동기,남,25세,상해없음,원동기,남,42세,경상
2014120300100356,2014년 12월 3일 15시,수요일,대구광역시 동구 지저동,경상사고,0,0,1,0,차대차 - 기타,교차로운행방법위반,건조,맑음,교차로 - 교차로안,화물,남,69세,상해없음,자전거,여,55세,경상
2014120300100357,2014년 12월 3일 15시,수요일,대구광역시 동구 용계동,부상신고사고,0,0,0,1,차대차 - 기타,안전운전불이행,건조,맑음,단일로 - 기타,자전거,남,14세,부상신고,승용,남,25세,상해없음
2014120300100383,2014년 12월 3일 16시,수요일,대구광역시 동구 봉무동,경상사고,0,0,1,0,차대차 - 기타,안전운전불이행,건조,맑음,단일로 - 기타,승용,여,39세,상해없음,자전거,남,72세,경상
2014120300100384,2014년 12월 3일 16시,수요일,대구광역시 북구 관음동,중상사고,0,1,0,0,차대차 - 기타,안전운전불이행,건조,맑음,기타 - 기타,승용,여,38세,상해없음,이륜,남,20세,중상
2014120300100414,2014년 12월 3일 17시,수요일,대구광역시 수성구 수성동1가,사망사고,1,0,0,0,차대사람 - 보도통행중,안전운전불이행,건조,맑음,교차로 - 교차로안,화물,남,49세,상해없음,보행자,여,66세,사망
2014120300100415,2014년 12월 3일 17시,수요일,대구광역시 달서구 상인동,경상사고,0,0,1,0,차대차 - 기타,안전운전불이행,건조,맑음,단일로 - 기타,이륜,남,58세,경상,승용,남,62세,상해없음
2014120300100416,2014년 12월 3일 17시,수요일,대구광역시 북구 구암동,경상사고,0,0,1,0,차대차 - 기타,안전운전불이행,건조,맑음,교차로 - 교차로안,승용,기타불명,기타불명,기타불명,자전거,여,45세,경상
2014120300100470,2014년 12월 3일 18시,수요일,대구광역시 서구 내당동,중상사고,0,1,0,0,차대차 - 측면직각충돌,안전거리미확보,건조,맑음,단일로 - 기타,승용,남,49세,상해없음,이륜,남,19세,중상
2014120300100471,2014년 12월 3일 18시,수요일,대구광역시 서구 비산동,경상사고,0,0,1,0,차대차 - 측면직각충돌,직진우회전진행방해,건조,맑음,교차로 - 교차로안,승용,남,23세,상해없음,이륜,남,56세,경상
2014120300100515,2014년 12월 3일 19시,수요일,대구광역시 남구 대명동,경상사고,0,0,2,0,차대차 - 측면직각충돌,중앙선침범,건조,맑음,교차로 - 교차로안,원동기,남,23세,경상,승용,남,66세,경상
2014120300100516,2014년 12월 3일 19시,수요일,대구광역시 서구 내당동,경상사고,0,0,1,0,차대사람 - 기타,기타,건조,맑음,단일로 - 기타,승합,남,58세,상해없음,보행자,여,54세,경상
2014120300100517,2014년 12월 3일 19시,수요일,대구광역시 북구 관음동,중상사고,0,1,0,0,차대사람 - 횡단중,중앙선침범,건조,맑음,단일로 - 기타,승합,남,31세,상해없음,보행자,여,64세,중상
2014120300100555,2014년 12월 3일 20시,수요일,대구광역시 달서구 감삼동,중상사고,0,1,0,0,차대차 - 기타,안전거리미확보,건조,맑음,단일로 - 기타,승용,남,35세,상해없음,이륜,남,33세,중상
2014120300100556,2014년 12월 3일 20시,수요일,대구광역시 달서구 호산동,경상사고,0,0,1,0,차대차 - 추돌 - 진행중,안전운전불이행,건조,맑음,단일로 - 기타,화물,남,22세,상해없음,승용,남,36세,기타불명
2014120300100595,2014년 12월 3일 21시,수요일,대구광역시 수성구 성동,중상사고,0,1,0,0,차대차 - 기타,안전운전불이행,건조,흐림,기타 - 기타,승용,여,45세,상해없음,자전거,남,35세,중상
2014120300100627,2014년 12월 3일 22시,수요일,대구광역시 남구 대명동,중상사고,0,1,0,0,차대사람 - 기타,안전운전불이행,습기,비,교차로 - 교차로부근,승합,남,27세,상해없음,보행자,남,49세,중상
2014120300100628,2014년 12월 3일 22시,수요일,대구광역시 달성군 다사읍,경상사고,0,0,2,0,차대차 - 추돌 - 주정차중,안전운전불이행,건조,맑음,단일로 - 기타,승용,남,41세,상해없음,승용,남,54세,경상
2014120300100629,2014년 12월 3일 22시,수요일,대구광역시 북구 관음동,경상사고,0,0,1,0,차대차 - 기타,안전운전불이행,건조,맑음,단일로 - 기타,승용,남,53세,상해없음,승용,남,57세,경상
2014120300100648,2014년 12월 3일 23시,수요일,대구광역시 수성구 지산동,중상사고,0,1,0,0,차대사람 - 기타,안전운전불이행,건조,맑음,단일로 - 기타,승용,여,46세,상해없음,보행자,남,42세,중상
2014120300100649,2014년 12월 3일 23시,수요일,대구광역시 달서구 상인동,경상사고,0,0,1,0,차대사람 - 기타,안전운전불이행,건조,맑음,기타 - 기타,승용,남,58세,상해없음,보행자,남,30세,경상
2014120300100650,2014년 12월 3일 23시,수요일,대구광역시 달성군 옥포면,중상사고,0,1,0,0,차량단독 - 공작물충돌,안전운전불이행,건조,맑음,교차로 - 교차로안,화물,남,47세,중상,,,,
2014120300100651,2014년 12월 3일 23시,수요일,대구광역시 북구 대현동,경상사고,0,0,1,0,차대차 - 기타,중앙선침범,건조,맑음,단일로 - 기타,승용,남,48세,상해없음,원동기,남,38세,경상
2014120300100652,2014년 12월 3일 23시,수요일,대구광역시 중구 태평로1가,경상사고,0,0,2,0,차대차 - 기타,안전운전불이행,건조,맑음,단일로 - 횡단보도상,승용,남,57세,상해없음,승용,남,33세,경상
2014120300100653,2014년 12월 3일 23시,수요일,대구광역시 북구 태전동,중상사고,0,1,3,0,차대차 - 측면직각충돌,안전운전불이행,건조,맑음,단일로 - 기타,승용,남,50세,경상,승합,남,44세,경상
2014120400100024,2014년 12월 4일 00시,목요일,대구광역시 달서구 본동,경상사고,0,0,1,0,차대차 - 기타,안전거리미확보,건조,맑음,단일로 - 기타,승용,남,35세,상해없음,이륜,남,17세,경상
2014120400100080,2014년 12월 4일 05시,목요일,대구광역시 북구 침산동,중상사고,0,1,0,0,차대차 - 측면직각충돌,신호위반,건조,맑음,단일로 - 기타,승용,남,57세,상해없음,자전거,남,73세,중상
2014120400100104,2014년 12월 4일 06시,목요일,대구광역시 동구 신천동,중상사고,0,1,0,0,차대사람 - 기타,안전운전불이행,건조,맑음,교차로 - 교차로부근,승용,여,55세,상해없음,보행자,여,72세,중상
2014120400100132,2014년 12월 4일 07시,목요일,대구광역시 동구 신기동,경상사고,0,0,1,0,차대차 - 추돌 - 진행중,안전운전불이행,건조,맑음,교차로 - 교차로안,승용,남,23세,상해없음,승용,남,33세,경상
2014120400100133,2014년 12월 4일 07시,목요일,대구광역시 달서구 용산동,경상사고,0,0,1,0,차대차 - 측면직각충돌,신호위반,건조,맑음,교차로 - 교차로안,승용,남,77세,상해없음,화물,남,65세,경상
2014120400100134,2014년 12월 4일 07시,목요일,대구광역시 북구 서변동,경상사고,0,0,2,0,차대차 - 추돌 - 주정차중,안전거리미확보,건조,맑음,단일로 - 기타,승용,남,41세,상해없음,승용,남,43세,경상
2014120400100175,2014년 12월 4일 08시,목요일,대구광역시 서구 평리동,중상사고,0,1,0,0,차대사람 - 기타,안전운전불이행,건조,맑음,교차로 - 교차로부근,승용,기타불명,기타불명,기타불명,보행자,남,13세,중상
2014120400100210,2014년 12월 4일 09시,목요일,대구광역시 달서구 송현동,경상사고,0,0,2,1,차대차 - 측면직각충돌,신호위반,건조,맑음,교차로 - 교차로안,승합,남,44세,부상신고,승용,남,61세,경상
2014120400100258,2014년 12월 4일 11시,목요일,대구광역시 북구 산격동,중상사고,0,1,0,0,차대차 - 기타,안전운전불이행,건조,맑음,단일로 - 기타,화물,남,56세,상해없음,이륜,남,19세,중상
2014120400100259,2014년 12월 4일 11시,목요일,대구광역시 북구 노곡동,중상사고,0,1,0,0,차대차 - 기타,안전운전불이행,건조,맑음,단일로 - 기타,이륜,기타불명,기타불명,기타불명,승용,남,59세,기타불명
2014120400100284,2014년 12월 4일 12시,목요일,대구광역시 남구 봉덕동,중상사고,0,1,2,0,차대차 - 측면직각충돌,안전운전불이행,건조,맑음,교차로 - 교차로안,승용,남,75세,상해없음,승용,남,26세,중상
2014120400100315,2014년 12월 4일 13시,목요일,대구광역시 수성구 지산동,경상사고,0,0,2,0,차대차 - 정면충돌,중앙선침범,건조,맑음,단일로 - 기타,승용,남,23세,상해없음,승용,남,30세,경상
2014120400100316,2014년 12월 4일 13시,목요일,대구광역시 북구 산격동,경상사고,0,0,1,0,차대차 - 측면직각충돌,직진우회전진행방해,건조,맑음,교차로 - 교차로안,승용,남,60세,상해없음,승용,여,49세,경상
2014120400100317,2014년 12월 4일 13시,목요일,대구광역시 달서구 성당동,경상사고,0,0,1,0,차대차 - 측면직각충돌,신호위반,건조,맑음,교차로 - 교차로안,승합,남,48세,상해없음,이륜,남,60세,경상
2014120400100345,2014년 12월 4일 14시,목요일,대구광역시 북구 산격동,경상사고,0,0,1,0,차대차 - 추돌 - 주정차중,안전운전불이행,건조,맑음,단일로 - 기타,승용,남,67세,상해없음,승용,여,37세,경상
2014120400100411,2014년 12월 4일 16시,목요일,대구광역시 달서구 대천동,부상신고사고,0,0,0,1,차대차 - 측면직각충돌,교차로운행방법위반,건조,맑음,교차로 - 교차로안,승용,남,44세,상해없음,이륜,남,16세,상해없음
2014120400100412,2014년 12월 4일 16시,목요일,대구광역시 북구 구암동,경상사고,0,0,1,0,차대차 - 측면직각충돌,안전운전불이행,건조,맑음,교차로 - 교차로부근,승용,남,57세,상해없음,자전거,남,12세,경상
2014120400100468,2014년 12월 4일 17시,목요일,대구광역시 달서구 본동,경상사고,0,0,1,0,차대사람 - 기타,안전운전불이행,적설,눈,교차로 - 교차로안,화물,남,57세,상해없음,보행자,여,24세,경상
2014120400100469,2014년 12월 4일 17시,목요일,대구광역시 달서구 도원동,경상사고,0,0,1,0,차량단독 - 기타,기타,건조,맑음,단일로 - 기타,승합,남,51세,상해없음,,,,
2014120400100470,2014년 12월 4일 17시,목요일,대구광역시 중구 남산동,경상사고,0,0,1,0,차대사람 - 기타,안전운전불이행,건조,맑음,단일로 - 기타,승용,여,70세,상해없음,보행자,남,36세,경상
2014120400100471,2014년 12월 4일 17시,목요일,대구광역시 달서구 성당동,중상사고,0,1,0,0,차대차 - 기타,안전운전불이행,기타,눈,단일로 - 횡단보도상,화물,남,55세,상해없음,자전거,남,13세,중상
2014120400100541,2014년 12월 4일 18시,목요일,대구광역시 수성구 지산동,사망사고,1,0,0,0,차대사람 - 횡단중,안전운전불이행,습기,눈,단일로 - 횡단보도상,승용,여,45세,상해없음,보행자,여,70세,사망
2014120400100542,2014년 12월 4일 18시,목요일,대구광역시 달서구 월성동,경상사고,0,0,1,0,차대차 - 기타,안전운전불이행,습기,눈,단일로 - 기타,승용,여,33세,상해없음,자전거,여,58세,경상
2014120400100543,2014년 12월 4일 18시,목요일,대구광역시 북구 태전동,중상사고,0,1,4,0,차대차 - 추돌 - 진행중,안전운전불이행,건조,흐림,단일로 - 기타,화물,남,49세,중상,승용,남,24세,경상
2014120400100577,2014년 12월 4일 19시,목요일,대구광역시 동구 효목동,중상사고,0,1,0,0,차대차 - 측면직각충돌,중앙선침범,건조,맑음,단일로 - 기타,승용,남,66세,상해없음,이륜,남,45세,중상
2014120400100578,2014년 12월 4일 19시,목요일,대구광역시 중구 봉산동,경상사고,0,0,1,0,차대사람 - 기타,안전운전불이행,건조,맑음,단일로 - 기타,승용,여,51세,상해없음,보행자,여,24세,경상
2014120400100579,2014년 12월 4일 19시,목요일,대구광역시 북구 국우동,부상신고사고,0,0,0,1,차대차 - 추돌 - 진행중,안전운전불이행,건조,맑음,단일로 - 기타,원동기,남,43세,부상신고,승용,남,46세,상해없음
2014120400100624,2014년 12월 4일 20시,목요일,대구광역시 수성구 대흥동,경상사고,0,0,1,0,차대차 - 추돌 - 진행중,안전운전불이행,결빙,흐림,단일로 - 기타,승용,여,49세,상해없음,승용,남,19세,경상
2014120400100652,2014년 12월 4일 21시,목요일,대구광역시 수성구 만촌동,경상사고,0,0,1,0,차대차 - 측면직각충돌,신호위반,건조,맑음,단일로 - 기타,승용,여,44세,상해없음,승용,남,52세,경상
2014120400100653,2014년 12월 4일 21시,목요일,대구광역시 중구 북성로1가,중상사고,0,1,0,0,차대차 - 기타,신호위반,건조,맑음,교차로 - 교차로안,원동기,남,40세,중상,승용,남,73세,상해없음
2014120400100690,2014년 12월 4일 22시,목요일,대구광역시 동구 신암동,경상사고,0,0,3,1,차대차 - 기타,교차로운행방법위반,건조,맑음,교차로 - 교차로안,승용,여,49세,부상신고,승용,남,54세,경상
2014120400100691,2014년 12월 4일 22시,목요일,대구광역시 수성구 범어동,경상사고,0,0,1,0,차대사람 - 길가장자리구역통행중,안전운전불이행,건조,맑음,단일로 - 기타,승용,기타불명,기타불명,기타불명,보행자,남,15세,경상
2014120400100692,2014년 12월 4일 22시,목요일,대구광역시 서구 평리동,사망사고,1,0,1,0,차대사람 - 기타,신호위반,건조,맑음,단일로 - 횡단보도상,자전거,남,55세,사망,보행자,남,51세,경상
2014120400100721,2014년 12월 4일 23시,목요일,대구광역시 수성구 범물동,경상사고,0,0,2,0,차대차 - 측면직각충돌,안전운전불이행,습기,흐림,단일로 - 기타,승용,남,54세,상해없음,승용,남,41세,경상
2014120400100722,2014년 12월 4일 23시,목요일,대구광역시 북구 대현동,중상사고,0,1,0,0,차대차 - 추돌 - 진행중,차로위반,건조,맑음,단일로 - 기타,승용,남,51세,상해없음,원동기,남,18세,중상
2014120500100017,2014년 12월 5일 00시,금요일,대구광역시 동구 신천동,경상사고,0,0,1,0,차대사람 - 기타,안전운전불이행,건조,맑음,단일로 - 기타,승용,여,44세,상해없음,보행자,남,19세,경상
2014120500100018,2014년 12월 5일 00시,금요일,대구광역시 중구 삼덕동1가,중상사고,0,1,0,0,차대사람 - 기타,안전운전불이행,건조,맑음,단일로 - 기타,승용,남,21세,상해없음,보행자,남,41세,중상
2014120500100095,2014년 12월 5일 06시,금요일,대구광역시 수성구 만촌동,경상사고,0,0,1,0,차대차 - 측면직각충돌,안전운전불이행,건조,맑음,교차로 - 교차로안,승용,남,58세,상해없음,승용,여,26세,경상
2014120500100123,2014년 12월 5일 07시,금요일,대구광역시 북구 침산동,경상사고,0,0,1,0,차대사람 - 기타,신호위반,건조,맑음,교차로 - 교차로안,승용,남,34세,상해없음,보행자,여,17세,경상
2014120500100169,2014년 12월 5일 08시,금요일,대구광역시 남구 대명동,경상사고,0,0,1,0,차대사람 - 횡단중,보행자보호의무위반,건조,맑음,단일로 - 기타,승용,여,43세,상해없음,보행자,남,6세,경상
2014120500100170,2014년 12월 5일 08시,금요일,대구광역시 수성구 욱수동,경상사고,0,0,2,0,차대차 - 추돌 - 진행중,안전거리미확보,건조,맑음,단일로 - 기타,승용,남,43세,상해없음,승용,여,45세,경상
2014120500100171,2014년 12월 5일 08시,금요일,대구광역시 달서구 죽전동,경상사고,0,0,1,0,차대차 - 기타,안전운전불이행,건조,맑음,교차로 - 교차로부근,승용,남,53세,상해없음,승용,남,34세,경상
2014120500100192,2014년 12월 5일 09시,금요일,대구광역시 북구 노원동3가,경상사고,0,0,1,0,차대차 - 기타,안전운전불이행,건조,맑음,단일로 - 기타,기타불명,기타불명,기타불명,기타불명,자전거,여,46세,경상
2014120500100193,2014년 12월 5일 09시,금요일,대구광역시 서구 내당동,경상사고,0,0,1,0,차대차 - 추돌 - 진행중,안전운전불이행,건조,맑음,단일로 - 기타,승용,남,25세,기타불명,승용,남,52세,경상
2014120500100223,2014년 12월 5일 10시,금요일,대구광역시 동구 신암동,경상사고,0,0,1,0,차대차 - 기타,교차로운행방법위반,건조,맑음,교차로 - 교차로안,승용,남,34세,상해없음,승용,남,44세,상해없음
2014120500100224,2014년 12월 5일 10시,금요일,대구광역시 달서구 송현동,경상사고,0,0,2,0,차대차 - 기타,차로위반,건조,맑음,교차로 - 교차로부근,승용,여,47세,상해없음,승합,남,49세,경상
2014120500100264,2014년 12월 5일 11시,금요일,대구광역시 동구 도학동,경상사고,0,0,4,0,차량단독 - 공작물충돌,안전운전불이행,건조,맑음,단일로 - 기타,승용,남,69세,경상,,,,
2014120500100265,2014년 12월 5일 11시,금요일,대구광역시 수성구 고모동,중상사고,0,1,0,0,차대차 - 측면직각충돌,안전운전불이행,건조,맑음,단일로 - 기타,승용,남,70세,상해없음,원동기,남,50세,중상
2014120500100266,2014년 12월 5일 11시,금요일,대구광역시 북구 산격동,경상사고,0,0,1,0,차대차 - 기타,안전운전불이행,건조,맑음,교차로 - 교차로안,승용,남,53세,상해없음,승용,남,40세,경상
2014120500100267,2014년 12월 5일 11시,금요일,대구광역시 중구 교동,경상사고,0,0,2,0,차대차 - 기타,안전운전불이행,건조,맑음,단일로 - 기타,승용,남,62세,상해없음,승용,남,70세,경상
2014120500100306,2014년 12월 5일 12시,금요일,대구광역시 남구 대명동,중상사고,0,1,0,0,차대차 - 측면직각충돌,안전운전불이행,건조,맑음,교차로 - 교차로부근,원동기,남,61세,중상,승용,남,54세,상해없음
2014120500100307,2014년 12월 5일 12시,금요일,대구광역시 북구 칠성동1가,중상사고,0,1,0,0,차대차 - 측면직각충돌,신호위반,건조,맑음,교차로 - 교차로안,승용,여,54세,상해없음,원동기,남,22세,중상
2014120500100344,2014년 12월 5일 13시,금요일,대구광역시 달성군 논공읍,경상사고,0,0,1,0,차대차 - 측면직각충돌,안전운전불이행,건조,맑음,교차로 - 교차로안,화물,남,58세,상해없음,승용,여,46세,경상
2014120500100374,2014년 12월 5일 14시,금요일,대구광역시 북구 노원동3가,경상사고,0,0,1,0,차대차 - 기타,안전운전불이행,건조,맑음,단일로 - 기타,원동기,남,49세,상해없음,원동기,남,67세,경상
2014120500100414,2014년 12월 5일 15시,금요일,대구광역시 달서구 두류동,경상사고,0,0,2,0,차대차 - 추돌 - 주정차중,안전거리미확보,건조,맑음,단일로 - 기타,승용,남,48세,상해없음,화물,남,35세,경상
2014120500100451,2014년 12월 5일 16시,금요일,대구광역시 달서구 송현동,경상사고,0,0,1,0,차대사람 - 횡단중,안전운전불이행,건조,맑음,단일로 - 기타,승용,남,66세,상해없음,보행자,여,14세,경상
2014120500100453,2014년 12월 5일 16시,금요일,대구광역시 중구 남산동,경상사고,0,0,1,0,차대차 - 측면직각충돌,교차로운행방법위반,건조,맑음,교차로 - 교차로안,승용,여,39세,상해없음,이륜,남,48세,경상
2014120500100492,2014년 12월 5일 17시,금요일,대구광역시 동구 신암동,경상사고,0,0,1,0,차대사람 - 횡단중,안전운전불이행,건조,맑음,교차로 - 교차로안,승용,남,58세,상해없음,보행자,여,86세,경상
2014120500100546,2014년 12월 5일 18시,금요일,대구광역시 수성구 만촌동,중상사고,0,1,0,0,차대차 - 측면직각충돌,교차로운행방법위반,건조,맑음,교차로 - 교차로안,승용,여,40세,상해없음,자전거,여,52세,중상
2014120500100547,2014년 12월 5일 18시,금요일,대구광역시 서구 비산동,중상사고,0,1,0,0,차대사람 - 횡단중,보행자보호의무위반,건조,맑음,단일로 - 횡단보도상,승용,남,61세,상해없음,보행자,남,45세,중상
2014120500100548,2014년 12월 5일 18시,금요일,대구광역시 중구 태평로1가,중상사고,0,1,0,0,차대차 - 기타,안전거리미확보,건조,맑음,단일로 - 기타,승용,여,43세,상해없음,승용,여,54세,상해없음
2014120500100590,2014년 12월 5일 19시,금요일,대구광역시 달서구 월성동,경상사고,0,0,1,0,차대차 - 기타,안전거리미확보,건조,맑음,단일로 - 기타,승용,여,50세,상해없음,승용,남,52세,경상
2014120500100591,2014년 12월 5일 19시,금요일,대구광역시 중구 공평동,경상사고,0,0,1,1,차대차 - 기타,신호위반,건조,맑음,교차로 - 교차로안,이륜,남,18세,경상,승용,남,33세,부상신고
2014120500100592,2014년 12월 5일 19시,금요일,대구광역시 중구 동인동4가,경상사고,0,0,1,0,차대차 - 기타,안전거리미확보,건조,맑음,단일로 - 기타,승용,남,54세,상해없음,승용,남,30세,경상
2014120500100593,2014년 12월 5일 19시,금요일,대구광역시 북구 동천동,경상사고,0,0,1,0,차대차 - 측면직각충돌,안전거리미확보,건조,맑음,교차로 - 교차로부근,승용,남,28세,경상,승합,남,50세,상해없음
2014120500100628,2014년 12월 5일 20시,금요일,대구광역시 달서구 월암동,중상사고,0,1,4,0,차대차 - 기타,교차로운행방법위반,건조,맑음,교차로 - 교차로안,승용,남,47세,중상,승용,남,41세,경상
2014120500100686,2014년 12월 5일 21시,금요일,대구광역시 남구 대명동,경상사고,0,0,5,0,차대차 - 측면직각충돌,안전거리미확보,건조,맑음,교차로 - 교차로부근,승용,남,56세,상해없음,승용,남,54세,경상
2014120500100687,2014년 12월 5일 21시,금요일,대구광역시 수성구 황금동,경상사고,0,0,1,0,차대차 - 기타,교차로운행방법위반,건조,맑음,교차로 - 교차로안,승용,남,58세,상해없음,이륜,남,17세,경상
2014120500100688,2014년 12월 5일 21시,금요일,대구광역시 서구 평리동,중상사고,0,1,0,0,차대사람 - 횡단중,안전운전불이행,건조,맑음,단일로 - 기타,승용,여,39세,상해없음,보행자,남,64세,중상
2014120500100689,2014년 12월 5일 21시,금요일,대구광역시 북구 서변동,중상사고,0,1,0,1,차량단독 - 공작물충돌,안전운전불이행,건조,흐림,단일로 - 기타,승용,남,57세,부상신고,,,,
2014120500100738,2014년 12월 5일 22시,금요일,대구광역시 남구 봉덕동,경상사고,0,0,1,0,차대차 - 기타,안전거리미확보,건조,맑음,단일로 - 기타,승용,남,49세,상해없음,승용,남,43세,경상
2014120500100739,2014년 12월 5일 22시,금요일,대구광역시 북구 산격동,경상사고,0,0,1,0,차대차 - 측면직각충돌,안전거리미확보,건조,맑음,교차로 - 교차로안,승용,여,47세,상해없음,승용,여,42세,경상
2014120600100024,2014년 12월 6일 00시,토요일,대구광역시 동구 불로동,경상사고,0,0,2,0,차대차 - 추돌 - 진행중,안전운전불이행,건조,맑음,단일로 - 기타,승용,남,40세,상해없음,승용,남,49세,경상
2014120600100025,2014년 12월 6일 00시,토요일,대구광역시 동구 봉무동,중상사고,0,1,1,0,차대사람 - 기타,중앙선침범,건조,맑음,단일로 - 기타,승용,여,47세,상해없음,보행자,여,16세,경상
2014120600100026,2014년 12월 6일 00시,토요일,대구광역시 중구 삼덕동1가,경상사고,0,0,2,0,차대사람 - 기타,안전운전불이행,건조,맑음,단일로 - 기타,승용,남,25세,상해없음,보행자,여,20세,경상
2014120600100084,2014년 12월 6일 02시,토요일,대구광역시 동구 방촌동,중상사고,0,2,0,0,차대차 - 기타,안전거리미확보,건조,맑음,단일로 - 기타,승용,남,37세,상해없음,승용,여,26세,중상
2014120600100102,2014년 12월 6일 03시,토요일,대구광역시 달서구 송현동,경상사고,0,0,1,1,차대차 - 측면직각충돌,교차로운행방법위반,건조,맑음,교차로 - 교차로안,승용,남,68세,부상신고,승용,남,46세,경상
2014120600100120,2014년 12월 6일 05시,토요일,대구광역시 동구 용계동,경상사고,0,0,3,0,차대차 - 추돌 - 진행중,안전운전불이행,건조,맑음,단일로 - 기타,승용,남,24세,상해없음,승용,남,27세,경상
2014120600100121,2014년 12월 6일 05시,토요일,대구광역시 달서구 용산동,사망사고,1,0,0,0,차대차 - 추돌 - 진행중,안전운전불이행,건조,맑음,단일로 - 기타,화물,남,48세,상해없음,화물,남,32세,사망
2014120600100183,2014년 12월 6일 08시,토요일,대구광역시 달서구 월성동,경상사고,0,0,1,0,차대차 - 추돌 - 주정차중,안전운전불이행,건조,맑음,교차로 - 교차로부근,승용,남,58세,상해없음,승용,여,37세,상해없음
2014120600100184,2014년 12월 6일 08시,토요일,대구광역시 달서구 장기동,중상사고,0,1,0,0,차대차 - 추돌 - 진행중,안전거리미확보,건조,맑음,단일로 - 기타,건설기계,남,60세,상해없음,승용,남,69세,중상
2014120600100211,2014년 12월 6일 09시,토요일,대구광역시 남구 봉덕동,경상사고,0,0,1,0,차대차 - 기타,안전운전불이행,건조,맑음,미분류 - 미분류,승용,남,28세,상해없음,승용,남,40세,경상
2014120600100212,2014년 12월 6일 09시,토요일,대구광역시 남구 봉덕동,경상사고,0,0,1,0,차대차 - 측면직각충돌,직진우회전진행방해,건조,맑음,교차로 - 교차로안,자전거,남,14세,경상,승용,남,49세,상해없음
2014120600100213,2014년 12월 6일 09시,토요일,대구광역시 달성군 다사읍,중상사고,0,1,0,0,차대차 - 추돌 - 진행중,안전운전불이행,건조,맑음,교차로 - 교차로안,승용,남,50세,상해없음,자전거,여,51세,중상
2014120600100263,2014년 12월 6일 11시,토요일,대구광역시 북구 산격동,경상사고,0,0,1,0,차대차 - 추돌 - 진행중,안전거리미확보,건조,맑음,단일로 - 기타,화물,남,53세,상해없음,승용,여,72세,경상
2014120600100300,2014년 12월 6일 12시,토요일,대구광역시 동구 신암동,경상사고,0,0,1,0,차대차 - 측면직각충돌,교차로운행방법위반,건조,맑음,교차로 - 교차로안,승용,남,56세,상해없음,승용,남,47세,경상
2014120600100301,2014년 12월 6일 12시,토요일,대구광역시 중구 동인동2가,경상사고,0,0,1,0,차대사람 - 기타,안전운전불이행,건조,맑음,단일로 - 기타,승용,남,59세,상해없음,보행자,남,31세,경상
2014120600100327,2014년 12월 6일 13시,토요일,대구광역시 북구 침산동,중상사고,0,1,1,0,차대차 - 측면직각충돌,신호위반,건조,맑음,교차로 - 교차로안,이륜,남,80세,경상,화물,남,59세,상해없음
2014120600100328,2014년 12월 6일 13시,토요일,대구광역시 중구 동성로3가,중상사고,0,1,0,0,차대사람 - 기타,안전운전불이행,건조,맑음,단일로 - 기타,승합,남,46세,상해없음,보행자,여,45세,중상
2014120600100355,2014년 12월 6일 14시,토요일,대구광역시 북구 구암동,경상사고,0,0,1,0,차대차 - 측면직각충돌,교차로운행방법위반,건조,맑음,교차로 - 교차로안,승용,남,67세,상해없음,원동기,남,19세,경상
2014120600100392,2014년 12월 6일 15시,토요일,대구광역시 동구 신암동,부상신고사고,0,0,0,1,차대차 - 기타,교차로운행방법위반,건조,맑음,교차로 - 교차로안,승용,남,65세,상해없음,승용,여,32세,부상신고
2014120600100393,2014년 12월 6일 15시,토요일,대구광역시 수성구 지산동,경상사고,0,0,2,0,차대차 - 기타,교차로운행방법위반,건조,맑음,교차로 - 교차로안,승용,남,36세,경상,승용,남,46세,경상
2014120600100394,2014년 12월 6일 15시,토요일,대구광역시 달서구 도원동,경상사고,0,0,1,0,차대차 - 기타,안전운전불이행,건조,맑음,교차로 - 교차로안,원동기,남,25세,경상,승용,남,54세,상해없음
2014120600100436,2014년 12월 6일 16시,토요일,대구광역시 동구 봉무동,경상사고,0,0,2,0,차대차 - 기타,안전운전불이행,건조,맑음,단일로 - 기타,승용,남,29세,상해없음,승합,남,44세,상해없음