사고번호,사고일시,요일,시군구,사고내용,사망자수,중상자수,경상자수,부상신고자수,사고유형,법규위반,노면상태,기상상태,도로형태,가해운전자 차종,가해운전자 성별,가해운전자 연령,가해운전자 상해정도,피해운전자 차종,피해운전자 성별,피해운전자 연령,피해운전자 상해정도
2014121200100574,2014년 12월 12일 19시,금요일,대구광역시 수성구 범물동,경상사고,0,0,1,0,차대차 - 기타,안전거리미확보,건조,맑음,교차로 - 교차로부근,건설기계,남,44세,상해없음,화물,남,53세,경상
2014121200100575,2014년 12월 12일 19시,금요일,대구광역시 달서구 대곡동,부상신고사고,0,0,0,1,차대차 - 기타,안전운전불이행,건조,맑음,단일로 - 기타,승용,여,40세,상해없음,원동기,남,18세,부상신고
2014121200100576,2014년 12월 12일 19시,금요일,대구광역시 달서구 본동,부상신고사고,0,0,0,2,차대사람 - 횡단중,안전운전불이행,건조,맑음,단일로 - 기타,승용,남,28세,상해없음,보행자,남,41세,부상신고
2014121200100577,2014년 12월 12일 19시,금요일,대구광역시 달서구 용산동,경상사고,0,0,2,0,차대차 - 추돌 - 진행중,안전운전불이행,건조,맑음,교차로 - 교차로부근,승용,여,33세,상해없음,이륜,남,16세,경상
2014121200100619,2014년 12월 12일 20시,금요일,대구광역시 수성구 범어동,중상사고,0,1,0,0,차대차 - 기타,교차로운행방법위반,건조,맑음,교차로 - 교차로안,승용,남,42세,상해없음,자전거,남,13세,중상
2014121200100620,2014년 12월 12일 20시,금요일,대구광역시 달서구 월성동,경상사고,0,0,1,0,차대차 - 측면직각충돌,안전운전불이행,건조,맑음,교차로 - 교차로안,승용,남,50세,상해없음,승용,남,31세,경상
2014121200100621,2014년 12월 12일 20시,금요일,대구광역시 중구 수동,중상사고,0,1,1,0,차대차 - 기타,교차로운행방법위반,건조,맑음,교차로 - 교차로안,승용,여,25세,상해없음,승용,남,63세,중상
2014121200100622,2014년 12월 12일 20시,금요일,대구광역시 달서구 두류동,경상사고,0,0,4,0,차대차 - 기타,교차로운행방법위반,건조,맑음,교차로 - 교차로안,승용,여,41세,상해없음,승용,남,23세,경상
2014121200100623,2014년 12월 12일 20시,금요일,대구광역시 달서구 장동,경상사고,0,0,1,0,차대차 - 추돌 - 진행중,안전운전불이행,건조,맑음,단일로 - 기타,승용,남,55세,상해없음,승용,남,31세,경상
2014121200100685,2014년 12월 12일 22시,금요일,대구광역시 동구 신기동,경상사고,0,0,1,0,차대차 - 기타,안전운전불이행,건조,맑음,단일로 - 기타,승용,남,55세,상해없음,승용,남,48세,경상
2014121200100686,2014년 12월 12일 22시,금요일,대구광역시 서구 평리동,경상사고,0,0,4,0,차대차 - 측면직각충돌,신호위반,건조,흐림,교차로 - 교차로안,승용,남,42세,상해없음,승용,남,50세,경상
2014121200100687,2014년 12월 12일 22시,금요일,대구광역시 중구 동인동2가,부상신고사고,0,0,0,1,차대사람 - 기타,안전운전불이행,건조,맑음,단일로 - 기타,승합,남,47세,기타불명,보행자,남,30세,부상신고
2014121200100724,2014년 12월 12일 23시,금요일,대구광역시 수성구 파동,경상사고,0,0,1,0,차대사람 - 보도통행중,안전운전불이행,건조,맑음,단일로 - 기타,승용,남,53세,상해없음,보행자,남,33세,경상
2014121200100725,2014년 12월 12일 23시,금요일,대구광역시 달서구 이곡동,경상사고,0,0,1,0,차대차 - 기타,안전운전불이행,건조,맑음,단일로 - 기타,승용,남,28세,상해없음,이륜,남,21세,경상
2014121300100033,2014년 12월 13일 00시,토요일,대구광역시 북구 복현동,경상사고,0,0,1,0,차대차 - 기타,안전운전불이행,건조,맑음,단일로 - 기타,승용,남,51세,상해없음,원동기,남,23세,경상
2014121300100034,2014년 12월 13일 00시,토요일,대구광역시 중구 동인동1가,경상사고,0,0,4,0,차대차 - 측면직각충돌,중앙선침범,건조,맑음,단일로 - 기타,화물,남,43세,상해없음,승용,남,38세,경상
2014121300100059,2014년 12월 13일 01시,토요일,대구광역시 수성구 만촌동,중상사고,0,2,0,0,차대차 - 기타,교차로운행방법위반,건조,맑음,교차로 - 교차로안,승용,남,44세,상해없음,승용,남,54세,중상
2014121300100060,2014년 12월 13일 01시,토요일,대구광역시 달성군 다사읍,중상사고,0,1,0,0,차대사람 - 기타,안전운전불이행,건조,맑음,단일로 - 기타,승용,남,59세,상해없음,보행자,남,36세,중상
2014121300100081,2014년 12월 13일 02시,토요일,대구광역시 수성구 두산동,중상사고,0,1,2,0,차대차 - 기타,안전운전불이행,건조,맑음,교차로 - 교차로부근,승용,남,45세,상해없음,승용,남,55세,중상
2014121300100146,2014년 12월 13일 06시,토요일,대구광역시 달성군 가창면,경상사고,0,0,2,0,차대차 - 측면직각충돌,안전운전불이행,결빙,맑음,단일로 - 기타,승합,남,62세,경상,화물,남,59세,경상
2014121300100156,2014년 12월 13일 07시,토요일,대구광역시 서구 내당동,경상사고,0,0,4,0,차대차 - 기타,중앙선침범,건조,맑음,교차로 - 교차로부근,승용,남,41세,기타불명,승합,남,38세,경상
2014121300100175,2014년 12월 13일 08시,토요일,대구광역시 남구 봉덕동,경상사고,0,0,1,0,차대차 - 추돌 - 주정차중,안전운전불이행,건조,맑음,단일로 - 기타,승용,남,26세,상해없음,승용,여,33세,경상
2014121300100202,2014년 12월 13일 09시,토요일,대구광역시 동구 효목동,부상신고사고,0,0,0,1,차대사람 - 차도통행중,안전운전불이행,건조,맑음,단일로 - 기타,승용,남,37세,상해없음,보행자,남,6세,부상신고
2014121300100203,2014년 12월 13일 09시,토요일,대구광역시 달서구 대천동,경상사고,0,0,2,0,차대차 - 기타,신호위반,건조,맑음,교차로 - 교차로안,승용,남,30세,상해없음,승용,남,69세,경상
2014121300100234,2014년 12월 13일 10시,토요일,대구광역시 북구 고성동3가,경상사고,0,0,1,0,차대차 - 기타,교차로운행방법위반,건조,맑음,교차로 - 교차로안,화물,남,45세,상해없음,승용,남,43세,상해없음
2014121300100310,2014년 12월 13일 12시,토요일,대구광역시 북구 동변동,중상사고,0,1,0,0,차대차 - 측면직각충돌,차로위반,건조,맑음,단일로 - 기타,승용,여,34세,상해없음,이륜,남,52세,중상
2014121300100349,2014년 12월 13일 13시,토요일,대구광역시 달서구 상인동,경상사고,0,0,2,0,차대차 - 측면직각충돌,교차로운행방법위반,건조,맑음,교차로 - 교차로안,승용,남,50세,상해없음,원동기,남,22세,경상
2014121300100350,2014년 12월 13일 13시,토요일,대구광역시 달서구 월성동,경상사고,0,0,1,0,차대차 - 기타,안전운전불이행,건조,맑음,단일로 - 기타,기타불명,기타불명,기타불명,기타불명,이륜,남,56세,경상
2014121300100351,2014년 12월 13일 13시,토요일,대구광역시 중구 동문동,부상신고사고,0,0,0,1,차대사람 - 횡단중,중앙선침범,건조,맑음,교차로 - 교차로부근,화물,남,60세,상해없음,보행자,남,34세,부상신고
2014121300100417,2014년 12월 13일 15시,토요일,대구광역시 남구 봉덕동,중상사고,0,1,0,0,차대사람 - 보도통행중,기타,건조,맑음,단일로 - 기타,특수,남,50세,상해없음,보행자,여,85세,중상
2014121300100418,2014년 12월 13일 15시,토요일,대구광역시 수성구 파동,경상사고,0,0,2,0,차대차 - 측면직각충돌,안전운전불이행,건조,맑음,교차로 - 교차로안,승용,남,80세,상해없음,승용,남,62세,경상
2014121300100419,2014년 12월 13일 15시,토요일,대구광역시 달서구 상인동,중상사고,0,1,0,0,차대차 - 기타,교차로운행방법위반,건조,맑음,교차로 - 교차로안,승용,남,57세,상해없음,이륜,남,29세,중상
2014121300100445,2014년 12월 13일 16시,토요일,대구광역시 동구 부동,중상사고,0,1,1,0,차대차 - 기타,안전운전불이행,건조,맑음,단일로 - 기타,기타불명,기타불명,기타불명,기타불명,화물,남,48세,중상
2014121300100449,2014년 12월 13일 16시,토요일,대구광역시 달서구 송현동,부상신고사고,0,0,0,1,차대차 - 기타,안전운전불이행,건조,맑음,교차로 - 교차로부근,원동기,남,18세,부상신고,화물,남,38세,상해없음
2014121300100483,2014년 12월 13일 17시,토요일,대구광역시 달서구 장기동,경상사고,0,0,1,0,차대사람 - 횡단중,보행자보호의무위반,건조,맑음,단일로 - 기타,승용,남,42세,상해없음,보행자,여,54세,경상
2014121300100531,2014년 12월 13일 18시,토요일,대구광역시 남구 봉덕동,경상사고,0,0,2,0,차대차 - 측면직각충돌,안전운전불이행,건조,맑음,교차로 - 교차로부근,승용,남,33세,상해없음,승용,남,26세,경상
2014121300100532,2014년 12월 13일 18시,토요일,대구광역시 동구 괴전동,경상사고,0,0,1,0,차대차 - 측면직각충돌,안전거리미확보,건조,맑음,단일로 - 기타,승용,남,29세,상해없음,이륜,남,36세,경상
2014121300100533,2014년 12월 13일 18시,토요일,대구광역시 수성구 범어동,부상신고사고,0,0,0,1,차대차 - 추돌 - 주정차중,안전운전불이행,결빙,맑음,단일로 - 기타,원동기,남,23세,부상신고,승용,여,45세,상해없음
2014121300100534,2014년 12월 13일 18시,토요일,대구광역시 달서구 도원동,경상사고,0,0,1,0,차대차 - 기타,안전운전불이행,건조,맑음,교차로 - 교차로부근,이륜,남,22세,경상,승용,남,49세,상해없음
2014121300100535,2014년 12월 13일 18시,토요일,대구광역시 달성군 현풍면,중상사고,0,1,0,0,차대차 - 정면충돌,중앙선침범,건조,맑음,단일로 - 기타,승용,남,30세,상해없음,승용,여,45세,중상
2014121300100568,2014년 12월 13일 19시,토요일,대구광역시 동구 신암동,경상사고,0,0,1,0,차대차 - 측면직각충돌,안전운전불이행,건조,맑음,교차로 - 교차로부근,승용,남,61세,상해없음,이륜,남,20세,경상
2014121300100569,2014년 12월 13일 19시,토요일,대구광역시 달서구 본동,경상사고,0,0,2,0,차대차 - 추돌 - 진행중,안전운전불이행,건조,맑음,단일로 - 기타,승용,남,29세,상해없음,승용,여,54세,경상
2014121300100571,2014년 12월 13일 19시,토요일,대구광역시 북구 태전동,경상사고,0,0,2,0,차대차 - 추돌 - 진행중,안전거리미확보,건조,맑음,단일로 - 기타,승용,여,41세,상해없음,승용,여,31세,경상
2014121300100599,2014년 12월 13일 20시,토요일,대구광역시 동구 방촌동,경상사고,0,0,1,0,차대차 - 기타,안전운전불이행,건조,맑음,단일로 - 기타,승용,남,63세,상해없음,승용,남,37세,경상
2014121300100601,2014년 12월 13일 20시,토요일,대구광역시 북구 칠성동1가,경상사고,0,0,1,0,차대차 - 기타,안전운전불이행,건조,맑음,기타 - 기타,승용,여,51세,상해없음,승용,남,41세,경상
2014121300100602,2014년 12월 13일 20시,토요일,대구광역시 북구 칠성동1가,경상사고,0,0,1,0,차대사람 - 기타,안전운전불이행,건조,맑음,단일로 - 기타,승합,남,30세,기타불명,보행자,여,76세,경상
2014121300100603,2014년 12월 13일 20시,토요일,대구광역시 달서구 두류동,경상사고,0,0,1,0,차대사람 - 기타,안전운전불이행,건조,맑음,단일로 - 기타,승용,여,32세,상해없음,보행자,남,49세,경상
2014121300100660,2014년 12월 13일 22시,토요일,대구광역시 달서구 본동,중상사고,0,1,0,0,차대사람 - 횡단중,안전운전불이행,건조,맑음,교차로 - 교차로안,승용,남,41세,상해없음,보행자,남,49세,중상
2014121300100684,2014년 12월 13일 23시,토요일,대구광역시 동구 효목동,중상사고,0,1,0,0,차대사람 - 횡단중,안전운전불이행,건조,맑음,단일로 - 기타,승용,남,55세,상해없음,보행자,남,55세,중상
2014121300100685,2014년 12월 13일 23시,토요일,대구광역시 수성구 수성동4가,경상사고,0,0,2,0,차대차 - 기타,안전운전불이행,건조,맑음,교차로 - 교차로안,승용,남,52세,상해없음,승용,남,47세,경상
2014121300100686,2014년 12월 13일 23시,토요일,대구광역시 달서구 상인동,경상사고,0,0,1,0,차대사람 - 기타,안전운전불이행,건조,맑음,단일로 - 기타,승용,남,22세,상해없음,보행자,남,28세,경상
2014121300100687,2014년 12월 13일 23시,토요일,대구광역시 달서구 감삼동,중상사고,0,1,1,0,차대차 - 측면직각충돌,신호위반,건조,맑음,단일로 - 기타,승용,남,57세,상해없음,이륜,남,54세,경상
2014121400100018,2014년 12월 14일 00시,일요일,대구광역시 달서구 상인동,경상사고,0,0,4,0,차대차 - 측면직각충돌,교차로운행방법위반,건조,맑음,교차로 - 교차로안,승용,남,57세,상해없음,승용,여,42세,경상
2014121400100019,2014년 12월 14일 00시,일요일,대구광역시 북구 서변동,중상사고,0,1,0,1,차량단독 - 공작물충돌,안전운전불이행,습기,흐림,단일로 - 기타,승용,남,38세,부상신고,,,,
2014121400100044,2014년 12월 14일 01시,일요일,대구광역시 달서구 죽전동,경상사고,0,0,1,0,차대차 - 측면직각충돌,신호위반,건조,맑음,교차로 - 교차로안,승용,남,20세,상해없음,승용,남,23세,상해없음
2014121400100065,2014년 12월 14일 02시,일요일,대구광역시 북구 서변동,경상사고,0,0,1,0,차량단독 - 공작물충돌,안전운전불이행,기타,맑음,단일로 - 기타,승용,남,38세,경상,,,,
2014121400100093,2014년 12월 14일 04시,일요일,대구광역시 달서구 본동,중상사고,0,1,0,0,차대차 - 기타,안전거리미확보,건조,맑음,단일로 - 기타,승용,기타불명,기타불명,기타불명,승용,남,52세,상해없음
2014121400100094,2014년 12월 14일 04시,일요일,대구광역시 중구 서성로1가,중상사고,0,1,3,0,차대차 - 기타,신호위반,건조,맑음,교차로 - 교차로안,승용,남,37세,상해없음,승용,남,50세,중상
2014121400100095,2014년 12월 14일 04시,일요일,대구광역시 중구 삼덕동1가,부상신고사고,0,0,0,1,차대사람 - 기타,안전운전불이행,건조,맑음,단일로 - 기타,기타불명,기타불명,기타불명,기타불명,보행자,남,34세,부상신고
2014121400100107,2014년 12월 14일 05시,일요일,대구광역시 달서구 감삼동,중상사고,0,1,0,0,차대사람 - 횡단중,안전운전불이행,건조,맑음,단일로 - 기타,승용,남,46세,상해없음,보행자,여,63세,중상
2014121400100108,2014년 12월 14일 05시,일요일,대구광역시 달서구 용산동,중상사고,0,1,0,0,차대사람 - 횡단중,안전운전불이행,건조,맑음,교차로 - 교차로부근,승용,남,52세,상해없음,보행자,여,77세,중상
2014121400100109,2014년 12월 14일 05시,일요일,대구광역시 북구 서변동,중상사고,0,1,0,0,차량단독 - 공작물충돌,안전운전불이행,결빙,맑음,단일로 - 기타,승용,남,47세,중상,,,,
2014121400100126,2014년 12월 14일 06시,일요일,대구광역시 중구 삼덕동1가,경상사고,0,0,1,0,차대사람 - 기타,신호위반,건조,맑음,단일로 - 기타,승용,여,25세,상해없음,보행자,남,24세,경상
2014121400100135,2014년 12월 14일 07시,일요일,대구광역시 중구 대봉동,경상사고,0,0,2,0,차대차 - 측면직각충돌,안전거리미확보,건조,맑음,단일로 - 기타,승용,남,55세,상해없음,승용,여,37세,경상
2014121400100144,2014년 12월 14일 08시,일요일,대구광역시 동구 둔산동,경상사고,0,0,1,0,차대차 - 기타,안전운전불이행,건조,맑음,단일로 - 기타,승용,여,52세,상해없음,화물,남,46세,경상
2014121400100157,2014년 12월 14일 09시,일요일,대구광역시 달서구 진천동,경상사고,0,0,1,0,차대차 - 측면직각충돌,안전운전불이행,건조,맑음,단일로 - 기타,승용,남,55세,상해없음,화물,남,33세,경상
2014121400100158,2014년 12월 14일 09시,일요일,대구광역시 북구 칠성동2가,경상사고,0,0,1,0,차대차 - 기타,안전운전불이행,건조,맑음,기타 - 기타,승용,여,42세,상해없음,원동기,남,37세,경상
2014121400100182,2014년 12월 14일 10시,일요일,대구광역시 서구 비산동,중상사고,0,1,0,0,차대차 - 측면직각충돌,신호위반,건조,맑음,교차로 - 교차로안,승용,여,50세,상해없음,승용,남,51세,중상
2014121400100183,2014년 12월 14일 10시,일요일,대구광역시 중구 대신동,경상사고,0,0,4,0,차대차 - 측면직각충돌,안전운전불이행,건조,맑음,단일로 - 기타,승합,남,23세,상해없음,승용,남,37세,경상
2014121400100211,2014년 12월 14일 12시,일요일,대구광역시 수성구 중동,경상사고,0,0,2,0,차대차 - 기타,안전거리미확보,건조,맑음,단일로 - 횡단보도부근,승용,여,43세,상해없음,화물,남,29세,경상
2014121400100212,2014년 12월 14일 12시,일요일,대구광역시 달서구 상인동,경상사고,0,0,1,0,차대사람 - 횡단중,보행자보호의무위반,건조,맑음,교차로 - 교차로안,승용,여,56세,상해없음,보행자,남,12세,경상
2014121400100213,2014년 12월 14일 12시,일요일,대구광역시 동구 신암동,경상사고,0,0,4,0,차대차 - 측면직각충돌,안전운전불이행,건조,맑음,단일로 - 기타,건설기계,남,41세,상해없음,승용,남,39세,경상
2014121400100291,2014년 12월 14일 15시,일요일,대구광역시 달서구 진천동,중상사고,0,1,0,0,차대차 - 기타,안전운전불이행,건조,맑음,단일로 - 기타,화물,남,27세,상해없음,이륜,여,57세,중상
2014121400100292,2014년 12월 14일 15시,일요일,대구광역시 달서구 본동,중상사고,0,1,0,0,차대사람 - 횡단중,보행자보호의무위반,건조,맑음,교차로 - 교차로안,원동기,남,28세,상해없음,보행자,남,21세,중상
2014121400100293,2014년 12월 14일 15시,일요일,대구광역시 서구 비산동,경상사고,0,0,1,0,차대사람 - 기타,안전운전불이행,건조,흐림,단일로 - 기타,승용,남,30세,상해없음,보행자,남,2세,경상
2014121400100294,2014년 12월 14일 15시,일요일,대구광역시 서구 중리동,경상사고,0,0,2,0,차대차 - 추돌 - 진행중,안전운전불이행,건조,맑음,단일로 - 기타,승용,남,48세,상해없음,승용,남,61세,경상
2014121400100352,2014년 12월 14일 17시,일요일,대구광역시 수성구 범어동,경상사고,0,0,1,0,차대차 - 기타,안전거리미확보,건조,맑음,단일로 - 기타,승용,남,60세,상해없음,이륜,남,52세,경상
2014121400100353,2014년 12월 14일 17시,일요일,대구광역시 북구 산격동,경상사고,0,0,1,0,차대사람 - 기타,안전운전불이행,건조,맑음,단일로 - 기타,승용,여,42세,상해없음,보행자,여,66세,경상
2014121400100387,2014년 12월 14일 18시,일요일,대구광역시 동구 지저동,중상사고,0,1,0,0,차대사람 - 기타,신호위반,건조,맑음,교차로 - 교차로부근,화물,여,59세,상해없음,보행자,남,26세,중상
2014121400100388,2014년 12월 14일 18시,일요일,대구광역시 동구 신천동,경상사고,0,0,1,0,차대차 - 기타,안전거리미확보,건조,맑음,교차로 - 교차로부근,이륜,남,16세,상해없음,승용,남,70세,경상
2014121400100389,2014년 12월 14일 18시,일요일,대구광역시 달서구 상인동,부상신고사고,0,0,0,1,차대차 - 측면직각충돌,신호위반,건조,맑음,교차로 - 교차로안,원동기,남,19세,부상신고,승용,여,47세,상해없음
2014121400100456,2014년 12월 14일 20시,일요일,대구광역시 동구 신천동,중상사고,0,1,0,0,차대차 - 기타,안전거리미확보,건조,맑음,단일로 - 기타,승용,남,55세,상해없음,승용,남,46세,중상
2014121400100457,2014년 12월 14일 20시,일요일,대구광역시 달서구 상인동,경상사고,0,0,1,0,차대사람 - 기타,안전운전불이행,건조,맑음,단일로 - 기타,승용,여,30세,상해없음,보행자,남,43세,경상
2014121400100458,2014년 12월 14일 20시,일요일,대구광역시 서구 내당동,경상사고,0,0,1,0,차대사람 - 횡단중,안전운전불이행,건조,맑음,교차로 - 교차로안,승용,남,37세,상해없음,보행자,남,47세,경상
2014121400100487,2014년 12월 14일 21시,일요일,대구광역시 북구 복현동,경상사고,0,0,1,0,차대사람 - 기타,기타,건조,맑음,단일로 - 기타,승용,남,42세,상해없음,보행자,남,28세,경상
2014121400100506,2014년 12월 14일 22시,일요일,대구광역시 달서구 이곡동,사망사고,1,0,0,0,차대차 - 추돌 - 진행중,안전운전불이행,건조,맑음,교차로 - 교차로부근,승용,여,40세,상해없음,승용,남,62세,상해없음
2014121400100523,2014년 12월 14일 23시,일요일,대구광역시 달서구 본리동,중상사고,0,1,0,0,차대사람 - 횡단중,안전운전불이행,건조,맑음,단일로 - 기타,이륜,여,20세,상해없음,보행자,여,39세,중상
2014121500100007,2014년 12월 15일 00시,월요일,대구광역시 서구 내당동,경상사고,0,0,1,0,차대차 - 기타,안전운전불이행,건조,맑음,교차로 - 교차로부근,승용,남,24세,상해없음,이륜,남,16세,경상
2014121500100041,2014년 12월 15일 05시,월요일,대구광역시 수성구 지산동,경상사고,0,0,1,0,차대차 - 추돌 - 주정차중,안전운전불이행,건조,맑음,교차로 - 교차로부근,승용,남,32세,상해없음,승용,남,53세,경상
2014121500100042,2014년 12월 15일 05시,월요일,대구광역시 수성구 범어동,경상사고,0,0,1,0,차대차 - 측면직각충돌,안전운전불이행,건조,맑음,교차로 - 교차로안,승용,남,63세,상해없음,승용,남,53세,경상
2014121500100093,2014년 12월 15일 07시,월요일,대구광역시 수성구 수성동2가,경상사고,0,0,1,0,차대차 - 기타,안전거리미확보,건조,맑음,단일로 - 기타,승용,여,36세,상해없음,승용,남,63세,상해없음
2014121500100094,2014년 12월 15일 07시,월요일,대구광역시 달서구 대천동,경상사고,0,0,2,0,차대차 - 측면직각충돌,차로위반,습기,맑음,단일로 - 기타,승용,여,54세,상해없음,승용,남,46세,상해없음
2014121500100095,2014년 12월 15일 07시,월요일,대구광역시 북구 노원동3가,경상사고,0,0,2,0,차대차 - 기타,교차로운행방법위반,건조,맑음,교차로 - 교차로안,화물,남,32세,경상,승용,남,53세,경상
2014121500100131,2014년 12월 15일 08시,월요일,대구광역시 수성구 신매동,경상사고,0,0,1,0,차대차 - 추돌 - 진행중,안전거리미확보,건조,맑음,교차로 - 교차로부근,승용,남,71세,상해없음,승용,여,41세,경상
2014121500100132,2014년 12월 15일 08시,월요일,대구광역시 달서구 이곡동,부상신고사고,0,0,0,1,차대차 - 측면직각충돌,교차로운행방법위반,건조,흐림,교차로 - 교차로안,승용,남,62세,상해없음,승용,남,55세,상해없음
2014121500100133,2014년 12월 15일 08시,월요일,대구광역시 북구 국우동,부상신고사고,0,0,0,1,차대차 - 정면충돌,안전운전불이행,건조,맑음,교차로 - 교차로부근,자전거,남,22세,부상신고,승용,여,36세,상해없음
2014121500100166,2014년 12월 15일 09시,월요일,대구광역시 남구 대명동,경상사고,0,0,1,0,차대차 - 추돌 - 주정차중,안전거리미확보,건조,맑음,교차로 - 교차로안,화물,남,60세,상해없음,승용,여,40세,경상
2014121500100167,2014년 12월 15일 09시,월요일,대구광역시 북구 산격동,중상사고,0,1,0,0,차대차 - 기타,신호위반,건조,맑음,교차로 - 교차로안,화물,남,55세,상해없음,승용,남,32세,중상
2014121500100279,2014년 12월 15일 13시,월요일,대구광역시 남구 대명동,경상사고,0,0,1,0,차대사람 - 기타,안전운전불이행,건조,맑음,단일로 - 기타,승용,여,39세,상해없음,보행자,남,49세,경상
2014121500100280,2014년 12월 15일 13시,월요일,대구광역시 서구 평리동,경상사고,0,0,1,0,차대차 - 기타,안전운전불이행,건조,맑음,교차로 - 교차로안,화물,남,61세,상해없음,자전거,남,13세,경상
2014121500100281,2014년 12월 15일 13시,월요일,대구광역시 중구 대신동,부상신고사고,0,0,0,1,차대차 - 기타,안전거리미확보,건조,맑음,단일로 - 기타,이륜,남,22세,부상신고,승용,남,64세,상해없음
2014121500100282,2014년 12월 15일 13시,월요일,대구광역시 북구 태전동,중상사고,0,1,0,0,차대사람 - 횡단중,신호위반,건조,맑음,단일로 - 횡단보도상,승용,여,24세,상해없음,보행자,여,23세,중상
2014121500100308,2014년 12월 15일 14시,월요일,대구광역시 남구 대명동,중상사고,0,1,0,0,차대차 - 기타,안전운전불이행,건조,맑음,교차로 - 교차로부근,승용,남,27세,상해없음,이륜,남,52세,중상
2014121500100338,2014년 12월 15일 15시,월요일,대구광역시 북구 동변동,중상사고,0,1,0,0,차대사람 - 기타,안전운전불이행,건조,맑음,기타 - 기타,승용,여,41세,상해없음,보행자,여,72세,중상
2014121500100368,2014년 12월 15일 16시,월요일,대구광역시 북구 산격동,경상사고,0,0,1,0,차대차 - 기타,안전운전불이행,건조,맑음,단일로 - 기타,승용,여,52세,상해없음,원동기,남,34세,경상
2014121500100397,2014년 12월 15일 17시,월요일,대구광역시 달서구 월성동,경상사고,0,0,1,0,차대차 - 측면직각충돌,안전거리미확보,건조,맑음,교차로 - 교차로부근,승용,여,73세,상해없음,승용,여,38세,경상
2014121500100398,2014년 12월 15일 17시,월요일,대구광역시 북구 복현동,경상사고,0,0,1,0,차대차 - 기타,안전운전불이행,건조,맑음,교차로 - 교차로부근,승용,여,54세,상해없음,원동기,남,55세,경상
2014121500100399,2014년 12월 15일 17시,월요일,대구광역시 동구 신암동,경상사고,0,0,1,0,차대차 - 측면직각충돌,기타,건조,맑음,단일로 - 기타,승용,남,56세,상해없음,이륜,남,61세,경상
2014121500100400,2014년 12월 15일 17시,월요일,대구광역시 서구 평리동,부상신고사고,0,0,0,1,차대차 - 기타,교차로운행방법위반,건조,맑음,교차로 - 교차로안,이륜,남,18세,상해없음,이륜,남,16세,부상신고
2014121500100452,2014년 12월 15일 18시,월요일,대구광역시 수성구 신매동,경상사고,0,0,1,0,차대차 - 기타,안전운전불이행,건조,맑음,단일로 - 기타,승용,여,25세,상해없음,승용,남,28세,경상
2014121500100453,2014년 12월 15일 18시,월요일,대구광역시 달서구 본동,중상사고,0,1,0,0,차대차 - 추돌 - 주정차중,안전거리미확보,건조,맑음,단일로 - 기타,승용,남,34세,상해없음,승용,여,50세,중상
2014121500100454,2014년 12월 15일 18시,월요일,대구광역시 달서구 장동,경상사고,0,0,1,0,차대차 - 기타,안전운전불이행,건조,맑음,교차로 - 교차로안,화물,남,64세,상해없음,승합,남,57세,경상
2014121500100455,2014년 12월 15일 18시,월요일,대구광역시 달서구 신당동,경상사고,0,0,1,0,차대차 - 측면직각충돌,안전운전불이행,건조,맑음,단일로 - 기타,이륜,남,36세,상해없음,승용,여,45세,경상
2014121500100551,2014년 12월 15일 20시,월요일,대구광역시 남구 대명동,중상사고,0,1,4,1,차대차 - 추돌 - 주정차중,안전거리미확보,건조,맑음,교차로 - 교차로부근,승용,여,54세,부상신고,승용,여,44세,경상
2014121500100552,2014년 12월 15일 20시,월요일,대구광역시 달성군 논공읍,중상사고,0,1,0,0,차대차 - 추돌 - 진행중,안전운전불이행,건조,맑음,교차로 - 교차로안,승용,남,56세,상해없음,원동기,남,29세,중상
2014121500100553,2014년 12월 15일 20시,월요일,대구광역시 중구 동인동3가,부상신고사고,0,0,0,1,차대차 - 기타,중앙선침범,건조,맑음,교차로 - 교차로안,자전거,남,59세,부상신고,승용,여,41세,상해없음
2014121500100554,2014년 12월 15일 20시,월요일,대구광역시 달서구 두류동,경상사고,0,0,1,0,차대차 - 측면직각충돌,안전운전불이행,건조,맑음,교차로 - 교차로안,승용,남,26세,상해없음,승용,남,62세,상해없음
2014121500100605,2014년 12월 15일 21시,월요일,대구광역시 수성구 상동,중상사고,0,2,2,0,차대차 - 추돌 - 주정차중,안전운전불이행,건조,맑음,단일로 - 기타,승용,남,58세,상해없음,승용,남,29세,경상
2014121500100646,2014년 12월 15일 22시,월요일,대구광역시 달서구 상인동,경상사고,0,0,1,0,차대차 - 기타,안전운전불이행,건조,맑음,단일로 - 기타,승용,남,32세,상해없음,이륜,남,16세,경상
2014121500100647,2014년 12월 15일 22시,월요일,대구광역시 서구 평리동,중상사고,0,1,0,0,차대사람 - 횡단중,보행자보호의무위반,건조,맑음,교차로 - 교차로안,승용,남,34세,상해없음,보행자,여,60세,중상
2014121500100648,2014년 12월 15일 22시,월요일,대구광역시 서구 비산동,부상신고사고,0,0,0,1,차대사람 - 기타,안전운전불이행,건조,맑음,단일로 - 기타,승용,남,46세,상해없음,보행자,남,40세,부상신고