사고번호,사고일시,요일,시군구,사고내용,사망자수,중상자수,경상자수,부상신고자수,사고유형,법규위반,노면상태,기상상태,도로형태,가해운전자 차종,가해운전자 성별,가해운전자 연령,가해운전자 상해정도,피해운전자 차종,피해운전자 성별,피해운전자 연령,피해운전자 상해정도
2014121600100019,2014년 12월 16일 00시,화요일,대구광역시 중구 대봉동,경상사고,0,0,1,0,차대차 - 측면직각충돌,안전운전불이행,습기,비,단일로 - 기타,승용,남,62세,상해없음,승용,남,48세,경상
2014121600100031,2014년 12월 16일 01시,화요일,대구광역시 남구 봉덕동,중상사고,0,1,1,0,차대차 - 추돌 - 진행중,안전운전불이행,건조,맑음,교차로 - 교차로부근,승용,남,50세,상해없음,승용,남,51세,경상
2014121600100069,2014년 12월 16일 04시,화요일,대구광역시 수성구 신매동,경상사고,0,0,1,0,차대차 - 추돌 - 주정차중,안전운전불이행,습기,비,단일로 - 기타,승용,남,30세,상해없음,승용,남,61세,경상
2014121600100153,2014년 12월 16일 08시,화요일,대구광역시 달서구 송현동,경상사고,0,0,1,0,차대차 - 추돌 - 진행중,안전운전불이행,건조,맑음,단일로 - 기타,승용,남,57세,상해없음,화물,남,50세,경상
2014121600100190,2014년 12월 16일 10시,화요일,대구광역시 남구 대명동,경상사고,0,0,1,0,차대차 - 기타,안전운전불이행,건조,맑음,단일로 - 기타,이륜,남,40세,경상,화물,남,57세,상해없음
2014121600100191,2014년 12월 16일 10시,화요일,대구광역시 북구 검단동,중상사고,0,1,0,0,차량단독 - 기타,기타,건조,맑음,단일로 - 기타,승합,남,56세,상해없음,,,,
2014121600100203,2014년 12월 16일 11시,화요일,대구광역시 남구 대명동,경상사고,0,0,1,0,차대차 - 측면직각충돌,안전거리미확보,건조,맑음,교차로 - 교차로안,승용,여,72세,상해없음,이륜,남,49세,경상
2014121600100204,2014년 12월 16일 11시,화요일,대구광역시 북구 대현동,경상사고,0,0,1,0,차대차 - 기타,안전운전불이행,건조,맑음,단일로 - 횡단보도부근,승용,남,26세,상해없음,승용,여,60세,경상
2014121600100290,2014년 12월 16일 14시,화요일,대구광역시 동구 신천동,중상사고,0,2,6,0,차대차 - 추돌 - 진행중,안전운전불이행,건조,맑음,단일로 - 기타,승합,남,55세,상해없음,승용,여,33세,중상
2014121600100291,2014년 12월 16일 14시,화요일,대구광역시 달서구 월성동,경상사고,0,0,2,0,차대차 - 추돌 - 주정차중,안전운전불이행,건조,맑음,단일로 - 기타,승용,여,45세,상해없음,승용,남,66세,경상
2014121600100292,2014년 12월 16일 14시,화요일,대구광역시 서구 원대동1가,중상사고,0,1,0,0,차대차 - 기타,교차로운행방법위반,건조,맑음,교차로 - 교차로부근,승용,남,62세,상해없음,자전거,남,75세,중상
2014121600100341,2014년 12월 16일 16시,화요일,대구광역시 남구 봉덕동,경상사고,0,0,1,0,차대차 - 측면직각충돌,안전거리미확보,건조,맑음,단일로 - 기타,승용,남,72세,상해없음,이륜,남,32세,경상
2014121600100342,2014년 12월 16일 16시,화요일,대구광역시 동구 신암동,경상사고,0,0,1,0,차대사람 - 기타,교차로운행방법위반,건조,맑음,교차로 - 교차로안,승용,여,61세,상해없음,보행자,남,58세,경상
2014121600100343,2014년 12월 16일 16시,화요일,대구광역시 중구 남산동,부상신고사고,0,0,0,1,차대차 - 측면직각충돌,안전운전불이행,건조,맑음,기타 - 기타,기타불명,기타불명,기타불명,기타불명,이륜,남,53세,부상신고
2014121600100383,2014년 12월 16일 17시,화요일,대구광역시 남구 봉덕동,경상사고,0,0,1,0,차대차 - 측면직각충돌,차로위반,건조,맑음,기타 - 기타,승용,남,55세,상해없음,화물,남,36세,경상
2014121600100384,2014년 12월 16일 17시,화요일,대구광역시 달성군 다사읍,경상사고,0,0,1,0,차대사람 - 기타,보행자보호의무위반,건조,흐림,단일로 - 횡단보도상,승용,남,27세,상해없음,보행자,남,27세,경상
2014121600100385,2014년 12월 16일 17시,화요일,대구광역시 서구 내당동,경상사고,0,0,3,0,차대차 - 추돌 - 주정차중,안전운전불이행,건조,맑음,단일로 - 기타,승용,남,63세,기타불명,승용,여,29세,경상
2014121600100386,2014년 12월 16일 17시,화요일,대구광역시 달서구 장기동,경상사고,0,0,1,0,차대사람 - 기타,기타,건조,맑음,기타 - 기타,승용,남,32세,상해없음,보행자,여,46세,경상
2014121600100429,2014년 12월 16일 18시,화요일,대구광역시 달서구 두류동,경상사고,0,0,1,0,차대사람 - 기타,안전운전불이행,건조,맑음,단일로 - 횡단보도부근,승용,남,68세,상해없음,보행자,여,25세,경상
2014121600100465,2014년 12월 16일 19시,화요일,대구광역시 남구 대명동,중상사고,0,1,4,1,차대차 - 추돌 - 진행중,안전운전불이행,건조,맑음,단일로 - 기타,승용,남,19세,부상신고,승용,남,67세,중상
2014121600100496,2014년 12월 16일 20시,화요일,대구광역시 동구 신기동,경상사고,0,0,1,0,차대차 - 기타,안전거리미확보,건조,맑음,단일로 - 기타,승용,남,52세,상해없음,원동기,남,17세,경상
2014121600100497,2014년 12월 16일 20시,화요일,대구광역시 북구 복현동,부상신고사고,0,0,0,1,차대차 - 추돌 - 진행중,차로위반,건조,맑음,단일로 - 기타,이륜,남,17세,부상신고,승용,여,55세,상해없음
2014121600100498,2014년 12월 16일 20시,화요일,대구광역시 북구 칠성동2가,경상사고,0,0,1,0,차대차 - 기타,안전운전불이행,건조,맑음,교차로 - 교차로안,승용,여,42세,상해없음,승용,남,70세,경상
2014121600100534,2014년 12월 16일 21시,화요일,대구광역시 남구 봉덕동,경상사고,0,0,1,0,차대차 - 기타,안전거리미확보,건조,맑음,단일로 - 기타,화물,남,48세,상해없음,승용,여,42세,경상
2014121700100011,2014년 12월 17일 00시,수요일,대구광역시 동구 신서동,경상사고,0,0,2,0,차대차 - 기타,안전운전불이행,건조,맑음,단일로 - 기타,승용,남,39세,상해없음,승용,남,52세,경상
2014121700100026,2014년 12월 17일 02시,수요일,대구광역시 동구 효목동,경상사고,0,0,1,0,차대차 - 기타,안전운전불이행,건조,맑음,단일로 - 기타,승용,남,61세,상해없음,승용,남,59세,경상
2014121700100034,2014년 12월 17일 03시,수요일,대구광역시 동구 효목동,중상사고,0,1,0,1,차량단독 - 기타,안전운전불이행,건조,맑음,단일로 - 기타,이륜,남,20세,부상신고,,,,
2014121700100061,2014년 12월 17일 06시,수요일,대구광역시 북구 칠성동2가,부상신고사고,0,0,0,1,차대차 - 기타,안전운전불이행,건조,흐림,교차로 - 교차로부근,원동기,남,59세,부상신고,화물,남,63세,상해없음
2014121700100063,2014년 12월 17일 06시,수요일,대구광역시 중구 동인동4가,경상사고,0,0,1,0,차대차 - 측면직각충돌,신호위반,건조,맑음,교차로 - 교차로안,화물,남,71세,상해없음,승용,남,58세,경상
2014121700100077,2014년 12월 17일 07시,수요일,대구광역시 남구 대명동,경상사고,0,0,2,0,차대차 - 기타,안전운전불이행,건조,맑음,단일로 - 기타,승용,남,63세,경상,승합,남,48세,경상
2014121700100078,2014년 12월 17일 07시,수요일,대구광역시 동구 신천동,경상사고,0,0,2,0,차대차 - 기타,안전운전불이행,건조,맑음,교차로 - 교차로부근,승용,여,57세,상해없음,승용,남,63세,경상
2014121700100134,2014년 12월 17일 08시,수요일,대구광역시 동구 신암동,경상사고,0,0,2,0,차대차 - 측면직각충돌,교차로운행방법위반,건조,맑음,교차로 - 교차로안,승용,남,33세,경상,승용,여,65세,경상
2014121700100135,2014년 12월 17일 08시,수요일,대구광역시 중구 덕산동,경상사고,0,0,1,0,차대차 - 추돌 - 진행중,안전운전불이행,건조,맑음,단일로 - 기타,승용,여,28세,상해없음,승용,여,35세,경상
2014121700100159,2014년 12월 17일 09시,수요일,대구광역시 동구 신천동,경상사고,0,0,1,0,차대사람 - 기타,안전운전불이행,건조,맑음,단일로 - 기타,승용,남,52세,상해없음,보행자,남,27세,경상
2014121700100160,2014년 12월 17일 09시,수요일,대구광역시 수성구 수성동2가,중상사고,0,1,3,0,차대차 - 기타,차로위반,건조,맑음,단일로 - 기타,승용,여,63세,기타불명,승합,남,52세,상해없음
2014121700100161,2014년 12월 17일 09시,수요일,대구광역시 수성구 황금동,경상사고,0,0,1,0,차대사람 - 기타,안전운전불이행,건조,맑음,교차로 - 교차로안,승용,여,38세,상해없음,보행자,여,61세,경상
2014121700100162,2014년 12월 17일 09시,수요일,대구광역시 달성군 화원읍,경상사고,0,0,1,0,차대차 - 기타,안전운전불이행,건조,맑음,교차로 - 교차로부근,화물,남,31세,상해없음,자전거,여,65세,경상
2014121700100200,2014년 12월 17일 11시,수요일,대구광역시 동구 각산동,중상사고,0,1,0,0,차대차 - 기타,안전운전불이행,건조,맑음,단일로 - 기타,승용,남,26세,상해없음,승용,남,50세,중상
2014121700100202,2014년 12월 17일 11시,수요일,대구광역시 달서구 장동,경상사고,0,0,1,0,차대차 - 추돌 - 진행중,안전운전불이행,건조,맑음,교차로 - 교차로안,화물,남,44세,상해없음,승용,여,59세,경상
2014121700100230,2014년 12월 17일 12시,수요일,대구광역시 남구 대명동,중상사고,0,1,0,0,차대차 - 정면충돌,안전운전불이행,건조,맑음,교차로 - 교차로부근,승용,남,62세,상해없음,이륜,남,25세,중상
2014121700100277,2014년 12월 17일 14시,수요일,대구광역시 동구 봉무동,중상사고,0,1,0,0,차대차 - 측면직각충돌,신호위반,건조,맑음,교차로 - 교차로안,이륜,남,57세,중상,승용,남,43세,상해없음
2014121700100278,2014년 12월 17일 14시,수요일,대구광역시 동구 각산동,경상사고,0,0,1,0,차대사람 - 기타,기타,건조,맑음,단일로 - 기타,승용,남,65세,상해없음,보행자,남,62세,경상
2014121700100279,2014년 12월 17일 14시,수요일,대구광역시 수성구 수성동1가,경상사고,0,0,1,0,차대차 - 측면직각충돌,신호위반,건조,맑음,교차로 - 교차로안,승용,남,64세,상해없음,승용,남,55세,경상
2014121700100307,2014년 12월 17일 15시,수요일,대구광역시 북구 칠성동2가,중상사고,0,1,0,0,차대사람 - 기타,안전운전불이행,건조,맑음,단일로 - 기타,화물,남,32세,상해없음,보행자,여,58세,중상
2014121700100343,2014년 12월 17일 16시,수요일,대구광역시 북구 복현동,중상사고,0,1,0,0,차대사람 - 보도통행중,안전운전불이행,건조,맑음,단일로 - 횡단보도상,승용,여,28세,상해없음,보행자,여,64세,중상
2014121700100344,2014년 12월 17일 16시,수요일,대구광역시 중구 봉산동,경상사고,0,0,1,1,차대차 - 측면직각충돌,안전운전불이행,건조,맑음,단일로 - 기타,승용,여,41세,상해없음,승용,여,35세,부상신고
2014121700100383,2014년 12월 17일 17시,수요일,대구광역시 남구 대명동,중상사고,0,1,0,0,차대사람 - 횡단중,보행자보호의무위반,건조,맑음,단일로 - 횡단보도상,화물,남,43세,상해없음,보행자,여,16세,중상
2014121700100384,2014년 12월 17일 17시,수요일,대구광역시 남구 대명동,경상사고,0,0,1,0,차대차 - 측면직각충돌,안전운전불이행,건조,맑음,교차로 - 교차로안,이륜,남,20세,경상,승용,여,56세,상해없음
2014121700100385,2014년 12월 17일 17시,수요일,대구광역시 동구 효목동,부상신고사고,0,0,0,1,차대차 - 기타,안전거리미확보,건조,맑음,단일로 - 기타,승용,남,23세,상해없음,승용,남,44세,부상신고
2014121700100386,2014년 12월 17일 17시,수요일,대구광역시 수성구 범어동,경상사고,0,0,1,0,차대차 - 측면직각충돌,안전거리미확보,건조,맑음,교차로 - 교차로부근,승용,여,49세,상해없음,승용,여,59세,경상
2014121700100387,2014년 12월 17일 17시,수요일,대구광역시 달서구 상인동,중상사고,0,1,0,0,차대사람 - 기타,안전운전불이행,건조,맑음,단일로 - 기타,승용,여,57세,상해없음,보행자,남,20세,중상
2014121700100388,2014년 12월 17일 17시,수요일,대구광역시 달성군 다사읍,중상사고,0,1,0,0,차량단독 - 기타,기타,건조,맑음,단일로 - 기타,승합,남,56세,상해없음,,,,
2014121700100389,2014년 12월 17일 17시,수요일,대구광역시 중구 대봉동,경상사고,0,0,1,0,차대차 - 기타,안전운전불이행,건조,맑음,단일로 - 기타,기타불명,기타불명,기타불명,기타불명,승용,여,39세,경상
2014121700100438,2014년 12월 17일 18시,수요일,대구광역시 동구 신서동,중상사고,0,1,0,0,차대사람 - 횡단중,안전운전불이행,건조,맑음,교차로 - 교차로안,승용,남,50세,상해없음,보행자,남,79세,중상
2014121700100439,2014년 12월 17일 18시,수요일,대구광역시 달성군 논공읍,중상사고,0,2,0,0,차대차 - 추돌 - 주정차중,안전운전불이행,건조,맑음,단일로 - 기타,화물,남,33세,상해없음,원동기,남,31세,중상
2014121700100440,2014년 12월 17일 18시,수요일,대구광역시 서구 내당동,중상사고,0,4,1,0,차대차 - 기타,신호위반,건조,맑음,교차로 - 교차로안,승합,남,49세,상해없음,승용,남,31세,중상
2014121700100469,2014년 12월 17일 19시,수요일,대구광역시 수성구 상동,중상사고,0,1,0,0,차대사람 - 기타,안전운전불이행,건조,맑음,단일로 - 기타,승용,남,25세,상해없음,보행자,여,62세,중상
2014121700100501,2014년 12월 17일 20시,수요일,대구광역시 달서구 신당동,부상신고사고,0,0,0,1,차대차 - 기타,안전운전불이행,건조,맑음,교차로 - 교차로안,화물,기타불명,기타불명,기타불명,자전거,여,33세,부상신고
2014121700100534,2014년 12월 17일 21시,수요일,대구광역시 중구 남산동,중상사고,0,1,2,0,차대차 - 추돌 - 진행중,안전운전불이행,건조,맑음,단일로 - 기타,승용,여,35세,상해없음,승용,남,24세,경상
2014121700100535,2014년 12월 17일 21시,수요일,대구광역시 달서구 용산동,경상사고,0,0,2,0,차대사람 - 기타,안전운전불이행,건조,맑음,단일로 - 기타,이륜,남,23세,경상,보행자,여,47세,경상
2014121700100567,2014년 12월 17일 22시,수요일,대구광역시 달서구 상인동,중상사고,0,1,0,0,차대차 - 기타,안전거리미확보,건조,맑음,단일로 - 기타,승합,남,49세,상해없음,이륜,남,34세,중상
2014121700100568,2014년 12월 17일 22시,수요일,대구광역시 달서구 용산동,경상사고,0,0,1,0,차대사람 - 기타,안전운전불이행,건조,맑음,교차로 - 교차로안,승용,기타불명,기타불명,기타불명,보행자,여,70세,경상
2014121700100586,2014년 12월 17일 23시,수요일,대구광역시 수성구 범어동,중상사고,0,1,0,0,차대차 - 측면직각충돌,안전거리미확보,건조,맑음,단일로 - 기타,승용,남,54세,상해없음,이륜,남,22세,중상
2014121700100587,2014년 12월 17일 23시,수요일,대구광역시 서구 내당동,경상사고,0,0,3,0,차대차 - 기타,차로위반,건조,맑음,단일로 - 기타,승용,남,51세,상해없음,승용,남,55세,경상
2014121700100588,2014년 12월 17일 23시,수요일,대구광역시 서구 중리동,경상사고,0,0,3,0,차대차 - 기타,안전운전불이행,건조,맑음,단일로 - 기타,승용,여,57세,경상,승용,남,70세,경상
2014121800100019,2014년 12월 18일 00시,목요일,대구광역시 달서구 월성동,경상사고,0,0,4,0,차대차 - 측면직각충돌,안전거리미확보,건조,맑음,교차로 - 교차로부근,승용,남,28세,상해없음,화물,남,34세,경상
2014121800100020,2014년 12월 18일 00시,목요일,대구광역시 중구 서성로1가,경상사고,0,0,2,0,차대차 - 기타,안전운전불이행,건조,맑음,단일로 - 기타,기타불명,기타불명,기타불명,기타불명,승용,남,59세,상해없음
2014121800100021,2014년 12월 18일 00시,목요일,대구광역시 북구 동천동,중상사고,0,1,2,0,차대차 - 정면충돌,신호위반,건조,맑음,교차로 - 교차로안,승용,여,32세,경상,승용,남,67세,중상
2014121800100031,2014년 12월 18일 01시,목요일,대구광역시 서구 비산동,경상사고,0,0,1,0,차대차 - 기타,신호위반,건조,맑음,교차로 - 교차로안,승용,남,26세,상해없음,승용,남,58세,경상
2014121800100032,2014년 12월 18일 01시,목요일,대구광역시 달서구 신당동,중상사고,0,1,0,0,차대사람 - 횡단중,신호위반,건조,맑음,단일로 - 횡단보도상,승용,남,25세,상해없음,보행자,남,55세,중상
2014121800100039,2014년 12월 18일 02시,목요일,대구광역시 동구 신암동,중상사고,0,1,0,0,차대차 - 측면직각충돌,교차로운행방법위반,건조,맑음,교차로 - 교차로안,승용,남,59세,상해없음,승용,남,54세,상해없음
2014121800100059,2014년 12월 18일 06시,목요일,대구광역시 수성구 황금동,중상사고,0,1,0,0,차대사람 - 기타,안전운전불이행,건조,맑음,단일로 - 기타,승용,남,27세,상해없음,보행자,남,41세,중상
2014121800100060,2014년 12월 18일 06시,목요일,대구광역시 북구 침산동,중상사고,0,1,2,0,차대차 - 측면직각충돌,신호위반,건조,맑음,교차로 - 교차로안,승용,남,42세,중상,승합,남,38세,경상
2014121800100116,2014년 12월 18일 08시,목요일,대구광역시 동구 봉무동,경상사고,0,0,1,0,차대차 - 기타,안전거리미확보,건조,맑음,단일로 - 기타,승용,남,54세,상해없음,승용,여,38세,경상
2014121800100117,2014년 12월 18일 08시,목요일,대구광역시 동구 신암동,경상사고,0,0,1,0,차대차 - 추돌 - 주정차중,안전운전불이행,건조,맑음,단일로 - 기타,승용,남,31세,상해없음,승용,남,52세,경상
2014121800100118,2014년 12월 18일 08시,목요일,대구광역시 수성구 만촌동,경상사고,0,0,1,0,차대사람 - 횡단중,안전운전불이행,건조,맑음,교차로 - 교차로안,화물,남,57세,상해없음,보행자,남,18세,경상
2014121800100119,2014년 12월 18일 08시,목요일,대구광역시 달서구 상인동,경상사고,0,0,1,0,차대사람 - 보도통행중,기타,건조,맑음,교차로 - 교차로부근,화물,남,47세,상해없음,보행자,여,53세,경상
2014121800100120,2014년 12월 18일 08시,목요일,대구광역시 달서구 상인동,경상사고,0,0,1,0,차대사람 - 보도통행중,중앙선침범,건조,맑음,단일로 - 기타,자전거,남,16세,상해없음,보행자,여,54세,경상
2014121800100121,2014년 12월 18일 08시,목요일,대구광역시 달서구 두류동,중상사고,0,1,0,0,차대차 - 기타,안전거리미확보,건조,맑음,교차로 - 교차로안,승용,남,28세,상해없음,이륜,남,35세,중상
2014121800100147,2014년 12월 18일 09시,목요일,대구광역시 수성구 수성동1가,경상사고,0,0,1,0,차대차 - 측면직각충돌,신호위반,건조,맑음,교차로 - 교차로안,승용,여,47세,상해없음,승용,남,44세,경상
2014121800100148,2014년 12월 18일 09시,목요일,대구광역시 달성군 화원읍,중상사고,0,1,0,0,차대사람 - 기타,안전운전불이행,건조,맑음,단일로 - 기타,특수,남,53세,상해없음,보행자,남,52세,중상
2014121800100192,2014년 12월 18일 11시,목요일,대구광역시 남구 봉덕동,경상사고,0,0,1,0,차대사람 - 기타,신호위반,건조,맑음,단일로 - 기타,승용,남,55세,상해없음,보행자,여,22세,경상
2014121800100193,2014년 12월 18일 11시,목요일,대구광역시 중구 대신동,경상사고,0,0,2,1,차대차 - 측면직각충돌,안전운전불이행,건조,맑음,단일로 - 기타,승용,남,58세,부상신고,승용,남,58세,경상
2014121800100194,2014년 12월 18일 11시,목요일,대구광역시 중구 봉산동,경상사고,0,0,1,0,차대차 - 기타,교차로운행방법위반,건조,맑음,교차로 - 교차로부근,승용,남,62세,상해없음,승용,남,50세,경상
2014121800100229,2014년 12월 18일 12시,목요일,대구광역시 중구 하서동,경상사고,0,0,1,0,차대차 - 기타,안전운전불이행,건조,맑음,단일로 - 기타,승용,여,49세,상해없음,이륜,남,53세,경상
2014121800100250,2014년 12월 18일 13시,목요일,대구광역시 동구 신암동,경상사고,0,0,3,0,차대차 - 측면직각충돌,교차로운행방법위반,건조,맑음,교차로 - 교차로안,승용,여,33세,경상,승용,남,29세,경상
2014121800100251,2014년 12월 18일 13시,목요일,대구광역시 달서구 월성동,경상사고,0,0,1,0,차대차 - 기타,안전운전불이행,건조,맑음,교차로 - 교차로안,승용,여,43세,상해없음,이륜,남,32세,경상
2014121800100280,2014년 12월 18일 14시,목요일,대구광역시 달서구 상인동,사망사고,1,0,0,0,차대차 - 추돌 - 주정차중,안전운전불이행,건조,맑음,단일로 - 기타,화물,남,48세,사망,승합,남,41세,기타불명
2014121800100281,2014년 12월 18일 14시,목요일,대구광역시 북구 산격동,중상사고,0,2,0,0,차대차 - 기타,안전운전불이행,건조,맑음,단일로 - 교량,화물,남,26세,상해없음,승용,남,42세,중상
2014121800100318,2014년 12월 18일 15시,목요일,대구광역시 북구 동천동,경상사고,0,0,1,0,차대사람 - 기타,안전운전불이행,건조,맑음,기타 - 기타,화물,남,45세,상해없음,보행자,여,10세,경상
2014121800100319,2014년 12월 18일 15시,목요일,대구광역시 북구 학정동,경상사고,0,0,3,0,차대차 - 측면직각충돌,안전운전불이행,건조,맑음,단일로 - 기타,승용,여,41세,상해없음,승합,남,49세,경상
2014121800100343,2014년 12월 18일 16시,목요일,대구광역시 달서구 신당동,경상사고,0,0,1,0,차대차 - 추돌 - 주정차중,안전거리미확보,건조,맑음,교차로 - 교차로부근,승용,남,41세,상해없음,승용,여,38세,경상
2014121800100386,2014년 12월 18일 17시,목요일,대구광역시 달성군 화원읍,경상사고,0,0,2,1,차대차 - 추돌 - 진행중,안전운전불이행,건조,맑음,단일로 - 기타,승합,여,40세,부상신고,화물,남,35세,경상
2014121800100387,2014년 12월 18일 17시,목요일,대구광역시 서구 이현동,경상사고,0,0,1,0,차대차 - 측면직각충돌,안전거리미확보,건조,맑음,교차로 - 교차로안,승합,남,63세,상해없음,승합,남,45세,경상
2014121800100388,2014년 12월 18일 17시,목요일,대구광역시 중구 태평로2가,중상사고,0,1,0,0,차대차 - 측면직각충돌,안전운전불이행,건조,맑음,단일로 - 기타,승용,여,58세,상해없음,이륜,남,61세,중상
2014121800100429,2014년 12월 18일 18시,목요일,대구광역시 수성구 중동,경상사고,0,0,1,0,차대차 - 추돌 - 주정차중,안전운전불이행,건조,맑음,단일로 - 기타,승용,남,45세,상해없음,승용,남,49세,경상
2014121800100430,2014년 12월 18일 18시,목요일,대구광역시 달성군 논공읍,경상사고,0,0,1,0,차대차 - 기타,중앙선침범,건조,맑음,단일로 - 기타,화물,남,58세,상해없음,승용,남,38세,경상
2014121800100431,2014년 12월 18일 18시,목요일,대구광역시 북구 침산동,경상사고,0,0,1,0,차대차 - 추돌 - 진행중,차로위반,건조,맑음,단일로 - 기타,승용,여,57세,상해없음,승용,여,30세,경상
2014121800100432,2014년 12월 18일 18시,목요일,대구광역시 달서구 이곡동,경상사고,0,0,1,0,차대차 - 기타,안전운전불이행,건조,맑음,단일로 - 기타,승용,남,27세,상해없음,자전거,남,12세,경상
2014121800100466,2014년 12월 18일 19시,목요일,대구광역시 동구 율하동,경상사고,0,0,1,0,차대차 - 측면직각충돌,신호위반,건조,맑음,교차로 - 교차로안,승용,남,48세,상해없음,이륜,남,17세,경상
2014121800100467,2014년 12월 18일 19시,목요일,대구광역시 수성구 만촌동,경상사고,0,0,2,1,차대차 - 기타,안전거리미확보,건조,맑음,교차로 - 교차로부근,승용,여,42세,부상신고,승용,여,27세,경상
2014121800100468,2014년 12월 18일 19시,목요일,대구광역시 달서구 상인동,경상사고,0,0,1,0,차대차 - 측면직각충돌,직진우회전진행방해,건조,맑음,교차로 - 교차로안,승용,남,50세,상해없음,원동기,남,41세,경상
2014121800100511,2014년 12월 18일 20시,목요일,대구광역시 달서구 이곡동,경상사고,0,0,1,0,차대차 - 측면직각충돌,중앙선침범,건조,맑음,교차로 - 교차로부근,승용,남,33세,상해없음,이륜,남,47세,경상
2014121800100541,2014년 12월 18일 21시,목요일,대구광역시 달서구 송현동,부상신고사고,0,0,0,1,차대차 - 추돌 - 주정차중,안전운전불이행,건조,맑음,단일로 - 기타,승용,남,66세,상해없음,원동기,남,38세,부상신고
2014121800100582,2014년 12월 18일 22시,목요일,대구광역시 남구 대명동,경상사고,0,0,1,0,차대차 - 측면직각충돌,차로위반,건조,맑음,단일로 - 기타,이륜,남,16세,상해없음,이륜,남,18세,경상
2014121800100583,2014년 12월 18일 22시,목요일,대구광역시 수성구 만촌동,경상사고,0,0,2,0,차대차 - 기타,중앙선침범,건조,맑음,단일로 - 기타,승용,남,45세,상해없음,승용,남,29세,경상
2014121800100584,2014년 12월 18일 22시,목요일,대구광역시 수성구 상동,경상사고,0,0,1,0,차대차 - 기타,안전운전불이행,건조,맑음,교차로 - 교차로부근,승용,남,42세,상해없음,승용,남,41세,경상
2014121800100585,2014년 12월 18일 22시,목요일,대구광역시 중구 남일동,경상사고,0,0,1,0,차대사람 - 기타,보행자보호의무위반,건조,맑음,단일로 - 기타,승용,남,57세,상해없음,보행자,여,19세,경상
2014121800100608,2014년 12월 18일 23시,목요일,대구광역시 달서구 갈산동,중상사고,0,1,0,0,차대차 - 기타,안전운전불이행,건조,맑음,단일로 - 기타,승용,남,29세,상해없음,이륜,남,55세,중상
2014121800100609,2014년 12월 18일 23시,목요일,대구광역시 달서구 두류동,경상사고,0,0,2,0,차대차 - 기타,안전운전불이행,건조,맑음,단일로 - 기타,승용,남,28세,상해없음,승용,남,52세,경상
2014121900100030,2014년 12월 19일 01시,금요일,대구광역시 남구 대명동,경상사고,0,0,1,0,차대사람 - 기타,안전운전불이행,건조,맑음,단일로 - 기타,승용,남,51세,상해없음,보행자,남,51세,경상
2014121900100045,2014년 12월 19일 02시,금요일,대구광역시 수성구 두산동,경상사고,0,0,1,0,차대사람 - 횡단중,보행자보호의무위반,건조,맑음,단일로 - 기타,승용,남,55세,상해없음,보행자,남,39세,경상
2014121900100073,2014년 12월 19일 05시,금요일,대구광역시 달서구 죽전동,경상사고,0,0,1,1,차대차 - 기타,중앙선침범,건조,맑음,단일로 - 기타,원동기,남,68세,부상신고,승용,남,28세,경상
2014121900100089,2014년 12월 19일 06시,금요일,대구광역시 중구 태평로3가,경상사고,0,0,2,0,차대차 - 측면직각충돌,안전거리미확보,건조,맑음,교차로 - 교차로부근,이륜,남,43세,경상,승용,남,56세,경상
2014121900100090,2014년 12월 19일 06시,금요일,대구광역시 북구 읍내동,경상사고,0,0,1,0,차대차 - 측면직각충돌,신호위반,건조,맑음,교차로 - 교차로안,화물,남,46세,상해없음,승용,남,63세,경상
2014121900100110,2014년 12월 19일 07시,금요일,대구광역시 수성구 범어동,경상사고,0,0,1,0,차대차 - 측면직각충돌,안전운전불이행,건조,맑음,단일로 - 기타,승용,남,78세,상해없음,승용,여,37세,경상
2014121900100111,2014년 12월 19일 07시,금요일,대구광역시 달서구 감삼동,경상사고,0,0,1,0,차대사람 - 길가장자리구역통행중,안전운전불이행,건조,맑음,단일로 - 기타,승용,남,29세,기타불명,보행자,여,21세,경상
2014121900100152,2014년 12월 19일 08시,금요일,대구광역시 남구 대명동,중상사고,0,1,0,0,차대차 - 추돌 - 주정차중,안전운전불이행,건조,맑음,교차로 - 교차로안,기타불명,기타불명,기타불명,기타불명,기타불명,기타불명,기타불명,기타불명
2014121900100153,2014년 12월 19일 08시,금요일,대구광역시 동구 각산동,경상사고,0,0,1,0,차대차 - 측면직각충돌,신호위반,건조,맑음,교차로 - 교차로안,승용,남,72세,상해없음,승용,남,26세,경상
2014121900100154,2014년 12월 19일 08시,금요일,대구광역시 동구 율하동,경상사고,0,0,1,0,차대차 - 측면직각충돌,신호위반,건조,맑음,교차로 - 교차로안,승용,여,37세,상해없음,승용,남,43세,경상
2014121900100176,2014년 12월 19일 09시,금요일,대구광역시 달서구 장동,중상사고,0,1,1,0,차대차 - 측면직각충돌,안전운전불이행,건조,맑음,단일로 - 횡단보도부근,화물,남,22세,경상,화물,남,49세,중상