사고번호,사고일시,요일,시군구,사고내용,사망자수,중상자수,경상자수,부상신고자수,사고유형,법규위반,노면상태,기상상태,도로형태,가해운전자 차종,가해운전자 성별,가해운전자 연령,가해운전자 상해정도,피해운전자 차종,피해운전자 성별,피해운전자 연령,피해운전자 상해정도
2014122200100286,2014년 12월 22일 14시,월요일,대구광역시 달서구 상인동,경상사고,0,0,2,0,차대차 - 측면직각충돌,안전거리미확보,건조,맑음,단일로 - 기타,승합,남,48세,상해없음,승용,남,68세,상해없음
2014122200100311,2014년 12월 22일 15시,월요일,대구광역시 남구 봉덕동,경상사고,0,0,1,0,차대차 - 기타,기타,건조,맑음,단일로 - 기타,승용,남,70세,상해없음,원동기,남,25세,경상
2014122200100312,2014년 12월 22일 15시,월요일,대구광역시 달성군 다사읍,경상사고,0,0,2,0,차대차 - 측면직각충돌,안전운전불이행,건조,맑음,단일로 - 기타,승용,여,30세,경상,승용,남,49세,경상
2014122200100353,2014년 12월 22일 16시,월요일,대구광역시 서구 평리동,경상사고,0,0,1,0,차대차 - 측면직각충돌,안전거리미확보,건조,맑음,단일로 - 기타,승용,남,73세,상해없음,승용,남,46세,경상
2014122200100387,2014년 12월 22일 17시,월요일,대구광역시 달서구 용산동,경상사고,0,0,1,0,차대차 - 기타,안전거리미확보,습기,흐림,단일로 - 기타,승용,여,46세,상해없음,승합,남,60세,상해없음
2014122200100389,2014년 12월 22일 17시,월요일,대구광역시 북구 서변동,중상사고,0,1,0,0,차대차 - 추돌 - 주정차중,안전운전불이행,건조,맑음,단일로 - 기타,승용,남,49세,상해없음,승용,남,52세,중상
2014122200100429,2014년 12월 22일 18시,월요일,대구광역시 동구 효목동,경상사고,0,0,1,0,차대사람 - 기타,보행자보호의무위반,건조,맑음,교차로 - 교차로부근,승용,남,46세,상해없음,보행자,남,54세,경상
2014122200100430,2014년 12월 22일 18시,월요일,대구광역시 수성구 만촌동,중상사고,0,1,0,0,차대사람 - 횡단중,신호위반,건조,맑음,교차로 - 교차로부근,승용,남,29세,상해없음,보행자,남,42세,중상
2014122200100431,2014년 12월 22일 18시,월요일,대구광역시 서구 평리동,중상사고,0,1,0,0,차대사람 - 횡단중,보행자보호의무위반,건조,맑음,단일로 - 기타,화물,남,56세,상해없음,보행자,여,69세,중상
2014122200100432,2014년 12월 22일 18시,월요일,대구광역시 서구 비산동,경상사고,0,0,1,0,차대사람 - 횡단중,보행자보호의무위반,건조,맑음,단일로 - 횡단보도상,승합,남,42세,상해없음,보행자,남,50세,경상
2014122200100465,2014년 12월 22일 19시,월요일,대구광역시 동구 지저동,중상사고,0,1,0,0,차대사람 - 횡단중,안전운전불이행,건조,맑음,단일로 - 기타,이륜,남,57세,상해없음,보행자,남,9세,중상
2014122200100466,2014년 12월 22일 19시,월요일,대구광역시 동구 신천동,부상신고사고,0,0,0,1,차량단독 - 기타,안전운전불이행,건조,맑음,단일로 - 기타,승용,여,28세,부상신고,,,,
2014122200100467,2014년 12월 22일 19시,월요일,대구광역시 수성구 노변동,경상사고,0,0,4,0,차대사람 - 횡단중,보행자보호의무위반,건조,맑음,단일로 - 횡단보도상,화물,남,39세,상해없음,보행자,여,15세,경상
2014122200100468,2014년 12월 22일 19시,월요일,대구광역시 북구 칠성동2가,경상사고,0,0,1,0,차대사람 - 횡단중,불법유턴,건조,맑음,단일로 - 횡단보도부근,승용,남,22세,상해없음,보행자,남,23세,경상
2014122200100469,2014년 12월 22일 19시,월요일,대구광역시 서구 평리동,중상사고,0,1,0,0,차대사람 - 기타,안전운전불이행,건조,맑음,단일로 - 기타,승용,남,34세,상해없음,보행자,남,61세,중상
2014122200100522,2014년 12월 22일 21시,월요일,대구광역시 동구 신암동,경상사고,0,0,1,0,차대사람 - 횡단중,안전운전불이행,건조,맑음,단일로 - 횡단보도부근,승용,남,63세,상해없음,보행자,여,23세,경상
2014122200100523,2014년 12월 22일 21시,월요일,대구광역시 동구 신암동,중상사고,0,1,0,0,차대사람 - 기타,안전운전불이행,건조,맑음,교차로 - 교차로부근,승용,여,52세,상해없음,보행자,남,62세,중상
2014122200100525,2014년 12월 22일 21시,월요일,대구광역시 수성구 수성동2가,중상사고,0,1,3,0,차대차 - 기타,안전운전불이행,건조,맑음,교차로 - 교차로부근,승용,남,64세,상해없음,승용,여,51세,경상
2014122200100526,2014년 12월 22일 21시,월요일,대구광역시 남구 대명동,경상사고,0,0,1,0,차대차 - 정면충돌,중앙선침범,건조,맑음,단일로 - 기타,승용,남,26세,상해없음,승용,남,47세,상해없음
2014122200100557,2014년 12월 22일 22시,월요일,대구광역시 서구 이현동,중상사고,0,1,0,0,차량단독 - 공작물충돌,안전운전불이행,건조,맑음,교차로 - 교차로부근,승용,남,46세,중상,,,,
2014122300100033,2014년 12월 23일 01시,화요일,대구광역시 동구 신천동,경상사고,0,0,1,0,차대사람 - 횡단중,안전운전불이행,건조,맑음,교차로 - 교차로안,승용,남,40세,상해없음,보행자,남,39세,경상
2014122300100050,2014년 12월 23일 02시,화요일,대구광역시 중구 수창동,경상사고,0,0,2,0,차대차 - 측면직각충돌,안전운전불이행,건조,맑음,단일로 - 기타,승용,남,26세,상해없음,승용,남,27세,경상
2014122300100060,2014년 12월 23일 03시,화요일,대구광역시 북구 관음동,경상사고,0,0,1,0,차대사람 - 기타,안전운전불이행,건조,맑음,교차로 - 교차로안,승용,여,39세,상해없음,보행자,남,55세,경상
2014122300100071,2014년 12월 23일 04시,화요일,대구광역시 수성구 두산동,경상사고,0,0,1,0,차대차 - 기타,안전운전불이행,건조,맑음,단일로 - 기타,승용,남,44세,기타불명,승용,남,42세,경상
2014122300100105,2014년 12월 23일 06시,화요일,대구광역시 달서구 이곡동,경상사고,0,0,1,0,차대차 - 측면직각충돌,안전운전불이행,건조,맑음,단일로 - 기타,화물,남,56세,상해없음,원동기,남,74세,경상
2014122300100128,2014년 12월 23일 07시,화요일,대구광역시 남구 대명동,중상사고,0,1,1,0,차대차 - 기타,신호위반,건조,맑음,교차로 - 교차로안,승용,남,34세,상해없음,화물,남,47세,중상
2014122300100166,2014년 12월 23일 08시,화요일,대구광역시 동구 신서동,중상사고,0,2,0,0,차대차 - 기타,교차로운행방법위반,건조,맑음,교차로 - 교차로안,승용,남,27세,상해없음,승용,남,54세,중상
2014122300100167,2014년 12월 23일 08시,화요일,대구광역시 달성군 화원읍,중상사고,0,1,0,0,차대차 - 기타,안전운전불이행,건조,맑음,교차로 - 교차로안,승용,여,58세,상해없음,원동기,남,23세,중상
2014122300100168,2014년 12월 23일 08시,화요일,대구광역시 북구 산격동,사망사고,1,0,0,0,차대차 - 추돌 - 진행중,차로위반,건조,맑음,단일로 - 기타,화물,남,49세,상해없음,원동기,남,47세,사망
2014122300100224,2014년 12월 23일 10시,화요일,대구광역시 수성구 성동,경상사고,0,0,1,0,차대차 - 측면직각충돌,신호위반,건조,맑음,교차로 - 교차로안,건설기계,남,51세,상해없음,승용,남,36세,경상
2014122300100225,2014년 12월 23일 10시,화요일,대구광역시 달서구 상인동,경상사고,0,0,1,0,차대차 - 기타,안전운전불이행,건조,맑음,교차로 - 교차로부근,승용,남,69세,상해없음,원동기,남,71세,경상
2014122300100269,2014년 12월 23일 12시,화요일,대구광역시 달서구 월암동,경상사고,0,0,1,0,차대차 - 기타,신호위반,건조,맑음,교차로 - 교차로안,화물,남,52세,상해없음,승용,여,41세,경상
2014122300100270,2014년 12월 23일 12시,화요일,대구광역시 서구 내당동,중상사고,0,1,0,0,차대차 - 측면직각충돌,직진우회전진행방해,건조,맑음,교차로 - 교차로안,이륜,남,20세,중상,화물,남,21세,상해없음
2014122300100289,2014년 12월 23일 13시,화요일,대구광역시 남구 봉덕동,중상사고,0,1,0,0,차대차 - 기타,안전운전불이행,건조,맑음,단일로 - 기타,승용,남,68세,상해없음,이륜,남,36세,중상
2014122300100290,2014년 12월 23일 13시,화요일,대구광역시 남구 대명동,중상사고,0,1,0,0,차대차 - 기타,교차로운행방법위반,건조,맑음,단일로 - 기타,이륜,남,50세,중상,승용,여,27세,상해없음
2014122300100291,2014년 12월 23일 13시,화요일,대구광역시 중구 대신동,경상사고,0,0,1,0,차대사람 - 기타,안전운전불이행,건조,맑음,단일로 - 기타,승용,남,63세,상해없음,보행자,남,20세,경상
2014122300100335,2014년 12월 23일 15시,화요일,대구광역시 달성군 유가면,중상사고,0,1,1,0,차대차 - 측면직각충돌,신호위반,건조,맑음,교차로 - 교차로안,화물,남,59세,상해없음,승용,여,33세,중상
2014122300100362,2014년 12월 23일 16시,화요일,대구광역시 동구 신천동,경상사고,0,0,3,0,차대차 - 기타,안전거리미확보,건조,맑음,단일로 - 기타,화물,남,55세,상해없음,승용,여,34세,경상
2014122300100363,2014년 12월 23일 16시,화요일,대구광역시 수성구 파동,중상사고,0,1,0,0,차대차 - 측면직각충돌,신호위반,건조,맑음,교차로 - 교차로안,승용,남,28세,상해없음,승용,여,30세,중상
2014122300100364,2014년 12월 23일 16시,화요일,대구광역시 달서구 월암동,중상사고,0,1,0,0,차대사람 - 횡단중,보행자보호의무위반,건조,맑음,교차로 - 교차로안,화물,남,34세,상해없음,보행자,여,62세,중상
2014122300100365,2014년 12월 23일 16시,화요일,대구광역시 달서구 두류동,경상사고,0,0,1,0,차대차 - 추돌 - 진행중,안전운전불이행,건조,맑음,단일로 - 기타,승용,남,44세,상해없음,승용,남,50세,경상
2014122300100405,2014년 12월 23일 17시,화요일,대구광역시 북구 검단동,경상사고,0,0,1,0,차대차 - 기타,안전운전불이행,건조,맑음,기타 - 기타,원동기,남,34세,경상,승용,남,41세,상해없음
2014122300100455,2014년 12월 23일 18시,화요일,대구광역시 남구 봉덕동,경상사고,0,0,2,0,차대차 - 측면직각충돌,안전운전불이행,건조,맑음,단일로 - 기타,승용,남,51세,상해없음,승용,남,24세,경상
2014122300100456,2014년 12월 23일 18시,화요일,대구광역시 동구 서호동,중상사고,0,1,0,0,차대차 - 기타,안전운전불이행,건조,맑음,단일로 - 기타,승용,여,58세,상해없음,이륜,남,41세,중상
2014122300100457,2014년 12월 23일 18시,화요일,대구광역시 북구 칠성동2가,중상사고,0,1,0,0,차대사람 - 횡단중,보행자보호의무위반,건조,맑음,단일로 - 횡단보도상,화물,남,46세,상해없음,보행자,여,52세,중상
2014122300100458,2014년 12월 23일 18시,화요일,대구광역시 북구 읍내동,중상사고,0,2,2,0,차대차 - 추돌 - 진행중,안전운전불이행,건조,맑음,단일로 - 기타,승용,여,47세,상해없음,승용,남,47세,경상
2014122300100497,2014년 12월 23일 19시,화요일,대구광역시 수성구 시지동,중상사고,0,1,0,0,차대사람 - 기타,안전운전불이행,건조,맑음,기타 - 기타,승용,여,35세,상해없음,보행자,남,47세,중상
2014122300100567,2014년 12월 23일 21시,화요일,대구광역시 남구 봉덕동,중상사고,0,1,0,0,차대사람 - 횡단중,신호위반,건조,맑음,교차로 - 교차로부근,승용,남,66세,상해없음,보행자,여,60세,중상
2014122300100568,2014년 12월 23일 21시,화요일,대구광역시 수성구 수성동4가,중상사고,0,1,0,0,차대사람 - 기타,안전운전불이행,건조,맑음,기타 - 기타,승용,남,23세,상해없음,보행자,여,72세,중상
2014122300100569,2014년 12월 23일 21시,화요일,대구광역시 달서구 본동,경상사고,0,0,1,0,차대사람 - 기타,안전운전불이행,건조,맑음,교차로 - 교차로부근,승용,남,30세,상해없음,보행자,남,39세,경상
2014122300100570,2014년 12월 23일 21시,화요일,대구광역시 달서구 월성동,경상사고,0,0,1,0,차대차 - 측면직각충돌,안전거리미확보,건조,맑음,단일로 - 기타,승용,여,45세,상해없음,화물,남,39세,경상
2014122300100571,2014년 12월 23일 21시,화요일,대구광역시 달서구 본동,중상사고,0,1,0,0,차대차 - 기타,중앙선침범,건조,맑음,단일로 - 기타,이륜,남,39세,상해없음,이륜,남,17세,중상
2014122300100572,2014년 12월 23일 21시,화요일,대구광역시 서구 비산동,경상사고,0,0,1,0,차대차 - 측면직각충돌,안전거리미확보,건조,맑음,단일로 - 기타,승용,남,56세,상해없음,이륜,남,31세,경상
2014122300100611,2014년 12월 23일 22시,화요일,대구광역시 동구 효목동,경상사고,0,0,1,0,차대차 - 측면직각충돌,안전운전불이행,건조,맑음,단일로 - 기타,승용,남,49세,상해없음,이륜,남,17세,경상
2014122300100612,2014년 12월 23일 22시,화요일,대구광역시 수성구 황금동,경상사고,0,0,1,0,차대차 - 기타,차로위반,건조,맑음,단일로 - 기타,승용,남,65세,상해없음,승용,남,45세,경상
2014122300100613,2014년 12월 23일 22시,화요일,대구광역시 북구 읍내동,경상사고,0,0,1,0,차대차 - 기타,안전운전불이행,건조,맑음,단일로 - 기타,승합,남,46세,상해없음,이륜,남,18세,경상
2014122300100653,2014년 12월 23일 23시,화요일,대구광역시 달서구 대곡동,중상사고,0,2,0,0,차대차 - 측면직각충돌,신호위반,건조,맑음,교차로 - 교차로안,승용,남,30세,상해없음,승용,여,41세,중상
2014122300100654,2014년 12월 23일 23시,화요일,대구광역시 달서구 도원동,경상사고,0,0,2,0,차대차 - 기타,안전운전불이행,건조,맑음,단일로 - 기타,승용,남,30세,상해없음,승합,남,36세,경상
2014122300100655,2014년 12월 23일 23시,화요일,대구광역시 서구 내당동,경상사고,0,0,1,0,차대차 - 추돌 - 진행중,안전운전불이행,건조,맑음,단일로 - 기타,승용,남,48세,상해없음,승용,여,52세,경상
2014122300100656,2014년 12월 23일 23시,화요일,대구광역시 중구 달성동,경상사고,0,0,1,0,차대사람 - 횡단중,안전운전불이행,건조,맑음,단일로 - 기타,승용,남,66세,상해없음,보행자,남,37세,경상
2014122400100022,2014년 12월 24일 00시,수요일,대구광역시 수성구 수성동2가,중상사고,0,1,0,0,차대사람 - 횡단중,안전운전불이행,건조,맑음,단일로 - 기타,승용,남,57세,상해없음,보행자,남,36세,중상
2014122400100114,2014년 12월 24일 07시,수요일,대구광역시 수성구 중동,경상사고,0,0,1,0,차대차 - 기타,안전운전불이행,건조,맑음,단일로 - 기타,화물,남,40세,상해없음,자전거,남,17세,경상
2014122400100115,2014년 12월 24일 07시,수요일,대구광역시 수성구 신매동,경상사고,0,0,1,0,차대차 - 추돌 - 주정차중,안전거리미확보,건조,흐림,단일로 - 기타,승용,여,51세,상해없음,승용,남,24세,경상
2014122400100148,2014년 12월 24일 08시,수요일,대구광역시 서구 내당동,경상사고,0,0,1,0,차대차 - 추돌 - 진행중,안전운전불이행,건조,맑음,기타 - 기타,승용,여,46세,상해없음,승용,남,43세,경상
2014122400100173,2014년 12월 24일 09시,수요일,대구광역시 달서구 월성동,경상사고,0,0,1,0,차대차 - 추돌 - 주정차중,안전거리미확보,건조,맑음,교차로 - 교차로부근,승용,여,22세,상해없음,승용,남,35세,경상
2014122400100174,2014년 12월 24일 09시,수요일,대구광역시 북구 읍내동,경상사고,0,0,2,0,차대차 - 측면직각충돌,안전운전불이행,건조,맑음,교차로 - 교차로부근,승합,남,47세,경상,승용,남,73세,상해없음
2014122400100195,2014년 12월 24일 10시,수요일,대구광역시 동구 신천동,경상사고,0,0,2,0,차대차 - 기타,신호위반,건조,맑음,단일로 - 기타,승용,남,42세,경상,승용,여,46세,경상
2014122400100196,2014년 12월 24일 10시,수요일,대구광역시 수성구 범어동,경상사고,0,0,3,0,차대차 - 측면직각충돌,안전거리미확보,건조,맑음,단일로 - 기타,승용,여,30세,상해없음,승합,남,58세,상해없음
2014122400100221,2014년 12월 24일 11시,수요일,대구광역시 달성군 다사읍,사망사고,1,0,0,0,차량단독 - 기타,안전운전불이행,건조,맑음,단일로 - 기타,농기계,남,64세,사망,,,,
2014122400100254,2014년 12월 24일 12시,수요일,대구광역시 동구 신천동,경상사고,0,0,1,0,차대차 - 측면직각충돌,차로위반,건조,맑음,단일로 - 기타,승용,남,30세,상해없음,승용,여,57세,경상
2014122400100256,2014년 12월 24일 12시,수요일,대구광역시 달성군 다사읍,중상사고,0,1,1,1,차대차 - 정면충돌,중앙선침범,건조,맑음,교차로 - 교차로부근,승용,남,20세,부상신고,승용,남,71세,중상
2014122400100285,2014년 12월 24일 13시,수요일,대구광역시 남구 대명동,경상사고,0,0,1,0,차대사람 - 기타,안전운전불이행,건조,맑음,단일로 - 기타,승용,남,27세,상해없음,보행자,여,60세,경상
2014122400100319,2014년 12월 24일 14시,수요일,대구광역시 북구 노원동1가,경상사고,0,0,1,0,차대사람 - 길가장자리구역통행중,안전운전불이행,건조,맑음,단일로 - 기타,승용,남,62세,상해없음,보행자,여,67세,경상
2014122400100352,2014년 12월 24일 15시,수요일,대구광역시 중구 남산동,경상사고,0,0,1,0,차대차 - 기타,안전운전불이행,건조,맑음,단일로 - 기타,기타불명,기타불명,기타불명,기타불명,화물,남,47세,경상
2014122400100353,2014년 12월 24일 15시,수요일,대구광역시 중구 남산동,중상사고,0,1,0,0,차대사람 - 기타,안전운전불이행,건조,맑음,단일로 - 기타,승용,남,55세,기타불명,보행자,남,68세,중상
2014122400100392,2014년 12월 24일 16시,수요일,대구광역시 동구 율하동,중상사고,0,1,2,0,차대차 - 기타,안전운전불이행,건조,맑음,교차로 - 교차로안,승용,여,54세,상해없음,승용,남,42세,중상
2014122400100393,2014년 12월 24일 16시,수요일,대구광역시 달성군 현풍면,경상사고,0,0,1,0,차대차 - 추돌 - 진행중,안전운전불이행,건조,맑음,교차로 - 교차로부근,화물,남,61세,상해없음,승용,남,72세,경상
2014122400100394,2014년 12월 24일 16시,수요일,대구광역시 중구 공평동,경상사고,0,0,1,0,차대사람 - 기타,안전운전불이행,건조,맑음,단일로 - 기타,승용,여,51세,상해없음,보행자,남,23세,경상
2014122400100436,2014년 12월 24일 17시,수요일,대구광역시 동구 동호동,중상사고,0,1,0,1,차대차 - 기타,안전운전불이행,건조,맑음,단일로 - 기타,승합,남,59세,상해없음,승용,남,58세,중상
2014122400100437,2014년 12월 24일 17시,수요일,대구광역시 수성구 지산동,경상사고,0,0,1,0,차대차 - 기타,직진우회전진행방해,건조,맑음,교차로 - 교차로안,승용,남,37세,상해없음,자전거,남,49세,경상
2014122400100438,2014년 12월 24일 17시,수요일,대구광역시 수성구 수성동3가,경상사고,0,0,1,0,차대차 - 기타,안전운전불이행,건조,맑음,교차로 - 교차로안,승용,남,43세,상해없음,화물,남,34세,경상
2014122400100439,2014년 12월 24일 17시,수요일,대구광역시 중구 공평동,경상사고,0,0,1,0,차대차 - 기타,안전운전불이행,건조,맑음,단일로 - 기타,승용,남,58세,상해없음,승용,남,39세,경상
2014122400100440,2014년 12월 24일 17시,수요일,대구광역시 중구 대봉동,중상사고,0,1,3,0,차대차 - 측면직각충돌,안전운전불이행,건조,맑음,단일로 - 기타,승용,남,72세,상해없음,승용,남,53세,중상
2014122400100505,2014년 12월 24일 18시,수요일,대구광역시 달서구 유천동,경상사고,0,0,1,0,차대차 - 추돌 - 주정차중,안전운전불이행,건조,맑음,단일로 - 기타,화물,남,60세,상해없음,승용,여,40세,경상
2014122400100506,2014년 12월 24일 18시,수요일,대구광역시 중구 대봉동,부상신고사고,0,0,0,1,차대차 - 기타,안전운전불이행,건조,맑음,단일로 - 기타,이륜,남,34세,상해없음,자전거,남,13세,부상신고
2014122400100507,2014년 12월 24일 18시,수요일,대구광역시 달서구 용산동,경상사고,0,0,1,0,차대차 - 추돌 - 진행중,안전운전불이행,건조,맑음,단일로 - 기타,화물,남,32세,상해없음,승용,여,44세,경상
2014122400100579,2014년 12월 24일 19시,수요일,대구광역시 북구 침산동,경상사고,0,0,1,0,차대차 - 기타,안전거리미확보,건조,맑음,단일로 - 기타,승합,남,57세,상해없음,승용,여,44세,경상
2014122400100580,2014년 12월 24일 19시,수요일,대구광역시 서구 평리동,중상사고,0,1,0,0,차대사람 - 기타,안전운전불이행,건조,맑음,단일로 - 기타,승용,여,65세,상해없음,보행자,여,22세,중상
2014122400100581,2014년 12월 24일 19시,수요일,대구광역시 북구 구암동,중상사고,0,1,0,0,차대차 - 측면직각충돌,신호위반,건조,맑음,교차로 - 교차로안,원동기,남,33세,중상,승용,남,52세,상해없음
2014122400100582,2014년 12월 24일 19시,수요일,대구광역시 북구 읍내동,중상사고,0,1,0,0,차대사람 - 차도통행중,안전운전불이행,건조,맑음,교차로 - 교차로안,승용,남,39세,상해없음,보행자,여,39세,중상
2014122400100630,2014년 12월 24일 20시,수요일,대구광역시 달서구 상인동,경상사고,0,0,1,0,차대사람 - 기타,안전운전불이행,건조,맑음,교차로 - 교차로부근,화물,남,54세,상해없음,보행자,남,64세,경상
2014122400100631,2014년 12월 24일 20시,수요일,대구광역시 달서구 도원동,경상사고,0,0,1,0,차대차 - 측면직각충돌,교차로운행방법위반,건조,맑음,교차로 - 교차로안,승용,남,71세,상해없음,승합,남,34세,상해없음
2014122400100632,2014년 12월 24일 20시,수요일,대구광역시 북구 태전동,중상사고,0,1,1,0,차대차 - 추돌 - 주정차중,안전운전불이행,건조,맑음,단일로 - 기타,승용,남,37세,상해없음,승용,남,57세,중상
2014122400100668,2014년 12월 24일 21시,수요일,대구광역시 남구 대명동,경상사고,0,0,3,0,차대차 - 측면직각충돌,안전운전불이행,건조,맑음,단일로 - 기타,승용,남,38세,상해없음,승용,남,41세,경상
2014122400100694,2014년 12월 24일 22시,수요일,대구광역시 남구 대명동,경상사고,0,0,1,0,차대사람 - 기타,기타,건조,맑음,단일로 - 기타,승용,남,59세,상해없음,보행자,남,52세,경상
2014122400100695,2014년 12월 24일 22시,수요일,대구광역시 수성구 수성동4가,경상사고,0,0,1,0,차대차 - 기타,안전거리미확보,건조,맑음,교차로 - 교차로부근,승합,남,63세,상해없음,이륜,남,28세,경상
2014122400100696,2014년 12월 24일 22시,수요일,대구광역시 달서구 용산동,경상사고,0,0,1,0,차대차 - 정면충돌,안전운전불이행,건조,맑음,기타 - 기타,승용,남,49세,상해없음,승용,남,41세,경상
2014122400100726,2014년 12월 24일 23시,수요일,대구광역시 수성구 수성동3가,경상사고,0,0,3,0,차대차 - 기타,안전운전불이행,건조,맑음,기타 - 기타,승용,여,50세,상해없음,승용,남,42세,경상
2014122400100727,2014년 12월 24일 23시,수요일,대구광역시 달서구 송현동,경상사고,0,0,2,0,차대차 - 추돌 - 주정차중,안전운전불이행,건조,맑음,단일로 - 기타,승용,남,62세,상해없음,승용,여,44세,경상
2014122400100728,2014년 12월 24일 23시,수요일,대구광역시 북구 산격동,경상사고,0,0,1,0,차대차 - 측면직각충돌,교차로운행방법위반,건조,맑음,교차로 - 교차로안,승용,여,42세,상해없음,승용,남,48세,경상
2014122500100021,2014년 12월 25일 00시,목요일,대구광역시 동구 신암동,중상사고,0,1,0,0,차대차 - 기타,안전운전불이행,건조,맑음,교차로 - 교차로안,승용,남,45세,상해없음,자전거,남,36세,중상
2014122500100022,2014년 12월 25일 00시,목요일,대구광역시 동구 능성동,경상사고,0,0,1,0,차대차 - 기타,신호위반,건조,맑음,교차로 - 교차로안,승용,남,34세,상해없음,승용,남,40세,경상
2014122500100023,2014년 12월 25일 00시,목요일,대구광역시 동구 용계동,경상사고,0,0,3,0,차대차 - 기타,안전운전불이행,건조,맑음,단일로 - 기타,승용,남,35세,상해없음,승용,남,48세,경상
2014122500100024,2014년 12월 25일 00시,목요일,대구광역시 북구 침산동,부상신고사고,0,0,0,1,차대차 - 기타,안전운전불이행,건조,맑음,교차로 - 교차로부근,자전거,남,24세,부상신고,승용,여,26세,상해없음
2014122500100045,2014년 12월 25일 01시,목요일,대구광역시 북구 칠성동2가,경상사고,0,0,1,0,차대차 - 추돌 - 진행중,교차로운행방법위반,건조,맑음,교차로 - 교차로안,승용,남,48세,상해없음,승용,남,27세,경상
2014122500100067,2014년 12월 25일 02시,목요일,대구광역시 북구 산격동,사망사고,1,0,0,0,차대사람 - 횡단중,보행자보호의무위반,건조,맑음,단일로 - 기타,승용,남,26세,상해없음,보행자,남,31세,사망
2014122500100068,2014년 12월 25일 02시,목요일,대구광역시 북구 침산동,중상사고,0,1,1,1,차대차 - 측면직각충돌,신호위반,건조,맑음,교차로 - 교차로안,승용,여,29세,부상신고,승용,남,41세,중상
2014122500100084,2014년 12월 25일 03시,목요일,대구광역시 남구 대명동,경상사고,0,0,1,0,차대차 - 기타,안전운전불이행,건조,맑음,단일로 - 기타,승용,남,60세,상해없음,승용,남,57세,경상
2014122500100102,2014년 12월 25일 04시,목요일,대구광역시 북구 칠성동1가,부상신고사고,0,0,0,1,차대차 - 기타,불법유턴,건조,맑음,단일로 - 기타,자전거,남,55세,부상신고,승용,남,28세,상해없음
2014122500100137,2014년 12월 25일 07시,목요일,대구광역시 북구 관음동,경상사고,0,0,3,0,차대차 - 기타,안전운전불이행,건조,맑음,단일로 - 기타,승용,여,41세,경상,화물,남,62세,경상
2014122500100147,2014년 12월 25일 08시,목요일,대구광역시 달서구 이곡동,경상사고,0,0,1,0,차대차 - 기타,안전운전불이행,건조,맑음,단일로 - 기타,화물,남,53세,상해없음,자전거,남,57세,경상
2014122500100148,2014년 12월 25일 08시,목요일,대구광역시 달서구 이곡동,경상사고,0,0,1,0,차대차 - 추돌 - 진행중,안전운전불이행,건조,맑음,교차로 - 교차로안,승용,여,46세,상해없음,승용,남,33세,경상
2014122500100166,2014년 12월 25일 09시,목요일,대구광역시 북구 대현동,경상사고,0,0,1,0,차대사람 - 보도통행중,보행자보호의무위반,건조,맑음,교차로 - 교차로안,승용,여,31세,상해없음,보행자,남,54세,경상
2014122500100194,2014년 12월 25일 10시,목요일,대구광역시 북구 도남동,경상사고,0,0,1,0,차대차 - 추돌 - 진행중,안전운전불이행,건조,맑음,단일로 - 기타,화물,남,45세,상해없음,화물,남,62세,상해없음
2014122500100222,2014년 12월 25일 12시,목요일,대구광역시 남구 봉덕동,경상사고,0,0,1,0,차대사람 - 횡단중,안전운전불이행,건조,맑음,단일로 - 횡단보도상,승용,남,40세,상해없음,보행자,남,16세,경상
2014122500100242,2014년 12월 25일 13시,목요일,대구광역시 수성구 지산동,경상사고,0,0,2,0,차대차 - 추돌 - 주정차중,안전운전불이행,건조,맑음,단일로 - 기타,승용,여,57세,상해없음,승용,남,39세,경상
2014122500100278,2014년 12월 25일 14시,목요일,대구광역시 동구 신천동,부상신고사고,0,0,0,1,차대차 - 기타,신호위반,건조,맑음,교차로 - 교차로안,이륜,남,18세,부상신고,이륜,남,35세,상해없음
2014122500100279,2014년 12월 25일 14시,목요일,대구광역시 북구 서변동,경상사고,0,0,2,0,차대차 - 추돌 - 진행중,교차로운행방법위반,건조,맑음,교차로 - 교차로안,승용,여,41세,상해없음,승용,남,36세,경상
2014122500100330,2014년 12월 25일 16시,목요일,대구광역시 서구 내당동,경상사고,0,0,1,0,차대차 - 추돌 - 주정차중,안전운전불이행,건조,맑음,단일로 - 기타,화물,남,57세,상해없음,승용,여,27세,경상
2014122500100356,2014년 12월 25일 17시,목요일,대구광역시 남구 대명동,경상사고,0,0,1,0,차대차 - 측면직각충돌,교차로운행방법위반,건조,맑음,교차로 - 교차로안,승용,남,40세,경상,승용,여,30세,상해없음
2014122500100357,2014년 12월 25일 17시,목요일,대구광역시 달서구 상인동,중상사고,0,1,0,0,차대차 - 기타,교차로운행방법위반,건조,맑음,교차로 - 교차로안,승용,남,24세,상해없음,이륜,남,49세,중상