사고번호,사고일시,요일,시군구,사고내용,사망자수,중상자수,경상자수,부상신고자수,사고유형,법규위반,노면상태,기상상태,도로형태,가해운전자 차종,가해운전자 성별,가해운전자 연령,가해운전자 상해정도,피해운전자 차종,피해운전자 성별,피해운전자 연령,피해운전자 상해정도
2014122800100359,2014년 12월 28일 18시,일요일,대구광역시 북구 구암동,중상사고,0,1,0,0,차대사람 - 길가장자리구역통행중,안전운전불이행,건조,맑음,단일로 - 기타,승용,남,72세,상해없음,보행자,여,80세,중상
2014122800100442,2014년 12월 28일 21시,일요일,대구광역시 달서구 본동,부상신고사고,0,0,0,1,차대차 - 기타,안전거리미확보,건조,맑음,단일로 - 기타,승용,기타불명,기타불명,기타불명,승용,남,50세,부상신고
2014122800100443,2014년 12월 28일 21시,일요일,대구광역시 북구 산격동,경상사고,0,0,1,0,차대차 - 추돌 - 주정차중,안전운전불이행,건조,맑음,교차로 - 교차로안,승용,남,64세,상해없음,승용,남,25세,경상
2014122800100468,2014년 12월 28일 22시,일요일,대구광역시 서구 내당동,중상사고,0,1,0,1,차대차 - 측면직각충돌,직진우회전진행방해,건조,맑음,교차로 - 교차로안,이륜,남,19세,부상신고,이륜,남,38세,중상
2014122800100484,2014년 12월 28일 23시,일요일,대구광역시 동구 신천동,경상사고,0,0,2,0,차대차 - 기타,신호위반,건조,맑음,단일로 - 기타,승용,여,40세,상해없음,승용,남,58세,경상
2014122800100485,2014년 12월 28일 23시,일요일,대구광역시 북구 동천동,중상사고,0,1,0,1,차대사람 - 기타,신호위반,건조,맑음,단일로 - 횡단보도상,이륜,남,16세,부상신고,보행자,여,18세,중상
2014122900100014,2014년 12월 29일 00시,월요일,대구광역시 달서구 장기동,경상사고,0,0,1,0,차대사람 - 기타,안전운전불이행,건조,맑음,기타 - 기타,이륜,남,18세,상해없음,보행자,여,23세,경상
2014122900100038,2014년 12월 29일 03시,월요일,대구광역시 북구 침산동,경상사고,0,0,1,0,차대차 - 기타,중앙선침범,건조,맑음,단일로 - 기타,승용,기타불명,기타불명,기타불명,승용,남,40세,경상
2014122900100093,2014년 12월 29일 07시,월요일,대구광역시 달서구 두류동,중상사고,0,1,0,0,차대차 - 기타,교차로운행방법위반,건조,맑음,교차로 - 교차로안,화물,남,55세,상해없음,이륜,남,74세,중상
2014122900100133,2014년 12월 29일 08시,월요일,대구광역시 서구 원대동3가,경상사고,0,0,1,0,차대사람 - 차도통행중,안전운전불이행,건조,맑음,단일로 - 기타,승용,기타불명,기타불명,기타불명,보행자,남,18세,경상
2014122900100134,2014년 12월 29일 08시,월요일,대구광역시 서구 상리동,중상사고,0,1,0,0,차대차 - 기타,안전운전불이행,건조,맑음,단일로 - 기타,승용,여,44세,상해없음,승용,남,35세,중상
2014122900100162,2014년 12월 29일 09시,월요일,대구광역시 동구 각산동,경상사고,0,0,1,0,차대차 - 기타,교차로운행방법위반,건조,맑음,교차로 - 교차로안,승용,남,37세,상해없음,승용,남,33세,경상
2014122900100191,2014년 12월 29일 10시,월요일,대구광역시 달서구 상인동,부상신고사고,0,0,0,1,차대차 - 기타,신호위반,건조,맑음,단일로 - 횡단보도상,기타불명,기타불명,기타불명,기타불명,자전거,남,71세,부상신고
2014122900100219,2014년 12월 29일 11시,월요일,대구광역시 달서구 월성동,경상사고,0,0,1,0,차대사람 - 기타,안전운전불이행,건조,맑음,교차로 - 교차로부근,승용,남,39세,상해없음,보행자,남,79세,경상
2014122900100220,2014년 12월 29일 11시,월요일,대구광역시 북구 침산동,경상사고,0,0,1,0,차대차 - 기타,안전거리미확보,건조,맑음,단일로 - 교량,특수,남,56세,상해없음,승용,여,34세,경상
2014122900100296,2014년 12월 29일 14시,월요일,대구광역시 동구 서호동,경상사고,0,0,1,0,차대차 - 추돌 - 진행중,안전운전불이행,건조,맑음,교차로 - 교차로안,승용,여,41세,상해없음,승용,여,53세,경상
2014122900100297,2014년 12월 29일 14시,월요일,대구광역시 중구 동성로3가,경상사고,0,0,1,0,차대사람 - 기타,안전운전불이행,건조,맑음,단일로 - 기타,승용,여,26세,상해없음,보행자,여,16세,경상
2014122900100298,2014년 12월 29일 14시,월요일,대구광역시 북구 금호동,중상사고,0,1,0,0,차량단독 - 기타,안전운전불이행,건조,맑음,기타 - 기타,승합,남,54세,상해없음,,,,
2014122900100360,2014년 12월 29일 16시,월요일,대구광역시 달서구 진천동,경상사고,0,0,1,0,차대사람 - 기타,안전운전불이행,건조,맑음,단일로 - 기타,승용,여,60세,상해없음,보행자,여,38세,경상
2014122900100361,2014년 12월 29일 16시,월요일,대구광역시 중구 공평동,경상사고,0,0,1,0,차대사람 - 길가장자리구역통행중,안전운전불이행,건조,맑음,단일로 - 기타,승용,여,36세,상해없음,보행자,남,36세,경상
2014122900100398,2014년 12월 29일 17시,월요일,대구광역시 남구 봉덕동,경상사고,0,0,1,1,차대차 - 추돌 - 진행중,안전운전불이행,건조,맑음,교차로 - 교차로부근,승용,남,34세,부상신고,승용,남,54세,경상
2014122900100399,2014년 12월 29일 17시,월요일,대구광역시 중구 남일동,중상사고,0,1,0,0,차대차 - 기타,신호위반,건조,맑음,교차로 - 교차로안,승용,남,23세,상해없음,승용,남,19세,중상
2014122900100461,2014년 12월 29일 18시,월요일,대구광역시 동구 각산동,중상사고,0,1,1,0,차대차 - 추돌 - 주정차중,안전거리미확보,건조,맑음,단일로 - 기타,승용,여,49세,상해없음,승용,남,54세,경상
2014122900100462,2014년 12월 29일 18시,월요일,대구광역시 동구 신암동,경상사고,0,0,1,0,차대사람 - 기타,안전운전불이행,건조,맑음,단일로 - 기타,승용,남,48세,상해없음,보행자,남,19세,경상
2014122900100464,2014년 12월 29일 18시,월요일,대구광역시 서구 평리동,중상사고,0,1,0,0,차대사람 - 차도통행중,안전운전불이행,건조,맑음,교차로 - 교차로부근,승용,여,53세,상해없음,보행자,여,82세,중상
2014122900100465,2014년 12월 29일 18시,월요일,대구광역시 달서구 용산동,경상사고,0,0,1,0,차대차 - 측면직각충돌,교차로운행방법위반,건조,맑음,교차로 - 교차로부근,승용,여,31세,상해없음,이륜,남,17세,경상
2014122900100504,2014년 12월 29일 19시,월요일,대구광역시 수성구 황금동,경상사고,0,0,1,0,차량단독 - 기타,기타,건조,맑음,단일로 - 기타,승합,남,40세,상해없음,,,,
2014122900100506,2014년 12월 29일 19시,월요일,대구광역시 달서구 상인동,경상사고,0,0,2,0,차대사람 - 기타,안전운전불이행,건조,맑음,단일로 - 기타,승용,여,38세,상해없음,보행자,남,48세,경상
2014122900100507,2014년 12월 29일 19시,월요일,대구광역시 북구 칠성동1가,경상사고,0,0,1,0,차대차 - 기타,기타,건조,맑음,교차로 - 교차로부근,승용,남,42세,상해없음,원동기,남,50세,경상
2014122900100548,2014년 12월 29일 20시,월요일,대구광역시 달서구 월성동,경상사고,0,0,4,0,차대차 - 추돌 - 주정차중,안전운전불이행,건조,맑음,단일로 - 기타,승용,남,26세,상해없음,승용,남,38세,경상
2014122900100590,2014년 12월 29일 21시,월요일,대구광역시 남구 대명동,경상사고,0,0,1,0,차대차 - 기타,차로위반,건조,맑음,단일로 - 기타,승용,남,41세,상해없음,승용,남,33세,경상
2014122900100591,2014년 12월 29일 21시,월요일,대구광역시 북구 태전동,경상사고,0,0,1,0,차대차 - 측면직각충돌,안전거리미확보,건조,기타,단일로 - 기타,승합,남,56세,상해없음,승용,남,47세,경상
2014122900100620,2014년 12월 29일 22시,월요일,대구광역시 달서구 상인동,경상사고,0,0,2,0,차대차 - 추돌 - 주정차중,안전운전불이행,건조,맑음,교차로 - 교차로부근,승용,남,33세,상해없음,승용,남,34세,경상
2014122900100621,2014년 12월 29일 22시,월요일,대구광역시 북구 대현동,경상사고,0,0,1,0,차대차 - 기타,안전운전불이행,건조,맑음,단일로 - 기타,특수,남,48세,상해없음,승용,남,44세,경상
2014122900100622,2014년 12월 29일 22시,월요일,대구광역시 달서구 용산동,경상사고,0,0,1,0,차대사람 - 길가장자리구역통행중,안전운전불이행,건조,맑음,단일로 - 기타,승용,남,39세,상해없음,보행자,남,45세,경상
2014122900100623,2014년 12월 29일 22시,월요일,대구광역시 달서구 감삼동,중상사고,0,1,0,0,차대차 - 기타,안전운전불이행,건조,맑음,단일로 - 횡단보도상,승용,남,36세,상해없음,자전거,여,61세,중상
2014122900100665,2014년 12월 29일 23시,월요일,대구광역시 수성구 범어동,사망사고,1,0,0,0,차대사람 - 기타,안전운전불이행,건조,맑음,단일로 - 기타,승용,남,35세,상해없음,보행자,남,29세,사망
2014122900100666,2014년 12월 29일 23시,월요일,대구광역시 서구 내당동,경상사고,0,0,1,0,차대차 - 기타,신호위반,건조,맑음,단일로 - 횡단보도부근,승용,남,48세,상해없음,승용,남,36세,경상
2014123000100016,2014년 12월 30일 00시,화요일,대구광역시 북구 칠성동2가,경상사고,0,0,5,0,차대차 - 추돌 - 주정차중,안전운전불이행,건조,맑음,교차로 - 교차로부근,승용,남,45세,상해없음,화물,남,55세,경상
2014123000100038,2014년 12월 30일 01시,화요일,대구광역시 남구 대명동,경상사고,0,0,2,0,차대차 - 기타,안전운전불이행,건조,맑음,단일로 - 기타,승용,남,57세,상해없음,승용,남,43세,경상
2014123000100039,2014년 12월 30일 01시,화요일,대구광역시 북구 노원동2가,경상사고,0,0,1,0,차량단독 - 전도전복,안전운전불이행,건조,맑음,단일로 - 기타,승합,남,19세,경상,,,,
2014123000100061,2014년 12월 30일 02시,화요일,대구광역시 수성구 연호동,경상사고,0,0,2,0,차대차 - 추돌 - 주정차중,안전운전불이행,건조,맑음,단일로 - 기타,승용,남,24세,상해없음,승용,남,31세,경상
2014123000100086,2014년 12월 30일 04시,화요일,대구광역시 달서구 진천동,중상사고,0,1,1,0,차대차 - 기타,교차로운행방법위반,건조,맑음,교차로 - 교차로안,승용,여,46세,경상,승용,남,65세,중상
2014123000100098,2014년 12월 30일 05시,화요일,대구광역시 달서구 월성동,중상사고,0,1,0,0,차대사람 - 기타,안전운전불이행,건조,맑음,교차로 - 교차로안,승합,남,49세,상해없음,보행자,남,48세,중상
2014123000100117,2014년 12월 30일 06시,화요일,대구광역시 수성구 두산동,중상사고,0,1,0,0,차대차 - 기타,교차로운행방법위반,건조,맑음,교차로 - 교차로안,승용,남,26세,상해없음,이륜,여,62세,중상
2014123000100144,2014년 12월 30일 07시,화요일,대구광역시 달서구 월성동,경상사고,0,0,1,0,차대차 - 기타,안전거리미확보,건조,맑음,단일로 - 기타,승용,남,44세,상해없음,승용,남,26세,경상
2014123000100177,2014년 12월 30일 08시,화요일,대구광역시 수성구 범물동,중상사고,0,1,0,0,차대사람 - 횡단중,안전운전불이행,건조,맑음,교차로 - 교차로안,승용,남,49세,상해없음,보행자,남,72세,중상
2014123000100178,2014년 12월 30일 08시,화요일,대구광역시 수성구 만촌동,중상사고,0,1,0,0,차대차 - 기타,교차로운행방법위반,건조,맑음,교차로 - 교차로안,화물,남,29세,상해없음,승합,남,41세,중상
2014123000100213,2014년 12월 30일 09시,화요일,대구광역시 달서구 진천동,중상사고,0,1,3,0,차대차 - 측면직각충돌,직진우회전진행방해,건조,맑음,교차로 - 교차로안,승용,여,67세,경상,승용,남,27세,경상
2014123000100214,2014년 12월 30일 09시,화요일,대구광역시 북구 관음동,중상사고,0,1,0,0,차대사람 - 기타,안전운전불이행,건조,맑음,단일로 - 기타,화물,남,63세,상해없음,보행자,남,62세,중상
2014123000100247,2014년 12월 30일 10시,화요일,대구광역시 수성구 황금동,중상사고,0,1,0,0,차대차 - 기타,안전운전불이행,건조,맑음,교차로 - 교차로안,기타불명,기타불명,기타불명,기타불명,자전거,남,91세,중상
2014123000100248,2014년 12월 30일 10시,화요일,대구광역시 달성군 유가면,경상사고,0,0,2,0,차대차 - 측면직각충돌,중앙선침범,건조,맑음,단일로 - 기타,화물,여,61세,상해없음,승용,남,40세,경상
2014123000100249,2014년 12월 30일 10시,화요일,대구광역시 달성군 하빈면,경상사고,0,0,1,0,차대차 - 추돌 - 진행중,안전운전불이행,결빙,흐림,단일로 - 기타,승합,남,32세,상해없음,승용,남,51세,경상
2014123000100250,2014년 12월 30일 10시,화요일,대구광역시 북구 학정동,중상사고,0,3,1,0,차대차 - 추돌 - 주정차중,안전운전불이행,건조,맑음,단일로 - 기타,승용,남,46세,상해없음,승용,여,32세,중상
2014123000100313,2014년 12월 30일 12시,화요일,대구광역시 동구 부동,중상사고,0,1,2,2,차대차 - 추돌 - 주정차중,안전운전불이행,건조,맑음,단일로 - 기타,화물,남,34세,상해없음,화물,남,54세,중상
2014123000100316,2014년 12월 30일 12시,화요일,대구광역시 동구 신암동,경상사고,0,0,2,0,차대차 - 기타,안전거리미확보,건조,맑음,단일로 - 기타,화물,남,59세,상해없음,승용,여,57세,경상
2014123000100352,2014년 12월 30일 13시,화요일,대구광역시 수성구 범어동,경상사고,0,0,2,0,차대차 - 기타,안전거리미확보,건조,맑음,단일로 - 기타,건설기계,남,40세,상해없음,승용,여,52세,경상
2014123000100353,2014년 12월 30일 13시,화요일,대구광역시 달성군 논공읍,사망사고,1,0,0,0,차대차 - 추돌 - 주정차중,안전운전불이행,건조,맑음,단일로 - 기타,화물,남,30세,사망,화물,남,32세,상해없음
2014123000100354,2014년 12월 30일 13시,화요일,대구광역시 북구 노원동3가,경상사고,0,0,1,0,차대차 - 기타,안전거리미확보,건조,맑음,단일로 - 기타,화물,남,53세,상해없음,승합,남,42세,상해없음
2014123000100355,2014년 12월 30일 13시,화요일,대구광역시 중구 계산동1가,부상신고사고,0,0,0,1,차대차 - 기타,안전운전불이행,건조,맑음,교차로 - 교차로부근,승용,남,82세,상해없음,승용,남,62세,부상신고
2014123000100386,2014년 12월 30일 14시,화요일,대구광역시 달서구 상인동,중상사고,0,2,0,0,차대차 - 추돌 - 진행중,안전운전불이행,건조,맑음,단일로 - 기타,승용,남,43세,상해없음,승용,여,49세,중상
2014123000100387,2014년 12월 30일 14시,화요일,대구광역시 중구 동산동,경상사고,0,0,1,0,차대차 - 기타,안전운전불이행,건조,맑음,단일로 - 기타,승용,여,29세,기타불명,승합,남,44세,상해없음
2014123000100388,2014년 12월 30일 14시,화요일,대구광역시 북구 매천동,경상사고,0,0,5,0,차대차 - 추돌 - 주정차중,안전운전불이행,건조,맑음,단일로 - 기타,건설기계,남,56세,상해없음,화물,남,50세,경상
2014123000100425,2014년 12월 30일 15시,화요일,대구광역시 중구 북성로1가,경상사고,0,0,1,0,차대차 - 기타,안전운전불이행,건조,맑음,단일로 - 기타,승용,여,57세,상해없음,승용,남,56세,경상
2014123000100495,2014년 12월 30일 17시,화요일,대구광역시 수성구 만촌동,중상사고,0,1,0,0,차대사람 - 길가장자리구역통행중,안전운전불이행,건조,맑음,단일로 - 기타,승용,남,50세,상해없음,보행자,여,44세,중상
2014123000100496,2014년 12월 30일 17시,화요일,대구광역시 달서구 두류동,경상사고,0,0,1,0,차대사람 - 기타,안전운전불이행,건조,맑음,교차로 - 교차로안,승용,남,21세,상해없음,보행자,남,42세,경상
2014123000100546,2014년 12월 30일 18시,화요일,대구광역시 달서구 진천동,경상사고,0,0,1,0,차대차 - 기타,안전운전불이행,건조,맑음,단일로 - 기타,이륜,남,28세,경상,승용,남,55세,상해없음
2014123000100581,2014년 12월 30일 19시,화요일,대구광역시 달서구 상인동,경상사고,0,0,3,0,차대차 - 측면직각충돌,안전거리미확보,건조,맑음,단일로 - 기타,승용,남,30세,상해없음,승용,여,38세,경상
2014123000100626,2014년 12월 30일 20시,화요일,대구광역시 북구 침산동,중상사고,0,1,0,0,차대차 - 기타,중앙선침범,건조,맑음,단일로 - 기타,기타불명,기타불명,기타불명,기타불명,원동기,남,52세,중상
2014123000100627,2014년 12월 30일 20시,화요일,대구광역시 중구 대신동,경상사고,0,0,1,1,차대차 - 기타,신호위반,건조,맑음,교차로 - 교차로안,승용,남,56세,기타불명,승용,남,34세,상해없음
2014123000100656,2014년 12월 30일 21시,화요일,대구광역시 중구 봉산동,중상사고,0,2,0,1,차대사람 - 횡단중,신호위반,건조,맑음,단일로 - 횡단보도상,이륜,남,28세,상해없음,보행자,남,28세,중상
2014123000100657,2014년 12월 30일 21시,화요일,대구광역시 중구 태평로3가,경상사고,0,0,1,0,차대차 - 추돌 - 주정차중,안전운전불이행,건조,맑음,교차로 - 교차로부근,승용,남,62세,상해없음,승용,남,46세,경상
2014123000100658,2014년 12월 30일 21시,화요일,대구광역시 달서구 파호동,중상사고,0,1,1,0,차대차 - 기타,안전운전불이행,건조,맑음,단일로 - 횡단보도부근,승용,여,33세,상해없음,승용,여,28세,경상
2014123000100690,2014년 12월 30일 22시,화요일,대구광역시 동구 각산동,부상신고사고,0,0,0,1,차대차 - 측면직각충돌,교차로운행방법위반,건조,맑음,교차로 - 교차로안,이륜,남,17세,부상신고,승용,남,35세,상해없음
2014123000100691,2014년 12월 30일 22시,화요일,대구광역시 서구 내당동,경상사고,0,0,1,0,차대차 - 측면직각충돌,안전운전불이행,건조,맑음,단일로 - 기타,승용,남,56세,상해없음,승합,남,53세,상해없음
2014123000100692,2014년 12월 30일 22시,화요일,대구광역시 달서구 두류동,경상사고,0,0,1,0,차대차 - 측면직각충돌,교차로운행방법위반,건조,맑음,교차로 - 교차로안,승용,여,48세,상해없음,승용,여,60세,경상
2014123100100024,2014년 12월 31일 00시,수요일,대구광역시 수성구 시지동,경상사고,0,0,1,0,차대차 - 추돌 - 주정차중,안전운전불이행,건조,맑음,교차로 - 교차로부근,승용,남,37세,상해없음,승용,남,56세,경상
2014123100100025,2014년 12월 31일 00시,수요일,대구광역시 북구 복현동,경상사고,0,0,2,0,차대차 - 추돌 - 주정차중,안전운전불이행,건조,맑음,교차로 - 교차로안,승용,남,58세,상해없음,원동기,남,17세,경상
2014123100100026,2014년 12월 31일 00시,수요일,대구광역시 중구 화전동,경상사고,0,0,1,0,차대사람 - 기타,안전운전불이행,건조,맑음,단일로 - 기타,승용,남,53세,상해없음,보행자,남,56세,경상
2014123100100027,2014년 12월 31일 00시,수요일,대구광역시 달서구 두류동,부상신고사고,0,0,0,1,차대사람 - 기타,안전운전불이행,건조,맑음,단일로 - 기타,승용,기타불명,기타불명,기타불명,보행자,남,42세,부상신고
2014123100100045,2014년 12월 31일 01시,수요일,대구광역시 남구 대명동,중상사고,0,1,0,0,차대차 - 측면직각충돌,신호위반,건조,맑음,교차로 - 교차로안,자전거,남,21세,중상,승용,남,71세,상해없음
2014123100100064,2014년 12월 31일 02시,수요일,대구광역시 수성구 상동,사망사고,1,0,0,0,차량단독 - 공작물충돌,안전운전불이행,결빙,흐림,교차로 - 교차로부근,승용,남,35세,사망,,,,
2014123100100083,2014년 12월 31일 04시,수요일,대구광역시 달서구 도원동,경상사고,0,0,1,0,차대차 - 추돌 - 주정차중,안전운전불이행,건조,맑음,단일로 - 기타,승용,여,60세,상해없음,승용,남,33세,경상
2014123100100097,2014년 12월 31일 06시,수요일,대구광역시 남구 봉덕동,부상신고사고,0,0,0,1,차대차 - 기타,안전운전불이행,건조,맑음,교차로 - 교차로안,승용,남,31세,상해없음,승합,남,48세,상해없음
2014123100100146,2014년 12월 31일 08시,수요일,대구광역시 수성구 범어동,중상사고,0,1,0,0,차대사람 - 보도통행중,안전운전불이행,적설,맑음,단일로 - 기타,승용,남,52세,상해없음,보행자,여,32세,중상
2014123100100147,2014년 12월 31일 08시,수요일,대구광역시 달성군 논공읍,경상사고,0,0,1,1,차대차 - 측면직각충돌,신호위반,건조,흐림,교차로 - 교차로안,승용,남,28세,부상신고,승용,남,56세,경상
2014123100100148,2014년 12월 31일 08시,수요일,대구광역시 달서구 갈산동,경상사고,0,0,1,0,차대차 - 추돌 - 진행중,안전거리미확보,결빙,눈,단일로 - 기타,승용,남,51세,상해없음,승용,여,45세,경상
2014123100100185,2014년 12월 31일 09시,수요일,대구광역시 달서구 송현동,중상사고,0,1,0,0,차대사람 - 기타,안전운전불이행,적설,눈,교차로 - 교차로부근,승용,남,32세,상해없음,보행자,남,67세,중상
2014123100100186,2014년 12월 31일 09시,수요일,대구광역시 달성군 논공읍,중상사고,0,2,1,0,차대차 - 추돌 - 주정차중,안전운전불이행,적설,눈,단일로 - 기타,승용,남,57세,상해없음,승용,남,52세,상해없음
2014123100100187,2014년 12월 31일 09시,수요일,대구광역시 달성군 유가면,경상사고,0,0,1,0,차대차 - 기타,안전운전불이행,적설,눈,교차로 - 교차로부근,승용,남,35세,경상,화물,남,48세,상해없음
2014123100100217,2014년 12월 31일 10시,수요일,대구광역시 서구 평리동,경상사고,0,0,1,0,차대차 - 측면직각충돌,안전거리미확보,습기,흐림,단일로 - 기타,승용,남,52세,상해없음,화물,남,52세,경상
2014123100100238,2014년 12월 31일 11시,수요일,대구광역시 수성구 성동,경상사고,0,0,1,0,차대차 - 추돌 - 진행중,안전운전불이행,결빙,눈,단일로 - 기타,승용,남,70세,상해없음,승용,여,40세,경상
2014123100100239,2014년 12월 31일 11시,수요일,대구광역시 달성군 유가면,경상사고,0,0,1,0,차대차 - 정면충돌,중앙선침범,결빙,눈,단일로 - 기타,승합,남,21세,경상,건설기계,남,52세,상해없음
2014123100100286,2014년 12월 31일 13시,수요일,대구광역시 동구 신암동,중상사고,0,1,0,0,차대차 - 기타,안전운전불이행,건조,맑음,단일로 - 기타,승용,기타불명,기타불명,기타불명,이륜,남,67세,중상
2014123100100287,2014년 12월 31일 13시,수요일,대구광역시 달서구 상인동,부상신고사고,0,0,0,1,차대사람 - 기타,안전운전불이행,건조,맑음,단일로 - 기타,승합,남,49세,상해없음,보행자,여,72세,부상신고
2014123100100288,2014년 12월 31일 13시,수요일,대구광역시 달서구 월성동,경상사고,0,0,1,0,차대사람 - 기타,기타,건조,맑음,단일로 - 기타,승합,남,52세,상해없음,보행자,여,61세,경상
2014123100100317,2014년 12월 31일 14시,수요일,대구광역시 수성구 고모동,중상사고,0,1,0,0,차대차 - 기타,안전운전불이행,건조,맑음,교차로 - 교차로안,화물,남,48세,상해없음,승용,남,62세,중상
2014123100100318,2014년 12월 31일 14시,수요일,대구광역시 수성구 범어동,중상사고,0,1,0,0,차대사람 - 기타,안전운전불이행,건조,맑음,단일로 - 기타,승용,여,60세,상해없음,보행자,남,42세,중상
2014123100100319,2014년 12월 31일 14시,수요일,대구광역시 달서구 송현동,경상사고,0,0,1,0,차대차 - 측면직각충돌,교차로운행방법위반,건조,맑음,교차로 - 교차로안,승용,남,44세,상해없음,승용,남,35세,경상
2014123100100356,2014년 12월 31일 15시,수요일,대구광역시 서구 비산동,중상사고,0,1,0,0,차대사람 - 기타,안전운전불이행,건조,맑음,교차로 - 교차로안,승용,남,54세,상해없음,보행자,남,48세,중상
2014123100100386,2014년 12월 31일 16시,수요일,대구광역시 수성구 두산동,경상사고,0,0,1,0,차대사람 - 기타,보행자보호의무위반,건조,맑음,단일로 - 횡단보도상,승용,여,40세,상해없음,보행자,여,79세,경상
2014123100100387,2014년 12월 31일 16시,수요일,대구광역시 달서구 상인동,부상신고사고,0,0,0,2,차대사람 - 기타,보행자보호의무위반,건조,맑음,기타 - 기타,자전거,기타불명,기타불명,기타불명,보행자,여,27세,부상신고
2014123100100388,2014년 12월 31일 16시,수요일,대구광역시 달서구 월성동,경상사고,0,0,1,0,차대차 - 기타,안전운전불이행,건조,맑음,단일로 - 기타,승용,여,55세,상해없음,자전거,남,41세,경상
2014123100100389,2014년 12월 31일 16시,수요일,대구광역시 달성군 화원읍,경상사고,0,0,1,0,차대차 - 측면직각충돌,안전운전불이행,건조,맑음,단일로 - 기타,승용,남,60세,상해없음,승용,여,65세,기타불명
2014123100100390,2014년 12월 31일 16시,수요일,대구광역시 서구 비산동,사망사고,1,0,0,0,차대사람 - 횡단중,안전운전불이행,건조,맑음,단일로 - 기타,화물,남,55세,상해없음,보행자,여,66세,사망
2014123100100391,2014년 12월 31일 16시,수요일,대구광역시 중구 태평로1가,경상사고,0,0,2,0,차대차 - 기타,안전운전불이행,건조,맑음,단일로 - 기타,승용,남,54세,상해없음,승용,남,56세,상해없음
2014123100100430,2014년 12월 31일 17시,수요일,대구광역시 동구 검사동,경상사고,0,0,1,0,차대차 - 기타,안전운전불이행,건조,맑음,교차로 - 교차로안,화물,남,50세,상해없음,원동기,남,22세,경상
2014123100100431,2014년 12월 31일 17시,수요일,대구광역시 수성구 성동,중상사고,0,1,1,0,차대차 - 추돌 - 주정차중,안전운전불이행,습기,흐림,단일로 - 기타,승용,남,34세,상해없음,승용,남,27세,중상
2014123100100483,2014년 12월 31일 18시,수요일,대구광역시 북구 노원동3가,경상사고,0,0,1,0,차대차 - 기타,안전운전불이행,건조,맑음,단일로 - 기타,승용,남,50세,상해없음,승용,여,50세,경상
2014123100100537,2014년 12월 31일 19시,수요일,대구광역시 동구 불로동,경상사고,0,0,2,0,차대차 - 추돌 - 주정차중,안전운전불이행,건조,맑음,교차로 - 교차로부근,승용,남,60세,상해없음,승용,남,28세,경상
2014123100100538,2014년 12월 31일 19시,수요일,대구광역시 수성구 범어동,경상사고,0,0,2,0,차대차 - 기타,안전운전불이행,건조,맑음,단일로 - 기타,승용,남,34세,상해없음,승용,남,28세,경상
2014123100100539,2014년 12월 31일 19시,수요일,대구광역시 북구 학정동,중상사고,0,1,0,0,차대사람 - 기타,안전운전불이행,건조,맑음,단일로 - 기타,화물,남,58세,기타불명,보행자,남,38세,중상
2014123100100584,2014년 12월 31일 20시,수요일,대구광역시 동구 효목동,경상사고,0,0,1,0,차대차 - 추돌 - 진행중,안전운전불이행,건조,맑음,단일로 - 기타,기타불명,기타불명,기타불명,기타불명,승용,여,46세,경상
2014123100100617,2014년 12월 31일 21시,수요일,대구광역시 달서구 본동,경상사고,0,0,1,0,차대사람 - 기타,안전운전불이행,건조,맑음,단일로 - 기타,기타불명,기타불명,기타불명,기타불명,보행자,남,54세,경상
2014123100100618,2014년 12월 31일 21시,수요일,대구광역시 북구 동천동,중상사고,0,1,0,0,차대사람 - 횡단중,안전운전불이행,건조,맑음,단일로 - 기타,승용,남,35세,상해없음,보행자,남,49세,중상
2014123100100645,2014년 12월 31일 22시,수요일,대구광역시 동구 불로동,중상사고,0,1,2,0,차대차 - 기타,교차로운행방법위반,건조,맑음,교차로 - 교차로안,승용,여,28세,상해없음,승용,남,58세,중상
2014123100100646,2014년 12월 31일 22시,수요일,대구광역시 달서구 두류동,경상사고,0,0,2,0,차대차 - 측면직각충돌,안전거리미확보,건조,맑음,단일로 - 기타,승용,남,49세,상해없음,승용,남,22세,경상
2014123100100647,2014년 12월 31일 22시,수요일,대구광역시 북구 서변동,중상사고,0,1,0,0,차대차 - 기타,안전운전불이행,기타,맑음,기타 - 기타,화물,남,49세,중상,승용,남,27세,기타불명
2014123100100680,2014년 12월 31일 23시,수요일,대구광역시 남구 대명동,경상사고,0,0,1,0,차대사람 - 횡단중,안전운전불이행,건조,맑음,단일로 - 기타,승용,남,71세,상해없음,보행자,남,42세,경상
2014123100100681,2014년 12월 31일 23시,수요일,대구광역시 동구 지묘동,중상사고,0,1,0,0,차대사람 - 횡단중,신호위반,건조,맑음,단일로 - 횡단보도상,승용,남,53세,상해없음,보행자,여,23세,중상
2014123100100682,2014년 12월 31일 23시,수요일,대구광역시 서구 내당동,중상사고,0,1,0,0,차대사람 - 횡단중,안전운전불이행,건조,맑음,단일로 - 기타,승용,남,59세,상해없음,보행자,여,55세,중상